tf,n_targets_present,spearman_rho_with_hypoxia,ci_low,ci_high,p_value,fdr_bh_across_tfs,rank_by_rho_desc,percentile_by_rho,n_targets_present_raw,n_hypoxia_overlap_targets,raw_n_targets_present,raw_spearman_rho_with_hypoxia,raw_ci_low,raw_ci_high,raw_p_value,raw_fdr_bh_across_tfs,raw_rank_by_rho_desc,raw_percentile_by_rho,deoverlap_n_targets_present,deoverlap_spearman_rho_with_hypoxia,deoverlap_ci_low,deoverlap_ci_high,deoverlap_p_value,deoverlap_fdr_bh_across_tfs,deoverlap_rank_by_rho_desc,deoverlap_percentile_by_rho
SRF,103.0,0.9352941176470588,0.8195597395268472,0.9777059907493877,1.0720167152998666e-07,2.8622846298506437e-05,1.0,100.0,106,3,106,0.8852941176470588,0.6942571891616205,0.9597980100586313,5.1471475768424675e-06,0.0002307637830284373,5,98.50746268656717,103.0,0.9352941176470588,0.8195597395268472,0.9777059907493877,1.0720167152998666e-07,2.8622846298506437e-05,1.0,100.0
NFE2,47.0,0.8764705882352942,0.6732851291704162,0.9565735380431232,8.439118583861077e-06,0.0007510815539636359,2.0,99.62406015037594,48,1,48,0.8705882352941177,0.6594830589618293,0.9544129434508417,1.1498934802741624e-05,0.0003436903846597219,8,97.38805970149254,47.0,0.8764705882352942,0.6732851291704162,0.9565735380431232,8.439118583861077e-06,0.0007510815539636359,2.0,99.62406015037594
ETS1,930.0,0.8764705882352942,0.6732851291704162,0.9565735380431232,8.439118583861077e-06,0.0007510815539636359,2.0,99.62406015037594,955,25,955,0.8764705882352942,0.6732851291704162,0.9565735380431232,8.439118583861077e-06,0.00032430327129408996,7,97.76119402985076,930.0,0.8764705882352942,0.6732851291704162,0.9565735380431232,8.439118583861077e-06,0.0007510815539636359,2.0,99.62406015037594
BACH1,81.0,0.8676470588235294,0.6526349891054026,0.9533293420922085,1.334868129916697e-05,0.0008910244767193952,4.0,98.87218045112782,84,3,84,0.9088235294117648,0.7518149763298339,0.968301530911407,1.1005852200187758e-06,7.401435604626268e-05,4,98.88059701492537,81.0,0.8676470588235294,0.6526349891054026,0.9533293420922085,1.334868129916697e-05,0.0008910244767193952,4.0,98.87218045112782
SP1,342.0,0.8529411764705882,0.6189135890335684,0.9478780238162798,2.679074057724726e-05,0.0014306255468250035,5.0,98.49624060150376,374,31,373,0.9176470588235294,0.7740341772279306,0.971455199719145,5.528654958744469e-07,4.9573606130075406e-05,3,99.25373134328358,342.0,0.8529411764705882,0.6189135890335684,0.9478780238162798,2.679074057724726e-05,0.0014306255468250035,5.0,98.49624060150376
TBP,39.0,0.8411764705882352,0.5925436349164018,0.9434765841129626,4.44290429431383e-05,0.0019770924109696543,6.0,98.1203007518797,43,4,43,0.8852941176470588,0.6942571891616205,0.9597980100586313,5.1471475768424675e-06,0.0002307637830284373,5,98.50746268656717,39.0,0.8411764705882352,0.5925436349164018,0.9434765841129626,4.44290429431383e-05,0.0019770924109696543,6.0,98.1203007518797
EPAS1,56.0,0.8323529411764706,0.5731098000367761,0.940151654595284,6.328124573232546e-05,0.002413727515790128,7.0,97.74436090225565,79,23,79,0.9382352941176471,0.8272921027087289,0.9787405320866167,7.802219772943019e-08,2.0987971189216722e-05,1,100.0,56.0,0.8323529411764706,0.5731098000367761,0.940151654595284,6.328124573232546e-05,0.002413727515790128,7.0,97.74436090225565
HIF1A,206.0,0.8205882352941177,0.5476438077625385,0.9356862530569615,9.841270416875375e-05,0.002919994257890409,8.0,97.36842105263158,252,46,252,0.9264705882352942,0.7966128336677255,0.974589963168323,2.561397065047752e-07,3.445079052489227e-05,2,99.6268656716418,206.0,0.8205882352941177,0.5476438077625385,0.9356862530569615,9.841270416875375e-05,0.002919994257890409,8.0,97.36842105263158
FOS,817.0,0.8176470588235294,0.5413553532798567,0.9345641117580132,0.00010936308081986552,0.002919994257890409,9.0,96.99248120300751,847,29,846,0.8352941176470589,0.5795555068659729,0.9412622498899835,5.637132062814421e-05,0.0013785350226337085,11,96.26865671641791,817.0,0.8176470588235294,0.5413553532798567,0.9345641117580132,0.00010936308081986552,0.002919994257890409,9.0,96.99248120300751
MYBL2,24.0,0.8176470588235294,0.5413553532798567,0.9345641117580132,0.00010936308081986552,0.002919994257890409,9.0,96.99248120300751,26,2,26,0.8264705882352942,0.5603139064144363,0.9379235721833605,7.923548582249701e-05,0.0015224532633036927,14,95.1492537313433,24.0,0.8176470588235294,0.5413553532798567,0.9345641117580132,0.00010936308081986552,0.002919994257890409,9.0,96.99248120300751
FOXM1,77.0,0.8147058823529412,0.5350976581406919,0.9334396396593477,0.00012130950572235612,0.0029445125479880987,11.0,96.2406015037594,82,5,82,0.8647058823529412,0.6458218689969346,0.9522435290335084,1.544234049652657e-05,0.00041539895935656466,10,96.64179104477611,77.0,0.8147058823529412,0.5350976581406919,0.9334396396593477,0.00012130950572235612,0.0029445125479880987,11.0,96.2406015037594
EGR1,947.0,0.8117647058823528,0.5288704972112941,0.9323128294914592,0.00013432237477471035,0.0029886728387373052,12.0,95.86466165413535,973,26,973,0.8294117647058824,0.5666960120547432,0.9390387643999188,7.088454064639912e-05,0.0014667647256831817,12,95.8955223880597,947.0,0.8117647058823528,0.5288704972112941,0.9323128294914592,0.00013432237477471035,0.0029886728387373052,12.0,95.86466165413535
ETV4,54.0,0.8088235294117646,0.5226736475496315,0.9311836739545798,0.0001484755922323442,0.0030123740112198817,13.0,95.48872180451127,59,5,59,0.7823529411764706,0.4682302735179602,0.9209145128721993,0.00034122076396497244,0.004172199341208072,22,92.16417910447761,54.0,0.8088235294117646,0.5226736475496315,0.9311836739545798,0.0001484755922323442,0.0030123740112198817,13.0,95.48872180451127
CTCFL,49.0,0.8058823529411765,0.5165068883787838,0.9300521657185223,0.00016384666473672616,0.0030123740112198817,14.0,95.11278195488721,50,1,50,0.7941176470588236,0.4921364153863272,0.9255024581051731,0.00023919092762563114,0.0033864399753313038,19,93.28358208955224,49.0,0.8058823529411765,0.5165068883787838,0.9300521657185223,0.00016384666473672616,0.0030123740112198817,14.0,95.11278195488721
KLF13,30.0,0.8029411764705883,0.5103700010607221,0.9289182974225212,0.0001805167946798431,0.0030123740112198817,15.0,94.73684210526316,31,1,31,0.8088235294117646,0.5226736475496315,0.9311836739545798,0.0001484755922323442,0.002496245894406287,15,94.77611940298507,30.0,0.8029411764705883,0.5103700010607221,0.9289182974225212,0.0001805167946798431,0.0030123740112198817,15.0,94.73684210526316
MYCN,61.0,0.8029411764705883,0.5103700010607221,0.9289182974225212,0.0001805167946798431,0.0030123740112198817,15.0,94.73684210526316,64,3,64,0.7058823529411764,0.32329537951402243,0.8901266006348121,0.0022459006010513297,0.013133636123539297,45,83.5820895522388,61.0,0.8029411764705883,0.5103700010607221,0.9289182974225212,0.0001805167946798431,0.0030123740112198817,15.0,94.73684210526316
ETS2,27.0,0.7794117647058825,0.4623247383629451,0.9197614953865879,0.00037168023647875443,0.005513256841101525,17.0,93.98496240601504,28,1,28,0.4617647058823529,-0.044025777945264306,0.7791321202356984,0.07176841584053804,0.14625533228109647,129,52.23880597014925,27.0,0.7794117647058825,0.4623247383629451,0.9197614953865879,0.00037168023647875443,0.005513256841101525,17.0,93.98496240601504
ZBTB11,22.0,0.7794117647058825,0.4623247383629451,0.9197614953865879,0.00037168023647875443,0.005513256841101525,17.0,93.98496240601504,22,0,22,0.7794117647058825,0.4623247383629451,0.9197614953865879,0.00037168023647875443,0.004347042765773259,23,91.7910447761194,22.0,0.7794117647058825,0.4623247383629451,0.9197614953865879,0.00037168023647875443,0.005513256841101525,17.0,93.98496240601504
KLF1,48.0,0.7735294117647058,0.45059745809513446,0.9174481696113248,0.00043935565171172104,0.0061741031056331335,19.0,93.23308270676691,51,3,51,0.7617647058823529,0.42747256176682885,0.9127921387935928,0.0006053428380705889,0.005427907448032947,27,90.29850746268657,48.0,0.7735294117647058,0.45059745809513446,0.9174481696113248,0.00043935565171172104,0.0061741031056331335,19.0,93.23308270676691
MEIS1,52.0,0.7676470588235293,0.43898058316167454,0.9151250714319362,0.0005168835242959222,0.006465061510593889,20.0,92.85714285714286,53,1,53,0.7970588235294117,0.4981849779706387,0.9266434510537779,0.0002180980699057476,0.003259354489147006,18,93.65671641791045,52.0,0.7676470588235293,0.43898058316167454,0.9151250714319362,0.0005168835242959222,0.006465061510593889,20.0,92.85714285714286
E2F1,663.0,0.7647058823529411,0.4332130616204925,0.9139598383190624,0.0005596762943567444,0.006465061510593889,21.0,92.4812030075188,689,26,689,0.7852941176470588,0.47416400539782183,0.9220651102915675,0.00031285391788601164,0.004007509710063673,21,92.53731343283582,663.0,0.7647058823529411,0.4332130616204925,0.9139598383190624,0.0005596762943567444,0.006465061510593889,21.0,92.4812030075188
MAFK,50.0,0.7647058823529411,0.4332130616204925,0.9139598383190624,0.0005596762943567444,0.006465061510593889,21.0,92.4812030075188,50,0,50,0.7647058823529411,0.4332130616204925,0.9139598383190624,0.0005596762943567444,0.005427907448032947,25,91.04477611940298,50.0,0.7647058823529411,0.4332130616204925,0.9139598383190624,0.0005596762943567444,0.006465061510593889,21.0,92.4812030075188
MEF2A,96.0,0.7647058823529411,0.4332130616204925,0.9139598383190624,0.0005596762943567444,0.006465061510593889,21.0,92.4812030075188,102,6,102,0.7411764705882353,0.3880299757237671,0.9045485198601929,0.0010184695495736751,0.008057891436332901,34,87.68656716417911,96.0,0.7647058823529411,0.4332130616204925,0.9139598383190624,0.0005596762943567444,0.006465061510593889,21.0,92.4812030075188
E2F4,723.0,0.7617647058823529,0.42747256176682885,0.9127921387935928,0.0006053428380705889,0.006465061510593889,24.0,91.35338345864662,739,16,739,0.7735294117647058,0.45059745809513446,0.9174481696113248,0.00043935565171172104,0.004924444596268874,24,91.4179104477612,723.0,0.7617647058823529,0.42747256176682885,0.9127921387935928,0.0006053428380705889,0.006465061510593889,24.0,91.35338345864662
MXI1,74.0,0.7617647058823529,0.42747256176682885,0.9127921387935928,0.0006053428380705889,0.006465061510593889,24.0,91.35338345864662,76,2,76,0.7617647058823529,0.42747256176682885,0.9127921387935928,0.0006053428380705889,0.005427907448032947,27,90.29850746268657,74.0,0.7617647058823529,0.42747256176682885,0.9127921387935928,0.0006053428380705889,0.006465061510593889,24.0,91.35338345864662
SNAI2,61.0,0.7588235294117647,0.421758894143625,0.9116219650163632,0.0006540302361647908,0.006716387425230737,26.0,90.6015037593985,65,4,65,0.7235294117647059,0.35522118589774393,0.8973839886658878,0.001534481189823956,0.010862511580595898,37,86.56716417910448,61.0,0.7588235294117647,0.421758894143625,0.9116219650163632,0.0006540302361647908,0.006716387425230737,26.0,90.6015037593985
ELF1,48.0,0.7558823529411764,0.41607187106081134,0.9104493091149527,0.0007058905869098935,0.006980473581664503,27.0,90.22556390977444,50,2,50,0.611764705882353,0.1665639705516714,0.8497750875508501,0.011788405053115205,0.03914914764553074,80,70.52238805970148,48.0,0.7558823529411764,0.41607187106081134,0.9104493091149527,0.0007058905869098935,0.006980473581664503,27.0,90.22556390977444
GATA1,59.0,0.7352941176470589,0.3769933523497176,0.9021705499787946,0.0011716155350991776,0.011169127678755136,28.0,89.84962406015038,62,3,62,0.75,0.4047770164679998,0.9080965192825657,0.0008197640272555874,0.0066823188888409995,32,88.43283582089552,59.0,0.7352941176470589,0.3769933523497176,0.9021705499787946,0.0011716155350991776,0.011169127678755136,28.0,89.84962406015038
TCF3,122.0,0.7323529411764707,0.37151293413422337,0.9009777496272663,0.0012549581661522625,0.011169127678755136,29.0,89.47368421052632,125,3,125,0.7235294117647059,0.35522118589774393,0.8973839886658878,0.001534481189823956,0.010862511580595898,37,86.56716417910448,122.0,0.7323529411764707,0.37151293413422337,0.9009777496272663,0.0012549581661522625,0.011169127678755136,29.0,89.47368421052632
MYOD1,46.0,0.7323529411764707,0.37151293413422337,0.9009777496272663,0.0012549581661522625,0.011169127678755136,29.0,89.47368421052632,46,0,46,0.7323529411764707,0.37151293413422337,0.9009777496272663,0.0012549581661522625,0.009645249905570247,35,87.31343283582089,46.0,0.7323529411764707,0.37151293413422337,0.9009777496272663,0.0012549581661522625,0.011169127678755136,29.0,89.47368421052632
ZBTB7A,85.0,0.7294117647058823,0.36605754746428093,0.8997823947737367,0.0013430786823836695,0.011567806716014185,31.0,88.72180451127821,88,3,88,0.711764705882353,0.3338414159649114,0.8925561585982418,0.0019840432477699634,0.01212971894659364,41,85.07462686567165,85.0,0.7294117647058823,0.36605754746428093,0.8997823947737367,0.0013430786823836695,0.011567806716014185,31.0,88.72180451127821
ESR1,689.0,0.7264705882352941,0.3606270212350836,0.8985844772033247,0.0014361826350785254,0.011983148861436446,32.0,88.34586466165413,716,27,716,0.7617647058823529,0.42747256176682885,0.9127921387935928,0.0006053428380705889,0.005427907448032947,27,90.29850746268657,689.0,0.7264705882352941,0.3606270212350836,0.8985844772033247,0.0014361826350785254,0.011983148861436446,32.0,88.34586466165413
ELK4,13.0,0.7176470588235294,0.3444829173770496,0.8949752655119226,0.0017475350604702388,0.014139147307441024,33.0,87.96992481203007,14,1,14,0.4323529411764706,-0.0806437201577827,0.7642660729141939,0.09442103753478692,0.17396752806066906,145,46.26865671641791,13.0,0.7176470588235294,0.3444829173770496,0.8949752655119226,0.0017475350604702388,0.014139147307441024,33.0,87.96992481203007
HINFP,15.0,0.711764705882353,0.3338414159649114,0.8925561585982418,0.0019840432477699634,0.015580574916311183,34.0,87.59398496240601,15,0,15,0.711764705882353,0.3338414159649114,0.8925561585982418,0.0019840432477699634,0.01212971894659364,41,85.07462686567165,15.0,0.711764705882353,0.3338414159649114,0.8925561585982418,0.0019840432477699634,0.015580574916311183,34.0,87.59398496240601
STAT1,1054.0,0.7058823529411764,0.32329537951402243,0.8901266006348121,0.0022459006010513297,0.017133013156591576,35.0,87.21804511278195,1091,37,1091,0.6941176470588235,0.30248460868382854,0.8852358594788904,0.0028537059034569076,0.015352937760598163,49,82.08955223880598,1054.0,0.7058823529411764,0.32329537951402243,0.8901266006348121,0.0022459006010513297,0.017133013156591576,35.0,87.21804511278195
POU2F1,60.0,0.7029411764705883,0.3180577601020766,0.8889078813221539,0.0023869526693009323,0.01722476655954997,36.0,86.8421052631579,61,1,61,0.711764705882353,0.3338414159649114,0.8925561585982418,0.0019840432477699634,0.01212971894659364,41,85.07462686567165,60.0,0.7029411764705883,0.3180577601020766,0.8889078813221539,0.0023869526693009323,0.01722476655954997,36.0,86.8421052631579
TFAP2A,109.0,0.7029411764705883,0.3180577601020766,0.8889078813221539,0.0023869526693009323,0.01722476655954997,36.0,86.8421052631579,121,12,121,0.8294117647058824,0.5666960120547432,0.9390387643999188,7.088454064639912e-05,0.0014667647256831817,12,95.8955223880597,109.0,0.7029411764705883,0.3180577601020766,0.8889078813221539,0.0023869526693009323,0.01722476655954997,36.0,86.8421052631579
VDR,232.0,0.7000000000000001,0.31284352913588886,0.887686523748928,0.002535094604431934,0.01735564767649555,38.0,86.09022556390977,244,12,244,0.7264705882352941,0.3606270212350836,0.8985844772033247,0.0014361826350785254,0.010731475801003428,36,86.94029850746269,232.0,0.7000000000000001,0.31284352913588886,0.887686523748928,0.002535094604431934,0.01735564767649555,38.0,86.09022556390977
GABPA,54.0,0.7000000000000001,0.31284352913588886,0.887686523748928,0.002535094604431934,0.01735564767649555,38.0,86.09022556390977,54,0,54,0.7000000000000001,0.31284352913588886,0.887686523748928,0.002535094604431934,0.014207092679003965,47,82.83582089552239,54.0,0.7000000000000001,0.31284352913588886,0.887686523748928,0.002535094604431934,0.01735564767649555,38.0,86.09022556390977
ZNF24,19.0,0.6941176470588235,0.30248460868382854,0.8852358594788904,0.0028537059034569076,0.018110939719456636,40.0,85.33834586466166,20,1,20,0.7617647058823529,0.42747256176682885,0.9127921387935928,0.0006053428380705889,0.005427907448032947,27,90.29850746268657,19.0,0.6941176470588235,0.30248460868382854,0.8852358594788904,0.0028537059034569076,0.018110939719456636,40.0,85.33834586466166
IRF1,75.0,0.6941176470588235,0.30248460868382854,0.8852358594788904,0.0028537059034569076,0.018110939719456636,40.0,85.33834586466166,77,2,77,0.6941176470588235,0.30248460868382854,0.8852358594788904,0.0028537059034569076,0.015352937760598163,49,82.08955223880598,75.0,0.6941176470588235,0.30248460868382854,0.8852358594788904,0.0028537059034569076,0.018110939719456636,40.0,85.33834586466166
RBPJ,58.0,0.6941176470588235,0.30248460868382854,0.8852358594788904,0.0028537059034569076,0.018110939719456636,40.0,85.33834586466166,60,2,60,0.6823529411764706,0.28204064367395354,0.8803024919560909,0.0035879704117567236,0.01664075932349239,57,79.10447761194031,58.0,0.6941176470588235,0.30248460868382854,0.8852358594788904,0.0028537059034569076,0.018110939719456636,40.0,85.33834586466166
ZBTB33,87.0,0.6911764705882353,0.2973396107285763,0.8840065355179062,0.0030247187950434035,0.018110939719456636,43.0,84.21052631578947,88,1,88,0.6735294117647058,0.2669425906790291,0.8765741564228765,0.0042327392484605075,0.018073124727553597,61,77.61194029850746,87.0,0.6911764705882353,0.2973396107285763,0.8840065355179062,0.0030247187950434035,0.018110939719456636,43.0,84.21052631578947
HSF1,86.0,0.6911764705882353,0.2973396107285763,0.8840065355179062,0.0030247187950434035,0.018110939719456636,43.0,84.21052631578947,87,1,87,0.6852941176470588,0.28711777840308145,0.881539860501752,0.0033915617452165985,0.016291609097558304,56,79.47761194029852,86.0,0.6911764705882353,0.2973396107285763,0.8840065355179062,0.0030247187950434035,0.018110939719456636,43.0,84.21052631578947
TFAP2C,859.0,0.6882352941176471,0.29221738424970345,0.882774538767604,0.003203908614395742,0.018110939719456636,45.0,83.45864661654136,878,19,878,0.6882352941176471,0.29221738424970345,0.882774538767604,0.003203908614395742,0.015670025768590085,53,80.59701492537313,859.0,0.6882352941176471,0.29221738424970345,0.882774538767604,0.003203908614395742,0.018110939719456636,45.0,83.45864661654136
JUN,168.0,0.6882352941176471,0.29221738424970345,0.882774538767604,0.003203908614395742,0.018110939719456636,45.0,83.45864661654136,186,17,185,0.8029411764705883,0.5103700010607221,0.9289182974225212,0.0001805167946798431,0.002856412809933988,17,94.02985074626866,168.0,0.6882352941176471,0.29221738424970345,0.882774538767604,0.003203908614395742,0.018110939719456636,45.0,83.45864661654136
TCF4,61.0,0.6882352941176471,0.29221738424970345,0.882774538767604,0.003203908614395742,0.018110939719456636,45.0,83.45864661654136,61,0,61,0.6882352941176471,0.29221738424970345,0.882774538767604,0.003203908614395742,0.015670025768590085,53,80.59701492537313,61.0,0.6882352941176471,0.29221738424970345,0.882774538767604,0.003203908614395742,0.018110939719456636,45.0,83.45864661654136
TFDP1,64.0,0.6852941176470588,0.28711777840308145,0.881539860501752,0.0033915617452165985,0.018110939719456636,48.0,82.33082706766918,68,4,68,0.6794117647058824,0.27698583186232256,0.8790624243281259,0.003793432669159745,0.017007223133399526,59,78.35820895522389,64.0,0.6852941176470588,0.28711777840308145,0.881539860501752,0.0033915617452165985,0.018110939719456636,48.0,82.33082706766918
BHLHE40,54.0,0.6852941176470588,0.28711777840308145,0.881539860501752,0.0033915617452165985,0.018110939719456636,48.0,82.33082706766918,57,3,57,0.75,0.4047770164679998,0.9080965192825657,0.0008197640272555874,0.0066823188888409995,32,88.43283582089552,54.0,0.6852941176470588,0.28711777840308145,0.881539860501752,0.0033915617452165985,0.018110939719456636,48.0,82.33082706766918
KDM5B,16.0,0.6852941176470588,0.28711777840308145,0.881539860501752,0.0033915617452165985,0.018110939719456636,48.0,82.33082706766918,17,1,17,0.6352941176470589,0.2037454892736951,0.8601314148716066,0.008182064616334002,0.03015034769580612,73,73.13432835820896,16.0,0.6852941176470588,0.28711777840308145,0.881539860501752,0.0033915617452165985,0.018110939719456636,48.0,82.33082706766918
ATF2,53.0,0.6823529411764706,0.28204064367395354,0.8803024919560909,0.0035879704117567236,0.01878408039096167,51.0,81.203007518797,61,8,61,0.7647058823529411,0.4332130616204925,0.9139598383190624,0.0005596762943567444,0.005427907448032947,25,91.04477611940298,53.0,0.6823529411764706,0.28204064367395354,0.8803024919560909,0.0035879704117567236,0.01878408039096167,51.0,81.203007518797
SMAD3,88.0,0.6764705882352942,0.2719531960685308,0.8778196487769185,0.004008252390209358,0.020580834388190358,52.0,80.82706766917293,93,5,93,0.711764705882353,0.3338414159649114,0.8925561585982418,0.0019840432477699634,0.01212971894659364,41,85.07462686567165,88.0,0.6764705882352942,0.2719531960685308,0.8778196487769185,0.004008252390209358,0.020580834388190358,52.0,80.82706766917293
MBD1,44.0,0.6735294117647058,0.2669425906790291,0.8765741564228765,0.0042327392484605075,0.02092534600519437,53.0,80.45112781954887,44,0,44,0.6735294117647058,0.2669425906790291,0.8765741564228765,0.0042327392484605075,0.018073124727553597,61,77.61194029850746,44.0,0.6735294117647058,0.2669425906790291,0.8765741564228765,0.0042327392484605075,0.02092534600519437,53.0,80.45112781954887
ZNF274,18.0,0.6735294117647058,0.2669425906790291,0.8765741564228765,0.0042327392484605075,0.02092534600519437,53.0,80.45112781954887,18,0,18,0.6735294117647058,0.2669425906790291,0.8765741564228765,0.0042327392484605075,0.018073124727553597,61,77.61194029850746,18.0,0.6735294117647058,0.2669425906790291,0.8765741564228765,0.0042327392484605075,0.02092534600519437,53.0,80.45112781954887
NFKB1,226.0,0.6705882352941177,0.2619538713523341,0.8753259383475421,0.004467208697738124,0.02092534600519437,55.0,79.69924812030075,241,15,241,0.7176470588235294,0.3444829173770496,0.8949752655119226,0.0017475350604702388,0.011752173281662354,40,85.44776119402985,226.0,0.6705882352941177,0.2619538713523341,0.8753259383475421,0.004467208697738124,0.02092534600519437,55.0,79.69924812030075
PAX6,37.0,0.6705882352941177,0.2619538713523341,0.8753259383475421,0.004467208697738124,0.02092534600519437,55.0,79.69924812030075,38,0,37,0.6705882352941177,0.2619538713523341,0.8753259383475421,0.004467208697738124,0.018776236557680553,64,76.49253731343283,37.0,0.6705882352941177,0.2619538713523341,0.8753259383475421,0.004467208697738124,0.02092534600519437,55.0,79.69924812030075
IRF2,74.0,0.6705882352941177,0.2619538713523341,0.8753259383475421,0.004467208697738124,0.02092534600519437,55.0,79.69924812030075,76,2,76,0.6794117647058824,0.27698583186232256,0.8790624243281259,0.003793432669159745,0.017007223133399526,59,78.35820895522389,74.0,0.6705882352941177,0.2619538713523341,0.8753259383475421,0.004467208697738124,0.02092534600519437,55.0,79.69924812030075
ZFX,54.0,0.6676470588235294,0.25698689500516525,0.874074985593379,0.004711981947989977,0.021691365174367653,58.0,78.57142857142857,54,0,54,0.6676470588235294,0.25698689500516525,0.874074985593379,0.004711981947989977,0.019500356061681597,65,76.11940298507463,54.0,0.6676470588235294,0.25698689500516525,0.874074985593379,0.004711981947989977,0.021691365174367653,58.0,78.57142857142857
STAT2,103.0,0.6647058823529411,0.25204151979876793,0.8728212891635588,0.0049673859374819995,0.022104867421794898,59.0,78.19548872180451,104,1,104,0.6647058823529411,0.25204151979876793,0.8728212891635588,0.0049673859374819995,0.01994368383854713,66,75.74626865671642,103.0,0.6647058823529411,0.25204151979876793,0.8728212891635588,0.0049673859374819995,0.022104867421794898,59.0,78.19548872180451
STAT3,157.0,0.6647058823529411,0.25204151979876793,0.8728212891635588,0.0049673859374819995,0.022104867421794898,59.0,78.19548872180451,173,16,173,0.6588235294117648,0.242215011595055,0.8703056290918738,0.005511422336343683,0.021802538359947807,68,75.0,157.0,0.6647058823529411,0.25204151979876793,0.8728212891635588,0.0049673859374819995,0.022104867421794898,59.0,78.19548872180451
ARID3A,23.0,0.6588235294117648,0.242215011595055,0.8703056290918738,0.005511422336343683,0.024123766619733825,61.0,77.44360902255639,25,2,25,0.8088235294117646,0.5226736475496315,0.9311836739545798,0.0001484755922323442,0.002496245894406287,15,94.77611940298507,23.0,0.6588235294117648,0.242215011595055,0.8703056290918738,0.005511422336343683,0.024123766619733825,61.0,77.44360902255639
RARA,114.0,0.65,0.22763378195207562,0.8665113342128201,0.006415706521175287,0.027190375256409553,62.0,77.06766917293233,123,9,123,0.6882352941176471,0.29221738424970345,0.882774538767604,0.003203908614395742,0.015670025768590085,53,80.59701492537313,114.0,0.65,0.22763378195207562,0.8665113342128201,0.006415706521175287,0.027190375256409553,62.0,77.06766917293233
YY1,91.0,0.65,0.22763378195207562,0.8665113342128201,0.006415706521175287,0.027190375256409553,62.0,77.06766917293233,97,6,97,0.788235294117647,0.4801261364290309,0.9232132952559133,0.0002864656823918494,0.0038529634281703746,20,92.91044776119402,91.0,0.65,0.22763378195207562,0.8665113342128201,0.006415706521175287,0.027190375256409553,62.0,77.06766917293233
THAP1,55.0,0.6470588235294118,0.2228151029905009,0.8652409845679143,0.006742077007179861,0.02812710251432848,64.0,76.31578947368422,55,0,55,0.6470588235294118,0.2228151029905009,0.8652409845679143,0.006742077007179861,0.025189148818491425,71,73.88059701492537,55.0,0.6470588235294118,0.2228151029905009,0.8652409845679143,0.006742077007179861,0.02812710251432848,64.0,76.31578947368422
ASCL1,51.0,0.6411764705882352,0.21323953872456552,0.8626918526432042,0.007434419082533941,0.03053830607748557,65.0,75.93984962406014,52,1,52,0.6529411764705881,0.23247323641294756,0.8677788853637741,0.006102046679076996,0.02344929366673874,69,74.62686567164178,51.0,0.6411764705882352,0.21323953872456552,0.8626918526432042,0.007434419082533941,0.03053830607748557,65.0,75.93984962406014
NCOA1,20.0,0.6264705882352941,0.18965499289922497,0.8562693946690969,0.009413977306783627,0.03696370501340041,66.0,75.56390977443608,20,0,20,0.6264705882352941,0.18965499289922497,0.8562693946690969,0.009413977306783627,0.03376479860699727,74,72.76119402985076,20.0,0.6264705882352941,0.18965499289922497,0.8562693946690969,0.009413977306783627,0.03696370501340041,66.0,75.56390977443608
TCF12,76.0,0.6264705882352941,0.18965499289922497,0.8562693946690969,0.009413977306783627,0.03696370501340041,66.0,75.56390977443608,77,1,77,0.6529411764705881,0.23247323641294756,0.8677788853637741,0.006102046679076996,0.02344929366673874,69,74.62686567164178,76.0,0.6264705882352941,0.18965499289922497,0.8562693946690969,0.009413977306783627,0.03696370501340041,66.0,75.56390977443608
FOXP1,344.0,0.6264705882352941,0.18965499289922497,0.8562693946690969,0.009413977306783627,0.03696370501340041,66.0,75.56390977443608,356,12,356,0.6264705882352941,0.18965499289922497,0.8562693946690969,0.009413977306783627,0.03376479860699727,74,72.76119402985076,344.0,0.6264705882352941,0.18965499289922497,0.8562693946690969,0.009413977306783627,0.03696370501340041,66.0,75.56390977443608
THAP11,113.0,0.6176470588235293,0.17574215226387133,0.8523815092869029,0.010787984601948842,0.04114845555314773,69.0,74.43609022556392,113,0,113,0.6176470588235293,0.17574215226387133,0.8523815092869029,0.010787984601948842,0.036733770353471376,77,71.64179104477613,113.0,0.6176470588235293,0.17574215226387133,0.8523815092869029,0.010787984601948842,0.04114845555314773,69.0,74.43609022556392
RELA,222.0,0.6176470588235293,0.17574215226387133,0.8523815092869029,0.010787984601948842,0.04114845555314773,69.0,74.43609022556392,236,14,236,0.6911764705882353,0.2973396107285763,0.8840065355179062,0.0030247187950434035,0.015647102997436067,51,81.34328358208955,222.0,0.6176470588235293,0.17574215226387133,0.8523815092869029,0.010787984601948842,0.04114845555314773,69.0,74.43609022556392
AHR,41.0,0.6147058823529412,0.17114343827005926,0.8510797547141502,0.011279474063305015,0.04182804965142277,71.0,73.6842105263158,42,1,42,0.488235294117647,-0.009865187212584605,0.7922131532698908,0.05501502977813754,0.11934712105095967,124,54.104477611940304,41.0,0.6147058823529412,0.17114343827005926,0.8510797547141502,0.011279474063305015,0.04182804965142277,71.0,73.6842105263158
CLOCK,50.0,0.6147058823529412,0.17114343827005926,0.8510797547141502,0.011279474063305015,0.04182804965142277,71.0,73.6842105263158,51,1,51,0.6,0.14843616603845255,0.8445270966114837,0.01400712232959999,0.04381297565886509,86,68.28358208955223,50.0,0.6147058823529412,0.17114343827005926,0.8510797547141502,0.011279474063305015,0.04182804965142277,71.0,73.6842105263158
MAF,38.0,0.611764705882353,0.1665639705516714,0.8497750875508501,0.011788405053115205,0.04253383985380756,73.0,72.93233082706767,38,0,38,0.611764705882353,0.1665639705516714,0.8497750875508501,0.011788405053115205,0.03914914764553074,80,70.52238805970148,38.0,0.611764705882353,0.1665639705516714,0.8497750875508501,0.011788405053115205,0.04253383985380756,73.0,72.93233082706767
TP53,547.0,0.611764705882353,0.1665639705516714,0.8497750875508501,0.011788405053115205,0.04253383985380756,73.0,72.93233082706767,581,34,581,0.6470588235294118,0.2228151029905009,0.8652409845679143,0.006742077007179861,0.025189148818491425,71,73.88059701492537,547.0,0.611764705882353,0.1665639705516714,0.8497750875508501,0.011788405053115205,0.04253383985380756,73.0,72.93233082706767
NEUROD1,33.0,0.6058823529411764,0.15746229266489614,0.8471569762645441,0.012860298533367195,0.04402179113344925,75.0,72.18045112781954,33,0,33,0.6058823529411764,0.15746229266489614,0.8471569762645441,0.012860298533367195,0.04069906241736206,84,69.02985074626866,33.0,0.6058823529411764,0.15746229266489614,0.8471569762645441,0.012860298533367195,0.04402179113344925,75.0,72.18045112781954
CUX1,39.0,0.6058823529411764,0.15746229266489614,0.8471569762645441,0.012860298533367195,0.04402179113344925,75.0,72.18045112781954,40,1,40,0.7000000000000001,0.31284352913588886,0.887686523748928,0.002535094604431934,0.014207092679003965,47,82.83582089552239,39.0,0.6058823529411764,0.15746229266489614,0.8471569762645441,0.012860298533367195,0.04402179113344925,75.0,72.18045112781954
PROX1,23.0,0.6058823529411764,0.15746229266489614,0.8471569762645441,0.012860298533367195,0.04402179113344925,75.0,72.18045112781954,24,1,24,0.37941176470588234,-0.14324194271810942,0.7365877297411246,0.1472271338628926,0.23857890969348258,162,39.92537313432835,23.0,0.6058823529411764,0.15746229266489614,0.8471569762645441,0.012860298533367195,0.04402179113344925,75.0,72.18045112781954
PKNOX1,35.0,0.6058823529411764,0.15746229266489614,0.8471569762645441,0.012860298533367195,0.04402179113344925,75.0,72.18045112781954,35,0,35,0.6058823529411764,0.15746229266489614,0.8471569762645441,0.012860298533367195,0.04069906241736206,84,69.02985074626866,35.0,0.6058823529411764,0.15746229266489614,0.8471569762645441,0.012860298533367195,0.04402179113344925,75.0,72.18045112781954
MITF,634.0,0.6029411764705882,0.15293984436042776,0.8458435124375365,0.013424125397891354,0.045370145332113816,79.0,70.67669172932331,657,23,657,0.5911764705882353,0.13503658965253096,0.8405600372835168,0.015875579555641485,0.04745034333852843,89,67.16417910447761,634.0,0.6029411764705882,0.15293984436042776,0.8458435124375365,0.013424125397891354,0.045370145332113816,79.0,70.67669172932331
KLF9,65.0,0.6,0.14843616603845255,0.8445270966114837,0.01400712232959999,0.046748770775039965,80.0,70.30075187969925,67,2,67,0.5529411764705882,0.07883774153796134,0.8230547020985034,0.026314499870666506,0.07150101480009384,98,63.80597014925373,65.0,0.6,0.14843616603845255,0.8445270966114837,0.01400712232959999,0.046748770775039965,80.0,70.30075187969925
ARNT,55.0,0.5941176470588235,0.1394846538559991,0.8418853690650135,0.015232400876327995,0.05021050659234042,81.0,69.92481203007519,61,6,61,0.8705882352941177,0.6594830589618293,0.9544129434508417,1.1498934802741624e-05,0.0003436903846597219,8,97.38805970149254,55.0,0.5941176470588235,0.1394846538559991,0.8418853690650135,0.015232400876327995,0.05021050659234042,81.0,69.92481203007519
ARID2,29.0,0.5911764705882353,0.13503658965253096,0.8405600372835168,0.015875579555641485,0.0516924358701985,82.0,69.54887218045113,30,1,30,0.5764705882352941,0.11306866528933864,0.8338882929771788,0.01941514038653161,0.0561577716556667,93,65.67164179104478,29.0,0.5911764705882353,0.13503658965253096,0.8405600372835168,0.015875579555641485,0.0516924358701985,82.0,69.54887218045113
REL,18.0,0.5852941176470587,0.12619527626012558,0.8379003872112376,0.01722528661609483,0.054751803886872855,83.0,69.17293233082707,22,4,22,0.5970588235294118,0.14395114108648074,0.8432077188232996,0.014609731954981034,0.045172619492987336,87,67.91044776119404,18.0,0.5852941176470587,0.12619527626012558,0.8379003872112376,0.01722528661609483,0.054751803886872855,83.0,69.17293233082707
SPI1,571.0,0.5852941176470587,0.12619527626012558,0.8379003872112376,0.01722528661609483,0.054751803886872855,83.0,69.17293233082707,584,13,584,0.5852941176470587,0.12619527626012558,0.8379003872112376,0.01722528661609483,0.05091870439263198,91,66.4179104477612,571.0,0.5852941176470587,0.12619527626012558,0.8379003872112376,0.01722528661609483,0.054751803886872855,83.0,69.17293233082707
KLF3,13.0,0.5794117647058823,0.11742630206412115,0.8352286872691124,0.018662529417711966,0.05862229828857759,85.0,68.42105263157895,13,0,13,0.5794117647058823,0.11742630206412115,0.8352286872691124,0.018662529417711966,0.05456761318874477,92,66.04477611940298,13.0,0.5794117647058823,0.11742630206412115,0.8352286872691124,0.018662529417711966,0.05862229828857759,85.0,68.42105263157895
IKZF1,39.0,0.5735294117647058,0.1087287828680609,0.8325448553811001,0.0201910380465231,0.06268612974908916,86.0,68.04511278195488,39,0,39,0.5735294117647058,0.1087287828680609,0.8325448553811001,0.0201910380465231,0.05778073653739057,94,65.29850746268657,39.0,0.5735294117647058,0.1087287828680609,0.8325448553811001,0.0201910380465231,0.06268612974908916,86.0,68.04511278195488
ZNF384,65.0,0.5705882352941177,0.10440654651582863,0.8311983641045718,0.020990696368217793,0.06441972333694426,87.0,67.66917293233084,66,1,66,0.6205882352941177,0.18036023411901042,0.8536803610115069,0.010313515549677663,0.03650441687978015,76,72.01492537313433,65.0,0.5705882352941177,0.10440654651582863,0.8311983641045718,0.020990696368217793,0.06441972333694426,87.0,67.66917293233084
ZEB2,53.0,0.5676470588235295,0.10010184882697008,0.8298488087240643,0.021814592143742907,0.06618745570885633,88.0,67.29323308270676,53,0,53,0.5676470588235295,0.10010184882697008,0.8298488087240643,0.021814592143742907,0.061769739859650966,95,64.92537313432835,53.0,0.5676470588235295,0.10010184882697008,0.8298488087240643,0.021814592143742907,0.06618745570885633,88.0,67.29323308270676
POU4F2,28.0,0.5617647058823529,0.09154464415735647,0.8271404637192524,0.02353701647428084,0.07061104942284253,89.0,66.9172932330827,28,0,28,0.5617647058823529,0.09154464415735647,0.8271404637192524,0.02353701647428084,0.06527275702661388,97,64.17910447761194,28.0,0.5617647058823529,0.09154464415735647,0.8271404637192524,0.02353701647428084,0.07061104942284253,89.0,66.9172932330827
NR3C1,75.0,0.5411764705882353,0.06213151127572995,0.8175631820122927,0.030400218888170166,0.09018731603490483,90.0,66.54135338345864,77,2,77,0.5,0.005699890304690927,0.7979386398690111,0.04858028888702389,0.11265601474663299,116,57.089552238805965,75.0,0.5411764705882353,0.06213151127572995,0.8175631820122927,0.030400218888170166,0.09018731603490483,90.0,66.54135338345864
FOXL2,16.0,0.5352941176470588,0.053877861490216325,0.8147984394570705,0.032615863294021934,0.09467117154499541,91.0,66.16541353383458,21,5,21,0.4205882352941176,-0.0949131706109357,0.7582192175271745,0.104767513929187,0.18788307497967535,150,44.40298507462687,16.0,0.5352941176470588,0.053877861490216325,0.8147984394570705,0.032615863294021934,0.09467117154499541,91.0,66.16541353383458
ATF4,99.0,0.5323529411764706,0.04977555817068004,0.8134112842308316,0.03376862296023464,0.09467117154499541,92.0,65.78947368421053,106,7,106,0.6647058823529411,0.25204151979876793,0.8728212891635588,0.0049673859374819995,0.01994368383854713,66,75.74626865671642,99.0,0.5323529411764706,0.04977555817068004,0.8134112842308316,0.03376862296023464,0.09467117154499541,92.0,65.78947368421053
NFATC1,32.0,0.5323529411764706,0.04977555817068004,0.8134112842308316,0.03376862296023464,0.09467117154499541,92.0,65.78947368421053,33,1,33,0.5911764705882353,0.13503658965253096,0.8405600372835168,0.015875579555641485,0.04745034333852843,89,67.16417910447761,32.0,0.5323529411764706,0.04977555817068004,0.8134112842308316,0.03376862296023464,0.09467117154499541,92.0,65.78947368421053
NFYB,75.0,0.5323529411764706,0.04977555817068004,0.8134112842308316,0.03376862296023464,0.09467117154499541,92.0,65.78947368421053,76,1,76,0.5088235294117647,0.017533027152839026,0.8021977571794286,0.04413521823498383,0.10506525402841282,112,58.582089552238806,75.0,0.5323529411764706,0.04977555817068004,0.8134112842308316,0.03376862296023464,0.09467117154499541,92.0,65.78947368421053
E2F3,13.0,0.5323529411764706,0.04977555817068004,0.8134112842308316,0.03376862296023464,0.09467117154499541,92.0,65.78947368421053,14,1,14,0.7558823529411764,0.41607187106081134,0.9104493091149527,0.0007058905869098935,0.0061253086412503665,31,88.80597014925374,13.0,0.5323529411764706,0.04977555817068004,0.8134112842308316,0.03376862296023464,0.09467117154499541,92.0,65.78947368421053
SMAD1,16.0,0.5294117647058824,0.04568947330525414,0.812020924972308,0.03495200678951804,0.09467117154499541,96.0,64.28571428571428,17,1,17,0.5647058823529412,0.09581458326570516,0.8284961787685539,0.022663204844184635,0.06350418857380903,96,64.55223880597015,16.0,0.5294117647058824,0.04568947330525414,0.812020924972308,0.03495200678951804,0.09467117154499541,96.0,64.28571428571428
RXRA,72.0,0.5294117647058824,0.04568947330525414,0.812020924972308,0.03495200678951804,0.09467117154499541,96.0,64.28571428571428,76,4,76,0.6911764705882353,0.2973396107285763,0.8840065355179062,0.0030247187950434035,0.015647102997436067,51,81.34328358208955,72.0,0.5294117647058824,0.04568947330525414,0.812020924972308,0.03495200678951804,0.09467117154499541,96.0,64.28571428571428
RUNX2,62.0,0.5294117647058824,0.04568947330525414,0.812020924972308,0.03495200678951804,0.09467117154499541,96.0,64.28571428571428,65,3,65,0.4941176470588235,-0.0021127037748385354,0.7950826018212043,0.05172344224923533,0.11498847904995292,119,55.970149253731336,62.0,0.5294117647058824,0.04568947330525414,0.812020924972308,0.03495200678951804,0.09467117154499541,96.0,64.28571428571428
IRF3,70.0,0.5264705882352941,0.04161951090421108,0.8106273505677192,0.036166514972245434,0.09467117154499541,99.0,63.1578947368421,70,0,70,0.5264705882352941,0.04161951090421108,0.8106273505677192,0.036166514972245434,0.09178106158050964,106,60.82089552238805,70.0,0.5264705882352941,0.04161951090421108,0.8106273505677192,0.036166514972245434,0.09467117154499541,99.0,63.1578947368421
MNT,53.0,0.5264705882352941,0.04161951090421108,0.8106273505677192,0.036166514972245434,0.09467117154499541,99.0,63.1578947368421,55,2,55,0.4911764705882353,-0.005996415881423004,0.7936495597548997,0.05335043567794327,0.11667696908428245,122,54.850746268656714,53.0,0.5264705882352941,0.04161951090421108,0.8106273505677192,0.036166514972245434,0.09467117154499541,99.0,63.1578947368421
GATA3,732.0,0.5264705882352941,0.04161951090421108,0.8106273505677192,0.036166514972245434,0.09467117154499541,99.0,63.1578947368421,743,10,742,0.538235294117647,0.057996480017109296,0.8161824017136419,0.0314932282058383,0.08224930473175246,103,61.940298507462686,732.0,0.5264705882352941,0.04161951090421108,0.8106273505677192,0.036166514972245434,0.09467117154499541,99.0,63.1578947368421
ZKSCAN1,43.0,0.5264705882352941,0.04161951090421108,0.8106273505677192,0.036166514972245434,0.09467117154499541,99.0,63.1578947368421,44,1,44,0.5470588235294118,0.07045120598754359,0.8203152405302252,0.028301087242108818,0.07612992468127272,100,63.059701492537314,43.0,0.5264705882352941,0.04161951090421108,0.8106273505677192,0.036166514972245434,0.09467117154499541,99.0,63.1578947368421
KMT2A,57.0,0.5235294117647059,0.037565575733825116,0.8092305498518251,0.037412648130149384,0.09513501953095128,103.0,61.654135338345874,59,2,59,0.4382352941176471,-0.07342925965097187,0.7672677722803196,0.08953003199187991,0.1672470736514979,144,46.64179104477611,57.0,0.5235294117647059,0.037565575733825116,0.8092305498518251,0.037412648130149384,0.09513501953095128,103.0,61.654135338345874
CREM,49.0,0.5235294117647059,0.037565575733825116,0.8092305498518251,0.037412648130149384,0.09513501953095128,103.0,61.654135338345874,52,3,52,0.6176470588235293,0.17574215226387133,0.8523815092869029,0.010787984601948842,0.036733770353471376,77,71.64179104477613,49.0,0.5235294117647059,0.037565575733825116,0.8092305498518251,0.037412648130149384,0.09513501953095128,103.0,61.654135338345874
XBP1,15.0,0.5235294117647059,0.037565575733825116,0.8092305498518251,0.037412648130149384,0.09513501953095128,103.0,61.654135338345874,16,1,16,0.5323529411764706,0.04977555817068004,0.8134112842308316,0.03376862296023464,0.0865119959647916,104,61.56716417910448,15.0,0.5235294117647059,0.037565575733825116,0.8092305498518251,0.037412648130149384,0.09513501953095128,103.0,61.654135338345874
LYL1,83.0,0.5205882352941177,0.03352757330894424,0.807830511607627,0.03869090714064993,0.09745728496748615,106.0,60.526315789473685,83,0,83,0.5205882352941177,0.03352757330894424,0.807830511607627,0.03869090714064993,0.09636901871143362,107,60.44776119402986,83.0,0.5205882352941177,0.03352757330894424,0.807830511607627,0.03869090714064993,0.09745728496748615,106.0,60.526315789473685
TGIF2,18.0,0.5176470588235293,0.029505409885649217,0.8064272245660685,0.04000179295956071,0.09981755813273561,107.0,60.150375939849624,18,0,18,0.5176470588235293,0.029505409885649217,0.8064272245660685,0.04000179295956071,0.09872002115708102,109,59.70149253731343,18.0,0.5176470588235293,0.029505409885649217,0.8064272245660685,0.04000179295956071,0.09981755813273561,107.0,60.150375939849624
GFI1B,26.0,0.5147058823529412,0.025498992454000474,0.8050206774057327,0.04134580644224891,0.10221602148222647,108.0,59.77443609022557,29,3,29,0.5323529411764706,0.04977555817068004,0.8134112842308316,0.03376862296023464,0.0865119959647916,104,61.56716417910448,26.0,0.5147058823529412,0.025498992454000474,0.8050206774057327,0.04134580644224891,0.10221602148222647,108.0,59.77443609022557
E2F2,22.0,0.5117647058823529,0.021508228730866125,0.8036108587525375,0.042723448163331804,0.10370146054190538,109.0,59.3984962406015,22,0,22,0.5117647058823529,0.021508228730866125,0.8036108587525375,0.042723448163331804,0.10447825050851141,110,59.32835820895522,22.0,0.5117647058823529,0.021508228730866125,0.8036108587525375,0.042723448163331804,0.10370146054190538,109.0,59.3984962406015
NRF1,76.0,0.5117647058823529,0.021508228730866125,0.8036108587525375,0.042723448163331804,0.10370146054190538,109.0,59.3984962406015,77,1,77,0.5529411764705882,0.07883774153796134,0.8230547020985034,0.026314499870666506,0.07150101480009384,98,63.80597014925373,76.0,0.5117647058823529,0.021508228730866125,0.8036108587525375,0.042723448163331804,0.10370146054190538,109.0,59.3984962406015
ZNF263,413.0,0.5088235294117647,0.017533027152839026,0.8021977571794286,0.04413521823498383,0.10616309251117731,111.0,58.64661654135339,422,9,422,0.5411764705882353,0.06213151127572995,0.8175631820122927,0.030400218888170166,0.08017312628350759,102,62.31343283582089,413.0,0.5088235294117647,0.017533027152839026,0.8021977571794286,0.04413521823498383,0.10616309251117731,111.0,58.64661654135339
CTCF,909.0,0.5058823529411764,0.013573296869232318,0.8007813612060724,0.04558161612394021,0.10770169473532776,112.0,58.27067669172932,924,14,923,0.5058823529411764,0.013573296869232318,0.8007813612060724,0.04558161612394021,0.10662134554208623,114,57.835820895522396,909.0,0.5058823529411764,0.013573296869232318,0.8007813612060724,0.04558161612394021,0.10770169473532776,112.0,58.27067669172932
RUNX1,363.0,0.5058823529411764,0.013573296869232318,0.8007813612060724,0.04558161612394021,0.10770169473532776,112.0,58.27067669172932,371,8,371,0.5058823529411764,0.013573296869232318,0.8007813612060724,0.04558161612394021,0.10662134554208623,114,57.835820895522396,363.0,0.5058823529411764,0.013573296869232318,0.8007813612060724,0.04558161612394021,0.10770169473532776,112.0,58.27067669172932
LEF1,51.0,0.4970588235294117,0.001786035824097052,0.7965122912754271,0.050133557803774174,0.11741806959305004,114.0,57.5187969924812,51,0,51,0.4970588235294117,0.001786035824097052,0.7965122912754271,0.050133557803774174,0.11428751736623095,117,56.71641791044777,51.0,0.4970588235294117,0.001786035824097052,0.7965122912754271,0.050133557803774174,0.11741806959305004,114.0,57.5187969924812
ZNF740,38.0,0.4941176470588235,-0.0021127037748385354,0.7950826018212043,0.05172344224923533,0.11905309552194683,115.0,57.14285714285714,38,0,38,0.4941176470588235,-0.0021127037748385354,0.7950826018212043,0.05172344224923533,0.11498847904995292,119,55.970149253731336,38.0,0.4941176470588235,-0.0021127037748385354,0.7950826018212043,0.05172344224923533,0.11905309552194683,115.0,57.14285714285714
DUX4,35.0,0.4941176470588235,-0.0021127037748385354,0.7950826018212043,0.05172344224923533,0.11905309552194683,115.0,57.14285714285714,35,0,35,0.4941176470588235,-0.0021127037748385354,0.7950826018212043,0.05172344224923533,0.11498847904995292,119,55.970149253731336,35.0,0.4941176470588235,-0.0021127037748385354,0.7950826018212043,0.05172344224923533,0.11905309552194683,115.0,57.14285714285714
FOXA2,45.0,0.488235294117647,-0.009865187212584605,0.7922131532698908,0.05501502977813754,0.12448316059968409,117.0,56.390977443609025,47,2,47,0.45,-0.05883787546536807,0.773228232389066,0.08029573654339643,0.15766097175309227,134,50.37313432835822,45.0,0.488235294117647,-0.009865187212584605,0.7922131532698908,0.05501502977813754,0.12448316059968409,117.0,56.390977443609025
GATA2,649.0,0.4852941176470588,-0.013719103819325514,0.7907733705040527,0.056717714281911955,0.12725739254849153,118.0,56.015037593984964,663,14,663,0.4441176470588235,-0.06616084724488748,0.7702551245666606,0.08482274417741573,0.1618249516576229,139,48.50746268656716,649.0,0.4852941176470588,-0.013719103819325514,0.7907733705040527,0.056717714281911955,0.12725739254849153,118.0,56.015037593984964
ATF1,85.0,0.4823529411764706,-0.01755825109310378,0.7893301995394304,0.05845897677471954,0.13007122332375098,119.0,55.63909774436091,89,3,88,0.6176470588235293,0.17574215226387133,0.8523815092869029,0.010787984601948842,0.036733770353471376,77,71.64179104477613,85.0,0.4823529411764706,-0.01755825109310378,0.7893301995394304,0.05845897677471954,0.13007122332375098,119.0,55.63909774436091
ELK1,107.0,0.4794117647058824,-0.021382713772138545,0.787883628401911,0.0602393025043159,0.1329247418896888,120.0,55.263157894736835,114,7,114,0.4823529411764706,-0.01755825109310378,0.7893301995394304,0.05845897677471954,0.12480527581269489,126,53.35820895522387,107.0,0.4794117647058824,-0.021382713772138545,0.787883628401911,0.0602393025043159,0.1329247418896888,120.0,55.263157894736835
TFAP4,37.0,0.4764705882352941,-0.025192575947645613,0.7864336450608912,0.06205917418922617,0.13581802875838841,121.0,54.88721804511278,38,1,38,0.4617647058823529,-0.044025777945264306,0.7791321202356984,0.07176841584053804,0.14625533228109647,129,52.23880597014925,37.0,0.4764705882352941,-0.025192575947645613,0.7864336450608912,0.06205917418922617,0.13581802875838841,121.0,54.88721804511278
CREB3L1,20.0,0.4705882352941176,-0.03276883195483055,0.7835233933614888,0.06581947250108111,0.14287641591698094,122.0,54.51127819548872,21,1,21,0.6088235294117647,0.16200362853838912,0.848467498010959,0.012315203198246461,0.03991312843769034,82,69.77611940298507,20.0,0.4705882352941176,-0.03276883195483055,0.7835233933614888,0.06581947250108111,0.14287641591698094,122.0,54.51127819548872
SMAD4,67.0,0.4647058823529412,-0.04028767913676703,0.780599347053876,0.06974367557375588,0.15017388208220014,123.0,54.13533834586466,73,6,73,0.7058823529411764,0.32329537951402243,0.8901266006348121,0.0022459006010513297,0.013133636123539297,45,83.5820895522388,67.0,0.4647058823529412,-0.04028767913676703,0.780599347053876,0.06974367557375588,0.15017388208220014,123.0,54.13533834586466
ZBED1,22.0,0.4617647058823529,-0.044025777945264306,0.7791321202356984,0.07176841584053804,0.15329733623538927,124.0,53.75939849624061,22,0,22,0.4617647058823529,-0.044025777945264306,0.7791321202356984,0.07176841584053804,0.14625533228109647,129,52.23880597014925,22.0,0.4617647058823529,-0.044025777945264306,0.7791321202356984,0.07176841584053804,0.15329733623538927,124.0,53.75939849624061
FOXK2,49.0,0.4558823529411765,-0.051459727684046705,0.776187197387115,0.0759454911674118,0.16093211223570594,125.0,53.383458646616546,50,1,50,0.3411764705882353,-0.18599247629981253,0.7158250229993707,0.19593262486788887,0.29119268557713873,176,34.70149253731343,49.0,0.4558823529411765,-0.051459727684046705,0.776187197387115,0.0759454911674118,0.16093211223570594,125.0,53.383458646616546
NR5A2,27.0,0.45294117647058824,-0.055155737476497935,0.7747094764264791,0.07809874141672499,0.16290909342394977,126.0,53.00751879699248,28,1,28,0.4088235294117647,-0.10897388165211616,0.7521137175026431,0.11588783814878345,0.20509097672383386,152,43.656716417910445,27.0,0.45294117647058824,-0.055155737476497935,0.7747094764264791,0.07809874141672499,0.16290909342394977,126.0,53.00751879699248
MAZ,72.0,0.45294117647058824,-0.055155737476497935,0.7747094764264791,0.07809874141672499,0.16290909342394977,126.0,53.00751879699248,72,0,72,0.45294117647058824,-0.055155737476497935,0.7747094764264791,0.07809874141672499,0.15766097175309227,133,50.74626865671642,72.0,0.45294117647058824,-0.055155737476497935,0.7747094764264791,0.07809874141672499,0.16290909342394977,126.0,53.00751879699248
MEF2C,65.0,0.45,-0.05883787546536807,0.773228232389066,0.08029573654339643,0.1636561958556248,128.0,52.25563909774436,70,5,70,0.4911764705882353,-0.005996415881423004,0.7936495597548997,0.05335043567794327,0.11667696908428245,122,54.850746268656714,65.0,0.45,-0.05883787546536807,0.773228232389066,0.08029573654339643,0.1636561958556248,128.0,52.25563909774436
SOX2,371.0,0.45,-0.05883787546536807,0.773228232389066,0.08029573654339643,0.1636561958556248,128.0,52.25563909774436,382,11,382,0.45,-0.05883787546536807,0.773228232389066,0.08029573654339643,0.15766097175309227,134,50.37313432835822,371.0,0.45,-0.05883787546536807,0.773228232389066,0.08029573654339643,0.1636561958556248,128.0,52.25563909774436
FOXA1,794.0,0.45,-0.05883787546536807,0.773228232389066,0.08029573654339643,0.1636561958556248,128.0,52.25563909774436,814,19,813,0.45,-0.05883787546536807,0.773228232389066,0.08029573654339643,0.15766097175309227,134,50.37313432835822,794.0,0.45,-0.05883787546536807,0.773228232389066,0.08029573654339643,0.1636561958556248,128.0,52.25563909774436
POU2F2,81.0,0.44705882352941173,-0.06250621959951908,0.7717434526606368,0.08253692339537141,0.16445789960122514,131.0,51.127819548872175,83,2,83,0.3735294117647059,-0.14994839774230836,0.7334366923009861,0.1541224698968481,0.24531919764646237,166,38.43283582089553,81.0,0.44705882352941173,-0.06250621959951908,0.7717434526606368,0.08253692339537141,0.16445789960122514,131.0,51.127819548872175
CREB3,24.0,0.44705882352941173,-0.06250621959951908,0.7717434526606368,0.08253692339537141,0.16445789960122514,131.0,51.127819548872175,25,1,25,0.5205882352941177,0.03352757330894424,0.807830511607627,0.03869090714064993,0.09636901871143362,107,60.44776119402986,24.0,0.44705882352941173,-0.06250621959951908,0.7717434526606368,0.08253692339537141,0.16445789960122514,131.0,51.127819548872175
MAFF,41.0,0.44705882352941173,-0.06250621959951908,0.7717434526606368,0.08253692339537141,0.16445789960122514,131.0,51.127819548872175,42,1,42,0.3941176470588235,-0.12626314522198484,0.7443980658248931,0.13091285429899088,0.2228832772558769,156,42.16417910447762,41.0,0.44705882352941173,-0.06250621959951908,0.7717434526606368,0.08253692339537141,0.16445789960122514,131.0,51.127819548872175
ZNF592,14.0,0.4441176470588235,-0.06616084724488748,0.7702551245666606,0.08482274417741573,0.16531147952824815,134.0,50.0,14,0,14,0.4441176470588235,-0.06616084724488748,0.7702551245666606,0.08482274417741573,0.1618249516576229,139,48.50746268656716,14.0,0.4441176470588235,-0.06616084724488748,0.7702551245666606,0.08482274417741573,0.16531147952824815,134.0,50.0
SP4,58.0,0.4441176470588235,-0.06616084724488748,0.7702551245666606,0.08482274417741573,0.16531147952824815,134.0,50.0,59,1,59,0.42352941176470593,-0.09136555788596948,0.7597363961838551,0.10210932208599749,0.184345017725727,149,44.776119402985074,58.0,0.4441176470588235,-0.06616084724488748,0.7702551245666606,0.08482274417741573,0.16531147952824815,134.0,50.0
NCOA3,21.0,0.4441176470588235,-0.06616084724488748,0.7702551245666606,0.08482274417741573,0.16531147952824815,134.0,50.0,22,1,22,0.5441176470588236,0.06628305356927247,0.8189407913141931,0.029336337481376512,0.0781334136880226,101,62.68656716417911,21.0,0.4441176470588235,-0.06616084724488748,0.7702551245666606,0.08482274417741573,0.16531147952824815,134.0,50.0
PAX5,54.0,0.4382352941176471,-0.07342925965097187,0.7672677722803196,0.08953003199187991,0.1732211488538546,137.0,48.872180451127825,55,1,55,0.39999999999999997,-0.1193851699919293,0.7474955918529103,0.12475042359840005,0.21650234805141688,153,43.28358208955224,54.0,0.4382352941176471,-0.07342925965097187,0.7672677722803196,0.08953003199187991,0.1732211488538546,137.0,48.872180451127825
MAFB,52.0,0.4294117647058823,-0.08423090582326033,0.7627598107389222,0.09693648522272376,0.1862017378019226,138.0,48.49624060150376,53,1,53,0.4294117647058823,-0.08423090582326033,0.7627598107389222,0.09693648522272376,0.17738717363886186,147,45.52238805970149,52.0,0.4294117647058823,-0.08423090582326033,0.7627598107389222,0.09693648522272376,0.1862017378019226,138.0,48.49624060150376
KLF5,79.0,0.42352941176470593,-0.09136555788596948,0.7597363961838551,0.10210932208599749,0.1906516713074219,139.0,48.1203007518797,81,2,81,0.44705882352941173,-0.06250621959951908,0.7717434526606368,0.08253692339537141,0.160887191256195,138,48.88059701492538,79.0,0.42352941176470593,-0.09136555788596948,0.7597363961838551,0.10210932208599749,0.1906516713074219,139.0,48.1203007518797
ETV1,28.0,0.42352941176470593,-0.09136555788596948,0.7597363961838551,0.10210932208599749,0.1906516713074219,139.0,48.1203007518797,29,1,29,0.44117647058823534,-0.06980183518992408,0.7687632353719543,0.08715363626051081,0.16394635072781402,142,47.38805970149254,28.0,0.42352941176470593,-0.09136555788596948,0.7597363961838551,0.10210932208599749,0.1906516713074219,139.0,48.1203007518797
FOSL2,72.0,0.42352941176470593,-0.09136555788596948,0.7597363961838551,0.10210932208599749,0.1906516713074219,139.0,48.1203007518797,81,9,81,0.6088235294117647,0.16200362853838912,0.848467498010959,0.012315203198246461,0.03991312843769034,82,69.77611940298507,72.0,0.42352941176470593,-0.09136555788596948,0.7597363961838551,0.10210932208599749,0.1906516713074219,139.0,48.1203007518797
JUND,68.0,0.42352941176470593,-0.09136555788596948,0.7597363961838551,0.10210932208599749,0.1906516713074219,139.0,48.1203007518797,75,7,75,0.4676470588235294,-0.036535390789040785,0.782063100656439,0.06776085019015383,0.14240366172774518,128,52.61194029850746,68.0,0.42352941176470593,-0.09136555788596948,0.7597363961838551,0.10210932208599749,0.1906516713074219,139.0,48.1203007518797
JUNB,47.0,0.4205882352941176,-0.0949131706109357,0.7582192175271745,0.104767513929187,0.19291673254546848,143.0,46.616541353383454,52,5,52,0.4264705882352941,-0.08780482725452156,0.761249922864415,0.09949911193753977,0.18084635885944728,148,45.149253731343286,47.0,0.4205882352941176,-0.0949131706109357,0.7582192175271745,0.104767513929187,0.19291673254546848,143.0,46.616541353383454
HNF4A,863.0,0.4205882352941176,-0.0949131706109357,0.7582192175271745,0.104767513929187,0.19291673254546848,143.0,46.616541353383454,880,17,880,0.44117647058823534,-0.06980183518992408,0.7687632353719543,0.08715363626051081,0.16394635072781402,142,47.38805970149254,863.0,0.4205882352941176,-0.0949131706109357,0.7582192175271745,0.104767513929187,0.19291673254546848,143.0,46.616541353383454
RFX2,20.0,0.4176470588235294,-0.09844773778665337,0.7566983736606726,0.10747407939930048,0.19654506301104951,145.0,45.86466165413534,20,0,20,0.4176470588235294,-0.09844773778665337,0.7566983736606726,0.10747407939930048,0.19146044608219753,151,44.029850746268664,20.0,0.4176470588235294,-0.09844773778665337,0.7566983736606726,0.10747407939930048,0.19654506301104951,145.0,45.86466165413534
NR2F1,60.0,0.40294117647058825,-0.1159273860181792,0.7490387084983181,0.12174576295254301,0.22113005924033322,146.0,45.48872180451128,62,2,62,0.5088235294117647,0.017533027152839026,0.8021977571794286,0.04413521823498383,0.10506525402841282,112,58.582089552238806,60.0,0.40294117647058825,-0.1159273860181792,0.7490387084983181,0.12174576295254301,0.22113005924033322,146.0,45.48872180451128
NANOG,44.0,0.39999999999999997,-0.1193851699919293,0.7474955918529103,0.12475042359840005,0.22205575400515207,147.0,45.11278195488722,45,1,45,0.3764705882352941,-0.14660118088111182,0.7350141468309055,0.15064811528763097,0.2412163274545996,164,39.179104477611936,44.0,0.39999999999999997,-0.1193851699919293,0.7474955918529103,0.12475042359840005,0.22205575400515207,147.0,45.11278195488722
NFE2L2,66.0,0.39999999999999997,-0.1193851699919293,0.7474955918529103,0.12475042359840005,0.22205575400515207,147.0,45.11278195488722,70,4,70,0.36764705882352944,-0.1566070247540186,0.7302701110870289,0.1612323576755898,0.2551264953807862,167,38.059701492537314,66.0,0.39999999999999997,-0.1193851699919293,0.7474955918529103,0.12475042359840005,0.22205575400515207,147.0,45.11278195488722
USF2,102.0,0.39999999999999997,-0.1193851699919293,0.7474955918529103,0.12475042359840005,0.22205575400515207,147.0,45.11278195488722,110,8,110,0.4852941176470588,-0.013719103819325514,0.7907733705040527,0.056717714281911955,0.12205652113467452,125,53.73134328358209,102.0,0.39999999999999997,-0.1193851699919293,0.7474955918529103,0.12475042359840005,0.22205575400515207,147.0,45.11278195488722
PBX2,44.0,0.3970588235294118,-0.12283040031283293,0.7459487155473858,0.12780600908826178,0.22450134491161777,150.0,43.984962406015036,45,0,44,0.3970588235294118,-0.12283040031283293,0.7459487155473858,0.12780600908826178,0.22038343874834884,155,42.53731343283582,44.0,0.3970588235294118,-0.12283040031283293,0.7459487155473858,0.12780600908826178,0.22450134491161777,150.0,43.984962406015036
PDX1,49.0,0.3970588235294118,-0.12283040031283293,0.7459487155473858,0.12780600908826178,0.22450134491161777,150.0,43.984962406015036,50,1,50,0.14705882352941177,-0.3760690820819197,0.5990980672798417,0.5867933937012054,0.6604494682243693,223,17.16417910447762,49.0,0.3970588235294118,-0.12283040031283293,0.7459487155473858,0.12780600908826178,0.22450134491161777,150.0,43.984962406015036
STAT5B,76.0,0.3941176470588235,-0.12626314522198484,0.7443980658248931,0.13091285429899088,0.22845576534529782,152.0,43.233082706766915,80,4,80,0.4705882352941176,-0.03276883195483055,0.7835233933614888,0.06581947250108111,0.1394128984471718,127,52.98507462686567,76.0,0.3941176470588235,-0.12626314522198484,0.7443980658248931,0.13091285429899088,0.22845576534529782,152.0,43.233082706766915
TEAD4,64.0,0.38823529411764707,-0.1330914493053027,0.7412853907651936,0.1372816236727813,0.23496277897841414,153.0,42.85714285714286,71,7,71,0.45,-0.05883787546536807,0.773228232389066,0.08029573654339643,0.15766097175309227,134,50.37313432835822,64.0,0.38823529411764707,-0.1330914493053027,0.7412853907651936,0.1372816236727813,0.23496277897841414,153.0,42.85714285714286
ATF7,27.0,0.38823529411764707,-0.1330914493053027,0.7412853907651936,0.1372816236727813,0.23496277897841414,153.0,42.85714285714286,27,0,27,0.38823529411764707,-0.1330914493053027,0.7412853907651936,0.1372816236727813,0.22655678998759615,159,41.04477611940298,27.0,0.38823529411764707,-0.1330914493053027,0.7412853907651936,0.1372816236727813,0.23496277897841414,153.0,42.85714285714286
RELB,69.0,0.38823529411764707,-0.1330914493053027,0.7412853907651936,0.1372816236727813,0.23496277897841414,153.0,42.85714285714286,72,3,72,0.38823529411764707,-0.1330914493053027,0.7412853907651936,0.1372816236727813,0.22655678998759615,159,41.04477611940298,69.0,0.38823529411764707,-0.1330914493053027,0.7412853907651936,0.1372816236727813,0.23496277897841414,153.0,42.85714285714286
FOXO3,35.0,0.38235294117647056,-0.13987061837626827,0.7381574552676167,0.14385924954389048,0.24157496621521232,156.0,41.72932330827067,39,4,39,0.3382352941176471,-0.1892003332811223,0.7141999726574015,0.20006555877868962,0.2957012929201512,177,34.32835820895522,35.0,0.38235294117647056,-0.13987061837626827,0.7381574552676167,0.14385924954389048,0.24157496621521232,156.0,41.72932330827067
GRHL2,74.0,0.37941176470588234,-0.14324194271810942,0.7365877297411246,0.1472271338628926,0.24568527963370201,157.0,41.35338345864662,76,2,76,0.39999999999999997,-0.1193851699919293,0.7474955918529103,0.12475042359840005,0.21650234805141688,153,43.28358208955224,74.0,0.37941176470588234,-0.14324194271810942,0.7365877297411246,0.1472271338628926,0.24568527963370201,157.0,41.35338345864662
HOXA9,22.0,0.3764705882352941,-0.14660118088111182,0.7350141468309055,0.15064811528763097,0.2467671581705366,158.0,40.97744360902256,22,0,22,0.3764705882352941,-0.14660118088111182,0.7350141468309055,0.15064811528763097,0.2412163274545996,164,39.179104477611936,22.0,0.3764705882352941,-0.14660118088111182,0.7350141468309055,0.15064811528763097,0.2467671581705366,158.0,40.97744360902256
TCF7L2,74.0,0.3764705882352941,-0.14660118088111182,0.7350141468309055,0.15064811528763097,0.2467671581705366,158.0,40.97744360902256,75,1,75,0.3911764705882353,-0.1296834724667662,0.7428436288613821,0.13407128619725525,0.22540734991913539,158,41.417910447761194,74.0,0.3764705882352941,-0.14660118088111182,0.7350141468309055,0.15064811528763097,0.2467671581705366,158.0,40.97744360902256
TEAD1,121.0,0.36764705882352944,-0.1566070247540186,0.7302701110870289,0.1612323576755898,0.26090326969322714,160.0,40.22556390977443,125,4,125,0.3529411764705882,-0.17304767268670132,0.722284894579492,0.17995865788498175,0.2719599942194387,172,36.19402985074627,121.0,0.36764705882352944,-0.1566070247540186,0.7302701110870289,0.1612323576755898,0.26090326969322714,160.0,40.22556390977443
FLI1,103.0,0.36470588235294116,-0.15991856235755228,0.7286809555786204,0.164868397244754,0.26359198840927733,161.0,39.849624060150376,108,5,108,0.15,-0.3734839866835569,0.6010226642226173,0.5792486306642535,0.6546969817171605,222,17.537313432835823,103.0,0.36470588235294116,-0.15991856235755228,0.7286809555786204,0.164868397244754,0.26359198840927733,161.0,39.849624060150376
SP3,68.0,0.36470588235294116,-0.15991856235755228,0.7286809555786204,0.164868397244754,0.26359198840927733,161.0,39.849624060150376,75,6,74,0.4441176470588235,-0.06616084724488748,0.7702551245666606,0.08482274417741573,0.1618249516576229,139,48.50746268656716,68.0,0.36470588235294116,-0.15991856235755228,0.7286809555786204,0.164868397244754,0.26359198840927733,161.0,39.849624060150376
CEBPA,905.0,0.36176470588235293,-0.16321833357345242,0.7270878708008953,0.16855882250388424,0.26473650357962997,163.0,39.097744360902254,939,33,938,0.4323529411764706,-0.0806437201577827,0.7642660729141939,0.09442103753478692,0.17396752806066906,145,46.26865671641791,905.0,0.36176470588235293,-0.16321833357345242,0.7270878708008953,0.16855882250388424,0.26473650357962997,163.0,39.097744360902254
ZNF639,29.0,0.36176470588235293,-0.16321833357345242,0.7270878708008953,0.16855882250388424,0.26473650357962997,163.0,39.097744360902254,29,0,29,0.36176470588235293,-0.16321833357345242,0.7270878708008953,0.16855882250388424,0.2620943540667333,169,37.31343283582089,29.0,0.36176470588235293,-0.16321833357345242,0.7270878708008953,0.16855882250388424,0.26473650357962997,163.0,39.097744360902254
ERG,84.0,0.3588235294117647,-0.16650640100210323,0.7254908421628321,0.17230386289263253,0.26747169414147026,165.0,38.34586466165414,88,4,88,0.3147058823529411,-0.21446420258546017,0.7010520022096742,0.23515831926634437,0.33119155959500857,183,32.08955223880597,84.0,0.3588235294117647,-0.16650640100210323,0.7254908421628321,0.17230386289263253,0.26747169414147026,165.0,38.34586466165414
RFX1,38.0,0.3558823529411765,-0.16978282680060716,0.7238898550010763,0.17610373809159305,0.2686839889740305,166.0,37.96992481203007,38,0,38,0.3558823529411765,-0.16978282680060716,0.7238898550010763,0.17610373809159305,0.27069660312364874,170,36.940298507462686,38.0,0.3558823529411765,-0.16978282680060716,0.7238898550010763,0.17610373809159305,0.2686839889740305,166.0,37.96992481203007
BCL6,45.0,0.3558823529411765,-0.16978282680060716,0.7238898550010763,0.17610373809159305,0.2686839889740305,166.0,37.96992481203007,46,1,46,0.32647058823529407,-0.20192016046202765,0.7076589860157911,0.21715949057922937,0.3157616376530416,179,33.582089552238806,45.0,0.3558823529411765,-0.16978282680060716,0.7238898550010763,0.17610373809159305,0.2686839889740305,166.0,37.96992481203007
FOXJ2,36.0,0.3558823529411765,-0.16978282680060716,0.7238898550010763,0.17610373809159305,0.2686839889740305,166.0,37.96992481203007,36,0,36,0.3558823529411765,-0.16978282680060716,0.7238898550010763,0.17610373809159305,0.27069660312364874,170,36.940298507462686,36.0,0.3558823529411765,-0.16978282680060716,0.7238898550010763,0.17610373809159305,0.2686839889740305,166.0,37.96992481203007
MAFG,37.0,0.3529411764705882,-0.17304767268670132,0.722284894579492,0.17995865788498175,0.2730054639505121,169.0,36.8421052631579,37,0,37,0.3529411764705882,-0.17304767268670132,0.722284894579492,0.17995865788498175,0.2719599942194387,172,36.19402985074627,37.0,0.3529411764705882,-0.17304767268670132,0.722284894579492,0.17995865788498175,0.2730054639505121,169.0,36.8421052631579
ESR2,68.0,0.35000000000000003,-0.1763009999426328,0.7206759460887089,0.18386882202619312,0.2758032330392897,170.0,36.46616541353384,74,6,74,0.15882352941176472,-0.3656796071493026,0.6067652403481516,0.5568612810855391,0.6401524983419231,220,18.28358208955224,68.0,0.35000000000000003,-0.1763009999426328,0.7206759460887089,0.18386882202619312,0.2758032330392897,170.0,36.46616541353384
E2F7,27.0,0.35000000000000003,-0.1763009999426328,0.7206759460887089,0.18386882202619312,0.2758032330392897,170.0,36.46616541353384,30,3,30,0.36470588235294116,-0.15991856235755228,0.7286809555786204,0.164868397244754,0.2593543792914551,168,37.68656716417911,27.0,0.35000000000000003,-0.1763009999426328,0.7206759460887089,0.18386882202619312,0.2758032330392897,170.0,36.46616541353384
KLF4,43.0,0.34705882352941175,-0.17954286941899328,0.7190629946456678,0.18783442010629955,0.2801775987060446,172.0,35.71428571428571,49,6,49,0.7205882352941175,0.3498398734416478,0.896180920875832,0.0016381911638796128,0.011299318540605535,39,85.82089552238806,43.0,0.34705882352941175,-0.17954286941899328,0.7190629946456678,0.18783442010629955,0.2801775987060446,172.0,35.71428571428571
MYB,62.0,0.34411764705882353,-0.18277334153851246,0.7174460252931613,0.19185563142554296,0.28145853621219763,173.0,35.338345864661655,64,2,64,0.3941176470588235,-0.12626314522198484,0.7443980658248931,0.13091285429899088,0.2228832772558769,156,42.16417910447762,62.0,0.34411764705882353,-0.18277334153851246,0.7174460252931613,0.19185563142554296,0.28145853621219763,173.0,35.338345864661655
BATF,48.0,0.34411764705882353,-0.18277334153851246,0.7174460252931613,0.19185563142554296,0.28145853621219763,173.0,35.338345864661655,48,0,48,0.34411764705882353,-0.18277334153851246,0.7174460252931613,0.19185563142554296,0.28671758251928364,175,35.07462686567165,48.0,0.34411764705882353,-0.18277334153851246,0.7174460252931613,0.19185563142554296,0.28145853621219763,173.0,35.338345864661655
TP63,82.0,0.34411764705882353,-0.18277334153851246,0.7174460252931613,0.19185563142554296,0.28145853621219763,173.0,35.338345864661655,87,5,87,0.4617647058823529,-0.044025777945264306,0.7791321202356984,0.07176841584053804,0.14625533228109647,129,52.23880597014925,82.0,0.34411764705882353,-0.18277334153851246,0.7174460252931613,0.19185563142554296,0.28145853621219763,173.0,35.338345864661655
STAT4,10.0,0.3411764705882353,-0.18599247629981253,0.7158250229993707,0.19593262486788887,0.2827784369714937,176.0,34.210526315789465,13,3,13,0.6823529411764706,0.28204064367395354,0.8803024919560909,0.0035879704117567236,0.01664075932349239,57,79.10447761194031,10.0,0.3411764705882353,-0.18599247629981253,0.7158250229993707,0.19593262486788887,0.2827784369714937,176.0,34.210526315789465
STAT6,12.0,0.3411764705882353,-0.18599247629981253,0.7158250229993707,0.19593262486788887,0.2827784369714937,176.0,34.210526315789465,13,1,13,0.11176470588235293,-0.40646777470504053,0.5755881435952201,0.6802736949858407,0.7408648742963204,228,15.298507462686572,12.0,0.3411764705882353,-0.18599247629981253,0.7158250229993707,0.19593262486788887,0.2827784369714937,176.0,34.210526315789465
TAL1,414.0,0.3411764705882353,-0.18599247629981253,0.7158250229993707,0.19593262486788887,0.2827784369714937,176.0,34.210526315789465,419,5,419,0.38823529411764707,-0.1330914493053027,0.7412853907651936,0.1372816236727813,0.22655678998759615,159,41.04477611940298,414.0,0.3411764705882353,-0.18599247629981253,0.7158250229993707,0.19593262486788887,0.2827784369714937,176.0,34.210526315789465
TBX21,74.0,0.3323529411764706,-0.19558245013673498,0.7109376670231473,0.2084998279822082,0.29769761535427586,179.0,33.08270676691729,76,2,76,0.32647058823529407,-0.20192016046202765,0.7076589860157911,0.21715949057922937,0.3157616376530416,179,33.582089552238806,74.0,0.3323529411764706,-0.19558245013673498,0.7109376670231473,0.2084998279822082,0.29769761535427586,179.0,33.08270676691729
MEF2B,34.0,0.3323529411764706,-0.19558245013673498,0.7109376670231473,0.2084998279822082,0.29769761535427586,179.0,33.08270676691729,36,2,36,0.26176470588235295,-0.26883180938307727,0.670476456493117,0.3274104118125863,0.4254753660752933,199,26.119402985074625,34.0,0.3323529411764706,-0.19558245013673498,0.7109376670231473,0.2084998279822082,0.29769761535427586,179.0,33.08270676691729
NCOA2,18.0,0.3235294117647059,-0.20507250775819955,0.7060134661687852,0.22157412500124282,0.31136995460700967,181.0,32.330827067669176,18,0,18,0.3235294117647059,-0.20507250775819955,0.7060134661687852,0.22157412500124282,0.320448600136206,181,32.83582089552238,18.0,0.3235294117647059,-0.20507250775819955,0.7060134661687852,0.22157412500124282,0.31136995460700967,181.0,32.330827067669176
PGR,72.0,0.3235294117647059,-0.20507250775819955,0.7060134661687852,0.22157412500124282,0.31136995460700967,181.0,32.330827067669176,77,5,77,0.049999999999999996,-0.4570409172768013,0.5325141582399083,0.8540995521297438,0.8870763688142899,236,12.313432835820892,72.0,0.3235294117647059,-0.20507250775819955,0.7060134661687852,0.22157412500124282,0.31136995460700967,181.0,32.330827067669176
HMBOX1,26.0,0.31764705882352945,-0.21134447227966854,0.7027099899509619,0.2305734636218452,0.3206412228491285,183.0,31.57894736842105,27,1,27,0.3147058823529411,-0.21446420258546017,0.7010520022096742,0.23515831926634437,0.33119155959500857,183,32.08955223880597,26.0,0.31764705882352945,-0.21134447227966854,0.7027099899509619,0.2305734636218452,0.3206412228491285,183.0,31.57894736842105
SP2,22.0,0.31764705882352945,-0.21134447227966854,0.7027099899509619,0.2305734636218452,0.3206412228491285,183.0,31.57894736842105,22,0,22,0.31764705882352945,-0.21134447227966854,0.7027099899509619,0.2305734636218452,0.3299162857142359,182,32.46268656716418,22.0,0.31764705882352945,-0.21134447227966854,0.7027099899509619,0.2305734636218452,0.3206412228491285,183.0,31.57894736842105
BHLHE22,20.0,0.31176470588235294,-0.21757317299159804,0.6993898270011054,0.23980004767411275,0.33003408623189745,185.0,30.827067669172937,20,0,20,0.31176470588235294,-0.21757317299159804,0.6993898270011054,0.23980004767411275,0.33422908199137996,186,30.97014925373134,20.0,0.31176470588235294,-0.21757317299159804,0.6993898270011054,0.23980004767411275,0.33003408623189745,185.0,30.827067669172937
PBX3,52.0,0.31176470588235294,-0.21757317299159804,0.6993898270011054,0.23980004767411275,0.33003408623189745,185.0,30.827067669172937,52,0,52,0.31176470588235294,-0.21757317299159804,0.6993898270011054,0.23980004767411275,0.33422908199137996,186,30.97014925373134,52.0,0.31176470588235294,-0.21757317299159804,0.6993898270011054,0.23980004767411275,0.33003408623189745,185.0,30.827067669172937
MEIS2,60.0,0.3058823529411765,-0.22375905600391197,0.6960528505654376,0.24925429892891854,0.3412866554565192,187.0,30.075187969924812,61,1,61,0.27941176470588236,-0.25107731820088375,0.6808249258486503,0.2946176535684143,0.38849092553874237,195,27.611940298507463,60.0,0.3058823529411765,-0.22375905600391197,0.6960528505654376,0.24925429892891854,0.3412866554565192,187.0,30.075187969924812
SNAPC4,30.0,0.3029411764705882,-0.22683607860785382,0.6943780173283912,0.25406688060961136,0.34610131185084814,188.0,29.699248120300748,30,0,30,0.3029411764705882,-0.22683607860785382,0.6943780173283912,0.25406688060961136,0.3522886128040487,188,30.22388059701493,30.0,0.3029411764705882,-0.22683607860785382,0.6943780173283912,0.25406688060961136,0.34610131185084814,188.0,29.699248120300748
IRF9,47.0,0.3,-0.2299025613141934,0.6926989326031452,0.2589364525624988,0.35094432910754914,189.0,29.323308270676694,47,0,47,0.3,-0.2299025613141934,0.6926989326031452,0.2589364525624988,0.35719951661185734,189,29.850746268656714,47.0,0.3,-0.2299025613141934,0.6926989326031452,0.2589364525624988,0.35094432910754914,189.0,29.323308270676694
NR2C2,88.0,0.29411764705882354,-0.2360041229120116,0.6893279437700033,0.26884655462289303,0.3607137190166454,190.0,28.947368421052634,88,0,88,0.29411764705882354,-0.2360041229120116,0.6893279437700033,0.26884655462289303,0.36710519387593005,190,29.47761194029851,88.0,0.29411764705882354,-0.2360041229120116,0.6893279437700033,0.26884655462289303,0.3607137190166454,190.0,28.947368421052634
SOX9,69.0,0.29411764705882354,-0.2360041229120116,0.6893279437700033,0.26884655462289303,0.3607137190166454,190.0,28.947368421052634,71,2,71,0.37941176470588234,-0.14324194271810942,0.7365877297411246,0.1472271338628926,0.23857890969348258,162,39.92537313432835,69.0,0.29411764705882354,-0.2360041229120116,0.6893279437700033,0.26884655462289303,0.3607137190166454,190.0,28.947368421052634
ELF5,20.0,0.2911764705882353,-0.23903930882286414,0.687636006996305,0.27388704841914857,0.3638201090940929,192.0,28.19548872180451,20,0,20,0.2911764705882353,-0.23903930882286414,0.687636006996305,0.27388704841914857,0.36837808012375484,192,28.73134328358209,20.0,0.2911764705882353,-0.23903930882286414,0.687636006996305,0.27388704841914857,0.3638201090940929,192.0,28.19548872180451
MBD2,30.0,0.2911764705882353,-0.23903930882286414,0.687636006996305,0.27388704841914857,0.3638201090940929,192.0,28.19548872180451,30,0,30,0.2911764705882353,-0.23903930882286414,0.687636006996305,0.27388704841914857,0.36837808012375484,192,28.73134328358209,30.0,0.2911764705882353,-0.23903930882286414,0.687636006996305,0.27388704841914857,0.3638201090940929,192.0,28.19548872180451
IRF4,68.0,0.27941176470588236,-0.25107731820088375,0.6808249258486503,0.2946176535684143,0.38750203695944146,194.0,27.44360902255639,68,0,68,0.27941176470588236,-0.25107731820088375,0.6808249258486503,0.2946176535684143,0.38849092553874237,195,27.611940298507463,68.0,0.27941176470588236,-0.25107731820088375,0.6808249258486503,0.2946176535684143,0.38750203695944146,194.0,27.44360902255639
NFKB2,56.0,0.2764705882352941,-0.2540613973378233,0.6791112387010807,0.29994212849237334,0.39257131523266514,195.0,27.06766917293233,62,6,62,0.22647058823529412,-0.3032910599334428,0.6492911782752754,0.39898292664128926,0.4923229691124166,207,23.134328358208954,56.0,0.2764705882352941,-0.2540613973378233,0.6791112387010807,0.29994212849237334,0.39257131523266514,195.0,27.06766917293233
TCF7,57.0,0.2676470588235294,-0.2629534395938258,0.6739437069911894,0.31625441854830927,0.41190209635316377,196.0,26.691729323308266,60,3,60,0.2911764705882353,-0.23903930882286414,0.687636006996305,0.27388704841914857,0.36837808012375484,192,28.73134328358209,57.0,0.2676470588235294,-0.2629534395938258,0.6739437069911894,0.31625441854830927,0.41190209635316377,196.0,26.691729323308266
FOXP2,29.0,0.2411764705882353,-0.2890994725873442,0.6581988462517973,0.3682066080426343,0.4749331610984703,197.0,26.315789473684216,35,6,35,0.4970588235294117,0.001786035824097052,0.7965122912754271,0.050133557803774174,0.11428751736623095,117,56.71641791044777,29.0,0.2411764705882353,-0.2890994725873442,0.6581988462517973,0.3682066080426343,0.4749331610984703,197.0,26.315789473684216
HOXB13,42.0,0.2352941176470588,-0.2948042152017122,0.6546497358019314,0.3803558011886571,0.4882451871027473,198.0,25.93984962406015,42,0,42,0.2352941176470588,-0.2948042152017122,0.6546497358019314,0.3803558011886571,0.48035544844952466,203,24.626865671641795,42.0,0.2352941176470588,-0.2948042152017122,0.6546497358019314,0.3803558011886571,0.4882451871027473,198.0,25.93984962406015
HBP1,35.0,0.22647058823529412,-0.3032910599334428,0.6492911782752754,0.39898292664128926,0.509705461307293,199.0,25.563909774436087,39,4,39,-0.3205882352941176,-0.7043638060290985,0.2082139261186573,0.22604542220798232,0.3251669442457072,264,1.8656716417910446,35.0,0.22647058823529412,-0.3032910599334428,0.6492911782752754,0.39898292664128926,0.509705461307293,199.0,25.563909774436087
SMAD5,10.0,0.21470588235294116,-0.3144776099402985,0.6420805310186581,0.42455923362010284,0.5347043178139974,200.0,25.187969924812027,11,1,11,0.2323529411764706,-0.29764248635595547,0.6528682204535727,0.386511349907985,0.4813497829872591,204,24.25373134328358,10.0,0.21470588235294116,-0.3144776099402985,0.6420805310186581,0.42455923362010284,0.5347043178139974,200.0,25.187969924812027
POU5F1,68.0,0.19999999999999998,-0.3282571195530378,0.6329596190381012,0.45768790507519996,0.5683845146747832,201.0,24.812030075187973,70,2,70,0.11470588235294117,-0.4039776269772776,0.5775770339758648,0.6722910465997233,0.7351475265663641,227,15.671641791044777,68.0,0.19999999999999998,-0.3282571195530378,0.6329596190381012,0.45768790507519996,0.5683845146747832,201.0,24.812030075187973
BCL11A,35.0,0.19999999999999998,-0.3282571195530378,0.6329596190381012,0.45768790507519996,0.5683845146747832,201.0,24.812030075187973,36,1,36,0.2323529411764706,-0.29764248635595547,0.6528682204535727,0.386511349907985,0.4813497829872591,204,24.25373134328358,35.0,0.19999999999999998,-0.3282571195530378,0.6329596190381012,0.45768790507519996,0.5683845146747832,201.0,24.812030075187973
USF1,90.0,0.19705882352941176,-0.33098630323181805,0.6311208990252843,0.46446421122573883,0.5741293722095938,203.0,24.06015037593985,98,8,98,0.2529411764705882,-0.27757586985959204,0.6652418911214244,0.344563031337499,0.4413688353799392,201,25.373134328358205,90.0,0.19705882352941176,-0.33098630323181805,0.6311208990252843,0.46446421122573883,0.5741293722095938,203.0,24.06015037593985
NFIC,106.0,0.19411764705882353,-0.3337066814011874,0.6292772880252356,0.47128972836210753,0.5798818316713489,204.0,23.684210526315784,109,3,109,0.16764705882352943,-0.3578007679279832,0.6124614356131888,0.5348568245819436,0.6255499383154036,218,19.02985074626866,106.0,0.19411764705882353,-0.3337066814011874,0.6292772880252356,0.47128972836210753,0.5798818316713489,204.0,23.684210526315784
ESRRA,65.0,0.19117647058823528,-0.33641829660799677,0.6274287664969586,0.47816401281702847,0.5856412450557184,205.0,23.308270676691734,68,3,68,0.35000000000000003,-0.1763009999426328,0.7206759460887089,0.18386882202619312,0.27631683310081534,174,35.447761194029844,65.0,0.19117647058823528,-0.33641829660799677,0.6274287664969586,0.47816401281702847,0.5856412450557184,205.0,23.308270676691734
EBF1,70.0,0.18823529411764706,-0.33912119112543115,0.6255753147952212,0.4850866091454684,0.5914069618348862,206.0,22.93233082706767,72,2,72,0.21176470588235297,-0.3172514691036759,0.6402659764272602,0.4310832472392213,0.5270972432152297,209,22.388059701492537,70.0,0.18823529411764706,-0.33912119112543115,0.6255753147952212,0.4850866091454684,0.5914069618348862,206.0,22.93233082706767
ZNF143,50.0,0.18529411764705883,-0.34181540695520696,0.6237169131698607,0.492057050205944,0.5971783291135775,207.0,22.55639097744361,50,0,50,0.18529411764705883,-0.34181540695520696,0.6237169131698607,0.492057050205944,0.5935576076475289,211,21.641791044776117,50.0,0.18529411764705883,-0.34181540695520696,0.6237169131698607,0.492057050205944,0.5971783291135775,207.0,22.55639097744361
ELF3,51.0,0.17941176470588235,-0.3471779692143374,0.6199851806187479,0.5061395399904387,0.6033002552564604,208.0,22.180451127819545,53,2,53,0.29411764705882354,-0.2360041229120116,0.6893279437700033,0.26884655462289303,0.36710519387593005,190,29.47761194029851,51.0,0.17941176470588235,-0.3471779692143374,0.6199851806187479,0.5061395399904387,0.6033002552564604,208.0,22.180451127819545
NR2F2,75.0,0.17941176470588235,-0.3471779692143374,0.6199851806187479,0.5061395399904387,0.6033002552564604,208.0,22.180451127819545,78,3,78,0.2411764705882353,-0.2890994725873442,0.6581988462517973,0.3682066080426343,0.46720555454466334,202,25.0,75.0,0.17941176470588235,-0.3471779692143374,0.6199851806187479,0.5061395399904387,0.6033002552564604,208.0,22.180451127819545
FOXO1,110.0,0.17941176470588235,-0.3471779692143374,0.6199851806187479,0.5061395399904387,0.6033002552564604,208.0,22.180451127819545,120,10,120,0.2735294117647059,-0.25703541010565256,0.6773931511706469,0.30532315630740503,0.4006435563253266,198,26.49253731343284,110.0,0.17941176470588235,-0.3471779692143374,0.6199851806187479,0.5061395399904387,0.6033002552564604,208.0,22.180451127819545
ZNF217,11.0,0.17352941176470588,-0.35250631405189703,0.6162334087168945,0.5204075144487407,0.6148177272469636,211.0,21.052631578947366,11,0,11,0.17352941176470588,-0.35250631405189703,0.6162334087168945,0.5204075144487407,0.6139895674855756,216,19.77611940298507,11.0,0.17352941176470588,-0.35250631405189703,0.6162334087168945,0.5204075144487407,0.6148177272469636,211.0,21.052631578947366
MYC,432.0,0.16764705882352943,-0.3578007679279832,0.6124614356131888,0.5348568245819436,0.6291047231866914,212.0,20.676691729323306,454,22,454,0.17058823529411765,-0.3551577571188493,0.6143499574989603,0.5276097688612683,0.6197686804527562,217,19.402985074626866,432.0,0.16764705882352943,-0.3578007679279832,0.6124614356131888,0.5348568245819436,0.6291047231866914,212.0,20.676691729323306
CREB1,100.0,0.1647058823529412,-0.3604353866404978,0.6105678225549368,0.542148135201078,0.6293632699942948,213.0,20.300751879699252,109,8,108,0.19705882352941176,-0.33098630323181805,0.6311208990252843,0.46446421122573883,0.5653433159263518,210,22.014925373134332,100.0,0.1647058823529412,-0.3604353866404978,0.6105678225549368,0.542148135201078,0.6293632699942948,213.0,20.300751879699252
LHX2,10.0,0.1647058823529412,-0.3604353866404978,0.6105678225549368,0.542148135201078,0.6293632699942948,213.0,20.300751879699252,10,0,10,0.1647058823529412,-0.3604353866404978,0.6105678225549368,0.542148135201078,0.6313326769224674,219,18.656716417910445,10.0,0.1647058823529412,-0.3604353866404978,0.6105678225549368,0.542148135201078,0.6293632699942948,213.0,20.300751879699252
MAX,54.0,0.1647058823529412,-0.3604353866404978,0.6105678225549368,0.542148135201078,0.6293632699942948,213.0,20.300751879699252,55,1,55,0.15294117647058825,-0.37089073487827795,0.6029420446138706,0.5717446192454617,0.6516919600721576,221,17.910447761194025,54.0,0.1647058823529412,-0.3604353866404978,0.6105678225549368,0.542148135201078,0.6293632699942948,213.0,20.300751879699252
SPIB,58.0,0.15882352941176472,-0.3656796071493026,0.6067652403481516,0.5568612810855391,0.640870526076892,216.0,19.172932330827063,60,2,60,0.3323529411764706,-0.19558245013673498,0.7109376670231473,0.2084998279822082,0.306483353700623,178,33.95522388059702,58.0,0.15882352941176472,-0.3656796071493026,0.6067652403481516,0.5568612810855391,0.640870526076892,216.0,19.172932330827063
KLF6,46.0,0.15588235294117647,-0.3682892880028531,0.6048562296338135,0.5642819694728023,0.6411203653159072,217.0,18.796992481203013,51,5,51,0.3147058823529411,-0.21446420258546017,0.7010520022096742,0.23515831926634437,0.33119155959500857,183,32.08955223880597,46.0,0.15588235294117647,-0.3682892880028531,0.6048562296338135,0.5642819694728023,0.6411203653159072,217.0,18.796992481203013
E2F6,65.0,0.15588235294117647,-0.3682892880028531,0.6048562296338135,0.5642819694728023,0.6411203653159072,217.0,18.796992481203013,69,4,69,0.2323529411764706,-0.29764248635595547,0.6528682204535727,0.386511349907985,0.4813497829872591,204,24.25373134328358,65.0,0.15588235294117647,-0.3682892880028531,0.6048562296338135,0.5642819694728023,0.6411203653159072,217.0,18.796992481203013
SOX11,27.0,0.15294117647058825,-0.37089073487827795,0.6029420446138706,0.5717446192454617,0.6468466666887215,219.0,18.045112781954884,28,1,28,-0.044117647058823525,-0.5282772539936458,0.46169228196920614,0.8711220048065985,0.8909955106196767,244,9.328358208955223,27.0,0.15294117647058825,-0.37089073487827795,0.6029420446138706,0.5717446192454617,0.6468466666887215,219.0,18.045112781954884
PRDM14,297.0,0.15,-0.3734839866835569,0.6010226642226173,0.5792486306642535,0.64982934616536,220.0,17.669172932330824,301,4,301,0.17941176470588235,-0.3471779692143374,0.6199851806187479,0.5061395399904387,0.5997865033366873,213,20.895522388059707,297.0,0.15,-0.3734839866835569,0.6010226642226173,0.5792486306642535,0.64982934616536,220.0,17.669172932330824
EOMES,20.0,0.1323529411764706,-0.3888735492911182,0.5893960848715938,0.6251064291516133,0.6840303958339375,221.0,17.29323308270677,20,0,20,0.1323529411764706,-0.3888735492911182,0.5893960848715938,0.6251064291516133,0.6919902446163949,226,16.044776119402982,20.0,0.1323529411764706,-0.3888735492911182,0.5893960848715938,0.6251064291516133,0.6840303958339375,221.0,17.29323308270677
TWIST1,61.0,0.1176470588235294,-0.4014797683925614,0.5795604444208889,0.6643410791623537,0.7239961964748917,222.0,16.91729323308271,66,5,66,0.18529411764705883,-0.34181540695520696,0.6237169131698607,0.492057050205944,0.5935576076475289,211,21.641791044776117,61.0,0.1176470588235294,-0.4014797683925614,0.5795604444208889,0.6643410791623537,0.7239961964748917,222.0,16.91729323308271
NFYA,68.0,0.11470588235294117,-0.4039776269772776,0.5775770339758648,0.6722910465997233,0.7296817456996997,223.0,16.541353383458645,70,2,70,0.09999999999999999,-0.4163519667642348,0.5675773259796025,0.7125163701282782,0.7666676142580273,229,14.925373134328357,68.0,0.11470588235294117,-0.4039776269772776,0.5775770339758648,0.6722910465997233,0.7296817456996997,223.0,16.541353383458645
EHF,20.0,0.09117647058823529,-0.4236858719638575,0.5615105464109585,0.7370049501736591,0.7934690390982538,224.0,16.16541353383458,20,0,20,0.09117647058823529,-0.4236858719638575,0.5615105464109585,0.7370049501736591,0.7867235380821995,231,14.179104477611936,20.0,0.09117647058823529,-0.4236858719638575,0.5615105464109585,0.7370049501736591,0.7934690390982538,224.0,16.16541353383458
AR,203.0,0.08823529411764705,-0.4261155980128807,0.5594769871345575,0.7452220943671326,0.7990935710683712,225.0,15.789473684210531,217,13,216,0.5941176470588235,0.1394846538559991,0.8418853690650135,0.015232400876327995,0.04656267995150262,88,67.53731343283582,203.0,0.08823529411764705,-0.4261155980128807,0.5594769871345575,0.7452220943671326,0.7990935710683712,225.0,15.789473684210531
BACH2,46.0,0.06176470588235294,-0.4476542384600867,0.5409160411098294,0.8202418775044894,0.8690657987845185,226.0,15.413533834586469,50,4,50,0.07058823529411765,-0.4405397747718142,0.5471553162428924,0.7950393023376281,0.8453184677028536,232,13.805970149253731,46.0,0.06176470588235294,-0.4476542384600867,0.5409160411098294,0.8202418775044894,0.8690657987845185,226.0,15.413533834586469
NFE2L1,29.0,0.05294117647058824,-0.4547047883873135,0.534623581341079,0.8456104411493658,0.8888897156963805,227.0,15.037593984962406,29,0,29,0.05294117647058824,-0.4547047883873135,0.534623581341079,0.8456104411493658,0.8816635994929434,234,13.059701492537313,29.0,0.05294117647058824,-0.4547047883873135,0.534623581341079,0.8456104411493658,0.8888897156963805,227.0,15.037593984962406
NR2F6,29.0,0.032352941176470584,-0.47091230583682603,0.5197304877707409,0.9053195187918449,0.944219966864932,228.0,14.661654135338342,30,1,30,0.044117647058823525,-0.46169228196920614,0.5282772539936458,0.8711220048065985,0.8909955106196767,237,11.940298507462687,29.0,0.032352941176470584,-0.47091230583682603,0.5197304877707409,0.9053195187918449,0.944219966864932,228.0,14.661654135338342
HNF1A,16.0,0.02941176470588235,-0.47320025993951514,0.5175784437928875,0.9138955872505002,0.9457756658755176,229.0,14.28571428571429,19,1,17,0.09705882352941177,-0.4188040905931407,0.5655606922563773,0.7206513082372035,0.7723314817362857,230,14.552238805970152,16.0,0.02941176470588235,-0.47320025993951514,0.5175784437928875,0.9138955872505002,0.9457756658755176,229.0,14.28571428571429
SOX10,42.0,0.02941176470588235,-0.47320025993951514,0.5175784437928875,0.9138955872505002,0.9457756658755176,229.0,14.28571428571429,43,1,43,-0.06176470588235294,-0.5409160411098294,0.4476542384600867,0.8202418775044894,0.8618947853465143,247,8.208955223880599,42.0,0.02941176470588235,-0.47320025993951514,0.5175784437928875,0.9138955872505002,0.9457756658755176,229.0,14.28571428571429
SIX5,25.0,0.01764705882352941,-0.4822847717972623,0.5089080593745949,0.9482801500547113,0.9663770994832364,231.0,13.533834586466165,25,0,25,0.01764705882352941,-0.4822847717972623,0.5089080593745949,0.9482801500547113,0.9553833721524995,239,11.194029850746269,25.0,0.01764705882352941,-0.4822847717972623,0.5089080593745949,0.9482801500547113,0.9663770994832364,231.0,13.533834586466165
ZEB1,96.0,0.014705882352941175,-0.4845392218972861,0.5067247760798543,0.9568919240316421,0.9714454133705265,232.0,13.157894736842103,99,3,99,0.13823529411764704,-0.3837758128367811,0.5932927636062681,0.6096659407501827,0.6804984981817391,224,16.791044776119403,96.0,0.014705882352941175,-0.4845392218972861,0.5067247760798543,0.9568919240316421,0.9714454133705265,232.0,13.157894736842103
SREBF2,86.0,0.011764705882352941,-0.4867870595522252,0.5045351633354894,0.9655081698956275,0.9764798536444415,233.0,12.781954887218049,88,2,88,0.03529411764705882,-0.46861756135321714,0.5218763643813913,0.8967532476935333,0.9137372107180319,238,11.567164179104472,86.0,0.011764705882352941,-0.4867870595522252,0.5045351633354894,0.9655081698956275,0.9764798536444415,233.0,12.781954887218049
HNF1B,40.0,0.008823529411764706,-0.48902831381155876,0.5023391935774494,0.9741279946623942,0.9777901299806738,234.0,12.406015037593987,40,0,40,0.008823529411764706,-0.48902831381155876,0.5023391935774494,0.9741279946623942,0.9741279946623942,241,10.447761194029848,40.0,0.008823529411764706,-0.48902831381155876,0.5023391935774494,0.9741279946623942,0.9777901299806738,234.0,12.406015037593987
CEBPD,64.0,-0.0058823529411764705,-0.5001368390813999,0.49126301355485613,0.9827505044191351,0.9827505044191351,235.0,12.030075187969924,70,6,70,0.2588235294117647,-0.27175624626643524,0.6687361107325015,0.3330723066336084,0.43075216579058,200,25.74626865671642,64.0,-0.0058823529411764705,-0.5001368390813999,0.49126301355485613,0.9827505044191351,0.9827505044191351,235.0,12.030075187969924
ATF3,45.0,-0.008823529411764706,-0.5023391935774494,0.48902831381155876,0.9741279946623942,0.9777901299806738,236.0,11.654135338345862,48,3,48,-0.044117647058823525,-0.5282772539936458,0.46169228196920614,0.8711220048065985,0.8909955106196767,244,9.328358208955223,45.0,-0.008823529411764706,-0.5023391935774494,0.48902831381155876,0.9741279946623942,0.9777901299806738,236.0,11.654135338345862
OTX2,21.0,-0.023529411764705882,-0.513255747076917,0.47775591720697713,0.931073583667659,0.9524775740968007,237.0,11.27819548872181,21,0,21,-0.023529411764705882,-0.513255747076917,0.47775591720697713,0.931073583667659,0.9415744135586477,242,10.074626865671643,21.0,-0.023529411764705882,-0.513255747076917,0.47775591720697713,0.931073583667659,0.9524775740968007,237.0,11.27819548872181
NR4A1,38.0,-0.023529411764705882,-0.513255747076917,0.47775591720697713,0.931073583667659,0.9524775740968007,237.0,11.27819548872181,41,3,41,0.17941176470588235,-0.3471779692143374,0.6199851806187479,0.5061395399904387,0.5997865033366873,213,20.895522388059707,38.0,-0.023529411764705882,-0.513255747076917,0.47775591720697713,0.931073583667659,0.9524775740968007,237.0,11.27819548872181
BMAL1,19.0,-0.02647058823529412,-0.5154202058215405,0.47548145375689177,0.9224805705017287,0.9509741788569944,239.0,10.526315789473683,20,1,20,0.13529411764705881,-0.38632866441164765,0.591347086337763,0.6173674089706421,0.6862472438557964,225,16.417910447761198,19.0,-0.02647058823529412,-0.5154202058215405,0.47548145375689177,0.9224805705017287,0.9509741788569944,239.0,10.526315789473683
NR1H2,12.0,-0.032352941176470584,-0.5197304877707409,0.47091230583682603,0.9053195187918449,0.944219966864932,240.0,10.15037593984962,13,1,13,0.06176470588235294,-0.4476542384600867,0.5409160411098294,0.8202418775044894,0.8618947853465143,233,13.432835820895528,12.0,-0.032352941176470584,-0.5197304877707409,0.47091230583682603,0.9053195187918449,0.944219966864932,240.0,10.15037593984962
WT1,24.0,-0.0588235294117647,-0.5388244974109012,0.45001148063871466,0.8286807500332257,0.8745366018137204,241.0,9.774436090225569,29,5,29,0.014705882352941175,-0.4845392218972861,0.5067247760798543,0.9568919240316421,0.9604624162854916,240,10.820895522388064,24.0,-0.0588235294117647,-0.5388244974109012,0.45001148063871466,0.8286807500332257,0.8745366018137204,241.0,9.774436090225569
FOSL1,48.0,-0.06470588235294117,-0.5430016754994034,0.44528989488096904,0.8118214513105935,0.8635710258961293,242.0,9.398496240601506,54,6,54,0.27941176470588236,-0.25107731820088375,0.6808249258486503,0.2946176535684143,0.38849092553874237,195,27.611940298507463,48.0,-0.06470588235294117,-0.5430016754994034,0.44528989488096904,0.8118214513105935,0.8635710258961293,242.0,9.398496240601506
STAT5A,64.0,-0.0823529411764706,-0.5553927769980535,0.43095289054429087,0.7617330787524739,0.8135309281076422,243.0,9.022556390977442,66,2,66,-0.044117647058823525,-0.5282772539936458,0.46169228196920614,0.8711220048065985,0.8909955106196767,244,9.328358208955223,64.0,-0.0823529411764706,-0.5553927769980535,0.43095289054429087,0.7617330787524739,0.8135309281076422,243.0,9.022556390977442
PPARG,94.0,-0.10294117647058824,-0.5695883647879371,0.4138923081506452,0.7044103818167708,0.7614476596966713,244.0,8.64661654135338,105,11,105,-0.032352941176470584,-0.5197304877707409,0.47091230583682603,0.9053195187918449,0.9189847190754954,243,9.701492537313428,94.0,-0.10294117647058824,-0.5695883647879371,0.4138923081506452,0.7044103818167708,0.7614476596966713,244.0,8.64661654135338
NR1H3,11.0,-0.1323529411764706,-0.5893960848715938,0.3888735492911182,0.6251064291516133,0.6840303958339375,245.0,8.270676691729328,12,1,12,-0.10294117647058824,-0.5695883647879371,0.4138923081506452,0.7044103818167708,0.7609895289506481,249,7.462686567164178,11.0,-0.1323529411764706,-0.5893960848715938,0.3888735492911182,0.6251064291516133,0.6840303958339375,245.0,8.270676691729328
TP73,39.0,-0.1323529411764706,-0.5893960848715938,0.3888735492911182,0.6251064291516133,0.6840303958339375,245.0,8.270676691729328,42,3,42,-0.10294117647058824,-0.5695883647879371,0.4138923081506452,0.7044103818167708,0.7609895289506481,249,7.462686567164178,39.0,-0.1323529411764706,-0.5893960848715938,0.3888735492911182,0.6251064291516133,0.6840303958339375,245.0,8.270676691729328
GATA6,52.0,-0.13529411764705881,-0.591347086337763,0.38632866441164765,0.6173674089706421,0.6839713618056492,247.0,7.518796992481203,53,1,53,-0.12941176470588234,-0.587439737323927,0.3914105047096473,0.6328823324682601,0.694878969118212,251,6.716417910447758,52.0,-0.13529411764705881,-0.591347086337763,0.38632866441164765,0.6173674089706421,0.6839713618056492,247.0,7.518796992481203
FOXO4,10.0,-0.13823529411764704,-0.5932927636062681,0.3837758128367811,0.6096659407501827,0.6782533590845782,248.0,7.14285714285714,14,4,14,0.05294117647058824,-0.4547047883873135,0.534623581341079,0.8456104411493658,0.8816635994929434,234,13.059701492537313,10.0,-0.13823529411764704,-0.5932927636062681,0.3837758128367811,0.6096659407501827,0.6782533590845782,248.0,7.14285714285714
SOX6,29.0,-0.14705882352941177,-0.5990980672798417,0.3760690820819197,0.5867933937012054,0.6555390632561584,249.0,6.766917293233088,30,1,30,-0.12941176470588234,-0.587439737323927,0.3914105047096473,0.6328823324682601,0.694878969118212,251,6.716417910447758,29.0,-0.14705882352941177,-0.5990980672798417,0.3760690820819197,0.5867933937012054,0.6555390632561584,249.0,6.766917293233088
TEAD2,30.0,-0.15,-0.6010226642226173,0.3734839866835569,0.5792486306642535,0.64982934616536,250.0,6.3909774436090245,30,0,30,-0.15,-0.6010226642226173,0.3734839866835569,0.5792486306642535,0.6546969817171605,254,5.597014925373134,30.0,-0.15,-0.6010226642226173,0.3734839866835569,0.5792486306642535,0.64982934616536,250.0,6.3909774436090245
REST,52.0,-0.15588235294117647,-0.6048562296338135,0.3682892880028531,0.5642819694728023,0.6411203653159072,251.0,6.015037593984962,53,0,52,-0.15588235294117647,-0.6048562296338135,0.3682892880028531,0.5642819694728023,0.6459227650561014,255,5.223880597014929,52.0,-0.15588235294117647,-0.6048562296338135,0.3682892880028531,0.5642819694728023,0.6411203653159072,251.0,6.015037593984962
PRDM1,40.0,-0.16176470588235295,-0.6086690977088575,0.36306165316295674,0.5494831434036931,0.6351168800380349,252.0,5.6390977443609,41,1,41,-0.1411764705882353,-0.5952331384416659,0.3812149570985758,0.6020026838819792,0.6747446748510517,253,5.970149253731338,40.0,-0.16176470588235295,-0.6086690977088575,0.36306165316295674,0.5494831434036931,0.6351168800380349,252.0,5.6390977443609
ONECUT1,49.0,-0.17352941176470588,-0.6162334087168945,0.35250631405189703,0.5204075144487407,0.6148177272469636,253.0,5.263157894736848,50,1,50,-0.06470588235294117,-0.5430016754994034,0.44528989488096904,0.8118214513105935,0.8597636630021639,248,7.835820895522383,49.0,-0.17352941176470588,-0.6162334087168945,0.35250631405189703,0.5204075144487407,0.6148177272469636,253.0,5.263157894736848
RUNX3,95.0,-0.17941176470588235,-0.6199851806187479,0.3471779692143374,0.5061395399904387,0.6033002552564604,254.0,4.8872180451127845,99,4,99,-0.17941176470588235,-0.6199851806187479,0.3471779692143374,0.5061395399904387,0.5997865033366873,258,4.104477611940293,95.0,-0.17941176470588235,-0.6199851806187479,0.3471779692143374,0.5061395399904387,0.6033002552564604,254.0,4.8872180451127845
CEBPB,76.0,-0.19999999999999998,-0.6329596190381012,0.3282571195530378,0.45768790507519996,0.5683845146747832,255.0,4.511278195488721,82,6,82,-0.16176470588235295,-0.6086690977088575,0.36306165316295674,0.5494831434036931,0.6343818265046929,256,4.850746268656714,76.0,-0.19999999999999998,-0.6329596190381012,0.3282571195530378,0.45768790507519996,0.5683845146747832,255.0,4.511278195488721
HNF4G,51.0,-0.21764705882352942,-0.6438903097181469,0.3116946841136864,0.41808684161130316,0.5290482782474784,256.0,4.135338345864659,52,1,52,-0.22647058823529412,-0.6492911782752754,0.3032910599334428,0.39898292664128926,0.4923229691124166,259,3.731343283582089,51.0,-0.21764705882352942,-0.6438903097181469,0.3116946841136864,0.41808684161130316,0.5290482782474784,256.0,4.135338345864659
PPARA,28.0,-0.22352941176470587,-0.647495614664047,0.30610145407534745,0.40529834728275926,0.5153078986880796,257.0,3.759398496240607,31,3,31,0.17941176470588235,-0.3471779692143374,0.6199851806187479,0.5061395399904387,0.5997865033366873,213,20.895522388059707,28.0,-0.22352941176470587,-0.647495614664047,0.30610145407534745,0.40529834728275926,0.5153078986880796,257.0,3.759398496240607
RFX5,84.0,-0.25588235294117645,-0.6669912614430904,0.27467091681147876,0.3387899080712459,0.4391111915292362,258.0,3.383458646616544,88,4,88,-0.25588235294117645,-0.6669912614430904,0.27467091681147876,0.3387899080712459,0.4360501687615558,261,2.985074626865669,84.0,-0.25588235294117645,-0.6669912614430904,0.27467091681147876,0.3387899080712459,0.4391111915292362,258.0,3.383458646616544
CDX2,52.0,-0.28529411764705886,-0.6842391664442712,0.24507875569088958,0.2841387401595629,0.3755695228841748,259.0,3.007518796992481,53,0,52,-0.28529411764705886,-0.6842391664442712,0.24507875569088958,0.2841387401595629,0.3802652791190171,263,2.238805970149249,52.0,-0.28529411764705886,-0.6842391664442712,0.24507875569088958,0.2841387401595629,0.3755695228841748,259.0,3.007518796992481
CEBPG,42.0,-0.3294117647058824,-0.7093003811374495,0.19875682709841688,0.21280142621621306,0.30222330212621745,260.0,2.631578947368418,44,2,44,-0.26176470588235295,-0.670476456493117,0.26883180938307727,0.3274104118125863,0.4254753660752933,262,2.6119402985074647,42.0,-0.3294117647058824,-0.7093003811374495,0.19875682709841688,0.21280142621621306,0.30222330212621745,260.0,2.631578947368418
E2F5,12.0,-0.3588235294117647,-0.7254908421628321,0.16650640100210323,0.17230386289263253,0.26747169414147026,261.0,2.2556390977443663,13,1,13,-0.24705882352941175,-0.6617295169127851,0.2833568172076064,0.35627504151257744,0.4542084652458926,260,3.3582089552238847,12.0,-0.3588235294117647,-0.7254908421628321,0.16650640100210323,0.17230386289263253,0.26747169414147026,261.0,2.2556390977443663
NR5A1,11.0,-0.36176470588235293,-0.7270878708008953,0.16321833357345242,0.16855882250388424,0.26473650357962997,262.0,1.8796992481203034,11,0,11,-0.36176470588235293,-0.7270878708008953,0.16321833357345242,0.16855882250388424,0.2620943540667333,266,1.1194029850746245,11.0,-0.36176470588235293,-0.7270878708008953,0.16321833357345242,0.16855882250388424,0.26473650357962997,262.0,1.8796992481203034
SIX2,37.0,-0.36764705882352944,-0.7302701110870289,0.1566070247540186,0.1612323576755898,0.26090326969322714,263.0,1.5037593984962405,38,1,38,-0.3911764705882353,-0.7428436288613821,0.1296834724667662,0.13407128619725525,0.22540734991913539,268,0.3731343283582045,37.0,-0.36764705882352944,-0.7302701110870289,0.1566070247540186,0.1612323576755898,0.26090326969322714,263.0,1.5037593984962405
GLI2,15.0,-0.3764705882352941,-0.7350141468309055,0.14660118088111182,0.15064811528763097,0.2467671581705366,264.0,1.1278195488721776,16,1,16,-0.3529411764705882,-0.722284894579492,0.17304767268670132,0.17995865788498175,0.2719599942194387,265,1.4925373134328401,15.0,-0.3764705882352941,-0.7350141468309055,0.14660118088111182,0.15064811528763097,0.2467671581705366,264.0,1.1278195488721776
SOX13,40.0,-0.38235294117647056,-0.7381574552676167,0.13987061837626827,0.14385924954389048,0.24157496621521232,265.0,0.7518796992481258,42,2,42,-0.16176470588235295,-0.6086690977088575,0.36306165316295674,0.5494831434036931,0.6343818265046929,256,4.850746268656714,40.0,-0.38235294117647056,-0.7381574552676167,0.13987061837626827,0.14385924954389048,0.24157496621521232,265.0,0.7518796992481258
HHEX,11.0,-0.3852941176470588,-0.7397233375766458,0.1364871425108727,0.14054417737367633,0.2390146201195642,266.0,0.3759398496240629,11,0,11,-0.3852941176470588,-0.7397233375766458,0.1364871425108727,0.14054417737367633,0.23052672996048132,267,0.7462686567164201,11.0,-0.3852941176470588,-0.7397233375766458,0.1364871425108727,0.14054417737367633,0.2390146201195642,266.0,0.3759398496240629
SREBF1,70.0,-0.4911764705882353,-0.7936495597548997,0.005996415881423004,0.05335043567794327,0.1217484301368449,267.0,0.0,73,3,73,-0.39999999999999997,-0.7474955918529103,0.1193851699919293,0.12475042359840005,0.21650234805141688,269,0.0,70.0,-0.4911764705882353,-0.7936495597548997,0.005996415881423004,0.05335043567794327,0.1217484301368449,267.0,0.0
