cell_id,BACH1_regulon_AUC
GSE131907_AAACCTGCAGGACGTA_LUNG_T31,0.0
GSE131907_AACTTTCTCAGCTCGG_LUNG_T31,0.003012048192771
GSE131907_ACACCGGCAAAGTGCG_LUNG_T31,0.0
GSE131907_ACACTGATCGGAATCT_LUNG_T31,0.0335013523481681
GSE131907_ACGAGCCTCGTTACGA_LUNG_T31,0.0
GSE131907_ACGCCGAGTACCGTAT_LUNG_T31,0.0
GSE131907_ACTGAACAGCCAACAG_LUNG_T31,0.0013830833538234
GSE131907_ACTGCTCCACGCGAAA_LUNG_T31,0.0
GSE131907_ACTTGTTGTATGAATG_LUNG_T31,0.0
GSE131907_AGCATACTCTTGTACT_LUNG_T31,0.00295057782149
GSE131907_AGCGTATAGACCCACC_LUNG_T31,0.0
GSE131907_AGCTCCTTCTGAGTGT_LUNG_T31,0.0
GSE131907_AGTTGGTAGCCACTAT_LUNG_T31,0.0
GSE131907_ATAACGCAGCTGATAA_LUNG_T31,0.0105421686746987
GSE131907_CAAGAAACAGAGCCAA_LUNG_T31,0.0011064666830587
GSE131907_CAAGTTGTCTGTCTAT_LUNG_T31,0.0
GSE131907_CACACTCAGTACACCT_LUNG_T31,0.0005839685271699
GSE131907_CACACTCGTCAACATC_LUNG_T31,0.0
GSE131907_CAGCTGGAGGACCACA_LUNG_T31,0.0
GSE131907_CCATGTCAGCGTTCCG_LUNG_T31,0.0113412835013523
GSE131907_CCCAATCCAGTCAGAG_LUNG_T31,0.0
GSE131907_CCTCAGTGTTGGACCC_LUNG_T31,0.0093742316203589
GSE131907_CTAACTTGTAAGTGGC_LUNG_T31,0.0110031964593066
GSE131907_CTAGAGTCATTGGGCC_LUNG_T31,0.0
GSE131907_CTCGTACGTCAGGACA_LUNG_T31,0.0033808704204573
GSE131907_CTGTGCTGTGGCTCCA_LUNG_T31,0.0
GSE131907_CTGTTTAAGCGCCTTG_LUNG_T31,0.0068232112121957
GSE131907_CTTAACTCATAGGATA_LUNG_T31,0.0
GSE131907_GACACGCTCCTATGTT_LUNG_T31,0.0
GSE131907_GACCTGGGTACCCAAT_LUNG_T31,0.0
GSE131907_GCAGTTATCGGTTAAC_LUNG_T31,0.0063314482419473
GSE131907_GCATACATCCGAAGAG_LUNG_T31,0.0030735185640521
GSE131907_GCCAAATTCACAGGCC_LUNG_T31,0.0
GSE131907_GCCAAATTCACCCTCA_LUNG_T31,0.0
GSE131907_GCTGCAGTCCGTCATC_LUNG_T31,0.0
GSE131907_GCTTGAATCTGCGTAA_LUNG_T31,0.0113105483157118
GSE131907_GGACGTCGTAGCCTCG_LUNG_T31,0.0
GSE131907_GGCGACTCACGACTCG_LUNG_T31,0.0127858372264568
GSE131907_GTACTTTAGCTGCGAA_LUNG_T31,0.0
GSE131907_GTCGGGTGTCGCTTCT_LUNG_T31,0.0
GSE131907_GTGCAGCTCTTCGGTC_LUNG_T31,0.0
GSE131907_TACCTATCAGTGAGTG_LUNG_T31,0.0076223260388492
GSE131907_TACGGTACAGGATTGG_LUNG_T31,0.0
GSE131907_TAGGCATAGCTCTCGG_LUNG_T31,0.005132776001967
GSE131907_TCAATCTCAAGGACAC_LUNG_T31,0.0054708630440127
GSE131907_TCACAAGAGTTTGCGT_LUNG_T31,0.0211765429063191
GSE131907_TCCACACTCTAAGCCA_LUNG_T31,0.0087595279075485
GSE131907_TCGGTAAGTTCGTCTC_LUNG_T31,0.0049791000737644
GSE131907_TCGTACCGTTCCTCCA_LUNG_T31,0.0
GSE131907_TCTCATAGTTCCCGAG_LUNG_T31,0.0
GSE131907_TCTGAGATCGCCTGTT_LUNG_T31,0.0168736169166461
GSE131907_TGAAAGACAGGCAGTA_LUNG_T31,0.0
GSE131907_TGGCGCACACCGATAT_LUNG_T31,0.0038726333907056
GSE131907_TTTGGTTTCCTCCTAG_LUNG_T31,0.0101118760757314
GSE274934_AL08_AAACCTGAGAGGTTGC-1,0.0
GSE274934_AL08_AAACCTGAGCGTTTAC-1,0.0189943447258421
GSE274934_AL08_AAACCTGTCCACGTTC-1,0.0
GSE274934_AL08_AAACGGGAGAAGCCCA-1,0.0
GSE274934_AL08_AAACGGGAGTAATCCC-1,0.0157056798623063
GSE274934_AL08_AAACGGGCAAACTGTC-1,0.0
GSE274934_AL08_AAACGGGCACGACTCG-1,0.0060855667568232
GSE274934_AL08_AAACGGGCAGTGGAGT-1,0.0
GSE274934_AL08_AAACGGGCATAGAAAC-1,0.0049791000737644
GSE274934_AL08_AAACGGGCATAGGATA-1,0.0122940742562085
GSE274934_AL08_AAACGGGCATCGGACC-1,0.0
GSE274934_AL08_AAACGGGGTAAGTTCC-1,0.0157978854192279
GSE274934_AL08_AAACGGGGTATGGTTC-1,0.0330095893779198
GSE274934_AL08_AAACGGGGTCAGATAA-1,0.0
GSE274934_AL08_AAACGGGGTTGCGCAC-1,0.0
GSE274934_AL08_AAACGGGTCAGGTTCA-1,0.0
GSE274934_AL08_AAACGGGTCCGCAAGC-1,0.0
GSE274934_AL08_AAACGGGTCTCTGAGA-1,0.0
GSE274934_AL08_AAAGATGAGGCTCTTA-1,0.0
GSE274934_AL08_AAAGATGAGTGTCCAT-1,0.0067002704696336
GSE274934_AL08_AAAGATGCAAAGTGCG-1,0.0
GSE274934_AL08_AAAGATGCAGGTCTCG-1,0.0
GSE274934_AL08_AAAGCAAAGACCACGA-1,0.0261556429800836
GSE274934_AL08_AAAGCAAAGCTACCTA-1,0.0
GSE274934_AL08_AAAGCAAAGGATCGCA-1,0.0
GSE274934_AL08_AAAGCAAAGTCCAGGA-1,0.01238627981313
GSE274934_AL08_AAAGCAACAACAACCT-1,0.0238505040570445
GSE274934_AL08_AAAGCAACAGATCCAT-1,0.0
GSE274934_AL08_AAAGCAACATATGGTC-1,0.0069461519547578
GSE274934_AL08_AAAGCAACATCACGAT-1,0.0
GSE274934_AL08_AAAGCAAGTCAGAAGC-1,0.0
GSE274934_AL08_AAAGCAAGTCCCTACT-1,0.0
GSE274934_AL08_AAAGCAATCACAAACC-1,0.0
GSE274934_AL08_AAAGCAATCACCTTAT-1,0.0057474797147774
GSE274934_AL08_AAAGCAATCCGCAAGC-1,0.0002766166707646
GSE274934_AL08_AAAGCAATCTACCTGC-1,0.0
GSE274934_AL08_AAAGTAGAGAAACGAG-1,0.0
GSE274934_AL08_AAAGTAGAGCACACAG-1,0.0081140890090976
GSE274934_AL08_AAAGTAGCAACACCTA-1,0.0088824686501106
GSE274934_AL08_AAAGTAGCAATAGAGT-1,0.0372817801819523
GSE274934_AL08_AAAGTAGGTACCGTAT-1,0.0
GSE274934_AL08_AAAGTAGGTTGCGCAC-1,0.0
GSE274934_AL08_AAAGTAGTCCCAAGTA-1,0.0
GSE274934_AL08_AAAGTAGTCGAACGGA-1,0.0
GSE274934_AL08_AAATGCCAGAGCCTAG-1,0.0
GSE274934_AL08_AAATGCCAGGCAGGTT-1,0.0020285222522744
GSE274934_AL08_AAATGCCAGTTTAGGA-1,0.0
GSE274934_AL08_AAATGCCCAAACTGCT-1,0.0
GSE274934_AL08_AAATGCCGTACAGCAG-1,0.0
GSE274934_AL08_AAATGCCGTCATCGGC-1,0.0
GSE274934_AL08_AAATGCCTCGGAAATA-1,0.0
GSE274934_AL08_AACACGTAGACTGTAA-1,0.0062392426850258
GSE274934_AL08_AACACGTAGCCAGAAC-1,0.0
GSE274934_AL08_AACACGTCAAAGTGCG-1,0.0
GSE274934_AL08_AACACGTCATTTGCCC-1,0.0
GSE274934_AL08_AACACGTGTAAGAGAG-1,0.0
GSE274934_AL08_AACACGTGTCCGACGT-1,0.0409392672731743
GSE274934_AL08_AACACGTGTGTGCGTC-1,0.0
GSE274934_AL08_AACACGTTCAAGAAGT-1,0.0
GSE274934_AL08_AACACGTTCACCTTAT-1,0.0160130317187115
GSE274934_AL08_AACACGTTCCACGAAT-1,0.0142611261372018
GSE274934_AL08_AACACGTTCTGGTATG-1,0.0030427833784116
GSE274934_AL08_AACCATGAGCACCGCT-1,0.0
GSE274934_AL08_AACCATGCACGTGAGA-1,0.0
GSE274934_AL08_AACCATGCAGATCCAT-1,0.0
GSE274934_AL08_AACCATGGTCTTCTCG-1,0.0
GSE274934_AL08_AACCATGTCCAACCAA-1,0.0210843373493975
GSE274934_AL08_AACCATGTCGCACTCT-1,0.0
GSE274934_AL08_AACCATGTCGCCAGCA-1,0.0
GSE274934_AL08_AACCGCGCAAACAACA-1,0.0
GSE274934_AL08_AACCGCGCAAAGCAAT-1,0.0
GSE274934_AL08_AACCGCGCACATGTGT-1,0.0
GSE274934_AL08_AACCGCGCACATTAGC-1,0.0
GSE274934_AL08_AACCGCGGTCGCTTCT-1,0.0
GSE274934_AL08_AACCGCGGTTATGTGC-1,0.004425866732235
GSE274934_AL08_AACCGCGGTTTGACAC-1,0.0089132038357511
GSE274934_AL08_AACGTTGAGCAGCCTC-1,0.0157364150479468
GSE274934_AL08_AACGTTGAGGAGTTGC-1,0.0
GSE274934_AL08_AACGTTGAGGCCCTCA-1,0.0005839685271699
GSE274934_AL08_AACGTTGAGTGCGATG-1,0.0
GSE274934_AL08_AACGTTGCACAGATTC-1,0.0
GSE274934_AL08_AACGTTGCATCTCCCA-1,0.0011372018686992
GSE274934_AL08_AACGTTGCATGGAATA-1,0.0228055077452667
GSE274934_AL08_AACGTTGGTGGACGAT-1,0.0062699778706663
GSE274934_AL08_AACGTTGGTTACGACT-1,0.0
GSE274934_AL08_AACTCAGCACACTGCG-1,0.0
GSE274934_AL08_AACTCAGGTACCCAAT-1,0.0134620113105483
GSE274934_AL08_AACTCAGGTAGCCTCG-1,0.0026739611507253
GSE274934_AL08_AACTCAGGTCTTGTCC-1,0.0
GSE274934_AL08_AACTCAGGTTGAGGTG-1,0.0
GSE274934_AL08_AACTCAGTCAAAGACA-1,0.0
GSE274934_AL08_AACTCAGTCGGCTTGG-1,0.0
GSE274934_AL08_AACTCCCCAAGAAAGG-1,0.0057782149004179
GSE274934_AL08_AACTCCCCATGCTGGC-1,0.0342697319891812
GSE274934_AL08_AACTCCCGTAGCTCCG-1,0.0
GSE274934_AL08_AACTCCCGTGACAAAT-1,0.0
GSE274934_AL08_AACTCCCGTGTGACGA-1,0.0
GSE274934_AL08_AACTCCCTCATGCATG-1,0.0045795426604376
GSE274934_AL08_AACTCCCTCGAGAGCA-1,0.0
GSE274934_AL08_AACTCCCTCTGAGGGA-1,0.0
GSE274934_AL08_AACTCCCTCTTAGAGC-1,0.0004917629702483
GSE274934_AL08_AACTCCCTCTTTAGTC-1,0.0
GSE274934_AL08_AACTCTTAGCTCCCAG-1,0.0104499631177772
GSE274934_AL08_AACTCTTCACATCCGG-1,0.0
GSE274934_AL08_AACTCTTCAGTTTACG-1,0.0
GSE274934_AL08_AACTCTTGTAGCACGA-1,0.0019363166953528
GSE274934_AL08_AACTCTTGTCCTCTTG-1,0.0
GSE274934_AL08_AACTCTTGTCTGCGGT-1,0.015275387263339
GSE274934_AL08_AACTCTTTCACTATTC-1,0.0013216129825424
GSE274934_AL08_AACTCTTTCGTTACAG-1,0.0016904352102286
GSE274934_AL08_AACTCTTTCTATCGCC-1,0.0009835259404966
GSE274934_AL08_AACTGGTCAAACTGTC-1,0.0
GSE274934_AL08_AACTGGTCAAGCCGTC-1,0.0080526186378165
GSE274934_AL08_AACTGGTCATACGCTA-1,0.0016597000245881
GSE274934_AL08_AACTGGTGTCGCGAAA-1,0.0066695352839931
GSE274934_AL08_AACTGGTGTCTACCTC-1,0.0014445537251044
GSE274934_AL08_AACTGGTGTTGTCTTT-1,0.0
GSE274934_AL08_AACTGGTTCTAACTGG-1,0.0
GSE274934_AL08_AACTGGTTCTGCAGTA-1,0.0049791000737644
GSE274934_AL08_AACTTTCAGAAACCGC-1,0.0176419965576592
GSE274934_AL08_AACTTTCAGCACACAG-1,0.0
GSE274934_AL08_AACTTTCAGGCACATG-1,0.002243668551758
GSE274934_AL08_AACTTTCAGTTACCCA-1,0.0
GSE274934_AL08_AACTTTCCACTTACGA-1,0.0445352839931153
GSE274934_AL08_AACTTTCGTCCGAGTC-1,0.0205925743791492
GSE274934_AL08_AACTTTCTCGCCAGCA-1,0.0
GSE274934_AL08_AACTTTCTCTGCTGCT-1,0.0012601426112613
GSE274934_AL08_AAGACCTAGAAGATTC-1,0.0258790263093189
GSE274934_AL08_AAGACCTAGAAGCCCA-1,0.0
GSE274934_AL08_AAGACCTAGGTGATTA-1,0.0088824686501106
GSE274934_AL08_AAGACCTAGTCATGCT-1,0.0
GSE274934_AL08_AAGACCTCACCGGAAA-1,0.0103577575608556
GSE274934_AL08_AAGACCTGTCATATCG-1,0.0149373002212933
GSE274934_AL08_AAGACCTGTCCATGAT-1,0.0
GSE274934_AL08_AAGACCTGTGTGGCTC-1,0.0
GSE274934_AL08_AAGACCTTCACAGTAC-1,0.0046410130317187
GSE274934_AL08_AAGACCTTCTTTACGT-1,0.0
GSE274934_AL08_AAGCCGCAGGTCGGAT-1,0.0
GSE274934_AL08_AAGCCGCAGTAAGTAC-1,0.0
GSE274934_AL08_AAGCCGCCACCCATGG-1,0.0
GSE274934_AL08_AAGCCGCCACGCATCG-1,0.0
GSE274934_AL08_AAGCCGCCAGCGTCCA-1,0.0
GSE274934_AL08_AAGCCGCGTAGCTTGT-1,0.0117715761003196
GSE274934_AL08_AAGCCGCGTCGGCTCA-1,0.0
GSE274934_AL08_AAGCCGCGTCTGGTCG-1,0.0
GSE274934_AL08_AAGCCGCGTTTAAGCC-1,0.0
GSE274934_AL08_AAGCCGCTCCTCATTA-1,0.0009220555692156
GSE274934_AL08_AAGCCGCTCTGAGTGT-1,0.0007069092697319
GSE274934_AL08_AAGGAGCAGAAACGAG-1,0.0
GSE274934_AL08_AAGGAGCAGACACGAC-1,0.0
GSE274934_AL08_AAGGAGCAGTAGTGCG-1,0.0
GSE274934_AL08_AAGGAGCCACAGACAG-1,0.0
GSE274934_AL08_AAGGAGCCACTTAACG-1,0.0
GSE274934_AL08_AAGGAGCCATGCCCGA-1,0.0
GSE274934_AL08_AAGGAGCGTGTAAGTA-1,0.0
GSE274934_AL08_AAGGAGCGTTAAAGTG-1,0.0275694615195475
GSE274934_AL08_AAGGAGCTCACTTACT-1,0.0
GSE274934_AL08_AAGGAGCTCCCTTGCA-1,0.0
GSE274934_AL08_AAGGAGCTCCGAGCCA-1,0.0099582001475288
GSE274934_AL08_AAGGAGCTCGTTGCCT-1,0.002305138923039
GSE274934_AL08_AAGGCAGAGACAGACC-1,0.0003380870420457
GSE274934_AL08_AAGGCAGCAACTTGAC-1,0.0
GSE274934_AL08_AAGGCAGCAGATCCAT-1,0.0070690926973198
GSE274934_AL08_AAGGCAGCAGGAATGC-1,0.0
GSE274934_AL08_AAGGCAGGTCTAAAGA-1,0.0024895500368822
GSE274934_AL08_AAGGCAGGTGAGGGTT-1,0.0
GSE274934_AL08_AAGGCAGGTGATGATA-1,0.0005839685271699
GSE274934_AL08_AAGGCAGGTTCCACTC-1,0.0062085074993852
GSE274934_AL08_AAGGCAGTCACGCATA-1,0.0
GSE274934_AL08_AAGGCAGTCGACCAGC-1,0.0
GSE274934_AL08_AAGGTTCAGACAAAGG-1,0.0093434964347184
GSE274934_AL08_AAGGTTCAGACTAAGT-1,0.0077760019670518
GSE274934_AL08_AAGGTTCAGGGATCTG-1,0.0094664371772805
GSE274934_AL08_AAGGTTCCAAGCTGTT-1,0.0112183427587902
GSE274934_AL08_AAGGTTCCACCAGGTC-1,0.0
GSE274934_AL08_AAGGTTCCACCTCGGA-1,0.0283685763462011
GSE274934_AL08_AAGGTTCCAGACGTAG-1,0.0055938037865748
GSE274934_AL08_AAGGTTCCAGATCGGA-1,0.0
GSE274934_AL08_AAGGTTCCAGTATCTG-1,0.0
GSE274934_AL08_AAGGTTCCAGTTCCCT-1,0.0
GSE274934_AL08_AAGGTTCGTACCCAAT-1,0.0284607819031226
GSE274934_AL08_AAGGTTCGTAGGGACT-1,0.0
GSE274934_AL08_AAGGTTCGTATAGGTA-1,0.0
GSE274934_AL08_AAGGTTCGTCTAGCGC-1,0.0
GSE274934_AL08_AAGGTTCTCATAAAGG-1,0.0
GSE274934_AL08_AAGGTTCTCATCGATG-1,0.0
GSE274934_AL08_AAGGTTCTCTTGCATT-1,0.005839685271699
GSE274934_AL08_AAGTCTGAGACGCAAC-1,0.0
GSE274934_AL08_AAGTCTGAGAGCTGGT-1,0.0143533316941234
GSE274934_AL08_AAGTCTGAGTCATCCA-1,0.0
GSE274934_AL08_AAGTCTGAGTTTAGGA-1,0.0
GSE274934_AL08_AAGTCTGGTATATGAG-1,0.0240041799852471
GSE274934_AL08_AAGTCTGGTGGTCCGT-1,0.010142611261372
GSE274934_AL08_AAGTCTGGTTACGCGC-1,0.0025817555938037
GSE274934_AL08_AAGTCTGGTTTGGCGC-1,0.0
GSE274934_AL08_AAGTCTGTCCTCAATT-1,0.0
GSE274934_AL08_AATCCAGAGACAGGCT-1,0.0
GSE274934_AL08_AATCCAGAGAGCCCAA-1,0.0145377428079665
GSE274934_AL08_AATCCAGAGCCATCGC-1,0.0180722891566265
GSE274934_AL08_AATCCAGCACCAGCAC-1,0.0
GSE274934_AL08_AATCCAGCATGTAGTC-1,0.0121096631423653
GSE274934_AL08_AATCCAGGTCGGCACT-1,0.0162896483894762
GSE274934_AL08_AATCCAGTCAACGAAA-1,0.0144455372510449
GSE274934_AL08_AATCGGTAGAAGGTGA-1,0.0404475043029259
GSE274934_AL08_AATCGGTAGACGCTTT-1,0.0
GSE274934_AL08_AATCGGTAGAGTACCG-1,0.0
GSE274934_AL08_AATCGGTCAATGGAGC-1,0.0111568723875092
GSE274934_AL08_AATCGGTCAGGGCATA-1,0.0
GSE274934_AL08_AATCGGTCAGGGTTAG-1,0.0
GSE274934_AL08_AATCGGTCATGGAATA-1,0.0
GSE274934_AL08_AATCGGTGTACTTGAC-1,0.0
GSE274934_AL08_AATCGGTGTCACAAGG-1,0.0
GSE274934_AL08_AATCGGTGTCATCCCT-1,0.0095586427342021
GSE274934_AL08_AATCGGTGTGGAAAGA-1,0.0062085074993852
GSE274934_AL08_AATCGGTGTGTTAAGA-1,0.0086365871649864
GSE274934_AL08_AATCGGTTCAATAAGG-1,0.0072227686255224
GSE274934_AL08_AATCGGTTCCGCAAGC-1,0.0
GSE274934_AL08_AATCGGTTCGCACTCT-1,0.0024895500368822
GSE274934_AL08_AATCGGTTCTACTATC-1,0.0
GSE274934_AL08_ACACCAAAGTCGCCGT-1,0.0008605851979345
GSE274934_AL08_ACACCAACACAGACAG-1,0.0
GSE274934_AL08_ACACCAACAGGATCGA-1,0.0
GSE274934_AL08_ACACCAAGTCCAACTA-1,0.0130624538972215
GSE274934_AL08_ACACCAAGTTAAGATG-1,0.0465330710597492
GSE274934_AL08_ACACCAATCAGCTCTC-1,0.0
GSE274934_AL08_ACACCAATCCAAACTG-1,0.0
GSE274934_AL08_ACACCAATCGCGATCG-1,0.0031349889353331
GSE274934_AL08_ACACCAATCTCAAGTG-1,0.0037496926481435
GSE274934_AL08_ACACCCTAGAATCTCC-1,0.0153368576346201
GSE274934_AL08_ACACCCTAGCTGATAA-1,0.0
GSE274934_AL08_ACACCCTAGTAGATGT-1,0.0066388000983525
GSE274934_AL08_ACACCCTCAATAGAGT-1,0.0
GSE274934_AL08_ACACCCTCAGTTAACC-1,0.0177649373002212
GSE274934_AL08_ACACCCTGTGTCGCTG-1,0.0373739857388738
GSE274934_AL08_ACACCCTTCCGTAGGC-1,0.0
GSE274934_AL08_ACACCGGAGTAGCCGA-1,0.0
GSE274934_AL08_ACACCGGAGTGTACTC-1,0.0
GSE274934_AL08_ACACCGGAGTGTGAAT-1,0.0
GSE274934_AL08_ACACCGGAGTGTTAGA-1,0.0
GSE274934_AL08_ACACCGGCAATGACCT-1,0.0350688468158347
GSE274934_AL08_ACACCGGCAGGCGATA-1,0.0
GSE274934_AL08_ACACCGGCAGGTCTCG-1,0.0086980575362675
GSE274934_AL08_ACACCGGGTCTCCCTA-1,0.0
GSE274934_AL08_ACACCGGGTCTGGAGA-1,0.0
GSE274934_AL08_ACACCGGTCTGATTCT-1,0.0
GSE274934_AL08_ACACTGAAGTAAGTAC-1,0.0
GSE274934_AL08_ACACTGAAGTGCGTGA-1,0.0
GSE274934_AL08_ACACTGACATCCTTGC-1,0.008021883452176
GSE274934_AL08_ACACTGAGTCCGAGTC-1,0.0019977870666338
GSE274934_AL08_ACACTGATCAGAGCTT-1,0.0
GSE274934_AL08_ACACTGATCGTGGACC-1,0.0114027538726333
GSE274934_AL08_ACACTGATCTAACTCT-1,0.0126014261126137
GSE274934_AL08_ACAGCCGAGGCCGAAT-1,0.0
GSE274934_AL08_ACAGCCGCAAAGTCAA-1,0.015982296533071
GSE274934_AL08_ACAGCCGCACATCTTT-1,0.0
GSE274934_AL08_ACAGCCGCAGATGAGC-1,0.0006147037128104
GSE274934_AL08_ACAGCCGCAGTTCCCT-1,0.0147528891074502
GSE274934_AL08_ACAGCCGCATGAGCGA-1,0.0360216375706909
GSE274934_AL08_ACAGCCGGTCGATTGT-1,0.0272621096631423
GSE274934_AL08_ACAGCCGGTGTCTGAT-1,0.0
GSE274934_AL08_ACAGCCGGTTGAGTTC-1,0.0023666092943201
GSE274934_AL08_ACAGCCGTCATCATTC-1,0.0
GSE274934_AL08_ACAGCCGTCGAGAACG-1,0.0082370297516597
GSE274934_AL08_ACAGCCGTCGGCGCTA-1,0.0
GSE274934_AL08_ACAGCTAAGAACTCGG-1,0.0130624538972215
GSE274934_AL08_ACAGCTAAGCATCATC-1,0.0176419965576592
GSE274934_AL08_ACAGCTAAGGTGACCA-1,0.0
GSE274934_AL08_ACAGCTACAATGAATG-1,0.0
GSE274934_AL08_ACAGCTACACAGCCCA-1,0.0165047946889599
GSE274934_AL08_ACAGCTACAGGACCCT-1,0.0
GSE274934_AL08_ACAGCTAGTCATCCCT-1,0.0
GSE274934_AL08_ACAGCTATCCCAAGAT-1,0.0174883206294566
GSE274934_AL08_ACAGCTATCCGCAAGC-1,0.0
GSE274934_AL08_ACAGCTATCTAGCACA-1,0.0
GSE274934_AL08_ACAGCTATCTTCAACT-1,0.0032579296778952
GSE274934_AL08_ACATACGAGATCCCAT-1,0.0
GSE274934_AL08_ACATACGAGCAATATG-1,0.0163511187607573
GSE274934_AL08_ACATACGCAAGCTGTT-1,0.0
GSE274934_AL08_ACATACGCACCAGGCT-1,0.0
GSE274934_AL08_ACATACGGTCATACTG-1,0.0336857634620113
GSE274934_AL08_ACATACGGTCCTCCAT-1,0.0226825670027046
GSE274934_AL08_ACATACGTCACGACTA-1,0.0
GSE274934_AL08_ACATACGTCAGTCAGT-1,0.0
GSE274934_AL08_ACATACGTCCGAATGT-1,0.0030427833784116
GSE274934_AL08_ACATCAGAGAACTGTA-1,0.0
GSE274934_AL08_ACATCAGCAATAAGCA-1,0.0060548315711826
GSE274934_AL08_ACATCAGCACTAAGTC-1,0.0
GSE274934_AL08_ACATCAGCAGACACTT-1,0.0093434964347184
GSE274934_AL08_ACATCAGGTACCGTTA-1,0.0
GSE274934_AL08_ACATCAGGTATGGTTC-1,0.0358679616424883
GSE274934_AL08_ACATCAGTCAACGGGA-1,0.0033501352348168
GSE274934_AL08_ACATCAGTCACCACCT-1,0.0
GSE274934_AL08_ACATCAGTCACCTTAT-1,0.0186562576837964
GSE274934_AL08_ACATCAGTCAGATAAG-1,0.0160745020899926
GSE274934_AL08_ACATCAGTCGGTTAAC-1,0.0
GSE274934_AL08_ACATGGTCAAGCTGAG-1,0.0
GSE274934_AL08_ACATGGTGTATAAACG-1,0.0291984263584952
GSE274934_AL08_ACATGGTGTCCAGTGC-1,0.0250799114826653
GSE274934_AL08_ACCAGTAAGAGAGCTC-1,0.0
GSE274934_AL08_ACCAGTAAGCGACGTA-1,0.0
GSE274934_AL08_ACCAGTAAGGAATGGA-1,0.0037496926481435
GSE274934_AL08_ACCAGTACACGGTGTC-1,0.0
GSE274934_AL08_ACCAGTACACTGTGTA-1,0.0
GSE274934_AL08_ACCAGTACATTTGCCC-1,0.0017211703958691
GSE274934_AL08_ACCAGTAGTCGACTAT-1,0.0
GSE274934_AL08_ACCAGTATCAGGATCT-1,0.0056860093434964
GSE274934_AL08_ACCAGTATCGTAGGAG-1,0.0051020408163265
GSE274934_AL08_ACCAGTATCTCTGAGA-1,0.0111568723875092
GSE274934_AL08_ACCAGTATCTTGTACT-1,0.0
GSE274934_AL08_ACCCACTAGACTTGAA-1,0.0
GSE274934_AL08_ACCCACTAGCGATAGC-1,0.0037804278337841
GSE274934_AL08_ACCCACTAGCGTTGCC-1,0.0153368576346201
GSE274934_AL08_ACCCACTAGTGGCACA-1,0.0
GSE274934_AL08_ACCCACTCAAGCCTAT-1,0.0041492500614703
GSE274934_AL08_ACCCACTCAGCTCCGA-1,0.0
GSE274934_AL08_ACCCACTCATCCTTGC-1,0.0
GSE274934_AL08_ACCCACTGTCCGAACC-1,0.0
GSE274934_AL08_ACCCACTGTTCCACAA-1,0.0096508482911236
GSE274934_AL08_ACCCACTTCCACTGGG-1,0.0010449963117777
GSE274934_AL08_ACCCACTTCGTTTAGG-1,0.0028276370789279
GSE274934_AL08_ACCCACTTCTCAAACG-1,0.0
GSE274934_AL08_ACCGTAAAGAAACCTA-1,0.0
GSE274934_AL08_ACCGTAAAGCACCGTC-1,0.0015060240963855
GSE274934_AL08_ACCGTAAAGCCGCCTA-1,0.0
GSE274934_AL08_ACCGTAAAGGGATGGG-1,0.0
GSE274934_AL08_ACCGTAAAGTTGAGAT-1,0.0112183427587902
GSE274934_AL08_ACCGTAACACGTAAGG-1,0.0
GSE274934_AL08_ACCGTAACAGCATACT-1,0.0
GSE274934_AL08_ACCGTAACAGCTGTTA-1,0.0149373002212933
GSE274934_AL08_ACCTTTAAGCTGGAAC-1,0.0063621834275879
GSE274934_AL08_ACCTTTAGTCCGTGAC-1,0.0
GSE274934_AL08_ACCTTTATCCTCAACC-1,0.0
GSE274934_AL08_ACCTTTATCGCGTTTC-1,0.0
GSE274934_AL08_ACGAGCCAGGCTCATT-1,0.0
GSE274934_AL08_ACGAGCCCAAGCGTAG-1,0.006546594541431
GSE274934_AL08_ACGAGCCCACACATGT-1,0.0
GSE274934_AL08_ACGAGCCCACCATCCT-1,0.0
GSE274934_AL08_ACGAGCCGTATCGCAT-1,0.0370051635111876
GSE274934_AL08_ACGAGGAAGGTAGCTG-1,0.0
GSE274934_AL08_ACGAGGACAGTAAGCG-1,0.0
GSE274934_AL08_ACGAGGACATCTATGG-1,0.0
GSE274934_AL08_ACGAGGAGTACAGACG-1,0.0151217113351364
GSE274934_AL08_ACGAGGAGTAGCGCTC-1,0.0213302188345217
GSE274934_AL08_ACGAGGAGTTTGGGCC-1,0.0
GSE274934_AL08_ACGAGGATCCTATGTT-1,0.0
GSE274934_AL08_ACGATACAGACCTAGG-1,0.0244344725842144
GSE274934_AL08_ACGATACAGGCGACAT-1,0.0
GSE274934_AL08_ACGATACAGGGTGTTG-1,0.0028276370789279
GSE274934_AL08_ACGATACCAATCGAAA-1,0.0
GSE274934_AL08_ACGATACCACGCTTTC-1,0.0041492500614703
GSE274934_AL08_ACGATACCATGTTCCC-1,0.0183796410130317
GSE274934_AL08_ACGATACTCAGCTCGG-1,0.0
GSE274934_AL08_ACGATACTCCACTGGG-1,0.0038418982050651
GSE274934_AL08_ACGATACTCTGCGTAA-1,0.0
GSE274934_AL08_ACGATGTAGAAGGTGA-1,0.0
GSE274934_AL08_ACGATGTAGAGGGCTT-1,0.0
GSE274934_AL08_ACGATGTAGGAGCGAG-1,0.027538726333907
GSE274934_AL08_ACGATGTGTACAGCAG-1,0.0
GSE274934_AL08_ACGATGTGTAGCCTAT-1,0.0018441111384312
GSE274934_AL08_ACGATGTGTATAAACG-1,0.0
GSE274934_AL08_ACGATGTGTGAGGGTT-1,0.0
GSE274934_AL08_ACGATGTGTTGTACAC-1,0.0
GSE274934_AL08_ACGATGTGTTGTCTTT-1,0.0
GSE274934_AL08_ACGATGTTCACATAGC-1,0.0
GSE274934_AL08_ACGATGTTCACGATGT-1,0.0
GSE274934_AL08_ACGATGTTCATCTGCC-1,0.0147221539218096
GSE274934_AL08_ACGATGTTCCAATGGT-1,0.0052864519301696
GSE274934_AL08_ACGATGTTCCCTAATT-1,0.0046410130317187
GSE274934_AL08_ACGATGTTCTCGAGTA-1,0.0
GSE274934_AL08_ACGATGTTCTGCTGCT-1,0.0139537742807966
GSE274934_AL08_ACGATGTTCTTTAGTC-1,0.0271391689205802
GSE274934_AL08_ACGCAGCAGCACCGTC-1,0.0
GSE274934_AL08_ACGCAGCAGGGAAACA-1,0.008021883452176
GSE274934_AL08_ACGCAGCAGTAGCGGT-1,0.0129395131546594
GSE274934_AL08_ACGCAGCAGTGTCCCG-1,0.0
GSE274934_AL08_ACGCAGCCACAACGTT-1,0.0167814113597246
GSE274934_AL08_ACGCAGCCACCTTGTC-1,0.0139845094664371
GSE274934_AL08_ACGCAGCCACGTTGGC-1,0.0
GSE274934_AL08_ACGCAGCCAGCTGTGC-1,0.0117408409146791
GSE274934_AL08_ACGCAGCGTAGAGCTG-1,0.0
GSE274934_AL08_ACGCAGCTCTACCTGC-1,0.0193631669535284
GSE274934_AL08_ACGCCAGAGACTAGAT-1,0.0
GSE274934_AL08_ACGCCAGAGGGTGTGT-1,0.0
GSE274934_AL08_ACGCCAGAGTCCGTAT-1,0.0162896483894762
GSE274934_AL08_ACGCCAGCACATGACT-1,0.0
GSE274934_AL08_ACGCCAGCAGTTCCCT-1,0.0157056798623063
GSE274934_AL08_ACGCCAGCATAGAAAC-1,0.0
GSE274934_AL08_ACGCCAGGTAAATGTG-1,0.0365134005409392
GSE274934_AL08_ACGCCAGGTCACTGGC-1,0.0
GSE274934_AL08_ACGCCAGGTCCAACTA-1,0.0
GSE274934_AL08_ACGCCAGTCAATACCG-1,0.0
GSE274934_AL08_ACGCCAGTCCAGATCA-1,0.0
GSE274934_AL08_ACGCCAGTCGCTGATA-1,0.0
GSE274934_AL08_ACGCCGAAGCATGGCA-1,0.0
GSE274934_AL08_ACGCCGAAGCGTAATA-1,0.0135234816818293
GSE274934_AL08_ACGCCGAAGTCCCACG-1,0.0
GSE274934_AL08_ACGCCGAGTACAGTGG-1,0.0
GSE274934_AL08_ACGCCGAGTCGTGGCT-1,0.0055323334152938
GSE274934_AL08_ACGCCGATCAACACGT-1,0.0
GSE274934_AL08_ACGCCGATCACCGTAA-1,0.0
GSE274934_AL08_ACGCCGATCAGCTCGG-1,0.0407855913449717
GSE274934_AL08_ACGGAGAAGGCCCGTT-1,0.027538726333907
GSE274934_AL08_ACGGAGACACATAACC-1,0.0067617408409146
GSE274934_AL08_ACGGAGACATCTACGA-1,0.0
GSE274934_AL08_ACGGAGACATCTCGCT-1,0.0
GSE274934_AL08_ACGGAGAGTCCGTGAC-1,0.009497172362921
GSE274934_AL08_ACGGAGAGTGAGGCTA-1,0.0359909023850504
GSE274934_AL08_ACGGAGAGTTTGACTG-1,0.0
GSE274934_AL08_ACGGAGATCCATGCTC-1,0.0
GSE274934_AL08_ACGGCCAGTAGTACCT-1,0.0
GSE274934_AL08_ACGGCCAGTATAATGG-1,0.0
GSE274934_AL08_ACGGCCAGTATAGTAG-1,0.0
GSE274934_AL08_ACGGGCTAGAGATGAG-1,0.0177034669289402
GSE274934_AL08_ACGGGCTAGATCCTGT-1,0.001475288910745
GSE274934_AL08_ACGGGCTAGTCGATAA-1,0.0
GSE274934_AL08_ACGGGCTAGTGCAAGC-1,0.0066695352839931
GSE274934_AL08_ACGGGCTAGTGTTAGA-1,0.0
GSE274934_AL08_ACGGGCTCACATTTCT-1,0.011679370543398
GSE274934_AL08_ACGGGCTGTAAACCTC-1,0.0
GSE274934_AL08_ACGGGCTGTAGCGCAA-1,0.0161359724612736
GSE274934_AL08_ACGGGCTGTCGCATCG-1,0.0
GSE274934_AL08_ACGGGCTGTCTTGCGG-1,0.0086673223506269
GSE274934_AL08_ACGGGCTGTTATGCGT-1,0.0131853946397836
GSE274934_AL08_ACGGGCTTCCGCGTTT-1,0.0
GSE274934_AL08_ACGGGTCAGATCCCGC-1,0.0095893779198426
GSE274934_AL08_ACGGGTCAGGGATACC-1,0.00943570199164
GSE274934_AL08_ACGGGTCCAAACGTGG-1,0.0
GSE274934_AL08_ACGGGTCGTCAGTGGA-1,0.0
GSE274934_AL08_ACGGGTCGTCGCGGTT-1,0.0
GSE274934_AL08_ACGGGTCGTTGTTTGG-1,0.0067924760265552
GSE274934_AL08_ACGGGTCTCGCATGGC-1,0.036912957954266
GSE274934_AL08_ACGTCAAAGTGTACGG-1,0.0033501352348168
GSE274934_AL08_ACGTCAACAATGTAAG-1,0.0
GSE274934_AL08_ACGTCAAGTCTGGAGA-1,0.0
GSE274934_AL08_ACGTCAAGTTAAGAAC-1,0.0
GSE274934_AL08_ACGTCAATCCATTCTA-1,0.0034730759773789
GSE274934_AL08_ACGTCAATCCGTTGTC-1,0.0
GSE274934_AL08_ACGTCAATCGGAAACG-1,0.0237582985001229
GSE274934_AL08_ACGTCAATCGGTTCGG-1,0.0
GSE274934_AL08_ACTATCTAGAGACTTA-1,0.0037804278337841
GSE274934_AL08_ACTATCTAGTAAGTAC-1,0.0
GSE274934_AL08_ACTATCTCATATGCTG-1,0.0
GSE274934_AL08_ACTATCTCATGCCTAA-1,0.0130624538972215
GSE274934_AL08_ACTATCTGTAGAAAGG-1,0.0103577575608556
GSE274934_AL08_ACTATCTGTCAAGCGA-1,0.0028583722645684
GSE274934_AL08_ACTATCTGTCAGAGGT-1,0.0125092205556921
GSE274934_AL08_ACTATCTGTTCGTCTC-1,0.0
GSE274934_AL08_ACTATCTTCAATAAGG-1,0.0182567002704696
GSE274934_AL08_ACTATCTTCGTTGACA-1,0.0
GSE274934_AL08_ACTGAACCAGTGAGTG-1,0.0
GSE274934_AL08_ACTGAACGTAGATTAG-1,0.0
GSE274934_AL08_ACTGAACGTCCGTTAA-1,0.0084521760511433
GSE274934_AL08_ACTGAGTAGACCACGA-1,0.0
GSE274934_AL08_ACTGAGTAGCATGGCA-1,0.0216068355052864
GSE274934_AL08_ACTGAGTCAATGAAAC-1,0.0064851241701499
GSE274934_AL08_ACTGAGTCAGGGTATG-1,0.0
GSE274934_AL08_ACTGAGTCATGAGCGA-1,0.0
GSE274934_AL08_ACTGAGTGTCAAAGCG-1,0.0
GSE274934_AL08_ACTGAGTTCGAGAACG-1,0.0
GSE274934_AL08_ACTGAGTTCTAACTCT-1,0.0
GSE274934_AL08_ACTGATGAGAGCAATT-1,0.0026739611507253
GSE274934_AL08_ACTGATGCAAATACAG-1,0.0281226948610769
GSE274934_AL08_ACTGATGGTGACAAAT-1,0.026124907794443
GSE274934_AL08_ACTGATGGTTCAGGCC-1,0.0042721908040324
GSE274934_AL08_ACTGATGTCAACTCTT-1,0.0
GSE274934_AL08_ACTGCTCAGAAACCAT-1,0.0117715761003196
GSE274934_AL08_ACTGCTCAGATCGATA-1,0.0
GSE274934_AL08_ACTGCTCAGCGTGAAC-1,0.0140152446520776
GSE274934_AL08_ACTGCTCCAATCACAC-1,0.0017519055815097
GSE274934_AL08_ACTGCTCCAATGGAAT-1,0.003012048192771
GSE274934_AL08_ACTGCTCCACCAGGCT-1,0.0009835259404966
GSE274934_AL08_ACTGCTCCACGGCGTT-1,0.0090976149495942
GSE274934_AL08_ACTGCTCCACGGTAAG-1,0.0025817555938037
GSE274934_AL08_ACTGCTCCAGCCAGAA-1,0.0071920334398819
GSE274934_AL08_ACTGCTCGTAGAGTGC-1,0.0
GSE274934_AL08_ACTGCTCGTTATGTGC-1,0.0309195967543643
GSE274934_AL08_ACTGCTCTCCCAGGTG-1,0.0
GSE274934_AL08_ACTGCTCTCGGTTCGG-1,0.0
GSE274934_AL08_ACTGCTCTCTCGGACG-1,0.0191787558396852
GSE274934_AL08_ACTGTCCAGGCTATCT-1,0.0
GSE274934_AL08_ACTGTCCCAGATCGGA-1,0.0
GSE274934_AL08_ACTGTCCCAGCGATCC-1,0.0005532333415293
GSE274934_AL08_ACTGTCCGTAAATACG-1,0.0
GSE274934_AL08_ACTGTCCGTGCTAGCC-1,0.0
GSE274934_AL08_ACTGTCCTCTGGGCCA-1,0.0
GSE274934_AL08_ACTTACTAGATGGCGT-1,0.0
GSE274934_AL08_ACTTACTAGGAACTGC-1,0.0035652815343004
GSE274934_AL08_ACTTACTCACATGACT-1,0.013738627981313
GSE274934_AL08_ACTTACTCATAGTAAG-1,0.0146299483648881
GSE274934_AL08_ACTTACTGTCACCTAA-1,0.0
GSE274934_AL08_ACTTACTGTCGGGTCT-1,0.0055630686009343
GSE274934_AL08_ACTTACTTCCAAGCCG-1,0.0
GSE274934_AL08_ACTTACTTCGTACCGG-1,0.0
GSE274934_AL08_ACTTGTTAGACGACGT-1,0.0036267519055815
GSE274934_AL08_ACTTGTTAGGTGACCA-1,0.0
GSE274934_AL08_ACTTGTTAGTCGCCGT-1,0.0004302925989672
GSE274934_AL08_ACTTGTTCACCAGTTA-1,0.016689205802803
GSE274934_AL08_ACTTGTTCACCGCTAG-1,0.0
GSE274934_AL08_ACTTGTTCATGACGGA-1,0.0147528891074502
GSE274934_AL08_ACTTGTTGTACCCAAT-1,0.0
GSE274934_AL08_ACTTGTTTCAAGAAGT-1,0.0016289648389476
GSE274934_AL08_ACTTGTTTCACAGTAC-1,0.0055015982296533
GSE274934_AL08_ACTTGTTTCACCATAG-1,0.0
GSE274934_AL08_ACTTTCAAGGACAGAA-1,0.0
GSE274934_AL08_ACTTTCACAACTGCTA-1,0.0132468650110646
GSE274934_AL08_ACTTTCACACATCTTT-1,0.0115564298008359
GSE274934_AL08_ACTTTCACACGCCAGT-1,0.0
GSE274934_AL08_ACTTTCACAGGGCATA-1,0.0
GSE274934_AL08_ACTTTCAGTTATCCGA-1,0.0
GSE274934_AL08_ACTTTCATCAGAAATG-1,0.012324809441849
GSE274934_AL08_ACTTTCATCAGAGACG-1,0.0
GSE274934_AL08_ACTTTCATCGAGGTAG-1,0.0
GSE274934_AL08_AGAATAGAGACGCTTT-1,0.0
GSE274934_AL08_AGAATAGAGAGGTTAT-1,0.0
GSE274934_AL08_AGAATAGAGCGATATA-1,0.0150602409638554
GSE274934_AL08_AGAATAGAGGACAGAA-1,0.013093189082862
GSE274934_AL08_AGAATAGAGGGAACGG-1,0.0
GSE274934_AL08_AGAATAGAGTCAATAG-1,0.0
GSE274934_AL08_AGAATAGGTGCCTGTG-1,0.0
GSE274934_AL08_AGAATAGTCGTTACAG-1,0.0263093189082862
GSE274934_AL08_AGAATAGTCTGCTGCT-1,0.0
GSE274934_AL08_AGACGTTAGAAGGGTA-1,0.0
GSE274934_AL08_AGACGTTAGCATCATC-1,0.0188406687976395
GSE274934_AL08_AGACGTTCACGAAAGC-1,0.0
GSE274934_AL08_AGACGTTCAGCTGGCT-1,0.0218219818047701
GSE274934_AL08_AGACGTTTCAAACAAG-1,0.0
GSE274934_AL08_AGAGCGAAGACGACGT-1,0.0
GSE274934_AL08_AGAGCGAAGCCACCTG-1,0.0
GSE274934_AL08_AGAGCGAAGGGTTTCT-1,0.0
GSE274934_AL08_AGAGCGACACAACGCC-1,0.0
GSE274934_AL08_AGAGCGAGTAGAGTGC-1,0.0041799852471108
GSE274934_AL08_AGAGCGAGTGCAACTT-1,0.0
GSE274934_AL08_AGAGCGAGTTATCACG-1,0.017457585443816
GSE274934_AL08_AGAGCGATCAGGCGAA-1,0.0
GSE274934_AL08_AGAGCGATCATAGCAC-1,0.0088824686501106
GSE274934_AL08_AGAGCGATCCGCGGTA-1,0.0045795426604376
GSE274934_AL08_AGAGCTTAGAACAACT-1,0.0115256946151954
GSE274934_AL08_AGAGCTTAGGCCATAG-1,0.0
GSE274934_AL08_AGAGCTTAGTGCTGCC-1,0.0003995574133267
GSE274934_AL08_AGAGCTTCAAGTTCTG-1,0.0118330464716006
GSE274934_AL08_AGAGCTTCATAGGATA-1,0.0085136464224243
GSE274934_AL08_AGAGCTTGTAGGCATG-1,0.0132161298254241
GSE274934_AL08_AGAGCTTTCATGGTCA-1,0.0
GSE274934_AL08_AGAGCTTTCTAACTTC-1,0.0
GSE274934_AL08_AGAGCTTTCTGTCCGT-1,0.0086980575362675
GSE274934_AL08_AGAGCTTTCTTCTGGC-1,0.0045488074747971
GSE274934_AL08_AGAGTGGAGATATGGT-1,0.0
GSE274934_AL08_AGAGTGGAGGGTTTCT-1,0.0090668797639537
GSE274934_AL08_AGAGTGGAGTGGACGT-1,0.0005532333415293
GSE274934_AL08_AGAGTGGCAAGCCTAT-1,0.0070383575116793
GSE274934_AL08_AGAGTGGGTCCAGTTA-1,0.0182259650848291
GSE274934_AL08_AGAGTGGTCATAACCG-1,0.0064851241701499
GSE274934_AL08_AGAGTGGTCTTCGGTC-1,0.0
GSE274934_AL08_AGATCTGAGGCCCGTT-1,0.0015674944676665
GSE274934_AL08_AGATCTGCACGCTTTC-1,0.0
GSE274934_AL08_AGATCTGCAGTGAGTG-1,0.0
GSE274934_AL08_AGATCTGCATTTCACT-1,0.0294750430292598
GSE274934_AL08_AGATCTGGTTCACGGC-1,0.0
GSE274934_AL08_AGATCTGTCAAACGGG-1,0.0067617408409146
GSE274934_AL08_AGATCTGTCGAATGCT-1,0.0065773297270715
GSE274934_AL08_AGATTGCCAGTCAGCC-1,0.0
GSE274934_AL08_AGATTGCGTCTCATCC-1,0.0104192279321367
GSE274934_AL08_AGCAGCCCAAGCCGTC-1,0.0
GSE274934_AL08_AGCAGCCCACTTACGA-1,0.0
GSE274934_AL08_AGCAGCCGTAAACACA-1,0.0
GSE274934_AL08_AGCAGCCGTCGAGATG-1,0.0169965576592082
GSE274934_AL08_AGCAGCCGTGCTTCTC-1,0.0231128596016719
GSE274934_AL08_AGCAGCCGTGGTAACG-1,0.0110646668305876
GSE274934_AL08_AGCATACAGCGTTGCC-1,0.0
GSE274934_AL08_AGCATACAGGCGACAT-1,0.0
GSE274934_AL08_AGCATACAGTTCGATC-1,0.0
GSE274934_AL08_AGCATACCAAGGACAC-1,0.0
GSE274934_AL08_AGCATACCATTGGTAC-1,0.0
GSE274934_AL08_AGCATACTCACCGGGT-1,0.0
GSE274934_AL08_AGCATACTCAGGTAAA-1,0.0
GSE274934_AL08_AGCCTAAAGCTACCGC-1,0.0627919842635849
GSE274934_AL08_AGCCTAACAAAGAATC-1,0.0168121465453651
GSE274934_AL08_AGCCTAACAAAGGTGC-1,0.0
GSE274934_AL08_AGCCTAACAAGTTGTC-1,0.0036882222768625
GSE274934_AL08_AGCCTAATCAAACCAC-1,0.0225903614457831
GSE274934_AL08_AGCCTAATCCCTCAGT-1,0.0
GSE274934_AL08_AGCCTAATCTCAACTT-1,0.0
GSE274934_AL08_AGCGGTCAGCGTTGCC-1,0.042629702483403
GSE274934_AL08_AGCGGTCCACCACGTG-1,0.002182198180477
GSE274934_AL08_AGCGGTCCACCAGATT-1,0.0
GSE274934_AL08_AGCGGTCCAGGACCCT-1,0.0127551020408163
GSE274934_AL08_AGCGGTCCAGGGTATG-1,0.0167814113597246
GSE274934_AL08_AGCGGTCGTCCGTCAG-1,0.0
GSE274934_AL08_AGCGGTCTCCTCCTAG-1,0.005839685271699
GSE274934_AL08_AGCGTATAGCCAGGAT-1,0.017457585443816
GSE274934_AL08_AGCGTATAGGTGTTAA-1,0.0
GSE274934_AL08_AGCGTATCACATGACT-1,0.0061777723137447
GSE274934_AL08_AGCGTATCAGTGGGAT-1,0.0
GSE274934_AL08_AGCGTATGTACCGCTG-1,0.0
GSE274934_AL08_AGCGTATGTGATGATA-1,0.0
GSE274934_AL08_AGCGTATTCAACACCA-1,0.0331017949348414
GSE274934_AL08_AGCGTATTCAGCCTAA-1,0.0043951315465945
GSE274934_AL08_AGCGTCGCACGGCTAC-1,0.0049176297024834
GSE274934_AL08_AGCGTCGCACTCTGTC-1,0.0
GSE274934_AL08_AGCGTCGTCGCCTGAG-1,0.0096508482911236
GSE274934_AL08_AGCTCCTAGGCTAGCA-1,0.0344541431030243
GSE274934_AL08_AGCTCCTAGGCTCATT-1,0.0056552741578559
GSE274934_AL08_AGCTCCTAGTAGGTGC-1,0.0203159577083845
GSE274934_AL08_AGCTCCTCAATAACGA-1,0.0056860093434964
GSE274934_AL08_AGCTCCTCACGAGAGT-1,0.0
GSE274934_AL08_AGCTCCTCACGGCCAT-1,0.0312576837964101
GSE274934_AL08_AGCTCCTGTCTCGTTC-1,0.0216375706909269
GSE274934_AL08_AGCTCCTGTGACGCCT-1,0.0020592574379149
GSE274934_AL08_AGCTCCTGTGACGGTA-1,0.0
GSE274934_AL08_AGCTCCTGTGCTGTAT-1,0.0
GSE274934_AL08_AGCTCCTTCCTGCCAT-1,0.0007069092697319
GSE274934_AL08_AGCTCCTTCGGTTCGG-1,0.0284915170887632
GSE274934_AL08_AGCTCTCCAGTCAGAG-1,0.0
GSE274934_AL08_AGCTCTCGTACCGAGA-1,0.0038111630194246
GSE274934_AL08_AGCTCTCGTAGCGTCC-1,0.0225903614457831
GSE274934_AL08_AGCTCTCGTCTCACCT-1,0.0309195967543643
GSE274934_AL08_AGCTCTCGTGCAACTT-1,0.0
GSE274934_AL08_AGCTCTCTCACGCATA-1,0.0061470371281042
GSE274934_AL08_AGCTTGAAGGATGGAA-1,0.0
GSE274934_AL08_AGCTTGACACTCGACG-1,0.0012294074256208
GSE274934_AL08_AGCTTGACATCCAACA-1,0.0
GSE274934_AL08_AGCTTGACATTACCTT-1,0.0
GSE274934_AL08_AGCTTGAGTCTAAAGA-1,0.0
GSE274934_AL08_AGCTTGAGTCTCCATC-1,0.0004610277846078
GSE274934_AL08_AGCTTGAGTTCGTCTC-1,0.0
GSE274934_AL08_AGCTTGATCCACGTGG-1,0.0232972707155151
GSE274934_AL08_AGCTTGATCGCCCTTA-1,0.0
GSE274934_AL08_AGCTTGATCTGCGTAA-1,0.0
GSE274934_AL08_AGGCCACAGACCTAGG-1,0.0
GSE274934_AL08_AGGCCACAGTTTCCTT-1,0.0
GSE274934_AL08_AGGCCACCAATGAATG-1,0.0
GSE274934_AL08_AGGCCACCATACAGCT-1,0.0
GSE274934_AL08_AGGCCACCATCCTTGC-1,0.0
GSE274934_AL08_AGGCCACTCACAATGC-1,0.0060240963855421
GSE274934_AL08_AGGCCACTCAGAGCTT-1,0.0111876075731497
GSE274934_AL08_AGGCCACTCGGAATCT-1,0.0229899188591099
GSE274934_AL08_AGGCCGTAGTGACTCT-1,0.0
GSE274934_AL08_AGGCCGTCAAGCCGCT-1,0.0
GSE274934_AL08_AGGCCGTCACCATCCT-1,0.0089132038357511
GSE274934_AL08_AGGCCGTCAGACGCTC-1,0.0055323334152938
GSE274934_AL08_AGGCCGTGTCGGCTCA-1,0.0069461519547578
GSE274934_AL08_AGGCCGTGTGGCGAAT-1,0.0102962871895746
GSE274934_AL08_AGGCCGTTCAGGCAAG-1,0.0
GSE274934_AL08_AGGCCGTTCTCTGAGA-1,0.0
GSE274934_AL08_AGGGAGTAGCAAATCA-1,0.0061163019424637
GSE274934_AL08_AGGGAGTCAAACCTAC-1,0.0046717482173592
GSE274934_AL08_AGGGAGTCACAAGACG-1,0.0
GSE274934_AL08_AGGGAGTCACTATCTT-1,0.0312884189820506
GSE274934_AL08_AGGGAGTCAGGAATCG-1,0.026770346692894
GSE274934_AL08_AGGGAGTCATCACAAC-1,0.0093742316203589
GSE274934_AL08_AGGGAGTCATGATCCA-1,0.0222830095893779
GSE274934_AL08_AGGGAGTGTGCTAGCC-1,0.0
GSE274934_AL08_AGGGAGTGTGTTTGTG-1,0.013738627981313
GSE274934_AL08_AGGGAGTGTTCGGCAC-1,0.011679370543398
GSE274934_AL08_AGGGAGTTCAAGCCTA-1,0.0
GSE274934_AL08_AGGGAGTTCACGCATA-1,0.0
GSE274934_AL08_AGGGAGTTCATAGCAC-1,0.0
GSE274934_AL08_AGGGAGTTCCAAGCCG-1,0.0
GSE274934_AL08_AGGGAGTTCGCCTGAG-1,0.0027661667076469
GSE274934_AL08_AGGGATGAGCCTATGT-1,0.0
GSE274934_AL08_AGGGATGAGTTAGGTA-1,0.0
GSE274934_AL08_AGGGATGCAACTGCGC-1,0.0
GSE274934_AL08_AGGGATGCAGCTCCGA-1,0.0
GSE274934_AL08_AGGGATGTCACCGGGT-1,0.0027969018932874
GSE274934_AL08_AGGGATGTCCTCTAGC-1,0.0071920334398819
GSE274934_AL08_AGGGTGAAGTTGAGAT-1,0.0037496926481435
GSE274934_AL08_AGGGTGACAACACCCG-1,0.0
GSE274934_AL08_AGGGTGACACAAGTAA-1,0.0062085074993852
GSE274934_AL08_AGGGTGACAGCCAGAA-1,0.0217297762478485
GSE274934_AL08_AGGGTGACATGGTAGG-1,0.0032886648635357
GSE274934_AL08_AGGGTGACATGGTCTA-1,0.0
GSE274934_AL08_AGGGTGAGTAGCACGA-1,0.0
GSE274934_AL08_AGGGTGAGTTGTCTTT-1,0.0095893779198426
GSE274934_AL08_AGGGTGATCGCATGAT-1,0.0
GSE274934_AL08_AGGGTGATCGGCTTGG-1,0.0090361445783132
GSE274934_AL08_AGGTCATAGAATTCCC-1,0.0
GSE274934_AL08_AGGTCATAGACAGGCT-1,0.0
GSE274934_AL08_AGGTCATAGCAGGTCA-1,0.0
GSE274934_AL08_AGGTCATAGGAGTACC-1,0.0
GSE274934_AL08_AGGTCATAGTTCGCGC-1,0.0
GSE274934_AL08_AGGTCATCAAGCCGTC-1,0.0228669781165478
GSE274934_AL08_AGGTCATCAATAGAGT-1,0.0
GSE274934_AL08_AGGTCATCACATGGGA-1,0.0408163265306122
GSE274934_AL08_AGGTCATGTCGCATAT-1,0.0
GSE274934_AL08_AGGTCATGTTACCAGT-1,0.0
GSE274934_AL08_AGGTCATTCCCTCAGT-1,0.0046102778460781
GSE274934_AL08_AGGTCCGAGACTGGGT-1,0.0
GSE274934_AL08_AGGTCCGAGCTAACTC-1,0.0142303909515613
GSE274934_AL08_AGGTCCGAGGTAGCCA-1,0.0098659945906073
GSE274934_AL08_AGGTCCGCAGACAAAT-1,0.0
GSE274934_AL08_AGGTCCGGTAGTACCT-1,0.0177342021145807
GSE274934_AL08_AGGTCCGGTTACTGAC-1,0.0
GSE274934_AL08_AGGTCCGTCAGTGTTG-1,0.0170580280304893
GSE274934_AL08_AGGTCCGTCATTCACT-1,0.0
GSE274934_AL08_AGGTCCGTCGGAGGTA-1,0.0200700762232603
GSE274934_AL08_AGTAGTCCATCATCCC-1,0.0
GSE274934_AL08_AGTAGTCGTACCGGCT-1,0.0161359724612736
GSE274934_AL08_AGTAGTCGTCAGCTAT-1,0.0
GSE274934_AL08_AGTAGTCGTCGAATCT-1,0.0
GSE274934_AL08_AGTAGTCTCCTGCAGG-1,0.0
GSE274934_AL08_AGTAGTCTCTTGTCAT-1,0.0042721908040324
GSE274934_AL08_AGTCTTTAGTCCTCCT-1,0.0140152446520776
GSE274934_AL08_AGTCTTTCACGTGAGA-1,0.0
GSE274934_AL08_AGTCTTTCAGACGTAG-1,0.0101118760757314
GSE274934_AL08_AGTCTTTCAGTACACT-1,0.0
GSE274934_AL08_AGTCTTTCATTTCACT-1,0.0
GSE274934_AL08_AGTCTTTGTGCGATAG-1,0.0
GSE274934_AL08_AGTCTTTGTGTGCGTC-1,0.0
GSE274934_AL08_AGTCTTTTCTGTCCGT-1,0.0
GSE274934_AL08_AGTGAGGAGCAATCTC-1,0.0
GSE274934_AL08_AGTGAGGCAGTAACGG-1,0.0
GSE274934_AL08_AGTGAGGCAGTGAGTG-1,0.0060548315711826
GSE274934_AL08_AGTGAGGCATCCGGGT-1,0.0421072043275141
GSE274934_AL08_AGTGAGGGTAGGAGTC-1,0.0285222522744037
GSE274934_AL08_AGTGAGGGTGGCAAAC-1,0.0096508482911236
GSE274934_AL08_AGTGAGGTCGCTTGTC-1,0.0
GSE274934_AL08_AGTGGGAAGGCTACGA-1,0.0
GSE274934_AL08_AGTGGGACAAACTGTC-1,0.0
GSE274934_AL08_AGTGGGAGTTGGTTTG-1,0.0067310056552741
GSE274934_AL08_AGTGGGATCGGAAACG-1,0.0070690926973198
GSE274934_AL08_AGTGGGATCTTTCCTC-1,0.0328559134497172
GSE274934_AL08_AGTGTCAAGTACACCT-1,0.0
GSE274934_AL08_AGTGTCACATTCGACA-1,0.0
GSE274934_AL08_AGTGTCAGTTATTCTC-1,0.0
GSE274934_AL08_AGTGTCATCTGACCTC-1,0.0
GSE274934_AL08_AGTGTCATCTGCTGTC-1,0.0
GSE274934_AL08_AGTTGGTAGCCTCGTG-1,0.0329788541922793
GSE274934_AL08_AGTTGGTAGTACGTAA-1,0.0114949594295549
GSE274934_AL08_AGTTGGTCAATGGTCT-1,0.0
GSE274934_AL08_AGTTGGTCACATGTGT-1,0.0305815097123186
GSE274934_AL08_AGTTGGTCACTTAACG-1,0.0066388000983525
GSE274934_AL08_AGTTGGTCAGACTCGC-1,0.0034730759773789
GSE274934_AL08_AGTTGGTCAGTCAGAG-1,0.0
GSE274934_AL08_AGTTGGTCATATACCG-1,0.0143225965084829
GSE274934_AL08_AGTTGGTCATGCTGGC-1,0.0103270223752151
GSE274934_AL08_AGTTGGTGTCCGACGT-1,0.0
GSE274934_AL08_AGTTGGTTCAAGATCC-1,0.0
GSE274934_AL08_AGTTGGTTCCGAACGC-1,0.0262785837226456
GSE274934_AL08_AGTTGGTTCGCTAGCG-1,0.0
GSE274934_AL08_AGTTGGTTCTTAGAGC-1,0.0295057782149004
GSE274934_AL08_ATAACGCAGCCCGAAA-1,0.0143225965084829
GSE274934_AL08_ATAACGCAGGTGCAAC-1,0.0
GSE274934_AL08_ATAACGCCAAGTTAAG-1,0.0033808704204573
GSE274934_AL08_ATAACGCCACGACGAA-1,0.0
GSE274934_AL08_ATAACGCCATCACGTA-1,0.0173346447012539
GSE274934_AL08_ATAACGCCATCGGTTA-1,0.0
GSE274934_AL08_ATAACGCGTAACGACG-1,0.0
GSE274934_AL08_ATAACGCGTAACGCGA-1,0.0
GSE274934_AL08_ATAACGCGTACAGTTC-1,0.0
GSE274934_AL08_ATAACGCGTATGCTTG-1,0.0
GSE274934_AL08_ATAACGCTCAGGTTCA-1,0.0
GSE274934_AL08_ATAACGCTCGCGATCG-1,0.0
GSE274934_AL08_ATAACGCTCTTTACGT-1,0.0
GSE274934_AL08_ATAAGAGAGAGCAATT-1,0.0
GSE274934_AL08_ATAAGAGAGCCAACAG-1,0.0149065650356528
GSE274934_AL08_ATAAGAGAGGGTCGAT-1,0.0072227686255224
GSE274934_AL08_ATAAGAGAGTCCGGTC-1,0.0
GSE274934_AL08_ATAAGAGAGTGGAGTC-1,0.0
GSE274934_AL08_ATAAGAGCACATCCGG-1,0.0
GSE274934_AL08_ATAAGAGCACCGGAAA-1,0.0117715761003196
GSE274934_AL08_ATAAGAGCAGATCTGT-1,0.0115871649864765
GSE274934_AL08_ATAAGAGCAGCGTAAG-1,0.0093434964347184
GSE274934_AL08_ATAAGAGCATACCATG-1,0.0
GSE274934_AL08_ATAAGAGCATTCTCAT-1,0.0
GSE274934_AL08_ATAAGAGGTTACGGAG-1,0.0
GSE274934_AL08_ATAAGAGTCTTATCTG-1,0.0
GSE274934_AL08_ATAGACCCACCGGAAA-1,0.0142611261372018
GSE274934_AL08_ATAGACCGTAAGTGTA-1,0.0
GSE274934_AL08_ATAGACCGTGTGTGCC-1,0.0414617654290631
GSE274934_AL08_ATAGACCTCCACGAAT-1,0.0138308335382345
GSE274934_AL08_ATCACGAAGGCCCGTT-1,0.0
GSE274934_AL08_ATCACGAAGTAGGTGC-1,0.0
GSE274934_AL08_ATCACGACAGGGATTG-1,0.0
GSE274934_AL08_ATCACGAGTATCAGTC-1,0.0
GSE274934_AL08_ATCACGAGTGGTAACG-1,0.0
GSE274934_AL08_ATCATCTAGAGTACCG-1,0.0019977870666338
GSE274934_AL08_ATCATCTCAGATTGCT-1,0.0
GSE274934_AL08_ATCATCTCAGGCTGAA-1,0.0
GSE274934_AL08_ATCATCTCATGCCTAA-1,0.0
GSE274934_AL08_ATCATCTGTATGGTTC-1,0.0
GSE274934_AL08_ATCATCTGTCACTTCC-1,0.0
GSE274934_AL08_ATCATCTGTCCGAAGA-1,0.0053171871158101
GSE274934_AL08_ATCATCTGTTCACGGC-1,0.0
GSE274934_AL08_ATCATCTTCCTCTAGC-1,0.0224981558888615
GSE274934_AL08_ATCATGGAGATCCGAG-1,0.0002766166707646
GSE274934_AL08_ATCATGGAGCACAGGT-1,0.0074686501106466
GSE274934_AL08_ATCATGGCAGTGAGTG-1,0.0256638800098352
GSE274934_AL08_ATCATGGCATGCCACG-1,0.0212687484632407
GSE274934_AL08_ATCATGGGTATCTGCA-1,0.0
GSE274934_AL08_ATCATGGGTGCGCTTG-1,0.0
GSE274934_AL08_ATCATGGGTTCCGTCT-1,0.0
GSE274934_AL08_ATCATGGTCCGTTGCT-1,0.0
GSE274934_AL08_ATCATGGTCTTGCATT-1,0.0
GSE274934_AL08_ATCATGGTCTTTCCTC-1,0.0067310056552741
GSE274934_AL08_ATCCACCAGACGCTTT-1,0.0013523481681829
GSE274934_AL08_ATCCACCAGACTTTCG-1,0.0
GSE274934_AL08_ATCCACCAGTACGACG-1,0.0
GSE274934_AL08_ATCCACCAGTACTTGC-1,0.0
GSE274934_AL08_ATCCACCAGTCACGCC-1,0.0
GSE274934_AL08_ATCCACCAGTGTACCT-1,0.0
GSE274934_AL08_ATCCACCCACGTCTCT-1,0.0188406687976395
GSE274934_AL08_ATCCACCCAGTGAGTG-1,0.0243730022129333
GSE274934_AL08_ATCCACCGTCTTGCGG-1,0.0
GSE274934_AL08_ATCCACCGTGGTCCGT-1,0.0004610277846078
GSE274934_AL08_ATCCACCTCGGTCCGA-1,0.0009220555692156
GSE274934_AL08_ATCCACCTCGTCCAGG-1,0.0
GSE274934_AL08_ATCCGAACACAGATTC-1,0.002243668551758
GSE274934_AL08_ATCCGAACAGGGATTG-1,0.0
GSE274934_AL08_ATCCGAAGTATCAGTC-1,0.0143225965084829
GSE274934_AL08_ATCCGAAGTCGCTTCT-1,0.0
GSE274934_AL08_ATCCGAATCCACGACG-1,0.0
GSE274934_AL08_ATCCGAATCGCAAACT-1,0.010972461273666
GSE274934_AL08_ATCGAGTCAAATACAG-1,0.0036267519055815
GSE274934_AL08_ATCGAGTCAGCTTCGG-1,0.0030735185640521
GSE274934_AL08_ATCGAGTCATTTCACT-1,0.0
GSE274934_AL08_ATCGAGTGTCGCGGTT-1,0.0
GSE274934_AL08_ATCGAGTGTGATAAAC-1,0.0027661667076469
GSE274934_AL08_ATCGAGTTCAAACCGT-1,0.0
GSE274934_AL08_ATCGAGTTCACCGTAA-1,0.0
GSE274934_AL08_ATCGAGTTCATCGCTC-1,0.0
GSE274934_AL08_ATCTACTAGAGTGAGA-1,0.0
GSE274934_AL08_ATCTACTCAAGGACTG-1,0.0011679370543398
GSE274934_AL08_ATCTACTCAGGTCTCG-1,0.0
GSE274934_AL08_ATCTACTCAGTACACT-1,0.0015674944676665
GSE274934_AL08_ATCTACTGTAGCGCAA-1,0.0091590853208753
GSE274934_AL08_ATCTACTGTCCGACGT-1,0.015213916892058
GSE274934_AL08_ATCTACTTCACTCCTG-1,0.0
GSE274934_AL08_ATCTACTTCAGAGACG-1,0.0
GSE274934_AL08_ATCTACTTCATAAAGG-1,0.0
GSE274934_AL08_ATCTGCCAGAGTAATC-1,0.0
GSE274934_AL08_ATCTGCCAGCCCTAAT-1,0.0098967297762478
GSE274934_AL08_ATCTGCCCATGTCCTC-1,0.0
GSE274934_AL08_ATCTGCCGTAAGGGAA-1,0.0
GSE274934_AL08_ATCTGCCGTACATCCA-1,0.0386033931644947
GSE274934_AL08_ATCTGCCGTCACAAGG-1,0.0
GSE274934_AL08_ATCTGCCGTGCTCTTC-1,0.0
GSE274934_AL08_ATCTGCCGTGTGGTTT-1,0.0
GSE274934_AL08_ATCTGCCGTTGGAGGT-1,0.0033501352348168
GSE274934_AL08_ATCTGCCTCGACAGCC-1,0.005071305630686
GSE274934_AL08_ATCTGCCTCTCTAAGG-1,0.0
GSE274934_AL08_ATGAGGGCACGCGAAA-1,0.0
GSE274934_AL08_ATGAGGGCATGTAGTC-1,0.0
GSE274934_AL08_ATGAGGGCATGTTCCC-1,0.0020285222522744
GSE274934_AL08_ATGAGGGCATTATCTC-1,0.0230821244160314
GSE274934_AL08_ATGAGGGGTTGTGGCC-1,0.0
GSE274934_AL08_ATGAGGGTCACCGTAA-1,0.0
GSE274934_AL08_ATGAGGGTCCCACTTG-1,0.0136464224243914
GSE274934_AL08_ATGAGGGTCCCTCTTT-1,0.0
GSE274934_AL08_ATGAGGGTCCTTCAAT-1,0.0
GSE274934_AL08_ATGAGGGTCTTCGGTC-1,0.0335628227194492
GSE274934_AL08_ATGCGATAGTACCGGA-1,0.0179186132284239
GSE274934_AL08_ATGCGATCACCTATCC-1,0.0
GSE274934_AL08_ATGCGATCATCAGTCA-1,0.0085751167937054
GSE274934_AL08_ATGCGATCATCCGCGA-1,0.0097430538480452
GSE274934_AL08_ATGCGATCATTCTCAT-1,0.0
GSE274934_AL08_ATGCGATGTAGCGTCC-1,0.0
GSE274934_AL08_ATGCGATGTCTTGCGG-1,0.0003688222276862
GSE274934_AL08_ATGCGATTCAACGGCC-1,0.0205003688222276
GSE274934_AL08_ATGCGATTCATGCATG-1,0.0
GSE274934_AL08_ATGCGATTCATTTGGG-1,0.0
GSE274934_AL08_ATGCGATTCGATCCCT-1,0.0
GSE274934_AL08_ATGCGATTCTGATACG-1,0.0086058519793459
GSE274934_AL08_ATGGGAGAGAAGGTTT-1,0.0
GSE274934_AL08_ATGGGAGAGGGTTCCC-1,0.0146606835505286
GSE274934_AL08_ATGGGAGCACCAGGTC-1,0.0380501598229653
GSE274934_AL08_ATGGGAGCAGACGTAG-1,0.0
GSE274934_AL08_ATGGGAGCAGATCTGT-1,0.0
GSE274934_AL08_ATGGGAGCAGCTCGCA-1,0.0
GSE274934_AL08_ATGGGAGCATTAACCG-1,0.0119252520285222
GSE274934_AL08_ATGGGAGGTAAGGATT-1,0.0096201131054831
GSE274934_AL08_ATGTGTGAGAATCTCC-1,0.0083907056798623
GSE274934_AL08_ATGTGTGAGTTGCAGG-1,0.0465330710597492
GSE274934_AL08_ATGTGTGCAATACGCT-1,0.0
GSE274934_AL08_ATGTGTGCATCCAACA-1,0.0
GSE274934_AL08_ATGTGTGGTAGAAAGG-1,0.0
GSE274934_AL08_ATGTGTGGTATTACCG-1,0.0
GSE274934_AL08_ATGTGTGGTCGACTAT-1,0.0122326038849274
GSE274934_AL08_ATGTGTGGTCTTCAAG-1,0.0
GSE274934_AL08_ATGTGTGGTTGGAGGT-1,0.0
GSE274934_AL08_ATTACTCAGAGTACAT-1,0.0100504057044504
GSE274934_AL08_ATTACTCAGGCTCTTA-1,0.0
GSE274934_AL08_ATTACTCAGTGAAGAG-1,0.0261863781657241
GSE274934_AL08_ATTACTCCACGAAGCA-1,0.0
GSE274934_AL08_ATTACTCCATCGGGTC-1,0.0
GSE274934_AL08_ATTACTCGTCTGCCAG-1,0.0
GSE274934_AL08_ATTACTCGTGCATCTA-1,0.0
GSE274934_AL08_ATTACTCTCGGTCTAA-1,0.0
GSE274934_AL08_ATTACTCTCGTCCGTT-1,0.0058089500860585
GSE274934_AL08_ATTATCCAGAGGGCTT-1,0.0
GSE274934_AL08_ATTATCCAGCGGCTTC-1,0.0
GSE274934_AL08_ATTATCCCAACGATGG-1,0.0
GSE274934_AL08_ATTATCCCAAGGTTCT-1,0.0
GSE274934_AL08_ATTATCCCAAGGTTTC-1,0.0031349889353331
GSE274934_AL08_ATTATCCCACACGCTG-1,0.0003380870420457
GSE274934_AL08_ATTATCCCAGCATGAG-1,0.0077452667814113
GSE274934_AL08_ATTATCCCATGCCACG-1,0.0
GSE274934_AL08_ATTATCCGTTCGCGAC-1,0.0
GSE274934_AL08_ATTATCCGTTCTCATT-1,0.002243668551758
GSE274934_AL08_ATTCTACAGAAGGGTA-1,0.0334706171625276
GSE274934_AL08_ATTCTACAGAGTCTGG-1,0.0114334890582739
GSE274934_AL08_ATTCTACAGCGTTCCG-1,0.0
GSE274934_AL08_ATTCTACCACATTAGC-1,0.0
GSE274934_AL08_ATTCTACGTACCGTTA-1,0.0049791000737644
GSE274934_AL08_ATTCTACGTCCGTTAA-1,0.0258790263093189
GSE274934_AL08_ATTCTACGTTAAGATG-1,0.0044873371035161
GSE274934_AL08_ATTCTACTCACAACGT-1,0.0160437669043521
GSE274934_AL08_ATTCTACTCAGGATCT-1,0.0091590853208753
GSE274934_AL08_ATTGGACAGTCCGTAT-1,0.0070076223260388
GSE274934_AL08_ATTGGACGTAAGGATT-1,0.039802065404475
GSE274934_AL08_ATTGGACGTTGACGTT-1,0.0
GSE274934_AL08_ATTGGACTCAAGATCC-1,0.0034116056060978
GSE274934_AL08_ATTGGACTCAGGCAAG-1,0.0
GSE274934_AL08_ATTGGACTCCTGCAGG-1,0.0321182689943447
GSE274934_AL08_ATTGGTGAGATGCGAC-1,0.0
GSE274934_AL08_ATTGGTGAGCATCATC-1,0.0135849520531104
GSE274934_AL08_ATTGGTGAGTGCGTGA-1,0.0
GSE274934_AL08_ATTGGTGAGTGTACTC-1,0.0150909761494959
GSE274934_AL08_ATTGGTGAGTGTCCAT-1,0.0
GSE274934_AL08_ATTGGTGCACATCCAA-1,0.0293213671010572
GSE274934_AL08_ATTGGTGCACCTATCC-1,0.0160130317187115
GSE274934_AL08_ATTGGTGCACCTGGTG-1,0.0
GSE274934_AL08_ATTGGTGCAGGGATTG-1,0.0009220555692156
GSE274934_AL08_ATTGGTGCAGGTCCAC-1,0.0
GSE274934_AL08_ATTGGTGGTGATAAAC-1,0.010972461273666
GSE274934_AL08_ATTGGTGTCCACGTGG-1,0.0120789279567248
GSE274934_AL08_ATTGGTGTCCCAAGTA-1,0.0061163019424637
GSE274934_AL08_ATTGGTGTCTCATTCA-1,0.0
GSE274934_AL08_ATTGGTGTCTCCGGTT-1,0.0367900172117039
GSE274934_AL08_ATTGGTGTCTTGTATC-1,0.0135234816818293
GSE274934_AL08_ATTTCTGAGCACACAG-1,0.0005839685271699
GSE274934_AL08_ATTTCTGAGCGAGAAA-1,0.0
GSE274934_AL08_ATTTCTGAGGGTCGAT-1,0.0097737890336857
GSE274934_AL08_ATTTCTGAGTCATCCA-1,0.0
GSE274934_AL08_ATTTCTGCACACGCTG-1,0.0100811408900909
GSE274934_AL08_ATTTCTGGTATTAGCC-1,0.0
GSE274934_AL08_ATTTCTGGTGTCTGAT-1,0.0
GSE274934_AL08_ATTTCTGTCATCGGAT-1,0.0089132038357511
GSE274934_AL08_ATTTCTGTCTACCAGA-1,0.0077452667814113
GSE274934_AL08_CAACCAAAGAATAGGG-1,0.0135849520531104
GSE274934_AL08_CAACCAAAGCAGGTCA-1,0.0423838209982788
GSE274934_AL08_CAACCAAAGGGAAACA-1,0.0
GSE274934_AL08_CAACCAACAAGAGGCT-1,0.0
GSE274934_AL08_CAACCAACAATAGCGG-1,0.0034423407917383
GSE274934_AL08_CAACCAACAGGACCCT-1,0.00295057782149
GSE274934_AL08_CAACCAAGTACGAAAT-1,0.0
GSE274934_AL08_CAACCAAGTATATGGA-1,0.0145377428079665
GSE274934_AL08_CAACCAAGTTCACCTC-1,0.0356528153430046
GSE274934_AL08_CAACCAATCACCTTAT-1,0.0
GSE274934_AL08_CAACCAATCACTTCAT-1,0.0054093926727317
GSE274934_AL08_CAACCAATCCATGCTC-1,0.0
GSE274934_AL08_CAACCAATCGCCATAA-1,0.0139537742807966
GSE274934_AL08_CAACCAATCTTAGCCC-1,0.026770346692894
GSE274934_AL08_CAACCAATCTTTACGT-1,0.0118637816572412
GSE274934_AL08_CAACCTCAGCAATATG-1,0.0
GSE274934_AL08_CAACCTCAGTTTGCGT-1,0.0028583722645684
GSE274934_AL08_CAACCTCCATATGGTC-1,0.0056245389722153
GSE274934_AL08_CAACCTCGTACTTAGC-1,0.0
GSE274934_AL08_CAACCTCGTAGCGCAA-1,0.0049483648881239
GSE274934_AL08_CAACCTCGTTATGTGC-1,0.0
GSE274934_AL08_CAACCTCGTTGAGGTG-1,0.0
GSE274934_AL08_CAACTAGAGACAAAGG-1,0.0070998278829604
GSE274934_AL08_CAACTAGAGCAGGCTA-1,0.0
GSE274934_AL08_CAACTAGAGCTAACTC-1,0.0
GSE274934_AL08_CAACTAGAGCTCCTTC-1,0.0
GSE274934_AL08_CAACTAGAGGCTAGGT-1,0.0
GSE274934_AL08_CAACTAGCACCGTTGG-1,0.0
GSE274934_AL08_CAACTAGGTGCTTCTC-1,0.0073457093680845
GSE274934_AL08_CAACTAGTCCTTAATC-1,0.0
GSE274934_AL08_CAACTAGTCTCTAGGA-1,0.0049176297024834
GSE274934_AL08_CAAGAAAAGTTACCCA-1,0.0
GSE274934_AL08_CAAGAAACAAACGTGG-1,0.0
GSE274934_AL08_CAAGAAACAACGATCT-1,0.0
GSE274934_AL08_CAAGAAACAGCTGCAC-1,0.0006454388984509
GSE274934_AL08_CAAGAAACATACAGCT-1,0.0
GSE274934_AL08_CAAGAAAGTCCATCCT-1,0.0105421686746987
GSE274934_AL08_CAAGAAATCTAACTTC-1,0.0083907056798623
GSE274934_AL08_CAAGATCAGCTAGTGG-1,0.0
GSE274934_AL08_CAAGATCAGGGATGGG-1,0.0014138185394639
GSE274934_AL08_CAAGATCAGTGGAGAA-1,0.0
GSE274934_AL08_CAAGATCAGTGGCACA-1,0.0
GSE274934_AL08_CAAGATCCACGGACAA-1,0.024649618883698
GSE274934_AL08_CAAGATCCAGGTCCAC-1,0.0060548315711826
GSE274934_AL08_CAAGATCGTCCTCTTG-1,0.0
GSE274934_AL08_CAAGATCTCTACTATC-1,0.0083599704942217
GSE274934_AL08_CAAGGCCAGAGTACAT-1,0.0
GSE274934_AL08_CAAGGCCAGATGTTAG-1,0.008790263093189
GSE274934_AL08_CAAGGCCAGGTTCCTA-1,0.0
GSE274934_AL08_CAAGGCCAGTCACGCC-1,0.0041185148758298
GSE274934_AL08_CAAGGCCCAGGGTTAG-1,0.0
GSE274934_AL08_CAAGGCCCATCTCGCT-1,0.0
GSE274934_AL08_CAAGGCCGTCTGATTG-1,0.0
GSE274934_AL08_CAAGGCCGTTGTACAC-1,0.0
GSE274934_AL08_CAAGGCCTCGCAGGCT-1,0.0064543889845094
GSE274934_AL08_CAAGGCCTCGCTTGTC-1,0.0055323334152938
GSE274934_AL08_CAAGGCCTCGTTACAG-1,0.0068539463978362
GSE274934_AL08_CAAGGCCTCTCCTATA-1,0.0
GSE274934_AL08_CAAGTTGAGAACAACT-1,0.0128473075977378
GSE274934_AL08_CAAGTTGAGCTTTGGT-1,0.0121403983280059
GSE274934_AL08_CAAGTTGAGTAGATGT-1,0.0
GSE274934_AL08_CAAGTTGAGTTACCCA-1,0.0073764445537251
GSE274934_AL08_CAAGTTGCACATCCGG-1,0.0136464224243914
GSE274934_AL08_CAAGTTGCACGAGGTA-1,0.0
GSE274934_AL08_CAAGTTGCAGTATGCT-1,0.0142611261372018
GSE274934_AL08_CAAGTTGGTGGTGTAG-1,0.0034730759773789
GSE274934_AL08_CAAGTTGGTGTTCGAT-1,0.0171194984017703
GSE274934_AL08_CAAGTTGGTGTTTGTG-1,0.0010142611261372
GSE274934_AL08_CAAGTTGTCAACGGCC-1,0.0055938037865748
GSE274934_AL08_CAAGTTGTCGGATGGA-1,0.0
GSE274934_AL08_CAAGTTGTCTTCCTTC-1,0.0
GSE274934_AL08_CACAAACAGTCGTACT-1,0.0034423407917383
GSE274934_AL08_CACAAACCATCATCCC-1,0.0
GSE274934_AL08_CACAAACGTACAGCAG-1,0.0085136464224243
GSE274934_AL08_CACAAACGTCATTAGC-1,0.0
GSE274934_AL08_CACAAACTCCATGAAC-1,0.0
GSE274934_AL08_CACAAACTCGCCCTTA-1,0.0187177280550774
GSE274934_AL08_CACAAACTCGGTGTTA-1,0.0001844111138431
GSE274934_AL08_CACAAACTCTTCATGT-1,0.0
GSE274934_AL08_CACACAACACTACAGT-1,0.0002458814851241
GSE274934_AL08_CACACAACAGGGATTG-1,0.0022129333661175
GSE274934_AL08_CACACAAGTCAAACTC-1,0.0
GSE274934_AL08_CACACAAGTGACTCAT-1,0.0
GSE274934_AL08_CACACAATCACTATTC-1,0.0111876075731497
GSE274934_AL08_CACACAATCCCAAGAT-1,0.0
GSE274934_AL08_CACACAATCGTGGTCG-1,0.0
GSE274934_AL08_CACACAATCGTTGACA-1,0.0007376444553725
GSE274934_AL08_CACACAATCTAACTCT-1,0.018164494713548
GSE274934_AL08_CACACAATCTACTATC-1,0.0
GSE274934_AL08_CACACAATCTCAAGTG-1,0.0031042537496926
GSE274934_AL08_CACACAATCTCCAGGG-1,0.0
GSE274934_AL08_CACACCTAGAAACCTA-1,0.0163818539463978
GSE274934_AL08_CACACCTAGATCTGCT-1,0.0185333169412343
GSE274934_AL08_CACACCTAGATGGGTC-1,0.0
GSE274934_AL08_CACACCTAGCATGGCA-1,0.023174329972953
GSE274934_AL08_CACACCTCACAGACTT-1,0.0017826407671502
GSE274934_AL08_CACACCTCACGGTTTA-1,0.0
GSE274934_AL08_CACACCTCAGCCTATA-1,0.0
GSE274934_AL08_CACACCTCAGCCTTTC-1,0.0020285222522744
GSE274934_AL08_CACACCTCATACTCTT-1,0.0554155397098598
GSE274934_AL08_CACACCTGTAACGACG-1,0.0120174575854438
GSE274934_AL08_CACACCTGTAATAGCA-1,0.0259712318662404
GSE274934_AL08_CACACCTGTGAGCGAT-1,0.0
GSE274934_AL08_CACACCTGTGGTCCGT-1,0.0
GSE274934_AL08_CACACCTGTGTTAAGA-1,0.0076837964101303
GSE274934_AL08_CACACCTGTTCCAACA-1,0.0
GSE274934_AL08_CACACCTTCATGCTCC-1,0.0010449963117777
GSE274934_AL08_CACACCTTCCGTCAAA-1,0.0073457093680845
GSE274934_AL08_CACACCTTCGATCCCT-1,0.0
GSE274934_AL08_CACACCTTCTCGTTTA-1,0.0
GSE274934_AL08_CACACTCAGACTACAA-1,0.0
GSE274934_AL08_CACACTCAGCTTCGCG-1,0.0073457093680845
GSE274934_AL08_CACACTCAGTGGTCCC-1,0.0
GSE274934_AL08_CACACTCCATATGCTG-1,0.0
GSE274934_AL08_CACACTCCATTCGACA-1,0.018103024342267
GSE274934_AL08_CACACTCGTGGGTCAA-1,0.0128473075977378
GSE274934_AL08_CACACTCGTTAAAGAC-1,0.0043029259896729
GSE274934_AL08_CACACTCTCACTATTC-1,0.0
GSE274934_AL08_CACACTCTCGACAGCC-1,0.0
GSE274934_AL08_CACACTCTCGCATGAT-1,0.0
GSE274934_AL08_CACACTCTCTAGAGTC-1,0.0054093926727317
GSE274934_AL08_CACACTCTCTGTCTCG-1,0.0
GSE274934_AL08_CACAGGCAGCTAGGCA-1,0.0
GSE274934_AL08_CACAGGCAGTACCGGA-1,0.0200393410376198
GSE274934_AL08_CACAGGCAGTGATCGG-1,0.0154905335628227
GSE274934_AL08_CACAGGCCAAAGGCGT-1,0.0
GSE274934_AL08_CACAGGCCACAACTGT-1,0.0
GSE274934_AL08_CACAGGCCACAGACAG-1,0.0132776001967051
GSE274934_AL08_CACAGGCGTCCAGTAT-1,0.0232972707155151
GSE274934_AL08_CACAGGCTCTGACCTC-1,0.0
GSE274934_AL08_CACAGTAAGGATGGTC-1,0.0125706909269731
GSE274934_AL08_CACAGTACACCCTATC-1,0.0
GSE274934_AL08_CACAGTACAGTGGAGT-1,0.0182567002704696
GSE274934_AL08_CACAGTACATCCCACT-1,0.0
GSE274934_AL08_CACAGTAGTACCATCA-1,0.010849520531104
GSE274934_AL08_CACAGTAGTACGACCC-1,0.0115256946151954
GSE274934_AL08_CACAGTAGTAGAGTGC-1,0.0274157855913449
GSE274934_AL08_CACAGTAGTCTTTCAT-1,0.0
GSE274934_AL08_CACAGTAGTGAGCGAT-1,0.0
GSE274934_AL08_CACAGTAGTTAGGGTG-1,0.0
GSE274934_AL08_CACAGTATCAGTGCAT-1,0.0
GSE274934_AL08_CACAGTATCGTGGTCG-1,0.03184165232358
GSE274934_AL08_CACATAGAGAGACTAT-1,0.0
GSE274934_AL08_CACATAGAGCGGATCA-1,0.0
GSE274934_AL08_CACATAGAGGAACTGC-1,0.0
GSE274934_AL08_CACATAGAGGTGATTA-1,0.0
GSE274934_AL08_CACATAGGTAACGTTC-1,0.0
GSE274934_AL08_CACATAGGTAAGAGAG-1,0.0
GSE274934_AL08_CACATAGGTACCAGTT-1,0.0
GSE274934_AL08_CACATAGGTAGCAAAT-1,0.0288910745020899
GSE274934_AL08_CACATAGGTAGCCTAT-1,0.0
GSE274934_AL08_CACATAGTCCGCTGTT-1,0.0
GSE274934_AL08_CACATAGTCCGTAGTA-1,0.0
GSE274934_AL08_CACATAGTCTGATACG-1,0.0294443078436193
GSE274934_AL08_CACATTTAGCCGCCTA-1,0.0
GSE274934_AL08_CACATTTAGCTAACTC-1,0.0068846815834767
GSE274934_AL08_CACATTTCAACTTGAC-1,0.0055015982296533
GSE274934_AL08_CACATTTCAAGTCATC-1,0.0037804278337841
GSE274934_AL08_CACATTTCAGGTCGTC-1,0.0
GSE274934_AL08_CACATTTCATCCTTGC-1,0.0102962871895746
GSE274934_AL08_CACATTTGTAAGAGAG-1,0.0
GSE274934_AL08_CACATTTGTCGACTAT-1,0.0
GSE274934_AL08_CACATTTGTTACCGAT-1,0.0032886648635357
GSE274934_AL08_CACATTTGTTCCGTCT-1,0.0048561593312023
GSE274934_AL08_CACATTTTCCCGACTT-1,0.0
GSE274934_AL08_CACATTTTCTAGAGTC-1,0.0
GSE274934_AL08_CACATTTTCTCGATGA-1,0.0
GSE274934_AL08_CACATTTTCTTCCTTC-1,0.0069154167691172
GSE274934_AL08_CACCACTAGGACACCA-1,0.0
GSE274934_AL08_CACCACTAGTTGAGAT-1,0.0
GSE274934_AL08_CACCACTGTATATCCG-1,0.0
GSE274934_AL08_CACCACTGTCGCTTCT-1,0.0
GSE274934_AL08_CACCACTGTTCCCTTG-1,0.0
GSE274934_AL08_CACCACTTCAGCCTAA-1,0.0062085074993852
GSE274934_AL08_CACCACTTCGCCCTTA-1,0.0023973444799606
GSE274934_AL08_CACCAGGAGCTACCGC-1,0.0033808704204573
GSE274934_AL08_CACCAGGAGGTGTTAA-1,0.0
GSE274934_AL08_CACCAGGAGTTGAGAT-1,0.0
GSE274934_AL08_CACCAGGCAGCATGAG-1,0.0227747725596262
GSE274934_AL08_CACCAGGCAGTCACTA-1,0.0102348168182935
GSE274934_AL08_CACCAGGCATGCAACT-1,0.0
GSE274934_AL08_CACCAGGTCACTCTTA-1,0.0
GSE274934_AL08_CACCAGGTCGCCGTGA-1,0.0367592820260634
GSE274934_AL08_CACCTTGAGGACGAAA-1,0.0
GSE274934_AL08_CACCTTGAGTAGATGT-1,0.0107265797885419
GSE274934_AL08_CACCTTGCAACAACCT-1,0.0165662650602409
GSE274934_AL08_CACCTTGCAGCGTCCA-1,0.0098967297762478
GSE274934_AL08_CACCTTGGTCCGTCAG-1,0.0160437669043521
GSE274934_AL08_CACCTTGGTGTCGCTG-1,0.0
GSE274934_AL08_CACCTTGGTTTCCACC-1,0.0077145315957708
GSE274934_AL08_CACCTTGTCCGCGTTT-1,0.0
GSE274934_AL08_CACTCCAAGATCGATA-1,0.0
GSE274934_AL08_CACTCCAAGTTGAGAT-1,0.0
GSE274934_AL08_CACTCCACAAGACGTG-1,0.0
GSE274934_AL08_CACTCCACACGCGAAA-1,0.016750676174084
GSE274934_AL08_CACTCCACAGCTCGCA-1,0.0
GSE274934_AL08_CACTCCAGTACATGTC-1,0.0192709613966068
GSE274934_AL08_CACTCCAGTATAGGTA-1,0.0017519055815097
GSE274934_AL08_CACTCCAGTCATATGC-1,0.0112183427587902
GSE274934_AL08_CACTCCAGTGGAAAGA-1,0.0
GSE274934_AL08_CACTCCATCAGCACAT-1,0.0254487337103516
GSE274934_AL08_CACTCCATCGCGTAGC-1,0.0
GSE274934_AL08_CACTCCATCGGCGCTA-1,0.0
GSE274934_AL08_CACTCCATCGTGACAT-1,0.0072842389968035
GSE274934_AL08_CACTCCATCTCCCTGA-1,0.0
GSE274934_AL08_CAGAATCAGTATGACA-1,0.0177956724858618
GSE274934_AL08_CAGAATCAGTCGCCGT-1,0.0399864765183181
GSE274934_AL08_CAGAATCAGTGAATTG-1,0.0138923039095156
GSE274934_AL08_CAGAATCCAAGACGTG-1,0.0
GSE274934_AL08_CAGAATCCATGGTTGT-1,0.0181337595279075
GSE274934_AL08_CAGAATCTCCTAGGGC-1,0.0
GSE274934_AL08_CAGAGAGAGGATATAC-1,0.0
GSE274934_AL08_CAGAGAGAGGGTTCCC-1,0.0240041799852471
GSE274934_AL08_CAGAGAGAGTTACCCA-1,0.0063314482419473
GSE274934_AL08_CAGAGAGCAAACCCAT-1,0.0
GSE274934_AL08_CAGAGAGCACATTTCT-1,0.0007376444553725
GSE274934_AL08_CAGAGAGCAGTCTTCC-1,0.0
GSE274934_AL08_CAGAGAGCATCTGGTA-1,0.0082062945660191
GSE274934_AL08_CAGAGAGGTAAGAGAG-1,0.0
GSE274934_AL08_CAGAGAGGTGACGGTA-1,0.0
GSE274934_AL08_CAGAGAGGTTAAGGGC-1,0.0005839685271699
GSE274934_AL08_CAGAGAGTCCGAGCCA-1,0.0097123186624047
GSE274934_AL08_CAGAGAGTCTGGCGAC-1,0.0
GSE274934_AL08_CAGATCAAGTTAGCGG-1,0.010910990902385
GSE274934_AL08_CAGATCACAATGAAAC-1,0.0
GSE274934_AL08_CAGATCACATTATCTC-1,0.0131546594541431
GSE274934_AL08_CAGATCAGTAGCGTAG-1,0.0
GSE274934_AL08_CAGATCAGTCAATACC-1,0.0
GSE274934_AL08_CAGATCAGTTTGTTTC-1,0.0059933611999016
GSE274934_AL08_CAGATCATCCTTTACA-1,0.0047946889599213
GSE274934_AL08_CAGATCATCGCCGTGA-1,0.0
GSE274934_AL08_CAGCAGCAGATCCCAT-1,0.0
GSE274934_AL08_CAGCAGCAGCTACCGC-1,0.0
GSE274934_AL08_CAGCAGCCAGTAGAGC-1,0.0020899926235554
GSE274934_AL08_CAGCAGCCATCCAACA-1,0.0117101057290386
GSE274934_AL08_CAGCAGCGTCGAACAG-1,0.0
GSE274934_AL08_CAGCAGCGTCTGCCAG-1,0.0
GSE274934_AL08_CAGCAGCTCCTCCTAG-1,0.0243422670272928
GSE274934_AL08_CAGCAGCTCGACGGAA-1,0.0
GSE274934_AL08_CAGCAGCTCTCTAGGA-1,0.0118330464716006
GSE274934_AL08_CAGCATAAGAGACTAT-1,0.0069461519547578
GSE274934_AL08_CAGCATAAGGGTGTTG-1,0.0121096631423653
GSE274934_AL08_CAGCATACACCACGTG-1,0.0
GSE274934_AL08_CAGCATACACTATCTT-1,0.0112798131300713
GSE274934_AL08_CAGCATACACTTCTGC-1,0.0
GSE274934_AL08_CAGCATACAGCCACCA-1,0.0268625522498155
GSE274934_AL08_CAGCATAGTACTCTCC-1,0.0141381853946397
GSE274934_AL08_CAGCATAGTTCTCATT-1,0.0
GSE274934_AL08_CAGCATATCACGCATA-1,0.0
GSE274934_AL08_CAGCATATCAGTCCCT-1,0.0
GSE274934_AL08_CAGCATATCGGGAGTA-1,0.0126014261126137
GSE274934_AL08_CAGCCGAAGGATGGTC-1,0.0063621834275879
GSE274934_AL08_CAGCCGAAGGGAAACA-1,0.0
GSE274934_AL08_CAGCCGAAGTCCGGTC-1,0.0091283501352348
GSE274934_AL08_CAGCCGACAAATCCGT-1,0.0
GSE274934_AL08_CAGCCGACACTTAAGC-1,0.0
GSE274934_AL08_CAGCCGACATTCTCAT-1,0.0118945168428817
GSE274934_AL08_CAGCCGAGTGATAAGT-1,0.0107880501598229
GSE274934_AL08_CAGCCGATCGTGACAT-1,0.0
GSE274934_AL08_CAGCGACAGCAGCCTC-1,0.0
GSE274934_AL08_CAGCGACAGGCATTGG-1,0.0004917629702483
GSE274934_AL08_CAGCGACCAGGCAGTA-1,0.014507007622326
GSE274934_AL08_CAGCGACGTAAGCACG-1,0.0056860093434964
GSE274934_AL08_CAGCGACGTACAGCAG-1,0.0054401278583722
GSE274934_AL08_CAGCGACGTGTGACGA-1,0.0
GSE274934_AL08_CAGCGACGTGTTTGTG-1,0.0
GSE274934_AL08_CAGCGACTCAGCAACT-1,0.0084521760511433
GSE274934_AL08_CAGCGACTCCAAATGC-1,0.0
GSE274934_AL08_CAGCTAAAGCCTTGAT-1,0.0005839685271699
GSE274934_AL08_CAGCTAAAGTGCGATG-1,0.0088824686501106
GSE274934_AL08_CAGCTAAGTTACGCGC-1,0.0077145315957708
GSE274934_AL08_CAGCTAAGTTCGAATC-1,0.0
GSE274934_AL08_CAGCTAATCCTGCAGG-1,0.0
GSE274934_AL08_CAGCTAATCCTGCCAT-1,0.0130624538972215
GSE274934_AL08_CAGCTGGAGCAATATG-1,0.0
GSE274934_AL08_CAGCTGGAGGCTCTTA-1,0.0156134743053848
GSE274934_AL08_CAGCTGGCAATAGAGT-1,0.0312884189820506
GSE274934_AL08_CAGCTGGCATGGGACA-1,0.0241885910990902
GSE274934_AL08_CAGCTGGCATGGTTGT-1,0.0
GSE274934_AL08_CAGCTGGGTAAGGGAA-1,0.0
GSE274934_AL08_CAGCTGGGTACACCGC-1,0.0
GSE274934_AL08_CAGCTGGGTATCTGCA-1,0.0076223260388492
GSE274934_AL08_CAGCTGGGTCCAGTTA-1,0.0459183673469387
GSE274934_AL08_CAGCTGGGTCCGAACC-1,0.0
GSE274934_AL08_CAGCTGGGTTAAGGGC-1,0.0073457093680845
GSE274934_AL08_CAGCTGGTCCCAGGTG-1,0.0027354315220063
GSE274934_AL08_CAGCTGGTCTAACTCT-1,0.0
GSE274934_AL08_CAGCTGGTCTTTACAC-1,0.0
GSE274934_AL08_CAGGTGCAGACCCACC-1,0.0
GSE274934_AL08_CAGGTGCAGGAGTACC-1,0.0
GSE274934_AL08_CAGGTGCCAAACAACA-1,0.0005839685271699
GSE274934_AL08_CAGGTGCCATCAGTAC-1,0.0195475780673715
GSE274934_AL08_CAGGTGCCATCCAACA-1,0.0020592574379149
GSE274934_AL08_CAGGTGCGTAGCAAAT-1,0.0
GSE274934_AL08_CAGGTGCGTCATGCAT-1,0.0
GSE274934_AL08_CAGGTGCGTGTCAATC-1,0.0
GSE274934_AL08_CAGGTGCTCCAGATCA-1,0.0121096631423653
GSE274934_AL08_CAGGTGCTCTTAGAGC-1,0.0
GSE274934_AL08_CAGTAACCACACTGCG-1,0.0100196705188099
GSE274934_AL08_CAGTAACCACATTCGA-1,0.0
GSE274934_AL08_CAGTAACCACGCGAAA-1,0.0185025817555938
GSE274934_AL08_CAGTAACGTCCCTTGT-1,0.0
GSE274934_AL08_CAGTAACGTGAGCGAT-1,0.0
GSE274934_AL08_CAGTAACTCTGGCGTG-1,0.0108187853454634
GSE274934_AL08_CAGTAACTCTGGTGTA-1,0.0
GSE274934_AL08_CAGTCCTAGACCTAGG-1,0.0031964593066142
GSE274934_AL08_CAGTCCTAGCGTTTAC-1,0.0
GSE274934_AL08_CAGTCCTCACCTTGTC-1,0.0
GSE274934_AL08_CAGTCCTCATGGTCAT-1,0.0
GSE274934_AL08_CAGTCCTCATTATCTC-1,0.0
GSE274934_AL08_CAGTCCTCATTCCTCG-1,0.0150602409638554
GSE274934_AL08_CAGTCCTCATTGGTAC-1,0.0050405704450454
GSE274934_AL08_CAGTCCTGTAGCACGA-1,0.0
GSE274934_AL08_CAGTCCTGTCTAGCCG-1,0.0006147037128104
GSE274934_AL08_CAGTCCTGTCTCACCT-1,0.0038418982050651
GSE274934_AL08_CAGTCCTTCATCGATG-1,0.03479223014507
GSE274934_AL08_CAGTCCTTCGTGTAGT-1,0.0301819522989918
GSE274934_AL08_CATATGGAGAGCTTCT-1,0.0
GSE274934_AL08_CATATGGAGTCGATAA-1,0.0
GSE274934_AL08_CATATGGCAAGCCATT-1,0.0
GSE274934_AL08_CATATGGCATTAACCG-1,0.0
GSE274934_AL08_CATATTCCAACTGCTA-1,0.0018133759527907
GSE274934_AL08_CATATTCCAAGCTGTT-1,0.0
GSE274934_AL08_CATATTCGTACCTACA-1,0.0
GSE274934_AL08_CATATTCGTACGCACC-1,0.0
GSE274934_AL08_CATATTCGTATGGTTC-1,0.0
GSE274934_AL08_CATATTCGTCATGCCG-1,0.0
GSE274934_AL08_CATATTCGTTTGTTGG-1,0.0127551020408163
GSE274934_AL08_CATATTCTCATTATCC-1,0.0
GSE274934_AL08_CATATTCTCCCACTTG-1,0.0
GSE274934_AL08_CATATTCTCTCTAGGA-1,0.0285529874600442
GSE274934_AL08_CATATTCTCTTTAGTC-1,0.0
GSE274934_AL08_CATCAAGAGACAATAC-1,0.0163818539463978
GSE274934_AL08_CATCAAGGTGGAAAGA-1,0.0
GSE274934_AL08_CATCAAGTCAACGGGA-1,0.0151831817064175
GSE274934_AL08_CATCAAGTCATGCTCC-1,0.0018133759527907
GSE274934_AL08_CATCAAGTCTAACTTC-1,0.0123555446274895
GSE274934_AL08_CATCAAGTCTGTGCAA-1,0.0135542168674698
GSE274934_AL08_CATCAGAAGCTAAACA-1,0.0249569707401032
GSE274934_AL08_CATCAGACAAAGGAAG-1,0.0071612982542414
GSE274934_AL08_CATCAGACAATTGCTG-1,0.0
GSE274934_AL08_CATCAGACAGTCCTTC-1,0.0
GSE274934_AL08_CATCAGAGTGGTTTCA-1,0.0084829112367838
GSE274934_AL08_CATCAGATCCATGCTC-1,0.0069154167691172
GSE274934_AL08_CATCAGATCCGCAAGC-1,0.0
GSE274934_AL08_CATCAGATCTGGGCCA-1,0.0
GSE274934_AL08_CATCCACAGATAGCAT-1,0.0091590853208753
GSE274934_AL08_CATCCACAGCCAGTTT-1,0.0
GSE274934_AL08_CATCCACAGCCCGAAA-1,0.0121711335136464
GSE274934_AL08_CATCCACCACAACGCC-1,0.0019363166953528
GSE274934_AL08_CATCCACCACGAAATA-1,0.0106651094172608
GSE274934_AL08_CATCCACCACGTTGGC-1,0.0011064666830587
GSE274934_AL08_CATCCACCAGTACACT-1,0.0
GSE274934_AL08_CATCCACCAGTGAGTG-1,0.0
GSE274934_AL08_CATCCACCAGTTTACG-1,0.0
GSE274934_AL08_CATCCACCATATACGC-1,0.0
GSE274934_AL08_CATCCACGTCCAGTTA-1,0.0
GSE274934_AL08_CATCCACGTGCAGACA-1,0.0046102778460781
GSE274934_AL08_CATCCACGTGTAAGTA-1,0.0
GSE274934_AL08_CATCCACGTTAAGATG-1,0.0208999262355544
GSE274934_AL08_CATCCACTCAGCACAT-1,0.0143533316941234
GSE274934_AL08_CATCCACTCCACGAAT-1,0.0057167445291369
GSE274934_AL08_CATCGAAAGAAGCCCA-1,0.0
GSE274934_AL08_CATCGAAAGCGCTCCA-1,0.0070690926973198
GSE274934_AL08_CATCGAACAAGTAATG-1,0.0033194000491762
GSE274934_AL08_CATCGAACACTGAAGG-1,0.0
GSE274934_AL08_CATCGAAGTGCAGTAG-1,0.0033501352348168
GSE274934_AL08_CATCGAAGTTCAGACT-1,0.0
GSE274934_AL08_CATCGAATCGATCCCT-1,0.0
GSE274934_AL08_CATCGAATCTCGGACG-1,0.0081140890090976
GSE274934_AL08_CATCGGGAGCACGCCT-1,0.0045488074747971
GSE274934_AL08_CATCGGGAGCCACGCT-1,0.0
GSE274934_AL08_CATCGGGAGCTAAGAT-1,0.0147221539218096
GSE274934_AL08_CATCGGGCACGAAATA-1,0.031073272682567
GSE274934_AL08_CATCGGGCAGGAATCG-1,0.0
GSE274934_AL08_CATCGGGCATTAGGCT-1,0.0163511187607573
GSE274934_AL08_CATCGGGGTATCACCA-1,0.0
GSE274934_AL08_CATCGGGGTCTGATCA-1,0.0
GSE274934_AL08_CATCGGGGTTTAGGAA-1,0.0
GSE274934_AL08_CATCGGGGTTTGGGCC-1,0.0
GSE274934_AL08_CATCGGGTCACCTTAT-1,0.0
GSE274934_AL08_CATCGGGTCTGCCCTA-1,0.0
GSE274934_AL08_CATCGGGTCTTGTACT-1,0.0067617408409146
GSE274934_AL08_CATGACAAGACAGGCT-1,0.0013216129825424
GSE274934_AL08_CATGACAAGCTATGCT-1,0.0
GSE274934_AL08_CATGACAAGGATATAC-1,0.0
GSE274934_AL08_CATGACAAGGGTGTTG-1,0.0076223260388492
GSE274934_AL08_CATGACAAGTGATCGG-1,0.0
GSE274934_AL08_CATGACACAAACGCGA-1,0.0097737890336857
GSE274934_AL08_CATGACATCTTGTCAT-1,0.0
GSE274934_AL08_CATGCCTAGGACTGGT-1,0.0
GSE274934_AL08_CATGCCTAGTACTTGC-1,0.0
GSE274934_AL08_CATGCCTAGTTTCCTT-1,0.0
GSE274934_AL08_CATGCCTGTATTCGTG-1,0.0
GSE274934_AL08_CATGCCTGTCCATGAT-1,0.0031964593066142
GSE274934_AL08_CATGCCTGTCGTCTTC-1,0.0
GSE274934_AL08_CATGCCTTCACATAGC-1,0.0
GSE274934_AL08_CATGCCTTCCGAGCCA-1,0.0169350872879272
GSE274934_AL08_CATGCCTTCCGGGTGT-1,0.0083292353085812
GSE274934_AL08_CATGCCTTCTCTGCTG-1,0.0110339316449471
GSE274934_AL08_CATGCCTTCTGTCTAT-1,0.0
GSE274934_AL08_CATGGCGAGTCTCCTC-1,0.0416154413572657
GSE274934_AL08_CATGGCGCACCCATTC-1,0.0
GSE274934_AL08_CATGGCGCATGCTGGC-1,0.0
GSE274934_AL08_CATGGCGTCGCCAAAT-1,0.003657487091222
GSE274934_AL08_CATTATCAGAGTAAGG-1,0.0
GSE274934_AL08_CATTATCAGATGTGGC-1,0.0
GSE274934_AL08_CATTATCAGCCAGGAT-1,0.0
GSE274934_AL08_CATTATCAGGCATGTG-1,0.0002766166707646
GSE274934_AL08_CATTATCCACAACGTT-1,0.0
GSE274934_AL08_CATTATCCACGCTTTC-1,0.0111568723875092
GSE274934_AL08_CATTATCCATGTTCCC-1,0.0
GSE274934_AL08_CATTATCTCAAACCAC-1,0.0
GSE274934_AL08_CATTATCTCAGAGCTT-1,0.0004610277846078
GSE274934_AL08_CATTCGCAGCTGCGAA-1,0.0126936316695352
GSE274934_AL08_CATTCGCAGTCCGGTC-1,0.0078989427096139
GSE274934_AL08_CATTCGCAGTTAACGA-1,0.020346692894025
GSE274934_AL08_CATTCGCCAACACCCG-1,0.0
GSE274934_AL08_CATTCGCCAATGAATG-1,0.0
GSE274934_AL08_CATTCGCCACAGGCCT-1,0.0
GSE274934_AL08_CATTCGCCAGATAATG-1,0.0
GSE274934_AL08_CATTCGCCAGTGACAG-1,0.0005532333415293
GSE274934_AL08_CATTCGCCAGTTTACG-1,0.0
GSE274934_AL08_CATTCGCGTCCGACGT-1,0.0049176297024834
GSE274934_AL08_CATTCGCGTGCTGTAT-1,0.0
GSE274934_AL08_CATTCGCGTTAAGACA-1,0.0
GSE274934_AL08_CATTCGCTCCATGAAC-1,0.0
GSE274934_AL08_CATTCGCTCCTTGGTC-1,0.0119867223998032
GSE274934_AL08_CCAATCCAGATGCCAG-1,0.0
GSE274934_AL08_CCAATCCAGCTAGCCC-1,0.0
GSE274934_AL08_CCAATCCCAAAGGTGC-1,0.0
GSE274934_AL08_CCAATCCCACCGCTAG-1,0.020992131792476
GSE274934_AL08_CCAATCCGTAAGTGGC-1,0.0
GSE274934_AL08_CCAATCCTCAGCACAT-1,0.0
GSE274934_AL08_CCAATCCTCCAAGTAC-1,0.0089746742070322
GSE274934_AL08_CCAATCCTCCGAAGAG-1,0.0
GSE274934_AL08_CCAATCCTCGCAAGCC-1,0.0144455372510449
GSE274934_AL08_CCAATCCTCTGTCTAT-1,0.0
GSE274934_AL08_CCACCTAAGCACGCCT-1,0.0
GSE274934_AL08_CCACCTAAGCCTTGAT-1,0.0085443816080649
GSE274934_AL08_CCACCTAAGCTGCGAA-1,0.0
GSE274934_AL08_CCACCTAAGCTTCGCG-1,0.0004610277846078
GSE274934_AL08_CCACCTAAGGAGTAGA-1,0.0414925006147037
GSE274934_AL08_CCACCTAAGTCCTCCT-1,0.0
GSE274934_AL08_CCACCTAAGTGCGTGA-1,0.0004610277846078
GSE274934_AL08_CCACCTACAGGTCGTC-1,0.014568477993607
GSE274934_AL08_CCACCTAGTAGAAAGG-1,0.0
GSE274934_AL08_CCACCTAGTATCAGTC-1,0.0146299483648881
GSE274934_AL08_CCACCTAGTGGGTCAA-1,0.0
GSE274934_AL08_CCACCTAGTTCGTGAT-1,0.0
GSE274934_AL08_CCACCTATCGACAGCC-1,0.0
GSE274934_AL08_CCACCTATCTAAGCCA-1,0.0304893041553971
GSE274934_AL08_CCACCTATCTGTGCAA-1,0.0
GSE274934_AL08_CCACCTATCTTGCCGT-1,0.0
GSE274934_AL08_CCACGGAAGATCGATA-1,0.0227440373739857
GSE274934_AL08_CCACGGAAGGAGTACC-1,0.0
GSE274934_AL08_CCACGGAAGGCTCTTA-1,0.0
GSE274934_AL08_CCACGGAAGTTACGGG-1,0.0
GSE274934_AL08_CCACGGACATGCCTAA-1,0.0
GSE274934_AL08_CCACGGAGTGCACGAA-1,0.0081140890090976
GSE274934_AL08_CCACGGAGTTCAGTAC-1,0.0035960167199409
GSE274934_AL08_CCACGGATCAGCTTAG-1,0.0016289648389476
GSE274934_AL08_CCACGGATCATGTAGC-1,0.0
GSE274934_AL08_CCACTACAGAGTAATC-1,0.009497172362921
GSE274934_AL08_CCACTACAGGAGTTGC-1,0.0
GSE274934_AL08_CCACTACAGTGAACAT-1,0.0
GSE274934_AL08_CCACTACCAAGCGCTC-1,0.0
GSE274934_AL08_CCACTACCACCCAGTG-1,0.0
GSE274934_AL08_CCACTACCATTGCGGC-1,0.0
GSE274934_AL08_CCACTACGTACCTACA-1,0.0
GSE274934_AL08_CCACTACGTGCAACGA-1,0.0
GSE274934_AL08_CCACTACTCAATCTCT-1,0.0
GSE274934_AL08_CCACTACTCCATGCTC-1,0.0
GSE274934_AL08_CCACTACTCTGTCTAT-1,0.0
GSE274934_AL08_CCAGCGAAGCCCAGCT-1,0.0151217113351364
GSE274934_AL08_CCAGCGAAGGGATCTG-1,0.0388800098352594
GSE274934_AL08_CCAGCGAAGTAAGTAC-1,0.0
GSE274934_AL08_CCAGCGAAGTGGGATC-1,0.0
GSE274934_AL08_CCAGCGACAAACCCAT-1,0.0008913203835751
GSE274934_AL08_CCAGCGACAAGTTGTC-1,0.0003995574133267
GSE274934_AL08_CCAGCGACATGCATGT-1,0.0169350872879272
GSE274934_AL08_CCAGCGAGTACCGAGA-1,0.0011372018686992
GSE274934_AL08_CCAGCGAGTGAGGGAG-1,0.0082370297516597
GSE274934_AL08_CCAGCGAGTGAGTGAC-1,0.0
GSE274934_AL08_CCAGCGAGTGCATCTA-1,0.0064236537988689
GSE274934_AL08_CCAGCGAGTGCTCTTC-1,0.0
GSE274934_AL08_CCAGCGATCAGCTCTC-1,0.0
GSE274934_AL08_CCAGCGATCCGCTGTT-1,0.0071920334398819
GSE274934_AL08_CCAGCGATCCGTTGTC-1,0.0
GSE274934_AL08_CCAGCGATCTCGCTTG-1,0.0200393410376198
GSE274934_AL08_CCAGCGATCTGCTGTC-1,0.0
GSE274934_AL08_CCATGTCAGAGGTTGC-1,0.0
GSE274934_AL08_CCATGTCCAAGCGTAG-1,0.0
GSE274934_AL08_CCATGTCCAATACGCT-1,0.0
GSE274934_AL08_CCATGTCCACGAGGTA-1,0.0
GSE274934_AL08_CCATGTCCATACGCTA-1,0.0063929186132284
GSE274934_AL08_CCATGTCGTAATCACC-1,0.0
GSE274934_AL08_CCATGTCGTCAGGACA-1,0.0
GSE274934_AL08_CCATGTCTCTCGCTTG-1,0.0
GSE274934_AL08_CCATTCGCAATCGAAA-1,0.0
GSE274934_AL08_CCATTCGCACGAAGCA-1,0.0
GSE274934_AL08_CCATTCGGTGCCTGCA-1,0.0157364150479468
GSE274934_AL08_CCATTCGTCTCCTATA-1,0.0
GSE274934_AL08_CCATTCGTCTGTCAAG-1,0.0
GSE274934_AL08_CCCAATCAGATGAGAG-1,0.0023973444799606
GSE274934_AL08_CCCAATCAGTTGTCGT-1,0.0
GSE274934_AL08_CCCAATCCACTGAAGG-1,0.0
GSE274934_AL08_CCCAATCCAGGATCGA-1,0.0082062945660191
GSE274934_AL08_CCCAATCCATAGACTC-1,0.0
GSE274934_AL08_CCCAATCTCCTCATTA-1,0.0
GSE274934_AL08_CCCAATCTCTCTAGGA-1,0.0
GSE274934_AL08_CCCAGTTAGGACTGGT-1,0.0
GSE274934_AL08_CCCAGTTCACAACGTT-1,0.0
GSE274934_AL08_CCCAGTTCACTCGACG-1,0.0
GSE274934_AL08_CCCAGTTTCACCATAG-1,0.0
GSE274934_AL08_CCCAGTTTCATCACCC-1,0.000122940742562
GSE274934_AL08_CCCAGTTTCCCAACGG-1,0.0
GSE274934_AL08_CCCAGTTTCTATCCCG-1,0.0
GSE274934_AL08_CCCATACAGACTCGGA-1,0.0
GSE274934_AL08_CCCATACCATCTCCCA-1,0.0
GSE274934_AL08_CCCATACGTAGCACGA-1,0.0
GSE274934_AL08_CCCTCCTCAATCTGCA-1,0.0
GSE274934_AL08_CCCTCCTCAGACACTT-1,0.01592082616179
GSE274934_AL08_CCCTCCTCATGAACCT-1,0.0106036390459798
GSE274934_AL08_CCCTCCTCATGCTGGC-1,0.0025202852225227
GSE274934_AL08_CCCTCCTGTCCAGTGC-1,0.0
GSE274934_AL08_CCCTCCTGTGAGCGAT-1,0.0
GSE274934_AL08_CCCTCCTGTGGGTCAA-1,0.0014138185394639
GSE274934_AL08_CCCTCCTGTTCGTCTC-1,0.0
GSE274934_AL08_CCCTCCTGTTGGTGGA-1,0.0
GSE274934_AL08_CCCTCCTTCAAGGCTT-1,0.0
GSE274934_AL08_CCCTCCTTCTGCAAGT-1,0.0
GSE274934_AL08_CCGGGATAGCGTGTCC-1,0.0011372018686992
GSE274934_AL08_CCGGGATAGTTACGGG-1,0.0019055815097123
GSE274934_AL08_CCGGGATCAATTCCTT-1,0.0165970002458814
GSE274934_AL08_CCGGGATCACAGATTC-1,0.0033808704204573
GSE274934_AL08_CCGGGATGTTCATGGT-1,0.0
GSE274934_AL08_CCGGGATTCCGAGCCA-1,0.0
GSE274934_AL08_CCGGGATTCTGACCTC-1,0.0
GSE274934_AL08_CCGGTAGCAATCACAC-1,0.0
GSE274934_AL08_CCGGTAGCACCCAGTG-1,0.0
GSE274934_AL08_CCGGTAGCAGACAAGC-1,0.0048254241455618
GSE274934_AL08_CCGGTAGCATCTCCCA-1,0.003718957462503
GSE274934_AL08_CCGGTAGTCACCTCGT-1,0.025417998524711
GSE274934_AL08_CCGGTAGTCCAACCAA-1,0.0
GSE274934_AL08_CCGGTAGTCCACGTGG-1,0.0049483648881239
GSE274934_AL08_CCGGTAGTCCAGATCA-1,0.0265552003934103
GSE274934_AL08_CCGGTAGTCGTAGATC-1,0.0
GSE274934_AL08_CCGGTAGTCGTCTGAA-1,0.0
GSE274934_AL08_CCGGTAGTCTACTCAT-1,0.0
GSE274934_AL08_CCGGTAGTCTCGCATC-1,0.0077760019670518
GSE274934_AL08_CCGGTAGTCTTCCTTC-1,0.0015982296533071
GSE274934_AL08_CCGTACTAGATCCCGC-1,0.0
GSE274934_AL08_CCGTACTAGGGATACC-1,0.0
GSE274934_AL08_CCGTACTCAATGTTGC-1,0.0503134988935333
GSE274934_AL08_CCGTACTCATTCCTGC-1,0.0091283501352348
GSE274934_AL08_CCGTACTTCAGTGTTG-1,0.0
GSE274934_AL08_CCGTGGACAAGTCTAC-1,0.0059318908286206
GSE274934_AL08_CCGTGGACACCCATTC-1,0.0
GSE274934_AL08_CCGTGGACAGTGAGTG-1,0.0059933611999016
GSE274934_AL08_CCGTGGACATGGTCTA-1,0.0106958446029014
GSE274934_AL08_CCGTGGACATGTTGAC-1,0.0
GSE274934_AL08_CCGTGGAGTGATGCCC-1,0.0
GSE274934_AL08_CCGTGGAGTTTGCATG-1,0.0004917629702483
GSE274934_AL08_CCGTGGATCCACGTTC-1,0.0
GSE274934_AL08_CCGTGGATCGCCATAA-1,0.0270776985492992
GSE274934_AL08_CCGTTCAAGCTACCGC-1,0.0
GSE274934_AL08_CCGTTCAAGCTTCGCG-1,0.0
GSE274934_AL08_CCGTTCAAGTGCTGCC-1,0.0
GSE274934_AL08_CCGTTCACACCGCTAG-1,0.0027046963363658
GSE274934_AL08_CCGTTCACAGACGCCT-1,0.0025817555938037
GSE274934_AL08_CCGTTCACAGATGGGT-1,0.0
GSE274934_AL08_CCGTTCACAGTTCCCT-1,0.0002458814851241
GSE274934_AL08_CCGTTCACATGGGAAC-1,0.0
GSE274934_AL08_CCGTTCAGTGAGCGAT-1,0.0
GSE274934_AL08_CCGTTCATCGCTTGTC-1,0.0265552003934103
GSE274934_AL08_CCGTTCATCGTCCAGG-1,0.0
GSE274934_AL08_CCTAAAGAGCGTTCCG-1,0.0
GSE274934_AL08_CCTAAAGAGTTCGATC-1,0.0366670764691418
GSE274934_AL08_CCTAAAGCACCCTATC-1,0.0
GSE274934_AL08_CCTAAAGCAGATCTGT-1,0.0
GSE274934_AL08_CCTAAAGGTGATGTGG-1,0.0
GSE274934_AL08_CCTAAAGTCGCATGAT-1,0.0016289648389476
GSE274934_AL08_CCTACACAGAGTAAGG-1,0.0
GSE274934_AL08_CCTACACAGCGGCTTC-1,0.0
GSE274934_AL08_CCTACACCAAGTCTAC-1,0.0
GSE274934_AL08_CCTACACCAGCCAGAA-1,0.0030427833784116
GSE274934_AL08_CCTACACCATCACGTA-1,0.0
GSE274934_AL08_CCTACACTCACAACGT-1,0.0
GSE274934_AL08_CCTACACTCCTAAGTG-1,0.0
GSE274934_AL08_CCTACACTCCTCAATT-1,0.0
GSE274934_AL08_CCTACACTCGCTAGCG-1,0.0
GSE274934_AL08_CCTACACTCTTTCCTC-1,0.0
GSE274934_AL08_CCTACCAAGCGATCCC-1,0.0058089500860585
GSE274934_AL08_CCTACCACAATAAGCA-1,0.0135234816818293
GSE274934_AL08_CCTACCACACGGTAGA-1,0.0059318908286206
GSE274934_AL08_CCTACCACAGGATTGG-1,0.0090668797639537
GSE274934_AL08_CCTACCACAGGGTATG-1,0.0105421686746987
GSE274934_AL08_CCTACCACATGAACCT-1,0.0
GSE274934_AL08_CCTACCATCGAATGCT-1,0.0141381853946397
GSE274934_AL08_CCTACCATCGTACCGG-1,0.0
GSE274934_AL08_CCTACCATCGTTTAGG-1,0.0106343742316203
GSE274934_AL08_CCTAGCTAGAACTGTA-1,0.0233280059011556
GSE274934_AL08_CCTAGCTAGACACGAC-1,0.0
GSE274934_AL08_CCTAGCTCAAGTCTGT-1,0.0
GSE274934_AL08_CCTAGCTCAGACGTAG-1,0.0079911482665355
GSE274934_AL08_CCTAGCTCATAAGACA-1,0.0057474797147774
GSE274934_AL08_CCTAGCTGTTCAACCA-1,0.0236353577575608
GSE274934_AL08_CCTATTAAGATCTGAA-1,0.0246188836980575
GSE274934_AL08_CCTATTACACCCATGG-1,0.0075301204819277
GSE274934_AL08_CCTATTACACTGTGTA-1,0.0546778952544873
GSE274934_AL08_CCTATTAGTAGAAGGA-1,0.0
GSE274934_AL08_CCTATTAGTAGCTAAA-1,0.0187791984263584
GSE274934_AL08_CCTATTAGTATCGCAT-1,0.0101733464470125
GSE274934_AL08_CCTATTAGTCGAATCT-1,0.0
GSE274934_AL08_CCTATTAGTCTCAACA-1,0.0
GSE274934_AL08_CCTATTATCGCCAAAT-1,0.00943570199164
GSE274934_AL08_CCTATTATCTACTATC-1,0.0
GSE274934_AL08_CCTCAGTAGAGAACAG-1,0.0049176297024834
GSE274934_AL08_CCTCAGTAGCCGTCGT-1,0.0141074502089992
GSE274934_AL08_CCTCAGTAGGGCATGT-1,0.0
GSE274934_AL08_CCTCAGTCAAGACGTG-1,0.0
GSE274934_AL08_CCTCAGTCAAGTCTAC-1,0.0090976149495942
GSE274934_AL08_CCTCAGTCAGACAAAT-1,0.0230821244160314
GSE274934_AL08_CCTCAGTCATCCAACA-1,0.0134312761249077
GSE274934_AL08_CCTCAGTCATGAGCGA-1,0.0157671502335874
GSE274934_AL08_CCTCAGTGTACTCAAC-1,0.0699532825178264
GSE274934_AL08_CCTCAGTGTCGCATCG-1,0.015982296533071
GSE274934_AL08_CCTCAGTGTGTTCGAT-1,0.0
GSE274934_AL08_CCTCAGTGTTGAACTC-1,0.0132161298254241
GSE274934_AL08_CCTCAGTTCAACGGCC-1,0.0232665355298746
GSE274934_AL08_CCTCAGTTCCCTCAGT-1,0.0
GSE274934_AL08_CCTCAGTTCCTTGGTC-1,0.025295057782149
GSE274934_AL08_CCTCAGTTCTACCAGA-1,0.0393717728055077
GSE274934_AL08_CCTCAGTTCTTACCTA-1,0.0
GSE274934_AL08_CCTCTGAAGGATGGTC-1,0.0135234816818293
GSE274934_AL08_CCTCTGACATAGAAAC-1,0.0096508482911236
GSE274934_AL08_CCTCTGAGTCCGCTGA-1,0.0
GSE274934_AL08_CCTCTGAGTGTGGTTT-1,0.0
GSE274934_AL08_CCTCTGAGTTGTGGAG-1,0.0210843373493975
GSE274934_AL08_CCTCTGAGTTTGACAC-1,0.0
GSE274934_AL08_CCTCTGATCTCAAACG-1,0.0
GSE274934_AL08_CCTCTGATCTCCTATA-1,0.0019055815097123
GSE274934_AL08_CCTTACGAGAGGTTAT-1,0.0024280796656011
GSE274934_AL08_CCTTACGAGATGTGGC-1,0.0
GSE274934_AL08_CCTTACGCACGGACAA-1,0.0025202852225227
GSE274934_AL08_CCTTACGCATATGCTG-1,0.033255470863044
GSE274934_AL08_CCTTACGGTTCAGGCC-1,3.073518564052127e-05
GSE274934_AL08_CCTTACGTCCACGCAG-1,0.0045795426604376
GSE274934_AL08_CCTTACGTCGATAGAA-1,0.0
GSE274934_AL08_CCTTACGTCGCCGTGA-1,0.0070076223260388
GSE274934_AL08_CCTTACGTCTCTAGGA-1,0.0
GSE274934_AL08_CCTTCCCAGAACAACT-1,0.0
GSE274934_AL08_CCTTCCCAGTCGTTTG-1,0.0
GSE274934_AL08_CCTTCCCAGTGCAAGC-1,0.0137078927956724
GSE274934_AL08_CCTTCCCCAGGCTGAA-1,0.0024280796656011
GSE274934_AL08_CCTTCCCCAGTGACAG-1,0.0061163019424637
GSE274934_AL08_CCTTCCCGTAAGGGCT-1,0.0396483894762724
GSE274934_AL08_CCTTCCCGTTGCGCAC-1,0.0218834521760511
GSE274934_AL08_CCTTCCCTCCTAGTGA-1,0.024649618883698
GSE274934_AL08_CCTTCCCTCGCCTGAG-1,0.0015982296533071
GSE274934_AL08_CCTTCGAAGGTAGCTG-1,0.0
GSE274934_AL08_CCTTCGACAATAACGA-1,0.0
GSE274934_AL08_CCTTCGACAGGTCCAC-1,0.0
GSE274934_AL08_CCTTCGAGTACCCAAT-1,0.0028276370789279
GSE274934_AL08_CCTTCGAGTGATAAAC-1,0.0
GSE274934_AL08_CCTTTCTAGATCCTGT-1,0.0140767150233587
GSE274934_AL08_CCTTTCTAGTACGCCC-1,0.0070998278829604
GSE274934_AL08_CCTTTCTAGTGGTAAT-1,0.0319338578805016
GSE274934_AL08_CCTTTCTCACACCGCA-1,0.0
GSE274934_AL08_CCTTTCTGTAAGTGGC-1,0.0
GSE274934_AL08_CCTTTCTGTACCGGCT-1,0.0
GSE274934_AL08_CCTTTCTGTGACCAAG-1,0.0
GSE274934_AL08_CCTTTCTGTGCCTGCA-1,0.0
GSE274934_AL08_CCTTTCTTCCGTAGGC-1,0.0032271944922547
GSE274934_AL08_CCTTTCTTCGGATGTT-1,0.0149680354069338
GSE274934_AL08_CGAACATAGACTACAA-1,0.0
GSE274934_AL08_CGAACATAGAGTCTGG-1,0.0179186132284239
GSE274934_AL08_CGAACATAGTCCTCCT-1,0.0
GSE274934_AL08_CGAACATCAAGTACCT-1,0.0
GSE274934_AL08_CGAACATCACCGATAT-1,0.0
GSE274934_AL08_CGAACATGTACGCACC-1,0.0261863781657241
GSE274934_AL08_CGAACATTCCAGTAGT-1,0.0
GSE274934_AL08_CGAACATTCTGCTGCT-1,0.0
GSE274934_AL08_CGAACATTCTTCCTTC-1,0.0243422670272928
GSE274934_AL08_CGAATGTAGCCACGCT-1,0.0413695598721416
GSE274934_AL08_CGAATGTAGTAGTGCG-1,0.0085136464224243
GSE274934_AL08_CGAATGTCACATCCGG-1,0.0085751167937054
GSE274934_AL08_CGAATGTCAGGTCGTC-1,0.0
GSE274934_AL08_CGAATGTCATTGTGCA-1,0.0
GSE274934_AL08_CGAATGTGTATGGTTC-1,0.0262171133513646
GSE274934_AL08_CGAATGTGTCAACATC-1,0.0076223260388492
GSE274934_AL08_CGAATGTGTGTATGGG-1,0.0
GSE274934_AL08_CGAATGTGTGTTAAGA-1,0.0086058519793459
GSE274934_AL08_CGAATGTGTTTGTTGG-1,0.0032886648635357
GSE274934_AL08_CGACCTTAGAGAACAG-1,0.0
GSE274934_AL08_CGACCTTAGGTAGCTG-1,0.0092512908777969
GSE274934_AL08_CGACCTTAGTACGCCC-1,0.0
GSE274934_AL08_CGACCTTCACCGGAAA-1,0.0274157855913449
GSE274934_AL08_CGACCTTCACGGCGTT-1,0.0092512908777969
GSE274934_AL08_CGACCTTCAGGCGATA-1,0.0374354561101549
GSE274934_AL08_CGACCTTGTACGAAAT-1,0.0
GSE274934_AL08_CGACCTTGTGCAACTT-1,0.0
GSE274934_AL08_CGACCTTGTGTGAAAT-1,0.0
GSE274934_AL08_CGACCTTGTTCCATGA-1,0.0
GSE274934_AL08_CGACTTCAGACTACAA-1,0.0
GSE274934_AL08_CGACTTCAGATCCGAG-1,0.0053479223014507
GSE274934_AL08_CGACTTCCAATCGGTT-1,0.0082677649373002
GSE274934_AL08_CGACTTCCAGCCACCA-1,0.0
GSE274934_AL08_CGACTTCGTTGGAGGT-1,0.0
GSE274934_AL08_CGACTTCTCGCATGGC-1,0.0012294074256208
GSE274934_AL08_CGACTTCTCTAAGCCA-1,0.0
GSE274934_AL08_CGAGAAGAGGTGCACA-1,0.0
GSE274934_AL08_CGAGAAGAGTCGATAA-1,0.0
GSE274934_AL08_CGAGAAGAGTGAAGTT-1,0.0550774526678141
GSE274934_AL08_CGAGAAGCAATACGCT-1,0.0126936316695352
GSE274934_AL08_CGAGAAGCACCTCGTT-1,0.0
GSE274934_AL08_CGAGAAGGTAGGCATG-1,0.0114334890582739
GSE274934_AL08_CGAGAAGGTAGGGACT-1,0.0
GSE274934_AL08_CGAGAAGGTTCGTGAT-1,0.0178878780427833
GSE274934_AL08_CGAGAAGTCTGAGTGT-1,0.0
GSE274934_AL08_CGAGAAGTCTGTCCGT-1,0.0
GSE274934_AL08_CGAGCACAGCAGATCG-1,0.0430599950823702
GSE274934_AL08_CGAGCACAGCTAGTCT-1,0.0
GSE274934_AL08_CGAGCACCAATGGTCT-1,0.0
GSE274934_AL08_CGAGCACCACATTTCT-1,0.0070383575116793
GSE274934_AL08_CGAGCACCAGTAACGG-1,0.0
GSE274934_AL08_CGAGCACCAGTCAGCC-1,0.0
GSE274934_AL08_CGAGCACGTAAATGAC-1,0.0
GSE274934_AL08_CGAGCACGTACTTAGC-1,0.013738627981313
GSE274934_AL08_CGAGCACGTAGAAAGG-1,0.0
GSE274934_AL08_CGAGCACGTATTAGCC-1,0.0
GSE274934_AL08_CGAGCACTCGCAGGCT-1,0.0003995574133267
GSE274934_AL08_CGAGCACTCTCTGCTG-1,0.0301819522989918
GSE274934_AL08_CGAGCCAAGCGATAGC-1,0.0145377428079665
GSE274934_AL08_CGAGCCAAGCTTCGCG-1,0.0143225965084829
GSE274934_AL08_CGAGCCAAGGACACCA-1,0.0056552741578559
GSE274934_AL08_CGAGCCAAGTATCGAA-1,0.0125399557413326
GSE274934_AL08_CGAGCCACAATCCGAT-1,0.0024895500368822
GSE274934_AL08_CGAGCCATCAATAAGG-1,0.0100196705188099
GSE274934_AL08_CGAGCCATCGCGGATC-1,0.0
GSE274934_AL08_CGATCGGAGAAGGTTT-1,0.0071612982542414
GSE274934_AL08_CGATCGGAGAGGGCTT-1,0.0
GSE274934_AL08_CGATCGGAGCTCCTCT-1,0.0150602409638554
GSE274934_AL08_CGATCGGAGGTCATCT-1,0.0
GSE274934_AL08_CGATCGGAGGTGCTAG-1,0.0
GSE274934_AL08_CGATCGGAGTAATCCC-1,0.0
GSE274934_AL08_CGATCGGCAATCGGTT-1,0.0343004671748217
GSE274934_AL08_CGATCGGCAGCTCGCA-1,0.0085136464224243
GSE274934_AL08_CGATCGGGTCATGCCG-1,0.0
GSE274934_AL08_CGATCGGGTGATGATA-1,0.0
GSE274934_AL08_CGATCGGTCGGCTTGG-1,0.015213916892058
GSE274934_AL08_CGATCGGTCGTACCGG-1,0.0204388984509466
GSE274934_AL08_CGATGGCAGGGCACTA-1,0.0
GSE274934_AL08_CGATGGCCAAGACGTG-1,0.0061163019424637
GSE274934_AL08_CGATGGCCAGACGCAA-1,0.0
GSE274934_AL08_CGATGGCGTTTACTCT-1,0.0
GSE274934_AL08_CGATGGCTCCACGAAT-1,0.0059318908286206
GSE274934_AL08_CGATGTAAGCTAGTCT-1,0.0062085074993852
GSE274934_AL08_CGATGTAAGTTGTAGA-1,0.0174883206294566
GSE274934_AL08_CGATGTACACAGGTTT-1,0.0035038111630194
GSE274934_AL08_CGATGTACAGTTCCCT-1,0.015213916892058
GSE274934_AL08_CGATGTACATTTGCCC-1,0.0
GSE274934_AL08_CGATGTAGTGACGCCT-1,0.0
GSE274934_AL08_CGATGTATCAGTACGT-1,0.0193631669535284
GSE274934_AL08_CGATGTATCGGACAAG-1,0.0
GSE274934_AL08_CGATGTATCGTTGCCT-1,0.0002766166707646
GSE274934_AL08_CGATTGACAAGACACG-1,0.0
GSE274934_AL08_CGATTGACACCACGTG-1,0.0259097614949594
GSE274934_AL08_CGATTGACACGGCGTT-1,0.0
GSE274934_AL08_CGATTGACACGGTTTA-1,0.0
GSE274934_AL08_CGATTGACAGATGAGC-1,0.0
GSE274934_AL08_CGATTGACATCAGTAC-1,0.0286451930169658
GSE274934_AL08_CGATTGACATGACGGA-1,0.0
GSE274934_AL08_CGATTGAGTACAAGTA-1,0.0
GSE274934_AL08_CGATTGAGTCAGAAGC-1,0.0
GSE274934_AL08_CGATTGAGTCCTGCTT-1,0.0356835505286451
GSE274934_AL08_CGATTGAGTGCACTTA-1,0.0114949594295549
GSE274934_AL08_CGATTGAGTGTAATGA-1,0.0
GSE274934_AL08_CGATTGATCGGCTACG-1,0.0093127612490779
GSE274934_AL08_CGATTGATCTCAACTT-1,0.0
GSE274934_AL08_CGCCAAGAGAAAGTGG-1,0.0074379149250061
GSE274934_AL08_CGCCAAGAGGGCTCTC-1,0.0038111630194246
GSE274934_AL08_CGCCAAGCATGGAATA-1,0.0
GSE274934_AL08_CGCCAAGGTGCTTCTC-1,0.0
GSE274934_AL08_CGCCAAGTCAGTCCCT-1,0.0
GSE274934_AL08_CGCCAAGTCCGTAGTA-1,0.0
GSE274934_AL08_CGCCAAGTCGTTTATC-1,0.018809933611999
GSE274934_AL08_CGCCAAGTCTGATTCT-1,0.0164433243176788
GSE274934_AL08_CGCGGTAAGAAACGCC-1,0.0530796656011802
GSE274934_AL08_CGCGGTAAGGTAAACT-1,0.0084521760511433
GSE274934_AL08_CGCGGTACAAACCCAT-1,0.0
GSE274934_AL08_CGCGGTACACATGTGT-1,0.0161052372756331
GSE274934_AL08_CGCGGTACAGCATGAG-1,0.0329788541922793
GSE274934_AL08_CGCGGTACAGCGAACA-1,0.0016289648389476
GSE274934_AL08_CGCGGTACAGGATCGA-1,0.0
GSE274934_AL08_CGCGGTACATCTACGA-1,0.0
GSE274934_AL08_CGCGGTAGTAGCTAAA-1,0.0378350135234816
GSE274934_AL08_CGCGGTAGTATGCTTG-1,0.0
GSE274934_AL08_CGCGGTAGTCCAGTAT-1,0.0090976149495942
GSE274934_AL08_CGCGGTATCCTTCAAT-1,0.0
GSE274934_AL08_CGCGGTATCTCTTATG-1,0.0
GSE274934_AL08_CGCGGTATCTGCCAGG-1,0.0016289648389476
GSE274934_AL08_CGCGTTTAGATATACG-1,0.0118023112859601
GSE274934_AL08_CGCGTTTAGCTACCGC-1,0.0
GSE274934_AL08_CGCGTTTAGTCAAGGC-1,0.0402630931890828
GSE274934_AL08_CGCGTTTCATCGATTG-1,0.0162281780181952
GSE274934_AL08_CGCGTTTCATGGGACA-1,0.0
GSE274934_AL08_CGCGTTTGTCCGCTGA-1,0.0005839685271699
GSE274934_AL08_CGCGTTTGTCCTCCAT-1,0.0143225965084829
GSE274934_AL08_CGCGTTTTCGGCATCG-1,0.0073457093680845
GSE274934_AL08_CGCTATCAGACTCGGA-1,0.0
GSE274934_AL08_CGCTATCAGCCTCGTG-1,0.0
GSE274934_AL08_CGCTATCAGCGGATCA-1,0.0233587410867961
GSE274934_AL08_CGCTATCAGGGATGGG-1,0.0
GSE274934_AL08_CGCTATCAGTCAAGGC-1,0.0
GSE274934_AL08_CGCTATCCATCGATGT-1,0.0
GSE274934_AL08_CGCTATCGTATCGCAT-1,0.0
GSE274934_AL08_CGCTATCGTCAGTGGA-1,0.0048254241455618
GSE274934_AL08_CGCTATCGTGGACGAT-1,0.0
GSE274934_AL08_CGCTATCGTTGCCTCT-1,0.0033501352348168
GSE274934_AL08_CGCTATCTCAGCTTAG-1,0.0
GSE274934_AL08_CGCTGGAAGGCTATCT-1,0.0
GSE274934_AL08_CGCTGGACAGTTAACC-1,0.0
GSE274934_AL08_CGCTGGAGTAGAAAGG-1,0.0
GSE274934_AL08_CGCTGGAGTGTCAATC-1,0.0
GSE274934_AL08_CGCTGGAGTTTCCACC-1,0.0149065650356528
GSE274934_AL08_CGCTGGATCAACCAAC-1,0.0076530612244897
GSE274934_AL08_CGCTGGATCCAAGTAC-1,0.0358986968281288
GSE274934_AL08_CGCTTCAAGAGTCGGT-1,0.0
GSE274934_AL08_CGCTTCAAGATATGCA-1,0.0
GSE274934_AL08_CGCTTCAAGGCGCTCT-1,0.0485923284976641
GSE274934_AL08_CGCTTCAAGGCTAGCA-1,0.0046717482173592
GSE274934_AL08_CGCTTCAGTAGCCTAT-1,0.0145377428079665
GSE274934_AL08_CGCTTCAGTAGCTTGT-1,0.0133083353823457
GSE274934_AL08_CGCTTCATCGAGCCCA-1,0.0
GSE274934_AL08_CGCTTCATCTTGACGA-1,0.0
GSE274934_AL08_CGGACACAGCTCAACT-1,0.0
GSE274934_AL08_CGGACACAGCTCTCGG-1,0.0290754856159331
GSE274934_AL08_CGGACACCAACACGCC-1,0.0055323334152938
GSE274934_AL08_CGGACACCACCAGTTA-1,0.0
GSE274934_AL08_CGGACACGTAAATACG-1,0.0
GSE274934_AL08_CGGACACGTCCATCCT-1,0.0232665355298746
GSE274934_AL08_CGGACACGTGTATGGG-1,0.0032271944922547
GSE274934_AL08_CGGACACGTTAAAGAC-1,0.0
GSE274934_AL08_CGGACACTCAACCATG-1,0.0
GSE274934_AL08_CGGACACTCTTGTCAT-1,0.0
GSE274934_AL08_CGGACGTAGATCGATA-1,0.0045795426604376
GSE274934_AL08_CGGACGTCAAACGTGG-1,0.0
GSE274934_AL08_CGGACGTCATATACGC-1,0.0321490041799852
GSE274934_AL08_CGGACGTGTTCGCGAC-1,0.025295057782149
GSE274934_AL08_CGGACGTTCCTAGTGA-1,0.003657487091222
GSE274934_AL08_CGGACTGAGATGCCTT-1,0.0
GSE274934_AL08_CGGACTGAGGAGTAGA-1,0.00590115564298
GSE274934_AL08_CGGACTGCAAAGGAAG-1,0.0121096631423653
GSE274934_AL08_CGGACTGTCACAATGC-1,0.0
GSE274934_AL08_CGGACTGTCAGCTGGC-1,0.01887140398328
GSE274934_AL08_CGGACTGTCCTACAGA-1,0.0
GSE274934_AL08_CGGACTGTCGAGGTAG-1,0.0
GSE274934_AL08_CGGACTGTCTTACCGC-1,0.0259097614949594
GSE274934_AL08_CGGAGCTAGACGACGT-1,0.002243668551758
GSE274934_AL08_CGGAGCTAGAGCTGGT-1,0.0194246373248094
GSE274934_AL08_CGGAGCTAGGCACATG-1,0.0037496926481435
GSE274934_AL08_CGGAGCTAGTGAAGTT-1,0.0009527907548561
GSE274934_AL08_CGGAGCTAGTTGTAGA-1,0.0
GSE274934_AL08_CGGAGCTAGTTTAGGA-1,0.0138923039095156
GSE274934_AL08_CGGAGCTCAAAGCAAT-1,0.0111568723875092
GSE274934_AL08_CGGAGCTCAATGTAAG-1,0.0029813130071305
GSE274934_AL08_CGGAGCTCAGATCTGT-1,0.0
GSE274934_AL08_CGGAGCTGTAAGGATT-1,0.0041185148758298
GSE274934_AL08_CGGAGCTGTCGCCATG-1,0.0
GSE274934_AL08_CGGAGCTGTGCGCTTG-1,0.0030735185640521
GSE274934_AL08_CGGAGCTGTGCTTCTC-1,0.0205003688222276
GSE274934_AL08_CGGAGCTTCGCGTTTC-1,0.0
GSE274934_AL08_CGGAGTCAGAAGAAGC-1,0.0075301204819277
GSE274934_AL08_CGGAGTCAGCCGGTAA-1,0.0
GSE274934_AL08_CGGAGTCCACTTACGA-1,0.0
GSE274934_AL08_CGGAGTCGTGCCTGTG-1,0.0070998278829604
GSE274934_AL08_CGGAGTCTCTAGAGTC-1,0.0
GSE274934_AL08_CGGCTAGCAAGCCCAC-1,0.0010757314974182
GSE274934_AL08_CGGCTAGCACATTAGC-1,0.0
GSE274934_AL08_CGGCTAGCACGTCTCT-1,0.0529259896729776
GSE274934_AL08_CGGCTAGCAGCATACT-1,0.0170580280304893
GSE274934_AL08_CGGCTAGTCAAACCGT-1,0.0167199409884435
GSE274934_AL08_CGGCTAGTCTGGCGAC-1,0.0
GSE274934_AL08_CGGGTCAAGCTACCGC-1,0.000829850012294
GSE274934_AL08_CGGGTCAAGCTACCTA-1,0.0165355298746004
GSE274934_AL08_CGGGTCAAGGCGTACA-1,0.0276924022621096
GSE274934_AL08_CGGGTCACAAAGGTGC-1,0.0
GSE274934_AL08_CGGGTCACAACGCACC-1,0.0331632653061224
GSE274934_AL08_CGGGTCACAAGTAGTA-1,0.0
GSE274934_AL08_CGGGTCAGTCTGCAAT-1,0.0
GSE274934_AL08_CGGGTCAGTTACAGAA-1,0.0
GSE274934_AL08_CGGGTCATCAGATAAG-1,0.0
GSE274934_AL08_CGGGTCATCAGCCTAA-1,0.0002151462994836
GSE274934_AL08_CGGGTCATCCACGCAG-1,0.0
GSE274934_AL08_CGGTTAAAGACAGACC-1,0.0461335136464224
GSE274934_AL08_CGGTTAAAGACTAGAT-1,0.0055015982296533
GSE274934_AL08_CGGTTAAAGATGTGGC-1,0.0287373985738873
GSE274934_AL08_CGGTTAAAGCCCAATT-1,0.0
GSE274934_AL08_CGGTTAAAGTTTCCTT-1,0.0
GSE274934_AL08_CGGTTAACAACTTGAC-1,0.0122633390705679
GSE274934_AL08_CGGTTAACACCGAAAG-1,0.0176727317432997
GSE274934_AL08_CGGTTAACATAAAGGT-1,0.0
GSE274934_AL08_CGGTTAACATGTCGAT-1,0.0
GSE274934_AL08_CGGTTAACATTTCAGG-1,0.0
GSE274934_AL08_CGGTTAAGTCCGAGTC-1,0.0
GSE274934_AL08_CGGTTAATCTTATCTG-1,0.0260941726088025
GSE274934_AL08_CGTAGCGAGTGCCAGA-1,0.0
GSE274934_AL08_CGTAGCGCATAGAAAC-1,0.0253257929677895
GSE274934_AL08_CGTAGCGGTACTCTCC-1,0.0
GSE274934_AL08_CGTAGCGGTTCCACTC-1,0.0
GSE274934_AL08_CGTAGGCAGATCGGGT-1,0.0
GSE274934_AL08_CGTAGGCAGCAGATCG-1,0.0
GSE274934_AL08_CGTAGGCAGTATTGGA-1,0.0186255224981558
GSE274934_AL08_CGTAGGCCATTTCAGG-1,0.0
GSE274934_AL08_CGTAGGCGTCTCGTTC-1,0.0059318908286206
GSE274934_AL08_CGTAGGCGTTAAAGAC-1,0.0
GSE274934_AL08_CGTAGGCTCCAAATGC-1,0.032548561593312
GSE274934_AL08_CGTAGGCTCCGAAGAG-1,0.0
GSE274934_AL08_CGTAGGCTCGGAAACG-1,0.0
GSE274934_AL08_CGTCACTAGGGTCTCC-1,0.0
GSE274934_AL08_CGTCACTAGGTGATTA-1,0.0
GSE274934_AL08_CGTCACTGTAAACACA-1,0.0140152446520776
GSE274934_AL08_CGTCAGGAGACACTAA-1,0.0083599704942217
GSE274934_AL08_CGTCAGGAGGATTCGG-1,0.0066695352839931
GSE274934_AL08_CGTCAGGAGGTTCCTA-1,0.0
GSE274934_AL08_CGTCAGGCAACACCCG-1,0.0081448241947381
GSE274934_AL08_CGTCAGGCACCAGCAC-1,0.0193324317678878
GSE274934_AL08_CGTCAGGGTTCTGGTA-1,0.0220371281042537
GSE274934_AL08_CGTCAGGTCACTTATC-1,0.0144455372510449
GSE274934_AL08_CGTCAGGTCTGCTTGC-1,0.0
GSE274934_AL08_CGTCAGGTCTTTACGT-1,0.0276001967051881
GSE274934_AL08_CGTCCATCAACAACCT-1,0.0
GSE274934_AL08_CGTCCATGTAAACACA-1,0.0
GSE274934_AL08_CGTCCATGTAGTGAAT-1,0.0
GSE274934_AL08_CGTCCATGTCCGTTAA-1,0.0
GSE274934_AL08_CGTCCATGTGCGCTTG-1,0.0
GSE274934_AL08_CGTCCATTCCTAGAAC-1,0.0
GSE274934_AL08_CGTCCATTCTGTTTGT-1,0.0
GSE274934_AL08_CGTCTACAGCTACCTA-1,0.0221293336611753
GSE274934_AL08_CGTCTACAGGTGCTAG-1,0.0
GSE274934_AL08_CGTCTACAGTGATCGG-1,0.0027046963363658
GSE274934_AL08_CGTCTACGTACCAGTT-1,0.0075915908532087
GSE274934_AL08_CGTCTACGTCGCGAAA-1,0.0
GSE274934_AL08_CGTCTACTCAGGCGAA-1,0.0193016965822473
GSE274934_AL08_CGTCTACTCATTGCCC-1,0.0003688222276862
GSE274934_AL08_CGTCTACTCCATGAGT-1,0.005839685271699
GSE274934_AL08_CGTCTACTCCTAGAAC-1,0.0
GSE274934_AL08_CGTCTACTCGCAAGCC-1,0.0
GSE274934_AL08_CGTCTACTCTCGCATC-1,0.0165970002458814
GSE274934_AL08_CGTCTACTCTTCAACT-1,0.0176727317432997
GSE274934_AL08_CGTCTACTCTTGACGA-1,0.0069154167691172
GSE274934_AL08_CGTGAGCAGATATGGT-1,0.0
GSE274934_AL08_CGTGAGCAGGAGTACC-1,0.0
GSE274934_AL08_CGTGAGCTCAACGAAA-1,0.0
GSE274934_AL08_CGTGAGCTCTGTTGAG-1,0.0
GSE274934_AL08_CGTGTAAAGAGCCCAA-1,0.0
GSE274934_AL08_CGTGTAACATTACGAC-1,0.0
GSE274934_AL08_CGTGTAAGTCCGAACC-1,0.0
GSE274934_AL08_CGTGTAATCACTTCAT-1,0.0
GSE274934_AL08_CGTGTAATCATTGCGA-1,0.0
GSE274934_AL08_CGTGTAATCTACCTGC-1,0.0045180722891566
GSE274934_AL08_CGTGTAATCTACGAGT-1,0.0
GSE274934_AL08_CGTGTAATCTCAAACG-1,0.0
GSE274934_AL08_CGTGTAATCTCGTTTA-1,0.0040570445045488
GSE274934_AL08_CGTGTCTAGATCTGAA-1,0.0075915908532087
GSE274934_AL08_CGTGTCTAGATGCGAC-1,0.0063929186132284
GSE274934_AL08_CGTGTCTAGCTTATCG-1,0.0
GSE274934_AL08_CGTGTCTCAATAGCGG-1,0.0
GSE274934_AL08_CGTGTCTCAGTATGCT-1,0.0057474797147774
GSE274934_AL08_CGTGTCTGTAGGACAC-1,0.0269547578067371
GSE274934_AL08_CGTGTCTTCACATAGC-1,0.0083599704942217
GSE274934_AL08_CGTGTCTTCTCGGACG-1,0.0287681337595279
GSE274934_AL08_CGTTAGAAGCTACCGC-1,0.0
GSE274934_AL08_CGTTAGAAGGTAGCCA-1,0.0
GSE274934_AL08_CGTTAGACAATGGACG-1,0.0
GSE274934_AL08_CGTTAGACACAGGAGT-1,0.0001536759282026
GSE274934_AL08_CGTTAGACACCGATAT-1,0.0
GSE274934_AL08_CGTTAGAGTGCTTCTC-1,0.0072227686255224
GSE274934_AL08_CGTTAGAGTGTTAAGA-1,0.0022129333661175
GSE274934_AL08_CGTTAGATCAGGATCT-1,0.0110954020162281
GSE274934_AL08_CGTTAGATCCTCAATT-1,0.0
GSE274934_AL08_CGTTCTGAGCTAGTGG-1,0.0
GSE274934_AL08_CGTTCTGAGCTATGCT-1,0.0074993852962871
GSE274934_AL08_CGTTCTGAGGCCCTCA-1,0.0132468650110646
GSE274934_AL08_CGTTCTGAGTAATCCC-1,0.0
GSE274934_AL08_CGTTCTGAGTTAGCGG-1,0.0067002704696336
GSE274934_AL08_CGTTCTGCAAAGGTGC-1,0.0
GSE274934_AL08_CGTTCTGCACGCTTTC-1,0.0
GSE274934_AL08_CGTTCTGCATCAGTCA-1,0.0195475780673715
GSE274934_AL08_CGTTCTGCATGTCTCC-1,0.0
GSE274934_AL08_CGTTCTGGTCAACTGT-1,0.0156134743053848
GSE274934_AL08_CGTTCTGGTCACCTAA-1,0.0
GSE274934_AL08_CGTTCTGGTCTAGCCG-1,0.013861568723875
GSE274934_AL08_CGTTCTGGTGCCTTGG-1,0.0
GSE274934_AL08_CGTTCTGGTTTGACTG-1,0.0
GSE274934_AL08_CGTTGGGAGGTCATCT-1,0.0
GSE274934_AL08_CGTTGGGCAAAGGAAG-1,0.0
GSE274934_AL08_CGTTGGGCAAGCGATG-1,0.0215453651340054
GSE274934_AL08_CGTTGGGCACCCATGG-1,0.0
GSE274934_AL08_CGTTGGGGTTGTACAC-1,0.0
GSE274934_AL08_CGTTGGGTCACTCTTA-1,0.0
GSE274934_AL08_CGTTGGGTCGGCGGTT-1,0.0063007130563068
GSE274934_AL08_CTAACTTAGAAGGGTA-1,0.0
GSE274934_AL08_CTAACTTAGTGGCACA-1,0.0074993852962871
GSE274934_AL08_CTAACTTAGTTACCCA-1,0.0113720186869928
GSE274934_AL08_CTAACTTCAAAGCGGT-1,0.0
GSE274934_AL08_CTAACTTCAGACACTT-1,0.0285529874600442
GSE274934_AL08_CTAACTTGTCAGTGGA-1,0.0
GSE274934_AL08_CTAACTTGTCGCATAT-1,0.0027661667076469
GSE274934_AL08_CTAACTTGTGCGGTAA-1,0.0
GSE274934_AL08_CTAACTTTCTCAACTT-1,0.0020285222522744
GSE274934_AL08_CTAAGACAGCAATCTC-1,0.0
GSE274934_AL08_CTAAGACAGGTTCCTA-1,0.0
GSE274934_AL08_CTAAGACAGTGTCCAT-1,0.0
GSE274934_AL08_CTAAGACGTATCTGCA-1,0.0
GSE274934_AL08_CTAAGACTCAGATAAG-1,0.0
GSE274934_AL08_CTAAGACTCGTTACGA-1,0.0171194984017703
GSE274934_AL08_CTAAGACTCTTCCTTC-1,0.0085443816080649
GSE274934_AL08_CTAATGGAGAATCTCC-1,0.0
GSE274934_AL08_CTAATGGAGACTAGGC-1,0.0102655520039341
GSE274934_AL08_CTAATGGAGTCCATAC-1,0.0
GSE274934_AL08_CTAATGGAGTGCAAGC-1,0.0
GSE274934_AL08_CTAATGGCAGGTTTCA-1,0.0005224981558888
GSE274934_AL08_CTAATGGGTAGCGTGA-1,0.0
GSE274934_AL08_CTAATGGGTGTAAGTA-1,0.0005224981558888
GSE274934_AL08_CTAATGGGTTACGGAG-1,0.0134312761249077
GSE274934_AL08_CTAATGGGTTCACCTC-1,0.0086673223506269
GSE274934_AL08_CTAATGGGTTTAGGAA-1,0.0087595279075485
GSE274934_AL08_CTAATGGTCATGGTCA-1,0.0
GSE274934_AL08_CTAATGGTCCTTTCTC-1,0.0
GSE274934_AL08_CTAATGGTCTTAGAGC-1,0.0287066633882468
GSE274934_AL08_CTACACCAGTGAAGAG-1,0.0
GSE274934_AL08_CTACACCAGTGAAGTT-1,0.0
GSE274934_AL08_CTACACCCAACCGCCA-1,0.0
GSE274934_AL08_CTACACCCATAAGACA-1,0.0
GSE274934_AL08_CTACACCGTGGTACAG-1,0.0
GSE274934_AL08_CTACACCTCAAAGTAG-1,0.0068539463978362
GSE274934_AL08_CTACACCTCACGAAGG-1,0.0
GSE274934_AL08_CTACACCTCCAGATCA-1,0.0
GSE274934_AL08_CTACATTAGACTAAGT-1,0.000122940742562
GSE274934_AL08_CTACATTCAAGTCATC-1,0.0
GSE274934_AL08_CTACATTCAGATGGGT-1,0.0
GSE274934_AL08_CTACATTCAGTCGTGC-1,0.0173346447012539
GSE274934_AL08_CTACATTGTACAGCAG-1,0.0131853946397836
GSE274934_AL08_CTACATTGTGTGTGCC-1,0.0
GSE274934_AL08_CTACATTTCCGTCATC-1,0.0112798131300713
GSE274934_AL08_CTACCCACACAACTGT-1,0.0097430538480452
GSE274934_AL08_CTACCCACACCAGATT-1,0.0
GSE274934_AL08_CTACCCACATCTACGA-1,0.0
GSE274934_AL08_CTACCCAGTATAGTAG-1,0.034730759773789
GSE274934_AL08_CTACCCAGTCATTAGC-1,0.0
GSE274934_AL08_CTACGTCAGTCATCCA-1,0.0
GSE274934_AL08_CTACGTCCAAGTACCT-1,0.0038418982050651
GSE274934_AL08_CTACGTCCATTAACCG-1,0.0002458814851241
GSE274934_AL08_CTACGTCTCACCCTCA-1,0.0
GSE274934_AL08_CTACGTCTCAGGTAAA-1,0.0054093926727317
GSE274934_AL08_CTACGTCTCATACGGT-1,0.0337164986476518
GSE274934_AL08_CTACGTCTCTACTCAT-1,0.0262478485370051
GSE274934_AL08_CTAGAGTAGAATAGGG-1,0.0
GSE274934_AL08_CTAGAGTAGAGGTTGC-1,0.0
GSE274934_AL08_CTAGAGTAGGGATACC-1,0.021760511433489
GSE274934_AL08_CTAGAGTAGGTACTCT-1,0.0
GSE274934_AL08_CTAGAGTAGTGGCACA-1,0.0
GSE274934_AL08_CTAGAGTGTAGAGTGC-1,0.0
GSE274934_AL08_CTAGAGTTCATGGTCA-1,0.0
GSE274934_AL08_CTAGAGTTCGTAGATC-1,0.0
GSE274934_AL08_CTAGCCTCAATGGATA-1,0.0586734693877551
GSE274934_AL08_CTAGCCTTCATGCATG-1,0.0240041799852471
GSE274934_AL08_CTAGCCTTCGCGATCG-1,0.0064851241701499
GSE274934_AL08_CTAGCCTTCTAACCGA-1,0.0
GSE274934_AL08_CTAGTGAAGCAACGGT-1,0.0104499631177772
GSE274934_AL08_CTAGTGAAGCTGCGAA-1,0.0
GSE274934_AL08_CTAGTGACAAAGCAAT-1,0.0139845094664371
GSE274934_AL08_CTAGTGACAAGTTAAG-1,0.042629702483403
GSE274934_AL08_CTAGTGACACAAGCCC-1,0.0
GSE274934_AL08_CTAGTGACACCCAGTG-1,0.0014445537251044
GSE274934_AL08_CTAGTGACACCTCGTT-1,0.0
GSE274934_AL08_CTAGTGACACGGTGTC-1,0.0
GSE274934_AL08_CTAGTGACAGGTCCAC-1,0.0
GSE274934_AL08_CTAGTGAGTCCGTCAG-1,0.0
GSE274934_AL08_CTAGTGAGTGCGGTAA-1,0.0351303171871158
GSE274934_AL08_CTAGTGAGTGGTAACG-1,0.0
GSE274934_AL08_CTAGTGAGTTAAGAAC-1,0.0
GSE274934_AL08_CTCACACAGAGCTTCT-1,0.0093127612490779
GSE274934_AL08_CTCACACAGCCACGTC-1,0.0180722891566265
GSE274934_AL08_CTCACACAGGCTAGCA-1,0.0
GSE274934_AL08_CTCACACCAAGTAATG-1,0.0382653061224489
GSE274934_AL08_CTCACACCACGAAATA-1,0.0163818539463978
GSE274934_AL08_CTCACACCAGTGAGTG-1,0.0038726333907056
GSE274934_AL08_CTCACACGTGATGATA-1,0.0
GSE274934_AL08_CTCACACTCAGCTCGG-1,0.0
GSE274934_AL08_CTCACACTCCCTAATT-1,0.0019055815097123
GSE274934_AL08_CTCACACTCTAACCGA-1,0.0070076223260388
GSE274934_AL08_CTCACACTCTATGTGG-1,0.0144762724366855
GSE274934_AL08_CTCACACTCTTACCGC-1,0.0027661667076469
GSE274934_AL08_CTCAGAAAGATATGGT-1,0.0084214408655028
GSE274934_AL08_CTCAGAAAGGGATACC-1,0.0091590853208753
GSE274934_AL08_CTCAGAACAAGTAATG-1,0.0
GSE274934_AL08_CTCAGAACAATCAGAA-1,0.0105421686746987
GSE274934_AL08_CTCAGAACAGACGTAG-1,0.0379272190804032
GSE274934_AL08_CTCAGAACAGGAATGC-1,0.0
GSE274934_AL08_CTCAGAACAGTGACAG-1,0.0
GSE274934_AL08_CTCAGAAGTCGCCATG-1,0.005132776001967
GSE274934_AL08_CTCAGAAGTTGCGTTA-1,0.0
GSE274934_AL08_CTCAGAATCCCTTGCA-1,0.0055015982296533
GSE274934_AL08_CTCAGAATCCTTGGTC-1,0.0
GSE274934_AL08_CTCAGAATCGGCTACG-1,0.0
GSE274934_AL08_CTCATTACATCACAAC-1,0.0125706909269731
GSE274934_AL08_CTCATTACATGCAACT-1,0.0
GSE274934_AL08_CTCATTAGTCAGAATA-1,0.0
GSE274934_AL08_CTCATTAGTCGACTAT-1,0.0
GSE274934_AL08_CTCATTAGTGGAAAGA-1,0.0108802557167445
GSE274934_AL08_CTCATTAGTTAGTGGG-1,0.0260941726088025
GSE274934_AL08_CTCATTATCAGATAAG-1,0.0
GSE274934_AL08_CTCATTATCCATGCTC-1,0.0110339316449471
GSE274934_AL08_CTCATTATCCCTAACC-1,0.0043951315465945
GSE274934_AL08_CTCATTATCGTAGGTT-1,0.0
GSE274934_AL08_CTCATTATCTGTACGA-1,0.0185640521268748
GSE274934_AL08_CTCCTAGAGCGTAATA-1,0.0142918613228423
GSE274934_AL08_CTCCTAGCACGTCAGC-1,0.0
GSE274934_AL08_CTCCTAGCAGCGAACA-1,0.0201008114089009
GSE274934_AL08_CTCCTAGGTGCTAGCC-1,0.0
GSE274934_AL08_CTCCTAGGTGGTGTAG-1,0.0
GSE274934_AL08_CTCCTAGTCAACTCTT-1,0.0
GSE274934_AL08_CTCCTAGTCAGGATCT-1,0.0
GSE274934_AL08_CTCGAAAAGAACAACT-1,0.0155520039341037
GSE274934_AL08_CTCGAAACAATAACGA-1,0.0
GSE274934_AL08_CTCGAAAGTAAGGATT-1,0.0012294074256208
GSE274934_AL08_CTCGAAAGTTCCAACA-1,0.007314974182444
GSE274934_AL08_CTCGAAATCAGAGCTT-1,0.0
GSE274934_AL08_CTCGAAATCTGGTTCC-1,0.0075301204819277
GSE274934_AL08_CTCGAGGAGAGTGACC-1,0.0
GSE274934_AL08_CTCGAGGCATCACCCT-1,0.0
GSE274934_AL08_CTCGAGGCATGGTTGT-1,0.0
GSE274934_AL08_CTCGAGGGTCATACTG-1,0.0
GSE274934_AL08_CTCGAGGTCACAACGT-1,0.0070383575116793
GSE274934_AL08_CTCGAGGTCAGTCAGT-1,0.0
GSE274934_AL08_CTCGAGGTCGAGGTAG-1,0.0220371281042537
GSE274934_AL08_CTCGAGGTCGCGGATC-1,0.0043336611753134
GSE274934_AL08_CTCGAGGTCTACTCAT-1,0.0
GSE274934_AL08_CTCGGAGCACTGTGTA-1,0.0
GSE274934_AL08_CTCGGAGCAGTATAAG-1,0.0234202114580772
GSE274934_AL08_CTCGGAGGTGTTCGAT-1,0.0
GSE274934_AL08_CTCGGAGGTTACGACT-1,0.0
GSE274934_AL08_CTCGGAGGTTGCGCAC-1,0.0
GSE274934_AL08_CTCGGAGTCAACGAAA-1,0.0
GSE274934_AL08_CTCGGAGTCCGCAGTG-1,0.0
GSE274934_AL08_CTCGGAGTCTCGCATC-1,0.00943570199164
GSE274934_AL08_CTCGGAGTCTGTTTGT-1,0.0073764445537251
GSE274934_AL08_CTCGGGAAGAGGTAGA-1,0.0
GSE274934_AL08_CTCGGGAAGCTCTCGG-1,0.0
GSE274934_AL08_CTCGGGAAGGATGGAA-1,0.0
GSE274934_AL08_CTCGGGACATAAAGGT-1,0.0
GSE274934_AL08_CTCGGGACATGGATGG-1,0.0042107204327514
GSE274934_AL08_CTCGGGATCATTGCGA-1,0.0003380870420457
GSE274934_AL08_CTCGTACGTGGCAAAC-1,0.0124170149987705
GSE274934_AL08_CTCGTACGTGTCGCTG-1,0.0
GSE274934_AL08_CTCGTACTCAGTCCCT-1,0.0082062945660191
GSE274934_AL08_CTCGTACTCATTCACT-1,0.0222522744037374
GSE274934_AL08_CTCGTACTCCTGCTTG-1,0.0
GSE274934_AL08_CTCGTCAAGATATACG-1,0.0
GSE274934_AL08_CTCGTCAAGATCGATA-1,0.0133390705679862
GSE274934_AL08_CTCGTCAAGCTCCCAG-1,0.0103270223752151
GSE274934_AL08_CTCGTCACAAACGTGG-1,0.008083353823457
GSE274934_AL08_CTCGTCACACGCATCG-1,0.0160437669043521
GSE274934_AL08_CTCGTCACATACGCTA-1,0.019516842881731
GSE274934_AL08_CTCGTCAGTCAGGACA-1,0.0
GSE274934_AL08_CTCGTCAGTCGCGTGT-1,0.0096815834767642
GSE274934_AL08_CTCGTCAGTCTTCAAG-1,0.0118330464716006
GSE274934_AL08_CTCGTCAGTGTTCTTT-1,0.0
GSE274934_AL08_CTCGTCAGTTCCATGA-1,0.0061777723137447
GSE274934_AL08_CTCGTCAGTTGGAGGT-1,0.0056860093434964
GSE274934_AL08_CTCGTCAGTTTACTCT-1,0.0
GSE274934_AL08_CTCGTCATCCGTTGTC-1,0.0121711335136464
GSE274934_AL08_CTCGTCATCTAACCGA-1,0.0371895746250307
GSE274934_AL08_CTCTAATAGCCATCGC-1,0.0001536759282026
GSE274934_AL08_CTCTAATAGTACTTGC-1,0.0170887632161298
GSE274934_AL08_CTCTAATAGTTACCCA-1,0.0
GSE274934_AL08_CTCTAATGTCTGCGGT-1,0.0
GSE274934_AL08_CTCTAATGTCTGGAGA-1,0.0007991148266535
GSE274934_AL08_CTCTAATGTGATGTCT-1,0.0139230390951561
GSE274934_AL08_CTCTAATGTTAAAGAC-1,0.0
GSE274934_AL08_CTCTAATTCCAAACAC-1,0.0062085074993852
GSE274934_AL08_CTCTAATTCCGTAGGC-1,0.0098352594049668
GSE274934_AL08_CTCTAATTCGGATGTT-1,0.0
GSE274934_AL08_CTCTAATTCTCTGAGA-1,0.002182198180477
GSE274934_AL08_CTCTACGAGCCAGTTT-1,0.0
GSE274934_AL08_CTCTACGAGTTACGGG-1,0.0
GSE274934_AL08_CTCTACGCAAGGTTTC-1,0.0081448241947381
GSE274934_AL08_CTCTACGCATAGACTC-1,0.0
GSE274934_AL08_CTCTACGGTACCGGCT-1,0.0009527907548561
GSE274934_AL08_CTCTACGGTAGCTAAA-1,0.0
GSE274934_AL08_CTCTACGGTTACCGAT-1,0.0112490779444307
GSE274934_AL08_CTCTACGTCTAGCACA-1,0.0
GSE274934_AL08_CTCTGGTAGCAATCTC-1,0.0007069092697319
GSE274934_AL08_CTCTGGTAGGATGTAT-1,0.0
GSE274934_AL08_CTCTGGTCACAACGCC-1,0.000122940742562
GSE274934_AL08_CTCTGGTCACGAGGTA-1,0.1465146299483649
GSE274934_AL08_CTCTGGTGTAGTACCT-1,0.0
GSE274934_AL08_CTCTGGTGTTATTCTC-1,0.0045180722891566
GSE274934_AL08_CTCTGGTTCGGTTCGG-1,0.0
GSE274934_AL08_CTCTGGTTCTGTACGA-1,0.0019055815097123
GSE274934_AL08_CTGAAACAGAAGGCCT-1,0.0272006392918613
GSE274934_AL08_CTGAAACAGCCACGTC-1,0.0153983280059011
GSE274934_AL08_CTGAAACCAAACCCAT-1,0.0
GSE274934_AL08_CTGAAACCAGCCACCA-1,0.0
GSE274934_AL08_CTGAAACGTCGCATAT-1,0.0
GSE274934_AL08_CTGAAACGTGCGAAAC-1,0.0
GSE274934_AL08_CTGAAACTCCTTTACA-1,0.0
GSE274934_AL08_CTGAAACTCGAATGGG-1,0.011679370543398
GSE274934_AL08_CTGAAACTCTGCGGCA-1,0.0171809687730513
GSE274934_AL08_CTGAAACTCTGGGCCA-1,0.0
GSE274934_AL08_CTGAAGTAGCTAGGCA-1,0.0027661667076469
GSE274934_AL08_CTGAAGTAGTGTTAGA-1,0.0
GSE274934_AL08_CTGAAGTCACCAGCAC-1,0.0
GSE274934_AL08_CTGAAGTCAGCAGTTT-1,0.0
GSE274934_AL08_CTGAAGTGTTCAGACT-1,0.0074993852962871
GSE274934_AL08_CTGAAGTGTTTAAGCC-1,0.0258790263093189
GSE274934_AL08_CTGAAGTTCTCGCATC-1,0.0022744037373985
GSE274934_AL08_CTGAAGTTCTGCTTGC-1,0.0060548315711826
GSE274934_AL08_CTGATAGAGATGCCTT-1,0.0
GSE274934_AL08_CTGATAGAGCATGGCA-1,0.0148758298500122
GSE274934_AL08_CTGATAGAGGGCATGT-1,0.0
GSE274934_AL08_CTGATAGAGGTGCTTT-1,0.0
GSE274934_AL08_CTGATAGAGTGCGATG-1,0.0
GSE274934_AL08_CTGATAGCAAAGGCGT-1,0.0
GSE274934_AL08_CTGATAGCAAGCCTAT-1,0.0398942709613966
GSE274934_AL08_CTGATAGGTAAGTAGT-1,0.0
GSE274934_AL08_CTGATAGGTAGGCTGA-1,0.0079296778952544
GSE274934_AL08_CTGATAGGTCATATCG-1,0.0113720186869928
GSE274934_AL08_CTGATAGGTGAGTGAC-1,0.016750676174084
GSE274934_AL08_CTGATAGTCAGAAATG-1,0.0160437669043521
GSE274934_AL08_CTGATAGTCCAAAGTC-1,0.0
GSE274934_AL08_CTGATAGTCCACGACG-1,0.0018748463240717
GSE274934_AL08_CTGATCCAGGGAGTAA-1,0.0086980575362675
GSE274934_AL08_CTGATCCAGTCTCAAC-1,0.0
GSE274934_AL08_CTGATCCCATCATCCC-1,0.0160437669043521
GSE274934_AL08_CTGATCCCATTTGCTT-1,0.0027046963363658
GSE274934_AL08_CTGATCCGTGCTTCTC-1,6.147037128104254e-05
GSE274934_AL08_CTGATCCGTTCCACAA-1,0.0
GSE274934_AL08_CTGCCTAAGAACTGTA-1,0.0370051635111876
GSE274934_AL08_CTGCCTAAGACTAAGT-1,0.0154905335628227
GSE274934_AL08_CTGCCTAAGGTTCCTA-1,0.0
GSE274934_AL08_CTGCCTAAGTACGATA-1,0.0098967297762478
GSE274934_AL08_CTGCCTAAGTCTCGGC-1,0.0334091467912466
GSE274934_AL08_CTGCCTACAATGTTGC-1,0.0
GSE274934_AL08_CTGCCTAGTTCGGCAC-1,0.0
GSE274934_AL08_CTGCCTAGTTGAGGTG-1,0.0
GSE274934_AL08_CTGCCTATCAGTACGT-1,0.0029813130071305
GSE274934_AL08_CTGCCTATCGTGGACC-1,0.0248955003688222
GSE274934_AL08_CTGCCTATCTGGCGAC-1,0.0
GSE274934_AL08_CTGCGGAAGATGCCAG-1,0.0140152446520776
GSE274934_AL08_CTGCGGAAGGATTCGG-1,0.0089746742070322
GSE274934_AL08_CTGCGGAAGTCATCCA-1,0.016689205802803
GSE274934_AL08_CTGCGGACAAACAACA-1,0.0
GSE274934_AL08_CTGCGGACATTCGACA-1,0.0
GSE274934_AL08_CTGCGGAGTATGCTTG-1,0.0
GSE274934_AL08_CTGCGGATCCTGCTTG-1,0.0
GSE274934_AL08_CTGCTGTAGCTAGTCT-1,0.0014445537251044
GSE274934_AL08_CTGCTGTCAAACGTGG-1,0.0
GSE274934_AL08_CTGCTGTCACGGTTTA-1,0.0
GSE274934_AL08_CTGCTGTCACTATCTT-1,0.0067617408409146
GSE274934_AL08_CTGCTGTCATACAGCT-1,0.0
GSE274934_AL08_CTGCTGTTCCTAAGTG-1,0.0
GSE274934_AL08_CTGCTGTTCCTGCAGG-1,0.0
GSE274934_AL08_CTGGTCTCAAGTCTAC-1,0.0344541431030243
GSE274934_AL08_CTGGTCTGTCTGATTG-1,0.0
GSE274934_AL08_CTGGTCTGTGTGGCTC-1,0.0
GSE274934_AL08_CTGTGCTAGACTGGGT-1,0.0068846815834767
GSE274934_AL08_CTGTGCTAGCTCCTCT-1,0.0135542168674698
GSE274934_AL08_CTGTGCTAGGGAGTAA-1,0.0
GSE274934_AL08_CTGTGCTAGGGTTTCT-1,0.0075301204819277
GSE274934_AL08_CTGTGCTAGGTTCCTA-1,0.0
GSE274934_AL08_CTGTGCTAGTCGCCGT-1,0.0
GSE274934_AL08_CTGTGCTCAAATCCGT-1,0.007314974182444
GSE274934_AL08_CTGTGCTCAGGTCTCG-1,0.0
GSE274934_AL08_CTGTGCTTCACTTCAT-1,0.0
GSE274934_AL08_CTGTGCTTCGAACTGT-1,0.0081448241947381
GSE274934_AL08_CTGTTTAAGAGCTATA-1,0.0
GSE274934_AL08_CTGTTTACACTTAACG-1,0.0068232112121957
GSE274934_AL08_CTGTTTACACTTAAGC-1,0.0
GSE274934_AL08_CTGTTTACAGGAATCG-1,0.0
GSE274934_AL08_CTGTTTAGTTCAGCGC-1,0.0
GSE274934_AL08_CTGTTTAGTTCTCATT-1,0.0027969018932874
GSE274934_AL08_CTTAACTAGACTAGGC-1,0.0
GSE274934_AL08_CTTAACTAGCTAAACA-1,0.0235738873862798
GSE274934_AL08_CTTAACTAGTTAACGA-1,0.0
GSE274934_AL08_CTTAACTCAAGACACG-1,0.0005839685271699
GSE274934_AL08_CTTAACTCAGACTCGC-1,0.0
GSE274934_AL08_CTTAACTCAGCGTTCG-1,0.0
GSE274934_AL08_CTTAACTCAGGTGGAT-1,0.0
GSE274934_AL08_CTTAACTCATCGGAAG-1,0.0
GSE274934_AL08_CTTAACTGTCGCGGTT-1,0.0007069092697319
GSE274934_AL08_CTTAACTGTCTAACGT-1,0.0
GSE274934_AL08_CTTAACTTCCCTCAGT-1,0.016750676174084
GSE274934_AL08_CTTACCGAGGATGGAA-1,0.0
GSE274934_AL08_CTTACCGCAGCGTTCG-1,0.0
GSE274934_AL08_CTTACCGGTAGCCTCG-1,0.0
GSE274934_AL08_CTTACCGTCATCGGAT-1,0.0
GSE274934_AL08_CTTACCGTCCAAAGTC-1,0.0063621834275879
GSE274934_AL08_CTTACCGTCGAATGGG-1,0.0
GSE274934_AL08_CTTACCGTCTGCTTGC-1,0.0
GSE274934_AL08_CTTAGGAAGTACATGA-1,0.0
GSE274934_AL08_CTTAGGAAGTACGCCC-1,0.00943570199164
GSE274934_AL08_CTTAGGACAAAGTGCG-1,0.0137078927956724
GSE274934_AL08_CTTAGGACAAGGTTCT-1,0.0004610277846078
GSE274934_AL08_CTTAGGACACACCGCA-1,0.0
GSE274934_AL08_CTTAGGACACATCCGG-1,0.0
GSE274934_AL08_CTTAGGACACTTGGAT-1,0.0
GSE274934_AL08_CTTAGGACAGGTGGAT-1,0.0
GSE274934_AL08_CTTAGGACATGACGGA-1,0.0061777723137447
GSE274934_AL08_CTTAGGACATGTCGAT-1,0.0
GSE274934_AL08_CTTAGGAGTCCAGTAT-1,0.0
GSE274934_AL08_CTTAGGAGTTGTCGCG-1,0.0
GSE274934_AL08_CTTCTCTAGCAACGGT-1,0.0
GSE274934_AL08_CTTCTCTAGCCTCGTG-1,0.0133698057536267
GSE274934_AL08_CTTCTCTAGCTACCTA-1,0.0013523481681829
GSE274934_AL08_CTTCTCTAGGCACATG-1,0.0
GSE274934_AL08_CTTCTCTAGTACGTTC-1,0.0161667076469141
GSE274934_AL08_CTTCTCTAGTCCAGGA-1,0.0
GSE274934_AL08_CTTCTCTCAAGCTGTT-1,0.0244037373985738
GSE274934_AL08_CTTCTCTCACTGTTAG-1,0.0077145315957708
GSE274934_AL08_CTTCTCTCACTTACGA-1,0.0113412835013523
GSE274934_AL08_CTTCTCTCATTGGGCC-1,0.0090668797639537
GSE274934_AL08_CTTCTCTGTCTAAACC-1,0.0073457093680845
GSE274934_AL08_CTTCTCTTCACCGGGT-1,0.0
GSE274934_AL08_CTTCTCTTCATCTGCC-1,0.0028583722645684
GSE274934_AL08_CTTCTCTTCTATCCCG-1,0.0
GSE274934_AL08_CTTGGCTAGACGCACA-1,0.0091283501352348
GSE274934_AL08_CTTGGCTAGCCATCGC-1,0.0
GSE274934_AL08_CTTGGCTAGGGCTTCC-1,0.0112183427587902
GSE274934_AL08_CTTGGCTAGTCAAGCG-1,0.0141689205802803
GSE274934_AL08_CTTGGCTCAATCGGTT-1,0.0100811408900909
GSE274934_AL08_CTTGGCTCACCTGGTG-1,0.0
GSE274934_AL08_CTTGGCTCAGTGAGTG-1,0.0
GSE274934_AL08_CTTGGCTCATACAGCT-1,0.0
GSE274934_AL08_CTTGGCTGTGTGACCC-1,0.0
GSE274934_AL08_CTTGGCTGTTAAGGGC-1,0.0
GSE274934_AL08_CTTGGCTGTTGTTTGG-1,0.0
GSE274934_AL08_CTTGGCTTCACATAGC-1,0.0
GSE274934_AL08_CTTGGCTTCATCGCTC-1,0.0
GSE274934_AL08_CTTTGCGAGCCAGGAT-1,0.0
GSE274934_AL08_CTTTGCGCAGATCTGT-1,0.0177649373002212
GSE274934_AL08_CTTTGCGCAGGGTTAG-1,0.0
GSE274934_AL08_CTTTGCGGTATTAGCC-1,0.0
GSE274934_AL08_CTTTGCGGTCAGGACA-1,0.0
GSE274934_AL08_CTTTGCGGTGATGATA-1,0.0
GSE274934_AL08_GAAACTCAGCGAAGGG-1,0.0149065650356528
GSE274934_AL08_GAAACTCAGGCAGGTT-1,0.0272313744775018
GSE274934_AL08_GAAACTCAGTTAGGTA-1,0.0042107204327514
GSE274934_AL08_GAAACTCCACACGCTG-1,0.0
GSE274934_AL08_GAAACTCCAGGATTGG-1,0.0357450208999262
GSE274934_AL08_GAAACTCCAGGTCTCG-1,0.0057167445291369
GSE274934_AL08_GAAACTCGTAAATACG-1,0.0060548315711826
GSE274934_AL08_GAAACTCGTTCCCTTG-1,0.0
GSE274934_AL08_GAAACTCTCAGTGCAT-1,0.0
GSE274934_AL08_GAAATGAAGAAACCAT-1,0.0
GSE274934_AL08_GAAATGAAGCAGGCTA-1,0.0
GSE274934_AL08_GAAATGACACATGGGA-1,0.0099582001475288
GSE274934_AL08_GAAATGACATAGACTC-1,0.0
GSE274934_AL08_GAAATGAGTCTAGCGC-1,0.0
GSE274934_AL08_GAAATGAGTTACTGAC-1,0.0132468650110646
GSE274934_AL08_GAAATGATCAGGCGAA-1,0.0105114334890582
GSE274934_AL08_GAAATGATCCGAAGAG-1,0.0
GSE274934_AL08_GAAATGATCCTGCAGG-1,0.0144762724366855
GSE274934_AL08_GAAATGATCGTATCAG-1,0.0137078927956724
GSE274934_AL08_GAAATGATCTGCCCTA-1,0.0109417260880255
GSE274934_AL08_GAACATCAGGGCTTGA-1,0.0
GSE274934_AL08_GAACATCAGTTCCACA-1,0.0
GSE274934_AL08_GAACATCCACTGCCAG-1,0.0128473075977378
GSE274934_AL08_GAACATCCAGCTGTAT-1,0.0
GSE274934_AL08_GAACATCGTCCGAATT-1,0.0228055077452667
GSE274934_AL08_GAACATCGTGCGAAAC-1,0.0094664371772805
GSE274934_AL08_GAACATCTCCACTCCA-1,0.0
GSE274934_AL08_GAACATCTCTTCTGGC-1,0.0017826407671502
GSE274934_AL08_GAACCTAAGCGCCTCA-1,0.0182874354561101
GSE274934_AL08_GAACCTAAGTACGACG-1,0.0
GSE274934_AL08_GAACCTAAGTTAACGA-1,0.00943570199164
GSE274934_AL08_GAACCTACAATCCGAT-1,0.0
GSE274934_AL08_GAACCTACATTGGTAC-1,0.0055630686009343
GSE274934_AL08_GAACCTAGTAAGGGCT-1,0.0149373002212933
GSE274934_AL08_GAACCTAGTGCGCTTG-1,0.0086058519793459
GSE274934_AL08_GAACCTAGTTCGGCAC-1,0.0
GSE274934_AL08_GAACCTATCTGATTCT-1,0.0005839685271699
GSE274934_AL08_GAACCTATCTGCCAGG-1,0.0110339316449471
GSE274934_AL08_GAACGGAAGACAAAGG-1,0.0
GSE274934_AL08_GAACGGAAGACCGGAT-1,0.0
GSE274934_AL08_GAACGGAAGCGAAGGG-1,0.0
GSE274934_AL08_GAACGGACAATCGAAA-1,0.0
GSE274934_AL08_GAACGGACAATGGAAT-1,0.0065773297270715
GSE274934_AL08_GAACGGACAATTGCTG-1,0.0248340299975411
GSE274934_AL08_GAACGGACACATTAGC-1,0.0145377428079665
GSE274934_AL08_GAACGGAGTACCGTTA-1,0.0169350872879272
GSE274934_AL08_GAACGGAGTACTCTCC-1,0.040508974674207
GSE274934_AL08_GAACGGATCGGCATCG-1,0.0
GSE274934_AL08_GAACGGATCGTGTAGT-1,0.0
GSE274934_AL08_GAAGCAGAGCGATAGC-1,0.0
GSE274934_AL08_GAAGCAGAGGTCATCT-1,0.0064236537988689
GSE274934_AL08_GAAGCAGAGTCGCCGT-1,0.0
GSE274934_AL08_GAAGCAGCAAAGGTGC-1,0.0
GSE274934_AL08_GAAGCAGCAATCTGCA-1,0.004364396360954
GSE274934_AL08_GAAGCAGCATCGATGT-1,0.0
GSE274934_AL08_GAAGCAGGTACTTAGC-1,0.0
GSE274934_AL08_GAAGCAGGTGTTCTTT-1,0.0
GSE274934_AL08_GAAGCAGTCAGCTTAG-1,0.0034116056060978
GSE274934_AL08_GAAGCAGTCGCTGATA-1,0.0240349151708876
GSE274934_AL08_GAAGCAGTCTTTACAC-1,0.0473936562576838
GSE274934_AL08_GAATAAGAGAGTCGGT-1,0.0005839685271699
GSE274934_AL08_GAATAAGAGCCCGAAA-1,0.0
GSE274934_AL08_GAATAAGAGCGAGAAA-1,0.0
GSE274934_AL08_GAATAAGAGTGCCAGA-1,0.0
GSE274934_AL08_GAATAAGCAACGCACC-1,0.0
GSE274934_AL08_GAATAAGGTCCGACGT-1,0.0272313744775018
GSE274934_AL08_GAATAAGGTCGTTGTA-1,0.0
GSE274934_AL08_GAATAAGTCATCGCTC-1,0.0
GSE274934_AL08_GAATGAAAGGCCCTTG-1,0.0078374723383329
GSE274934_AL08_GAATGAACAAGCGCTC-1,0.0
GSE274934_AL08_GAATGAACAAGTAGTA-1,0.0018441111384312
GSE274934_AL08_GAATGAAGTCGAGATG-1,0.0
GSE274934_AL08_GAATGAATCACGAAGG-1,0.0
GSE274934_AL08_GAATGAATCCAGAGGA-1,0.0
GSE274934_AL08_GAATGAATCCCAAGTA-1,0.0
GSE274934_AL08_GAATGAATCCTGCCAT-1,0.026063437423162
GSE274934_AL08_GAATGAATCTGCAAGT-1,0.0
GSE274934_AL08_GACACGCAGCCACGCT-1,0.0026124907794443
GSE274934_AL08_GACACGCAGGTACTCT-1,0.0
GSE274934_AL08_GACACGCAGTGATCGG-1,0.0033194000491762
GSE274934_AL08_GACACGCCAAGGCTCC-1,0.0
GSE274934_AL08_GACACGCCATCTGGTA-1,0.0
GSE274934_AL08_GACACGCGTACTCTCC-1,0.0074686501106466
GSE274934_AL08_GACACGCGTTACCGAT-1,0.0117101057290386
GSE274934_AL08_GACACGCGTTTGCATG-1,0.0074379149250061
GSE274934_AL08_GACACGCTCCTTGCCA-1,0.0
GSE274934_AL08_GACACGCTCGTTTAGG-1,0.0122940742562085
GSE274934_AL08_GACAGAGAGACAATAC-1,0.0
GSE274934_AL08_GACAGAGAGTCGATAA-1,0.0164125891320383
GSE274934_AL08_GACAGAGCATGTAAGA-1,0.0017211703958691
GSE274934_AL08_GACAGAGCATTATCTC-1,0.0
GSE274934_AL08_GACAGAGGTTTAGGAA-1,0.0068539463978362
GSE274934_AL08_GACCAATCAAGTACCT-1,0.0
GSE274934_AL08_GACCAATCACGACTCG-1,0.0
GSE274934_AL08_GACCAATGTCAGAGGT-1,0.0
GSE274934_AL08_GACCAATGTTGATTGC-1,0.0065773297270715
GSE274934_AL08_GACCAATTCAAGAAGT-1,0.0
GSE274934_AL08_GACCAATTCCAATGGT-1,0.020346692894025
GSE274934_AL08_GACCAATTCCTATGTT-1,0.0023358741086796
GSE274934_AL08_GACCTGGAGACCTTTG-1,0.0131546594541431
GSE274934_AL08_GACCTGGAGCCGATTT-1,0.0092512908777969
GSE274934_AL08_GACCTGGAGCTGCCCA-1,0.0
GSE274934_AL08_GACCTGGAGTAGGTGC-1,0.0
GSE274934_AL08_GACCTGGCACCAACCG-1,0.0031964593066142
GSE274934_AL08_GACCTGGCATTTCAGG-1,0.0
GSE274934_AL08_GACCTGGGTTGACGTT-1,0.0020899926235554
GSE274934_AL08_GACCTGGTCCGTTGTC-1,0.0
GSE274934_AL08_GACCTGGTCTAGCACA-1,0.0042107204327514
GSE274934_AL08_GACCTGGTCTCCCTGA-1,0.0272313744775018
GSE274934_AL08_GACGCGTAGACGCTTT-1,0.0
GSE274934_AL08_GACGCGTAGCATCATC-1,0.0
GSE274934_AL08_GACGCGTAGGAATTAC-1,0.0
GSE274934_AL08_GACGCGTAGTTCGCGC-1,0.0
GSE274934_AL08_GACGCGTCATGAAGTA-1,0.0062699778706663
GSE274934_AL08_GACGCGTCATTGGTAC-1,0.0
GSE274934_AL08_GACGCGTTCCCTTGTG-1,0.0
GSE274934_AL08_GACGCGTTCTGGAGCC-1,0.0102348168182935
GSE274934_AL08_GACGGCTAGCTAGGCA-1,0.0
GSE274934_AL08_GACGGCTAGGAGCGAG-1,0.0
GSE274934_AL08_GACGGCTAGGCCATAG-1,0.0
GSE274934_AL08_GACGGCTAGGGTCGAT-1,0.0130009835259404
GSE274934_AL08_GACGGCTCAAGCGATG-1,0.0
GSE274934_AL08_GACGGCTCAGGGAGAG-1,0.0223137447750184
GSE274934_AL08_GACGGCTGTGACGCCT-1,0.0059933611999016
GSE274934_AL08_GACGGCTTCCACTGGG-1,0.0034730759773789
GSE274934_AL08_GACGGCTTCCGCATCT-1,0.0035960167199409
GSE274934_AL08_GACGGCTTCGGAAACG-1,0.0
GSE274934_AL08_GACGGCTTCTAACTCT-1,0.0
GSE274934_AL08_GACGTGCAGGGATACC-1,0.0047946889599213
GSE274934_AL08_GACGTGCCACCATCCT-1,0.0
GSE274934_AL08_GACGTGCCATCGTCGG-1,0.0307659208261617
GSE274934_AL08_GACGTGCTCATACGGT-1,0.0148758298500122
GSE274934_AL08_GACGTGCTCGTAGGAG-1,0.0
GSE274934_AL08_GACGTGCTCTGAGGGA-1,0.0
GSE274934_AL08_GACGTTAAGATCCCGC-1,0.0
GSE274934_AL08_GACGTTAAGCGATAGC-1,0.0
GSE274934_AL08_GACGTTAAGGCAAAGA-1,0.0
GSE274934_AL08_GACGTTACATACGCCG-1,0.0
GSE274934_AL08_GACGTTACATGGATGG-1,0.0368822227686255
GSE274934_AL08_GACGTTATCTGCTGCT-1,0.0
GSE274934_AL08_GACTAACAGCATGGCA-1,0.0
GSE274934_AL08_GACTAACAGCGAGAAA-1,0.0
GSE274934_AL08_GACTAACCAAGCTGGA-1,0.0110031964593066
GSE274934_AL08_GACTAACCACACTGCG-1,0.0
GSE274934_AL08_GACTAACCACAGGAGT-1,0.0
GSE274934_AL08_GACTAACCAGCCTTGG-1,0.0205003688222276
GSE274934_AL08_GACTAACCAGGGATTG-1,0.0
GSE274934_AL08_GACTAACCAGTCCTTC-1,0.0
GSE274934_AL08_GACTAACGTCATATCG-1,0.0028276370789279
GSE274934_AL08_GACTAACTCAGAGGTG-1,0.010849520531104
GSE274934_AL08_GACTAACTCAGCTCGG-1,0.0
GSE274934_AL08_GACTAACTCCTTTCTC-1,0.0
GSE274934_AL08_GACTAACTCTGAGTGT-1,0.0192402262109663
GSE274934_AL08_GACTAACTCTGGCGTG-1,0.0
GSE274934_AL08_GACTACAAGGGCTCTC-1,0.0
GSE274934_AL08_GACTACAAGGTGTGGT-1,0.003718957462503
GSE274934_AL08_GACTACAAGTAGATGT-1,0.0124170149987705
GSE274934_AL08_GACTACAAGTGTACCT-1,0.0
GSE274934_AL08_GACTACACAGCTCCGA-1,0.0
GSE274934_AL08_GACTACACAGGGATTG-1,0.0055015982296533
GSE274934_AL08_GACTACACATACGCTA-1,0.0118945168428817
GSE274934_AL08_GACTACAGTCAACTGT-1,0.006546594541431
GSE274934_AL08_GACTACATCTAGCACA-1,0.0049483648881239
GSE274934_AL08_GACTACATCTCGATGA-1,0.0081448241947381
GSE274934_AL08_GACTGCGCAAGGCTCC-1,0.0054093926727317
GSE274934_AL08_GACTGCGCAAGGGTCA-1,0.0
GSE274934_AL08_GACTGCGCACACAGAG-1,0.0
GSE274934_AL08_GACTGCGCAGACGTAG-1,0.0
GSE274934_AL08_GACTGCGGTATATGGA-1,0.0
GSE274934_AL08_GACTGCGGTTCGGGCT-1,0.0115871649864765
GSE274934_AL08_GACTGCGTCCCTAACC-1,0.0184718465699532
GSE274934_AL08_GACTGCGTCTGTACGA-1,0.0
GSE274934_AL08_GAGCAGAAGCACACAG-1,0.0
GSE274934_AL08_GAGCAGAAGGACCACA-1,0.0017211703958691
GSE274934_AL08_GAGCAGACAGGCTCAC-1,0.0171809687730513
GSE274934_AL08_GAGCAGACAGTGGAGT-1,0.0079911482665355
GSE274934_AL08_GAGCAGAGTCTACCTC-1,0.0
GSE274934_AL08_GAGCAGAGTGAGTATA-1,0.0
GSE274934_AL08_GAGCAGATCACGCATA-1,0.0061163019424637
GSE274934_AL08_GAGCAGATCCTCATTA-1,0.0
GSE274934_AL08_GAGGTGAAGCTGTTCA-1,0.0041799852471108
GSE274934_AL08_GAGGTGAAGGCAGGTT-1,0.011617900172117
GSE274934_AL08_GAGGTGAAGTAACCCT-1,0.0
GSE274934_AL08_GAGGTGACAAAGCGGT-1,0.0015982296533071
GSE274934_AL08_GAGGTGACAACTGGCC-1,0.0
GSE274934_AL08_GAGGTGACACCACCAG-1,0.0216375706909269
GSE274934_AL08_GAGGTGACATGGATGG-1,0.0058704204573395
GSE274934_AL08_GAGGTGAGTCTCCATC-1,0.0149680354069338
GSE274934_AL08_GAGGTGAGTTCCAACA-1,0.0
GSE274934_AL08_GAGGTGAGTTCGTGAT-1,0.0
GSE274934_AL08_GAGGTGATCCTGTACC-1,0.0
GSE274934_AL08_GAGTCCGAGACGCACA-1,0.0
GSE274934_AL08_GAGTCCGAGCCAGGAT-1,0.0109417260880255
GSE274934_AL08_GAGTCCGAGGTCATCT-1,0.0
GSE274934_AL08_GAGTCCGAGGTCGGAT-1,0.0
GSE274934_AL08_GAGTCCGAGTCAATAG-1,0.0
GSE274934_AL08_GAGTCCGCAAGGCTCC-1,0.0
GSE274934_AL08_GAGTCCGCACAACTGT-1,0.0
GSE274934_AL08_GAGTCCGCACAGAGGT-1,0.0154905335628227
GSE274934_AL08_GAGTCCGCAGATGAGC-1,0.0140459798377182
GSE274934_AL08_GAGTCCGCAGCCTGTG-1,0.0397713302188345
GSE274934_AL08_GAGTCCGCAGCTCGAC-1,0.0
GSE274934_AL08_GAGTCCGGTAGCCTAT-1,0.0
GSE274934_AL08_GAGTCCGGTGAGTATA-1,0.0060855667568232
GSE274934_AL08_GAGTCCGTCCAATGGT-1,0.013861568723875
GSE274934_AL08_GAGTCCGTCGTTTGCC-1,0.0
GSE274934_AL08_GAGTCCGTCTGGTATG-1,0.0337472338332923
GSE274934_AL08_GATCAGTAGATCGGGT-1,0.0
GSE274934_AL08_GATCAGTAGATGCCTT-1,0.0139537742807966
GSE274934_AL08_GATCAGTAGTAACCCT-1,0.0070076223260388
GSE274934_AL08_GATCAGTCAGGATCGA-1,0.0170580280304893
GSE274934_AL08_GATCAGTCAGTTCCCT-1,0.0097430538480452
GSE274934_AL08_GATCAGTCATATACCG-1,0.0
GSE274934_AL08_GATCAGTGTAGAGCTG-1,0.0009220555692156
GSE274934_AL08_GATCAGTTCTAACCGA-1,0.0
GSE274934_AL08_GATCGATAGCGTCAAG-1,0.0
GSE274934_AL08_GATCGATCACATCTTT-1,0.0
GSE274934_AL08_GATCGATGTACGAAAT-1,0.0
GSE274934_AL08_GATCGATGTAGCGTCC-1,0.0
GSE274934_AL08_GATCGATGTCTAGGTT-1,0.0203159577083845
GSE274934_AL08_GATCGATGTCTCCACT-1,0.0103884927464961
GSE274934_AL08_GATCGATTCCACTGGG-1,0.0221600688468158
GSE274934_AL08_GATCGATTCTCGAGTA-1,0.0112183427587902
GSE274934_AL08_GATCGATTCTTAACCT-1,0.0078989427096139
GSE274934_AL08_GATCGCGAGAATCTCC-1,0.0
GSE274934_AL08_GATCGCGAGAGTACCG-1,0.0
GSE274934_AL08_GATCGCGAGTGAATTG-1,0.0
GSE274934_AL08_GATCGCGAGTGCAAGC-1,0.0316879763953774
GSE274934_AL08_GATCGCGAGTGTACCT-1,0.0078374723383329
GSE274934_AL08_GATCGCGCATTGAGCT-1,0.0
GSE274934_AL08_GATCGCGGTAAGGGAA-1,0.008021883452176
GSE274934_AL08_GATCGCGTCAGCTTAG-1,0.0332862060486845
GSE274934_AL08_GATCGCGTCTCCCTGA-1,0.0001536759282026
GSE274934_AL08_GATCGTAAGTCGATAA-1,0.0129395131546594
GSE274934_AL08_GATCGTACAATGGAGC-1,0.0067924760265552
GSE274934_AL08_GATCGTAGTGCTAGCC-1,0.0189636095402016
GSE274934_AL08_GATCGTAGTTAGATGA-1,0.008083353823457
GSE274934_AL08_GATCGTATCACCCGAG-1,0.0
GSE274934_AL08_GATCGTATCTCCTATA-1,0.0
GSE274934_AL08_GATCTAGAGTCTCAAC-1,0.0
GSE274934_AL08_GATCTAGAGTTTAGGA-1,0.0168736169166461
GSE274934_AL08_GATCTAGCAATGCCAT-1,0.0
GSE274934_AL08_GATCTAGCACAGAGGT-1,0.0070383575116793
GSE274934_AL08_GATCTAGCAGCTCGAC-1,0.01238627981313
GSE274934_AL08_GATCTAGGTGTGACGA-1,0.0088517334644701
GSE274934_AL08_GATCTAGTCGATGAGG-1,0.0
GSE274934_AL08_GATCTAGTCGGCATCG-1,0.0
GSE274934_AL08_GATGAAAAGCAATCTC-1,0.0
GSE274934_AL08_GATGAAACAATGACCT-1,0.0368822227686255
GSE274934_AL08_GATGAAACAGAGTGTG-1,0.0
GSE274934_AL08_GATGAAAGTCAACATC-1,0.0
GSE274934_AL08_GATGAAAGTTCAGACT-1,0.0
GSE274934_AL08_GATGAAATCCGGCACA-1,0.0
GSE274934_AL08_GATGAGGAGTGTCCCG-1,0.0
GSE274934_AL08_GATGAGGCAAGCTGAG-1,0.0
GSE274934_AL08_GATGAGGGTGTCCTCT-1,0.0097737890336857
GSE274934_AL08_GATGAGGGTGTGGCTC-1,0.0109417260880255
GSE274934_AL08_GATGAGGGTTACGCGC-1,0.0
GSE274934_AL08_GATGAGGTCAACTCTT-1,0.0165047946889599
GSE274934_AL08_GATGCTAAGACTGGGT-1,0.0122940742562085
GSE274934_AL08_GATGCTAAGAGAACAG-1,0.0
GSE274934_AL08_GATGCTAAGCAGACTG-1,0.0
GSE274934_AL08_GATGCTACACACTGCG-1,0.0161667076469141
GSE274934_AL08_GATGCTACAGCCTATA-1,0.0500676174084091
GSE274934_AL08_GATGCTACATGACATC-1,0.0022744037373985
GSE274934_AL08_GATGCTAGTTCTGAAC-1,0.0160745020899926
GSE274934_AL08_GATGCTATCCGTTGCT-1,0.0046102778460781
GSE274934_AL08_GATGCTATCTCGGACG-1,0.0
GSE274934_AL08_GATGCTATCTGATTCT-1,0.0
GSE274934_AL08_GATTCAGAGAAGGTGA-1,0.0
GSE274934_AL08_GATTCAGCAATAGAGT-1,0.0
GSE274934_AL08_GATTCAGCAGATGAGC-1,0.0
GSE274934_AL08_GATTCAGCAGGGTTAG-1,0.0
GSE274934_AL08_GATTCAGGTAAGTAGT-1,0.0241271207278091
GSE274934_AL08_GATTCAGGTCGGCACT-1,0.0
GSE274934_AL08_GATTCAGGTGACGCCT-1,0.0020899926235554
GSE274934_AL08_GATTCAGTCAGGTAAA-1,0.0033194000491762
GSE274934_AL08_GATTCAGTCGTTGCCT-1,0.0
GSE274934_AL08_GATTCAGTCTACCTGC-1,0.0004917629702483
GSE274934_AL08_GCAAACTAGACGACGT-1,0.0077452667814113
GSE274934_AL08_GCAAACTAGCTCCTCT-1,0.0
GSE274934_AL08_GCAAACTAGGATTCGG-1,0.0
GSE274934_AL08_GCAAACTAGTACACCT-1,0.0
GSE274934_AL08_GCAAACTCAAACTGCT-1,0.0
GSE274934_AL08_GCAAACTCACATGGGA-1,0.0
GSE274934_AL08_GCAAACTCAGCGTAAG-1,0.0035652815343004
GSE274934_AL08_GCAAACTGTGGCGAAT-1,0.0
GSE274934_AL08_GCAAACTGTTACGCGC-1,0.0
GSE274934_AL08_GCAAACTGTTCGTTGA-1,0.0
GSE274934_AL08_GCAAACTTCTCGTTTA-1,0.0
GSE274934_AL08_GCAATCAAGCTAACAA-1,0.0009835259404966
GSE274934_AL08_GCAATCAAGTACGTTC-1,0.0041799852471108
GSE274934_AL08_GCAATCACACCCATGG-1,0.0
GSE274934_AL08_GCAATCACACTTGGAT-1,0.0115564298008359
GSE274934_AL08_GCAATCAGTCGAAAGC-1,0.0103577575608556
GSE274934_AL08_GCAATCAGTCTCATCC-1,0.0
GSE274934_AL08_GCACATAAGAAGGGTA-1,0.0325792967789525
GSE274934_AL08_GCACATAAGCCACGCT-1,0.007960413080895
GSE274934_AL08_GCACATAAGCGAAGGG-1,0.0301819522989918
GSE274934_AL08_GCACATACAGGACGTA-1,0.0205618391935087
GSE274934_AL08_GCACATACATCAGTAC-1,0.0
GSE274934_AL08_GCACATAGTAGCTTGT-1,0.0208691910499139
GSE274934_AL08_GCACATAGTCCGTTAA-1,0.0086365871649864
GSE274934_AL08_GCACATATCTTCAACT-1,0.0
GSE274934_AL08_GCACTCTAGACAGGCT-1,0.0093127612490779
GSE274934_AL08_GCACTCTAGTTTAGGA-1,0.0
GSE274934_AL08_GCACTCTCAATCTGCA-1,0.0031349889353331
GSE274934_AL08_GCACTCTCAGGTGCCT-1,0.0
GSE274934_AL08_GCACTCTGTAGCGTAG-1,0.0
GSE274934_AL08_GCACTCTGTAGGCATG-1,0.0
GSE274934_AL08_GCACTCTGTTCCCGAG-1,0.0
GSE274934_AL08_GCACTCTTCGTACGGC-1,0.0188406687976395
GSE274934_AL08_GCACTCTTCTTTACAC-1,0.0
GSE274934_AL08_GCAGCCAAGAAGGTGA-1,0.0397713302188345
GSE274934_AL08_GCAGCCAAGCTGCAAG-1,0.0039341037619867
GSE274934_AL08_GCAGCCACAACTGCTA-1,0.0
GSE274934_AL08_GCAGCCACAATGAATG-1,0.0
GSE274934_AL08_GCAGCCACATCCTAGA-1,0.0033501352348168
GSE274934_AL08_GCAGCCAGTCACTGGC-1,0.0190865502827637
GSE274934_AL08_GCAGCCAGTTAAGTAG-1,0.0
GSE274934_AL08_GCAGTTAAGCAGATCG-1,0.0
GSE274934_AL08_GCAGTTAAGGAGTAGA-1,0.0057474797147774
GSE274934_AL08_GCAGTTACACTATCTT-1,0.0
GSE274934_AL08_GCAGTTACAGCCAGAA-1,0.0
GSE274934_AL08_GCAGTTAGTACTTAGC-1,0.0
GSE274934_AL08_GCATACAAGGATGCGT-1,0.0
GSE274934_AL08_GCATACACAACTGCGC-1,0.0
GSE274934_AL08_GCATACAGTTGGGACA-1,0.0195475780673715
GSE274934_AL08_GCATGATAGTACGCCC-1,0.001536759282026
GSE274934_AL08_GCATGATAGTGCGTGA-1,0.0
GSE274934_AL08_GCATGATCACGTAAGG-1,0.0088517334644701
GSE274934_AL08_GCATGATGTACCCAAT-1,0.0164433243176788
GSE274934_AL08_GCATGATGTGCGCTTG-1,0.0129395131546594
GSE274934_AL08_GCATGATTCAACGGGA-1,0.00295057782149
GSE274934_AL08_GCATGATTCATGTCCC-1,0.0010449963117777
GSE274934_AL08_GCATGATTCTCGTATT-1,0.0007069092697319
GSE274934_AL08_GCATGATTCTCTAGGA-1,0.0
GSE274934_AL08_GCATGCGAGACACTAA-1,0.0314728300958937
GSE274934_AL08_GCATGCGCAGCGTCCA-1,0.0
GSE274934_AL08_GCATGCGCAGGGTATG-1,0.0047332185886402
GSE274934_AL08_GCATGCGGTAGAGCTG-1,0.0
GSE274934_AL08_GCATGCGGTCTTCTCG-1,0.0092205556921563
GSE274934_AL08_GCATGCGTCCAACCAA-1,0.0
GSE274934_AL08_GCATGTAAGCTAAACA-1,0.0062085074993852
GSE274934_AL08_GCATGTACAGACGCAA-1,0.0044566019178755
GSE274934_AL08_GCATGTACATATGCTG-1,0.0
GSE274934_AL08_GCATGTAGTAAGTGGC-1,0.0
GSE274934_AL08_GCATGTATCCAGGGCT-1,0.0
GSE274934_AL08_GCCAAATAGTACGACG-1,0.0070690926973198
GSE274934_AL08_GCCAAATCATTTCACT-1,0.0
GSE274934_AL08_GCCAAATGTCTGGTCG-1,0.0174268502581755
GSE274934_AL08_GCCAAATGTTCTCATT-1,0.0538787804278337
GSE274934_AL08_GCCAAATTCACCTCGT-1,0.0138308335382345
GSE274934_AL08_GCCAAATTCCCTTGCA-1,0.0196705188099336
GSE274934_AL08_GCCAAATTCGTCTGCT-1,0.0
GSE274934_AL08_GCCAAATTCTTAGCCC-1,0.0021514629948364
GSE274934_AL08_GCCAAATTCTTATCTG-1,0.0071612982542414
GSE274934_AL08_GCCTCTAAGAAACGCC-1,0.0
GSE274934_AL08_GCCTCTAAGAGTGACC-1,0.0014445537251044
GSE274934_AL08_GCCTCTAAGTCAAGCG-1,0.0
GSE274934_AL08_GCCTCTAAGTGCCATT-1,0.0
GSE274934_AL08_GCCTCTAAGTGTCCAT-1,0.0019055815097123
GSE274934_AL08_GCCTCTACAGACGCAA-1,0.018809933611999
GSE274934_AL08_GCCTCTATCCACGTGG-1,0.0
GSE274934_AL08_GCGACCAAGCACACAG-1,0.0
GSE274934_AL08_GCGACCAAGTGACATA-1,0.0
GSE274934_AL08_GCGACCAAGTTTGCGT-1,0.028184165232358
GSE274934_AL08_GCGACCACAATGGACG-1,0.0
GSE274934_AL08_GCGACCACACAGAGGT-1,0.0177649373002212
GSE274934_AL08_GCGACCACATGCTGGC-1,0.0
GSE274934_AL08_GCGACCAGTCGTCTTC-1,0.0
GSE274934_AL08_GCGACCAGTTCAGACT-1,0.0
GSE274934_AL08_GCGACCATCCGTACAA-1,0.0
GSE274934_AL08_GCGAGAAAGAACTCGG-1,0.0
GSE274934_AL08_GCGAGAAAGACTACAA-1,0.0
GSE274934_AL08_GCGAGAAAGATCCCAT-1,0.0
GSE274934_AL08_GCGAGAAAGCGTTCCG-1,0.0
GSE274934_AL08_GCGAGAAAGGGAACGG-1,0.0040263093189082
GSE274934_AL08_GCGAGAACACGACGAA-1,0.0
GSE274934_AL08_GCGAGAACAGCGTCCA-1,0.0048561593312023
GSE274934_AL08_GCGAGAAGTATAGTAG-1,0.0
GSE274934_AL08_GCGAGAAGTCAGAATA-1,0.0368822227686255
GSE274934_AL08_GCGAGAAGTTAAGACA-1,0.0108187853454634
GSE274934_AL08_GCGAGAAGTTTACTCT-1,0.0
GSE274934_AL08_GCGAGAATCTGGGCCA-1,0.0
GSE274934_AL08_GCGCAACAGCGCTTAT-1,0.0
GSE274934_AL08_GCGCAACAGGACACCA-1,0.0
GSE274934_AL08_GCGCAACCAAGCCATT-1,0.0
GSE274934_AL08_GCGCAACCACACGCTG-1,0.0
GSE274934_AL08_GCGCAACCACTGTCGG-1,0.0079296778952544
GSE274934_AL08_GCGCAACCATTCTCAT-1,0.0174268502581755
GSE274934_AL08_GCGCAACGTAGCAAAT-1,0.0
GSE274934_AL08_GCGCAACGTGGAAAGA-1,0.0
GSE274934_AL08_GCGCAACTCATATCGG-1,0.0
GSE274934_AL08_GCGCAACTCATTGCCC-1,0.0063621834275879
GSE274934_AL08_GCGCAACTCGAGAGCA-1,0.0
GSE274934_AL08_GCGCAACTCGGCCGAT-1,0.0
GSE274934_AL08_GCGCAGTAGCCTTGAT-1,0.0
GSE274934_AL08_GCGCAGTAGTAGATGT-1,0.0
GSE274934_AL08_GCGCAGTAGTTCGCGC-1,0.0101733464470125
GSE274934_AL08_GCGCAGTAGTTGAGTA-1,0.0
GSE274934_AL08_GCGCAGTCATGAAGTA-1,0.0
GSE274934_AL08_GCGCAGTGTAGCCTCG-1,0.0053171871158101
GSE274934_AL08_GCGCAGTGTATATGGA-1,0.0
GSE274934_AL08_GCGCAGTGTCAGAGGT-1,0.017396115072535
GSE274934_AL08_GCGCAGTTCGGAAACG-1,0.0
GSE274934_AL08_GCGCCAAAGCGATCCC-1,0.0035038111630194
GSE274934_AL08_GCGCCAAAGCTACCTA-1,0.0
GSE274934_AL08_GCGCCAAAGGAACTGC-1,0.0091283501352348
GSE274934_AL08_GCGCCAAAGGACAGAA-1,0.007253503811163
GSE274934_AL08_GCGCCAACATCTGGTA-1,0.0149065650356528
GSE274934_AL08_GCGCCAACATGTCTCC-1,0.0013523481681829
GSE274934_AL08_GCGCCAACATGTTCCC-1,0.0100196705188099
GSE274934_AL08_GCGCCAAGTAAGTGGC-1,0.0
GSE274934_AL08_GCGCCAAGTACATCCA-1,0.0
GSE274934_AL08_GCGCCAAGTATAATGG-1,0.0064236537988689
GSE274934_AL08_GCGCCAAGTTGTTTGG-1,0.031134743053848
GSE274934_AL08_GCGCCAATCCTTTCTC-1,0.0
GSE274934_AL08_GCGCCAATCTGATACG-1,0.0
GSE274934_AL08_GCGCGATAGCCTTGAT-1,0.0
GSE274934_AL08_GCGCGATAGGCAATTA-1,0.0151217113351364
GSE274934_AL08_GCGCGATAGTGTCCCG-1,0.0
GSE274934_AL08_GCGCGATAGTGTGGCA-1,0.0
GSE274934_AL08_GCGCGATCAACCGCCA-1,0.0
GSE274934_AL08_GCGCGATCAAGCTGGA-1,0.0
GSE274934_AL08_GCGCGATCACTACAGT-1,0.0
GSE274934_AL08_GCGCGATCAGCGTCCA-1,0.0
GSE274934_AL08_GCGCGATCATACGCTA-1,0.0135234816818293
GSE274934_AL08_GCGCGATCATAGGATA-1,0.0321490041799852
GSE274934_AL08_GCGCGATCATGAAGTA-1,0.0
GSE274934_AL08_GCGCGATGTAGGGTAC-1,0.0183489058273911
GSE274934_AL08_GCGCGATGTTGCCTCT-1,0.0
GSE274934_AL08_GCGCGATTCTGCCAGG-1,0.0182874354561101
GSE274934_AL08_GCGGGTTAGCGACGTA-1,0.0364211949840177
GSE274934_AL08_GCGGGTTCACAACTGT-1,0.0
GSE274934_AL08_GCGGGTTCATCACGTA-1,0.0
GSE274934_AL08_GCGGGTTGTGGCGAAT-1,0.0
GSE274934_AL08_GCGGGTTTCTGCGGCA-1,0.0306429800835997
GSE274934_AL08_GCTCCTAAGCAGATCG-1,0.0
GSE274934_AL08_GCTCCTAAGCGCCTCA-1,0.023235800344234
GSE274934_AL08_GCTCCTAAGTCGTTTG-1,0.0
GSE274934_AL08_GCTCCTACAATGGAAT-1,0.0533562822719449
GSE274934_AL08_GCTCCTACACATGGGA-1,0.0568908286206048
GSE274934_AL08_GCTCCTACAGTGGAGT-1,0.0304585689697565
GSE274934_AL08_GCTCCTAGTCCGAAGA-1,0.0
GSE274934_AL08_GCTCCTAGTTAGATGA-1,0.0
GSE274934_AL08_GCTCCTAGTTATGTGC-1,0.0142303909515613
GSE274934_AL08_GCTCCTATCCCTCAGT-1,0.0
GSE274934_AL08_GCTCCTATCCGATATG-1,0.0
GSE274934_AL08_GCTCTGTAGACCTAGG-1,0.0007069092697319
GSE274934_AL08_GCTCTGTAGCAGCGTA-1,0.0023666092943201
GSE274934_AL08_GCTCTGTCACTGTCGG-1,0.0
GSE274934_AL08_GCTCTGTGTTCACGGC-1,0.0
GSE274934_AL08_GCTCTGTGTTTCCACC-1,0.0
GSE274934_AL08_GCTCTGTTCACCGGGT-1,0.0
GSE274934_AL08_GCTCTGTTCATGTCCC-1,0.0
GSE274934_AL08_GCTCTGTTCCCTGACT-1,0.0
GSE274934_AL08_GCTCTGTTCGGACAAG-1,0.0
GSE274934_AL08_GCTCTGTTCGGTCCGA-1,0.0
GSE274934_AL08_GCTCTGTTCTATCGCC-1,0.0
GSE274934_AL08_GCTGCAGCACCAGGCT-1,0.0
GSE274934_AL08_GCTGCAGCACGTAAGG-1,0.0040263093189082
GSE274934_AL08_GCTGCAGGTCACTTCC-1,0.0
GSE274934_AL08_GCTGCAGGTTCCACTC-1,0.0
GSE274934_AL08_GCTGCAGTCAGCACAT-1,0.0442894025079911
GSE274934_AL08_GCTGCGAAGGCATTGG-1,0.0
GSE274934_AL08_GCTGCGAAGTGTCTCA-1,0.0
GSE274934_AL08_GCTGCGACAAACCCAT-1,0.0
GSE274934_AL08_GCTGCGAGTATGGTTC-1,0.0050405704450454
GSE274934_AL08_GCTGCGAGTCCAGTTA-1,0.0
GSE274934_AL08_GCTGCGATCTACTTAC-1,0.0
GSE274934_AL08_GCTGCTTAGCCAGAAC-1,0.0
GSE274934_AL08_GCTGCTTAGTCCGTAT-1,0.0058089500860585
GSE274934_AL08_GCTGCTTCAATGCCAT-1,0.0
GSE274934_AL08_GCTGCTTGTACTTGAC-1,0.0
GSE274934_AL08_GCTGCTTGTGCGATAG-1,0.0065158593557905
GSE274934_AL08_GCTGCTTTCCTTTCTC-1,0.0040263093189082
GSE274934_AL08_GCTGCTTTCGATCCCT-1,0.0228362429309073
GSE274934_AL08_GCTGCTTTCGTCCGTT-1,0.0
GSE274934_AL08_GCTGCTTTCTATCGCC-1,0.003657487091222
GSE274934_AL08_GCTGGGTAGTGGAGTC-1,0.0
GSE274934_AL08_GCTGGGTGTGCCTTGG-1,0.0224366855175805
GSE274934_AL08_GCTGGGTTCCTGTACC-1,0.0039033685763462
GSE274934_AL08_GCTGGGTTCTAACCGA-1,0.0339931153184165
GSE274934_AL08_GCTTCCACACGCATCG-1,0.0011679370543398
GSE274934_AL08_GCTTCCACACGGATAG-1,0.0524649618883698
GSE274934_AL08_GCTTCCAGTATAGGTA-1,0.0124784853700516
GSE274934_AL08_GCTTCCATCCCTCAGT-1,0.0
GSE274934_AL08_GCTTCCATCTAACCGA-1,0.0075608556675682
GSE274934_AL08_GCTTGAAAGTAACCCT-1,0.0071920334398819
GSE274934_AL08_GCTTGAACAAAGGAAG-1,0.0
GSE274934_AL08_GCTTGAACAATGGATA-1,0.0013830833538234
GSE274934_AL08_GCTTGAACATGGTCAT-1,0.0157671502335874
GSE274934_AL08_GCTTGAAGTATATGAG-1,0.0
GSE274934_AL08_GCTTGAAGTGAGGGAG-1,0.0008913203835751
GSE274934_AL08_GCTTGAAGTGATGTCT-1,0.0
GSE274934_AL08_GCTTGAAGTTGTCTTT-1,0.0
GSE274934_AL08_GCTTGAATCAGCTCGG-1,0.0068539463978362
GSE274934_AL08_GCTTGAATCCCAAGTA-1,0.0
GSE274934_AL08_GCTTGAATCGTCACGG-1,0.0
GSE274934_AL08_GCTTGAATCTCTGAGA-1,0.0068539463978362
GSE274934_AL08_GGAAAGCAGTTACGGG-1,0.0
GSE274934_AL08_GGAAAGCCATGGATGG-1,0.0078374723383329
GSE274934_AL08_GGAAAGCGTTGCCTCT-1,0.0
GSE274934_AL08_GGAAAGCTCCCGACTT-1,0.0
GSE274934_AL08_GGAAAGCTCGCGATCG-1,0.0
GSE274934_AL08_GGAACTTAGACAGACC-1,0.0
GSE274934_AL08_GGAACTTAGCGATTCT-1,0.0
GSE274934_AL08_GGAACTTAGCGCTTAT-1,0.0046410130317187
GSE274934_AL08_GGAACTTCAATCGAAA-1,0.0018748463240717
GSE274934_AL08_GGAACTTCACACCGAC-1,0.0136156872387509
GSE274934_AL08_GGAACTTCATATGGTC-1,0.002305138923039
GSE274934_AL08_GGAACTTCATGCCTAA-1,0.0
GSE274934_AL08_GGAACTTGTAGCTTGT-1,0.0
GSE274934_AL08_GGAACTTGTCATCCCT-1,0.0
GSE274934_AL08_GGAACTTGTGGACGAT-1,0.0190250799114826
GSE274934_AL08_GGAACTTGTGTGAAAT-1,0.0384804524219326
GSE274934_AL08_GGAATAAAGACTAAGT-1,0.0049176297024834
GSE274934_AL08_GGAATAAAGCACAGGT-1,0.0220985984755347
GSE274934_AL08_GGAATAAAGCTCTCGG-1,0.0151831817064175
GSE274934_AL08_GGAATAACAATGGATA-1,0.0309195967543643
GSE274934_AL08_GGAATAACATGAGCGA-1,0.0186255224981558
GSE274934_AL08_GGAATAAGTACCGCTG-1,0.0004610277846078
GSE274934_AL08_GGAATAAGTAGTGAAT-1,0.0035960167199409
GSE274934_AL08_GGAATAAGTCAATGTC-1,0.0
GSE274934_AL08_GGAATAAGTGGTTTCA-1,0.0059318908286206
GSE274934_AL08_GGAATAATCAAGGTAA-1,0.0
GSE274934_AL08_GGAATAATCACGAAGG-1,0.0168428817310056
GSE274934_AL08_GGAATAATCTGCGTAA-1,0.0107880501598229
GSE274934_AL08_GGACAAGAGAATGTGT-1,0.0034423407917383
GSE274934_AL08_GGACAAGAGGGAGTAA-1,0.0045488074747971
GSE274934_AL08_GGACAAGCAAGCGTAG-1,0.0053171871158101
GSE274934_AL08_GGACAAGCACTCTGTC-1,0.0
GSE274934_AL08_GGACAAGCATCATCCC-1,0.0004610277846078
GSE274934_AL08_GGACAAGCATCTGGTA-1,0.0
GSE274934_AL08_GGACAAGTCTATCCTA-1,0.0303970985984755
GSE274934_AL08_GGACAGAAGATAGTCA-1,0.0
GSE274934_AL08_GGACAGAAGCCAGTAG-1,0.0081448241947381
GSE274934_AL08_GGACAGAAGGAACTGC-1,0.0098352594049668
GSE274934_AL08_GGACAGAAGTATGACA-1,0.0
GSE274934_AL08_GGACAGAGTATATGGA-1,0.0011372018686992
GSE274934_AL08_GGACAGAGTCACCTAA-1,0.0
GSE274934_AL08_GGACAGATCAACCAAC-1,0.0069768871403983
GSE274934_AL08_GGACAGATCCATGAAC-1,0.0015060240963855
GSE274934_AL08_GGACATTCAAAGGAAG-1,0.0
GSE274934_AL08_GGACATTCACTGAAGG-1,0.0
GSE274934_AL08_GGACATTCAGTATGCT-1,0.002243668551758
GSE274934_AL08_GGACATTCATGACGGA-1,0.0
GSE274934_AL08_GGACATTGTAAGAGAG-1,0.0043029259896729
GSE274934_AL08_GGACATTGTTGTTTGG-1,0.0012294074256208
GSE274934_AL08_GGACATTTCAACCAAC-1,0.0
GSE274934_AL08_GGACATTTCATGTCCC-1,0.0
GSE274934_AL08_GGACATTTCTGCAGTA-1,0.0058704204573395
GSE274934_AL08_GGACATTTCTTATCTG-1,0.0
GSE274934_AL08_GGACGTCAGACCACGA-1,0.0247418244406196
GSE274934_AL08_GGACGTCAGATAGCAT-1,0.0
GSE274934_AL08_GGACGTCAGGCTAGAC-1,0.0
GSE274934_AL08_GGACGTCCATTAACCG-1,0.0039033685763462
GSE274934_AL08_GGACGTCTCCACGACG-1,0.0119252520285222
GSE274934_AL08_GGACGTCTCTAACTGG-1,0.0076837964101303
GSE274934_AL08_GGAGCAAAGACCACGA-1,0.0
GSE274934_AL08_GGAGCAAAGCCGTCGT-1,0.0
GSE274934_AL08_GGAGCAAAGGATGCGT-1,0.0212994836488812
GSE274934_AL08_GGAGCAAAGTAGCCGA-1,0.0004610277846078
GSE274934_AL08_GGAGCAAGTCATATCG-1,0.0
GSE274934_AL08_GGAGCAAGTGCAGACA-1,0.0
GSE274934_AL08_GGAGCAATCAACGCTA-1,0.0064236537988689
GSE274934_AL08_GGAGCAATCCAAAGTC-1,0.0
GSE274934_AL08_GGAGCAATCCGGGTGT-1,0.0031657241209736
GSE274934_AL08_GGAGCAATCTGCAAGT-1,0.0264015244652077
GSE274934_AL08_GGAGCAATCTGCGGCA-1,0.0040877796901893
GSE274934_AL08_GGATGTTAGAGAACAG-1,0.0082370297516597
GSE274934_AL08_GGATGTTAGAGTGAGA-1,0.0
GSE274934_AL08_GGATGTTAGGGTCTCC-1,0.0
GSE274934_AL08_GGATGTTAGGTGCTAG-1,0.0
GSE274934_AL08_GGATGTTCACAGACTT-1,0.0
GSE274934_AL08_GGATGTTCACATCTTT-1,0.0076223260388492
GSE274934_AL08_GGATGTTCACCATGTA-1,0.0268932874354561
GSE274934_AL08_GGATGTTCAGCCACCA-1,0.0
GSE274934_AL08_GGATGTTTCACCCGAG-1,0.0
GSE274934_AL08_GGATGTTTCCCAACGG-1,0.0151217113351364
GSE274934_AL08_GGATGTTTCTTTAGTC-1,0.0
GSE274934_AL08_GGATTACAGAGTCGGT-1,0.0090668797639537
GSE274934_AL08_GGATTACAGAGTTGGC-1,0.0050098352594049
GSE274934_AL08_GGATTACCATTAACCG-1,0.0
GSE274934_AL08_GGATTACCATTATCTC-1,0.0273543152200639
GSE274934_AL08_GGATTACGTGACGGTA-1,0.0100196705188099
GSE274934_AL08_GGATTACGTGTTCGAT-1,0.0
GSE274934_AL08_GGATTACTCCTGCTTG-1,0.0
GSE274934_AL08_GGATTACTCGAGAACG-1,0.0
GSE274934_AL08_GGATTACTCGGCTTGG-1,0.0024588148512417
GSE274934_AL08_GGCAATTAGCGCCTCA-1,0.0
GSE274934_AL08_GGCAATTCATACTACG-1,0.0508359970494221
GSE274934_AL08_GGCAATTCATTTCAGG-1,0.0001844111138431
GSE274934_AL08_GGCAATTGTACAAGTA-1,0.0043951315465945
GSE274934_AL08_GGCAATTGTATCAGTC-1,0.0239734447996065
GSE274934_AL08_GGCAATTGTATGGTTC-1,0.0
GSE274934_AL08_GGCAATTGTCAAGCGA-1,0.0099274649618883
GSE274934_AL08_GGCAATTGTCAATGTC-1,0.0
GSE274934_AL08_GGCAATTGTTCGTTGA-1,0.0
GSE274934_AL08_GGCAATTTCACCACCT-1,0.0
GSE274934_AL08_GGCAATTTCCCTAATT-1,0.0
GSE274934_AL08_GGCAATTTCTGATTCT-1,0.0
GSE274934_AL08_GGCCGATAGAGCTGGT-1,0.0
GSE274934_AL08_GGCCGATAGTCACGCC-1,0.0
GSE274934_AL08_GGCCGATCACCGTTGG-1,0.0125706909269731
GSE274934_AL08_GGCCGATCATAACCTG-1,0.0
GSE274934_AL08_GGCCGATCATACCATG-1,0.0
GSE274934_AL08_GGCCGATCATCCCATC-1,0.0
GSE274934_AL08_GGCCGATCATGAAGTA-1,0.0441357265797885
GSE274934_AL08_GGCCGATGTGCAGACA-1,0.0106036390459798
GSE274934_AL08_GGCCGATGTTTCCACC-1,0.0
GSE274934_AL08_GGCCGATTCAGCTCTC-1,0.0
GSE274934_AL08_GGCCGATTCGGCGCTA-1,0.009497172362921
GSE274934_AL08_GGCGACTCAGACACTT-1,0.0071920334398819
GSE274934_AL08_GGCGACTCATACGCTA-1,0.0
GSE274934_AL08_GGCGACTGTCGAATCT-1,0.0
GSE274934_AL08_GGCGACTGTGACTACT-1,0.0036267519055815
GSE274934_AL08_GGCGACTGTGTGCGTC-1,0.0
GSE274934_AL08_GGCGACTTCAGTCAGT-1,0.0
GSE274934_AL08_GGCGACTTCCTCTAGC-1,0.0
GSE274934_AL08_GGCGACTTCTGTCCGT-1,0.014507007622326
GSE274934_AL08_GGCGTGTAGTAGCGGT-1,0.0
GSE274934_AL08_GGCGTGTAGTGTTTGC-1,0.011617900172117
GSE274934_AL08_GGCGTGTAGTTAGCGG-1,0.0
GSE274934_AL08_GGCGTGTAGTTCGATC-1,0.0021207278091959
GSE274934_AL08_GGCGTGTCAAACAACA-1,0.0
GSE274934_AL08_GGCGTGTCAGATGAGC-1,0.0
GSE274934_AL08_GGCGTGTCAGCCTATA-1,0.0
GSE274934_AL08_GGCGTGTCAGTCCTTC-1,0.043459552495697
GSE274934_AL08_GGCGTGTTCATGTGGT-1,0.0
GSE274934_AL08_GGCGTGTTCCTCGCAT-1,0.0
GSE274934_AL08_GGCGTGTTCTGATACG-1,0.0129395131546594
GSE274934_AL08_GGCGTGTTCTGCTTGC-1,0.0011986722399803
GSE274934_AL08_GGCTCGAAGAATGTGT-1,0.0064543889845094
GSE274934_AL08_GGCTCGAAGAGAGCTC-1,0.0
GSE274934_AL08_GGCTCGAAGCTAACTC-1,0.0
GSE274934_AL08_GGCTCGACAAGGCTCC-1,0.0146914187361691
GSE274934_AL08_GGCTCGACAATGAATG-1,0.0
GSE274934_AL08_GGCTCGACATTAACCG-1,0.0143533316941234
GSE274934_AL08_GGCTCGAGTAGGAGTC-1,0.0
GSE274934_AL08_GGCTCGAGTCAATACC-1,0.0
GSE274934_AL08_GGCTCGAGTCTTCGTC-1,0.0
GSE274934_AL08_GGCTCGAGTTACTGAC-1,0.0074379149250061
GSE274934_AL08_GGCTCGAGTTCAGGCC-1,0.0090361445783132
GSE274934_AL08_GGCTCGATCCTAAGTG-1,0.0146914187361691
GSE274934_AL08_GGCTCGATCGTGGACC-1,0.0
GSE274934_AL08_GGCTCGATCTTGCATT-1,0.0177956724858618
GSE274934_AL08_GGCTGGTAGAAGGCCT-1,0.0
GSE274934_AL08_GGCTGGTAGGCTAGCA-1,0.0081140890090976
GSE274934_AL08_GGCTGGTAGTGAACGC-1,0.0
GSE274934_AL08_GGCTGGTCAATGGTCT-1,0.0
GSE274934_AL08_GGCTGGTCAGACGTAG-1,0.0
GSE274934_AL08_GGCTGGTCATATACGC-1,0.0115564298008359
GSE274934_AL08_GGCTGGTCATTAGGCT-1,0.0100811408900909
GSE274934_AL08_GGCTGGTGTTATCCGA-1,0.0
GSE274934_AL08_GGCTGGTGTTGGTAAA-1,0.0
GSE274934_AL08_GGCTGGTTCCTTTCTC-1,0.0
GSE274934_AL08_GGCTGGTTCGGTGTCG-1,0.0007376444553725
GSE274934_AL08_GGGAATGAGCCCAATT-1,0.0
GSE274934_AL08_GGGAATGAGTAAGTAC-1,0.0033808704204573
GSE274934_AL08_GGGAATGAGTGCGATG-1,0.0270469633636587
GSE274934_AL08_GGGAATGCACGGTAGA-1,0.0552618637816572
GSE274934_AL08_GGGAATGCATATACCG-1,0.0
GSE274934_AL08_GGGAATGGTTTACTCT-1,0.005839685271699
GSE274934_AL08_GGGAATGTCCACTCCA-1,0.0106958446029014
GSE274934_AL08_GGGAATGTCTTGCCGT-1,0.0
GSE274934_AL08_GGGACCTAGTCCATAC-1,0.0160745020899926
GSE274934_AL08_GGGACCTCACAAGTAA-1,0.0
GSE274934_AL08_GGGACCTCACACGCTG-1,0.0
GSE274934_AL08_GGGACCTCACTGTGTA-1,0.0099889353331694
GSE274934_AL08_GGGACCTCAGCTGTGC-1,0.0239734447996065
GSE274934_AL08_GGGACCTGTTAAGATG-1,0.0036882222768625
GSE274934_AL08_GGGACCTTCATAAAGG-1,0.0
GSE274934_AL08_GGGACCTTCATACGGT-1,0.013861568723875
GSE274934_AL08_GGGAGATAGCATCATC-1,0.0070383575116793
GSE274934_AL08_GGGAGATCACAGACAG-1,0.0
GSE274934_AL08_GGGAGATCACGAAGCA-1,0.0068539463978362
GSE274934_AL08_GGGAGATCATCACGTA-1,0.0073457093680845
GSE274934_AL08_GGGAGATGTATGAATG-1,0.0014138185394639
GSE274934_AL08_GGGAGATGTCCCTTGT-1,0.0
GSE274934_AL08_GGGAGATGTCGAACAG-1,0.0114949594295549
GSE274934_AL08_GGGAGATTCCAAGTAC-1,0.0
GSE274934_AL08_GGGAGATTCGCGATCG-1,0.0268625522498155
GSE274934_AL08_GGGATGACACATAACC-1,0.0032886648635357
GSE274934_AL08_GGGATGACATAAGACA-1,0.0
GSE274934_AL08_GGGATGAGTTCAGTAC-1,0.0
GSE274934_AL08_GGGATGATCAGCTCTC-1,0.0
GSE274934_AL08_GGGATGATCCTCCTAG-1,0.0039648389476272
GSE274934_AL08_GGGATGATCGGAAACG-1,0.0
GSE274934_AL08_GGGATGATCTCGAGTA-1,0.0
GSE274934_AL08_GGGATGATCTCTTGAT-1,0.0
GSE274934_AL08_GGGCACTAGAGTAATC-1,0.0
GSE274934_AL08_GGGCACTCACAACGCC-1,0.0
GSE274934_AL08_GGGCACTCATTACCTT-1,0.0
GSE274934_AL08_GGGCACTGTATTACCG-1,0.0
GSE274934_AL08_GGGCACTGTCTGATCA-1,0.0
GSE274934_AL08_GGGCACTTCGTACCGG-1,0.0
GSE274934_AL08_GGGCATCAGACCGGAT-1,0.0183181706417506
GSE274934_AL08_GGGCATCAGACGCAAC-1,0.0
GSE274934_AL08_GGGCATCAGCTATGCT-1,0.0
GSE274934_AL08_GGGCATCCAACGCACC-1,0.0005224981558888
GSE274934_AL08_GGGCATCCATTAGGCT-1,0.0
GSE274934_AL08_GGGCATCGTCGTGGCT-1,0.0
GSE274934_AL08_GGGCATCGTGTTCGAT-1,0.0
GSE274934_AL08_GGGCATCTCCAAGCCG-1,0.0
GSE274934_AL08_GGGCATCTCTCTGTCG-1,0.0
GSE274934_AL08_GGGTCTGAGCTCCCAG-1,0.0
GSE274934_AL08_GGGTCTGCAGACAAGC-1,0.0131853946397836
GSE274934_AL08_GGGTCTGCATAAAGGT-1,0.0
GSE274934_AL08_GGGTCTGGTCGCATAT-1,0.0
GSE274934_AL08_GGGTCTGGTGGCCCTA-1,0.0038418982050651
GSE274934_AL08_GGGTCTGGTGTTTGGT-1,0.0045795426604376
GSE274934_AL08_GGGTCTGGTTCGCGAC-1,0.0
GSE274934_AL08_GGGTCTGTCGCGATCG-1,0.0147836242930907
GSE274934_AL08_GGGTCTGTCGGACAAG-1,0.0198549299237767
GSE274934_AL08_GGGTTGCAGCACAGGT-1,0.0
GSE274934_AL08_GGGTTGCAGCCTCGTG-1,0.0036882222768625
GSE274934_AL08_GGGTTGCCATCCCACT-1,0.0
GSE274934_AL08_GGGTTGCGTAATAGCA-1,0.0
GSE274934_AL08_GGGTTGCGTGCAGACA-1,0.0026739611507253
GSE274934_AL08_GGGTTGCTCAAACCAC-1,0.0005839685271699
GSE274934_AL08_GGGTTGCTCGGAAATA-1,0.0187177280550774
GSE274934_AL08_GGGTTGCTCTCGCATC-1,0.0
GSE274934_AL08_GGGTTGCTCTGTACGA-1,0.0
GSE274934_AL08_GGTATTGAGGACAGCT-1,0.0
GSE274934_AL08_GGTATTGCAATAGCAA-1,0.0059626260142611
GSE274934_AL08_GGTATTGCACGGTAAG-1,0.0025817555938037
GSE274934_AL08_GGTATTGGTTCCACTC-1,0.0
GSE274934_AL08_GGTATTGTCAGAGCTT-1,0.0
GSE274934_AL08_GGTATTGTCCGCGGTA-1,0.0
GSE274934_AL08_GGTATTGTCCTCAACC-1,0.0078067371526924
GSE274934_AL08_GGTATTGTCCTGCTTG-1,0.0
GSE274934_AL08_GGTATTGTCGTCGTTC-1,0.0
GSE274934_AL08_GGTGAAGAGAGACGAA-1,0.0
GSE274934_AL08_GGTGAAGAGATGTGGC-1,0.0
GSE274934_AL08_GGTGAAGAGCAATCTC-1,9.22055569215638e-05
GSE274934_AL08_GGTGAAGAGCGTTCCG-1,0.0
GSE274934_AL08_GGTGAAGAGTGACTCT-1,0.0
GSE274934_AL08_GGTGAAGCAAACCCAT-1,0.0
GSE274934_AL08_GGTGAAGCAATCCAAC-1,0.0
GSE274934_AL08_GGTGAAGCACACCGCA-1,0.008083353823457
GSE274934_AL08_GGTGAAGCACCGAATT-1,0.0
GSE274934_AL08_GGTGAAGCATCCGCGA-1,0.0
GSE274934_AL08_GGTGAAGGTAGAGGAA-1,0.0126321612982542
GSE274934_AL08_GGTGAAGGTGTGCCTG-1,0.0003688222276862
GSE274934_AL08_GGTGAAGGTTCGCTAA-1,0.0
GSE274934_AL08_GGTGCGTAGAAACCGC-1,0.0011679370543398
GSE274934_AL08_GGTGCGTAGCGTAATA-1,0.0039341037619867
GSE274934_AL08_GGTGCGTAGTCGATAA-1,0.0
GSE274934_AL08_GGTGCGTAGTGACATA-1,0.0074071797393656
GSE274934_AL08_GGTGCGTCACGGCCAT-1,0.0094049668059995
GSE274934_AL08_GGTGCGTCAGCTCCGA-1,0.0007991148266535
GSE274934_AL08_GGTGCGTGTATAGTAG-1,0.0257253503811163
GSE274934_AL08_GGTGCGTGTCCGCTGA-1,0.0125092205556921
GSE274934_AL08_GGTGCGTGTTGGAGGT-1,0.0402630931890828
GSE274934_AL08_GGTGCGTTCATACGGT-1,0.0
GSE274934_AL08_GGTGCGTTCCGTCAAA-1,0.0
GSE274934_AL08_GGTGTTAAGATAGGAG-1,0.0070076223260388
GSE274934_AL08_GGTGTTAAGCAGACTG-1,0.0
GSE274934_AL08_GGTGTTACATATGGTC-1,0.0
GSE274934_AL08_GGTGTTAGTGCGCTTG-1,0.0034730759773789
GSE274934_AL08_GGTGTTATCCTTGACC-1,0.0060855667568232
GSE274934_AL08_GGTGTTATCTGATTCT-1,0.0
GSE274934_AL08_GTAACGTAGCTGAACG-1,0.0
GSE274934_AL08_GTAACGTCACCAGTTA-1,0.0125399557413326
GSE274934_AL08_GTAACGTGTCGCTTCT-1,0.0160745020899926
GSE274934_AL08_GTAACGTGTTATGTGC-1,0.0005839685271699
GSE274934_AL08_GTAACGTTCATTGCGA-1,0.000122940742562
GSE274934_AL08_GTAACGTTCCGAACGC-1,0.0
GSE274934_AL08_GTAACGTTCTACTCAT-1,0.0
GSE274934_AL08_GTAACGTTCTGCTTGC-1,0.0062392426850258
GSE274934_AL08_GTAACTGAGATGTGGC-1,0.0011679370543398
GSE274934_AL08_GTAACTGAGGAGTCTG-1,0.0198241947381362
GSE274934_AL08_GTAACTGAGGCGACAT-1,0.013031718711581
GSE274934_AL08_GTAACTGAGTATTGGA-1,0.0033501352348168
GSE274934_AL08_GTAACTGAGTGTCTCA-1,0.006608064912712
GSE274934_AL08_GTAACTGCACCTATCC-1,0.0038726333907056
GSE274934_AL08_GTAACTGCACGAAAGC-1,0.0077452667814113
GSE274934_AL08_GTAACTGCACGGCCAT-1,0.0
GSE274934_AL08_GTAACTGCAGTAGAGC-1,0.0251106466683058
GSE274934_AL08_GTAACTGTCCTTGCCA-1,0.0
GSE274934_AL08_GTAACTGTCGCGATCG-1,0.0133698057536267
GSE274934_AL08_GTAACTGTCGTTACGA-1,0.0059318908286206
GSE274934_AL08_GTAACTGTCTTGAGAC-1,0.0
GSE274934_AL08_GTAACTGTCTTGTCAT-1,0.0
GSE274934_AL08_GTACGTAAGACTTGAA-1,0.0
GSE274934_AL08_GTACGTAAGAGGGATA-1,0.0006147037128104
GSE274934_AL08_GTACGTAAGAGTGACC-1,0.0
GSE274934_AL08_GTACGTAAGCGTCTAT-1,0.0
GSE274934_AL08_GTACGTACACTTGGAT-1,0.0
GSE274934_AL08_GTACGTACAGTCACTA-1,0.0
GSE274934_AL08_GTACGTACATACGCTA-1,0.0674329972953036
GSE274934_AL08_GTACGTACATGCTGGC-1,0.0283993115318416
GSE274934_AL08_GTACGTAGTAAGTGGC-1,0.0256946151954757
GSE274934_AL08_GTACGTAGTTAGAACA-1,0.0
GSE274934_AL08_GTACTCCAGAGGTTGC-1,0.0
GSE274934_AL08_GTACTCCAGTCCTCCT-1,0.023881239242685
GSE274934_AL08_GTACTCCGTACCATCA-1,0.0
GSE274934_AL08_GTACTCCGTCTCACCT-1,0.0011679370543398
GSE274934_AL08_GTACTCCTCCAGGGCT-1,0.0382345709368084
GSE274934_AL08_GTACTCCTCCTTTCTC-1,0.0
GSE274934_AL08_GTACTTTCAGCTCGAC-1,0.0
GSE274934_AL08_GTACTTTCATCTATGG-1,0.0077145315957708
GSE274934_AL08_GTACTTTGTAAATACG-1,0.0071305630686009
GSE274934_AL08_GTACTTTGTATGAATG-1,0.0279382837472338
GSE274934_AL08_GTACTTTGTCATCCCT-1,0.0
GSE274934_AL08_GTACTTTGTCGATTGT-1,0.0002458814851241
GSE274934_AL08_GTACTTTGTGACCAAG-1,0.0126014261126137
GSE274934_AL08_GTACTTTGTGGCGAAT-1,0.0
GSE274934_AL08_GTACTTTGTTAAGAAC-1,0.0199778706663388
GSE274934_AL08_GTACTTTTCACTCCTG-1,0.0
GSE274934_AL08_GTACTTTTCCACGTTC-1,0.0
GSE274934_AL08_GTAGGCCAGCGTGAAC-1,0.0
GSE274934_AL08_GTAGGCCAGCTGAAAT-1,0.0
GSE274934_AL08_GTAGGCCAGGCACATG-1,0.0
GSE274934_AL08_GTAGGCCCAAGCTGGA-1,0.0244344725842144
GSE274934_AL08_GTAGGCCCAATTCCTT-1,0.0
GSE274934_AL08_GTAGGCCGTCCGCTGA-1,0.0
GSE274934_AL08_GTAGGCCGTTCTGAAC-1,0.0097123186624047
GSE274934_AL08_GTAGGCCTCCCTCAGT-1,0.0130009835259404
GSE274934_AL08_GTAGGCCTCTACTTAC-1,0.0
GSE274934_AL08_GTAGGCCTCTTGTATC-1,0.0118023112859601
GSE274934_AL08_GTAGTCAAGTGCCAGA-1,0.0
GSE274934_AL08_GTAGTCACACCGAAAG-1,0.0
GSE274934_AL08_GTAGTCACAGGATTGG-1,0.0
GSE274934_AL08_GTAGTCAGTACCGTAT-1,0.0171194984017703
GSE274934_AL08_GTAGTCAGTCTCACCT-1,0.0113105483157118
GSE274934_AL08_GTAGTCAGTTCCACTC-1,0.0111261372018687
GSE274934_AL08_GTAGTCAGTTCGCTAA-1,0.0039033685763462
GSE274934_AL08_GTAGTCATCCACGAAT-1,0.0
GSE274934_AL08_GTAGTCATCGGGAGTA-1,0.0237890336857634
GSE274934_AL08_GTATCTTAGCCTATGT-1,0.0044873371035161
GSE274934_AL08_GTATCTTAGGTAGCCA-1,0.0
GSE274934_AL08_GTATCTTCACATGGGA-1,0.0
GSE274934_AL08_GTATCTTCACATTAGC-1,0.0
GSE274934_AL08_GTATCTTGTCTTCTCG-1,0.0005224981558888
GSE274934_AL08_GTATCTTGTGCGGTAA-1,0.0
GSE274934_AL08_GTATCTTGTTCCACAA-1,0.0
GSE274934_AL08_GTATCTTTCACCCGAG-1,0.0
GSE274934_AL08_GTATCTTTCGAACGGA-1,0.0159515613474305
GSE274934_AL08_GTATTCTAGATCTGAA-1,0.0012601426112613
GSE274934_AL08_GTATTCTAGGGCACTA-1,0.0034730759773789
GSE274934_AL08_GTATTCTCAAGACGTG-1,0.0057474797147774
GSE274934_AL08_GTATTCTCAGTGACAG-1,0.0334398819768871
GSE274934_AL08_GTATTCTGTCCTCCAT-1,0.0083292353085812
GSE274934_AL08_GTATTCTGTCGAGATG-1,0.0
GSE274934_AL08_GTATTCTGTGCACTTA-1,0.0149373002212933
GSE274934_AL08_GTATTCTGTTAAGTAG-1,0.0
GSE274934_AL08_GTATTCTTCCAAGTAC-1,0.0124477501844111
GSE274934_AL08_GTCAAGTAGAGAGCTC-1,0.0069154167691172
GSE274934_AL08_GTCAAGTCAACTGCGC-1,0.0110646668305876
GSE274934_AL08_GTCAAGTCAGCTCCGA-1,0.0
GSE274934_AL08_GTCAAGTCATCCAACA-1,0.0
GSE274934_AL08_GTCAAGTCATGCCTTC-1,0.0
GSE274934_AL08_GTCAAGTGTATATGGA-1,3.073518564052127e-05
GSE274934_AL08_GTCAAGTTCAAAGACA-1,0.0
GSE274934_AL08_GTCAAGTTCACTTACT-1,0.0041492500614703
GSE274934_AL08_GTCAAGTTCTTGTACT-1,0.003657487091222
GSE274934_AL08_GTCACAAAGGATGGTC-1,0.0
GSE274934_AL08_GTCACAAAGGTGCTAG-1,0.0
GSE274934_AL08_GTCACAAAGTGACTCT-1,0.0276924022621096
GSE274934_AL08_GTCACAACACTCGACG-1,0.0029198426358495
GSE274934_AL08_GTCACAACAGGTCCAC-1,0.0
GSE274934_AL08_GTCACAACAGTAAGAT-1,0.0
GSE274934_AL08_GTCACAACATACAGCT-1,0.0
GSE274934_AL08_GTCACAAGTAAACACA-1,0.0019977870666338
GSE274934_AL08_GTCACAAGTAGCTTGT-1,0.0105421686746987
GSE274934_AL08_GTCACAAGTAGGCATG-1,0.0041492500614703
GSE274934_AL08_GTCACAAGTCAGAGGT-1,0.002305138923039
GSE274934_AL08_GTCACAAGTTCAGACT-1,0.0
GSE274934_AL08_GTCACAAGTTTCCACC-1,0.0
GSE274934_AL08_GTCACAATCGTCTGAA-1,0.0007991148266535
GSE274934_AL08_GTCACAATCGTGTAGT-1,0.0058089500860585
GSE274934_AL08_GTCACAATCTCTTGAT-1,0.0
GSE274934_AL08_GTCACGGAGCGATATA-1,0.0021207278091959
GSE274934_AL08_GTCACGGAGTGCGATG-1,0.0
GSE274934_AL08_GTCACGGCACTCAGGC-1,0.0
GSE274934_AL08_GTCACGGCACTTACGA-1,0.0104192279321367
GSE274934_AL08_GTCACGGTCAGGCAAG-1,0.0135849520531104
GSE274934_AL08_GTCACGGTCTTGGGTA-1,0.0030735185640521
GSE274934_AL08_GTCATTTCAGTATCTG-1,0.0046102778460781
GSE274934_AL08_GTCATTTTCACAATGC-1,0.000768379641013
GSE274934_AL08_GTCATTTTCGCTGATA-1,0.0
GSE274934_AL08_GTCATTTTCGGTGTCG-1,0.0
GSE274934_AL08_GTCATTTTCTCAAACG-1,0.008083353823457
GSE274934_AL08_GTCATTTTCTTCAACT-1,0.0078374723383329
GSE274934_AL08_GTCATTTTCTTCGGTC-1,0.0
GSE274934_AL08_GTCCTCAAGAATTCCC-1,0.0
GSE274934_AL08_GTCCTCAAGATATGGT-1,0.0
GSE274934_AL08_GTCCTCACACGGATAG-1,0.0055015982296533
GSE274934_AL08_GTCCTCAGTAGAAGGA-1,0.0
GSE274934_AL08_GTCCTCAGTCCGTCAG-1,0.0332247356774034
GSE274934_AL08_GTCCTCAGTCTCTTTA-1,0.016750676174084
GSE274934_AL08_GTCCTCAGTTACGACT-1,0.0
GSE274934_AL08_GTCCTCATCAGGCGAA-1,0.0
GSE274934_AL08_GTCCTCATCGCTTAGA-1,0.0115256946151954
GSE274934_AL08_GTCCTCATCTTCCTTC-1,0.0
GSE274934_AL08_GTCGGGTAGATGTGGC-1,0.0070690926973198
GSE274934_AL08_GTCGGGTAGCTCCTTC-1,0.0038111630194246
GSE274934_AL08_GTCGGGTCACGGTGTC-1,0.0
GSE274934_AL08_GTCGGGTCAGCTCGCA-1,0.0018133759527907
GSE274934_AL08_GTCGGGTCATGGTCAT-1,0.0
GSE274934_AL08_GTCGGGTCATGTCGAT-1,0.0105421686746987
GSE274934_AL08_GTCGGGTGTACAGCAG-1,0.0218527169904106
GSE274934_AL08_GTCGGGTGTTGAGTTC-1,0.0
GSE274934_AL08_GTCGTAAAGGACCACA-1,0.0
GSE274934_AL08_GTCGTAAAGTGTACCT-1,0.0
GSE274934_AL08_GTCGTAACATGCGCAC-1,0.0137693631669535
GSE274934_AL08_GTCGTAAGTCGGCACT-1,0.0
GSE274934_AL08_GTCGTAATCAGCGATT-1,0.0045795426604376
GSE274934_AL08_GTCGTAATCCAACCAA-1,0.0133390705679862
GSE274934_AL08_GTCTCGTAGATGGCGT-1,0.0
GSE274934_AL08_GTCTCGTCAAGACACG-1,0.0063621834275879
GSE274934_AL08_GTCTCGTCACAGGAGT-1,0.0039648389476272
GSE274934_AL08_GTCTCGTCACATCCAA-1,0.0344541431030243
GSE274934_AL08_GTCTCGTCACGGTTTA-1,0.0
GSE274934_AL08_GTCTCGTCAGCTCGAC-1,0.0148758298500122
GSE274934_AL08_GTCTCGTGTACCGTTA-1,0.0046102778460781
GSE274934_AL08_GTCTCGTGTTCAGACT-1,0.0
GSE274934_AL08_GTCTCGTTCCGCGGTA-1,0.0
GSE274934_AL08_GTCTCGTTCTCTGAGA-1,0.0017826407671502
GSE274934_AL08_GTCTCGTTCTCTTATG-1,0.0
GSE274934_AL08_GTCTTCGAGACGCAAC-1,0.0
GSE274934_AL08_GTCTTCGAGTCTCCTC-1,0.0
GSE274934_AL08_GTCTTCGCAAAGTGCG-1,0.0007376444553725
GSE274934_AL08_GTCTTCGGTCAGTGGA-1,0.0
GSE274934_AL08_GTCTTCGGTCCTAGCG-1,0.0004917629702483
GSE274934_AL08_GTCTTCGGTGAGGGAG-1,0.0
GSE274934_AL08_GTCTTCGGTGTGGCTC-1,0.0
GSE274934_AL08_GTGAAGGAGGCTCATT-1,0.0280919596754364
GSE274934_AL08_GTGAAGGAGTCTCAAC-1,0.0
GSE274934_AL08_GTGAAGGCACAGGAGT-1,0.0
GSE274934_AL08_GTGAAGGCATCTACGA-1,0.0100504057044504
GSE274934_AL08_GTGAAGGGTTGGTGGA-1,0.052065404475043
GSE274934_AL08_GTGAAGGTCAAGAAGT-1,0.0094664371772805
GSE274934_AL08_GTGAAGGTCAGGTAAA-1,0.0
GSE274934_AL08_GTGAAGGTCAGTCCCT-1,0.0105421686746987
GSE274934_AL08_GTGCAGCAGAGTAATC-1,0.0
GSE274934_AL08_GTGCAGCAGGAGTCTG-1,0.0
GSE274934_AL08_GTGCAGCCAACTGCTA-1,0.0435517580526186
GSE274934_AL08_GTGCAGCCACATTCGA-1,0.0
GSE274934_AL08_GTGCAGCCACCCATGG-1,0.0064543889845094
GSE274934_AL08_GTGCAGCCACGGACAA-1,0.0
GSE274934_AL08_GTGCAGCGTACACCGC-1,0.0041185148758298
GSE274934_AL08_GTGCAGCGTATAGGTA-1,0.0
GSE274934_AL08_GTGCAGCGTTACGCGC-1,0.0114027538726333
GSE274934_AL08_GTGCAGCTCGCAGGCT-1,0.0
GSE274934_AL08_GTGCAGCTCGCTTAGA-1,0.0051020408163265
GSE274934_AL08_GTGCATAAGTCATCCA-1,0.0
GSE274934_AL08_GTGCATACACCCATTC-1,0.0
GSE274934_AL08_GTGCATACAGCCAATT-1,0.0
GSE274934_AL08_GTGCATAGTCTAGTGT-1,0.0
GSE274934_AL08_GTGCATATCGCTTGTC-1,0.0009220555692156
GSE274934_AL08_GTGCATATCTAGAGTC-1,0.0
GSE274934_AL08_GTGCATATCTCACATT-1,0.0089439390213916
GSE274934_AL08_GTGCGGTAGACTCGGA-1,0.0156134743053848
GSE274934_AL08_GTGCGGTAGAGCTTCT-1,0.0009835259404966
GSE274934_AL08_GTGCGGTAGAGTACAT-1,0.0
GSE274934_AL08_GTGCGGTAGGATGTAT-1,0.0
GSE274934_AL08_GTGCGGTAGGCCCGTT-1,0.0
GSE274934_AL08_GTGCGGTAGTATTGGA-1,0.0
GSE274934_AL08_GTGCGGTCAGTACACT-1,0.0
GSE274934_AL08_GTGCGGTGTACCAGTT-1,0.0
GSE274934_AL08_GTGCGGTGTACCGAGA-1,0.0
GSE274934_AL08_GTGCGGTGTTGCTCCT-1,0.0078374723383329
GSE274934_AL08_GTGCTTCAGACTGTAA-1,0.0015674944676665
GSE274934_AL08_GTGCTTCCAACACCTA-1,0.0
GSE274934_AL08_GTGCTTCCACCTCGTT-1,0.0175497910007376
GSE274934_AL08_GTGCTTCCACGGTAGA-1,0.0
GSE274934_AL08_GTGCTTCCATAAAGGT-1,0.0019977870666338
GSE274934_AL08_GTGCTTCGTTCCACTC-1,0.003012048192771
GSE274934_AL08_GTGCTTCTCAAGATCC-1,0.0
GSE274934_AL08_GTGCTTCTCTGGAGCC-1,0.0172731743299729
GSE274934_AL08_GTGCTTCTCTTGTCAT-1,0.0126628964838947
GSE274934_AL08_GTGGGTCAGAGCCCAA-1,0.0053171871158101
GSE274934_AL08_GTGGGTCAGCCTATGT-1,0.0255102040816326
GSE274934_AL08_GTGGGTCAGGATTCGG-1,0.0059626260142611
GSE274934_AL08_GTGGGTCAGGTGATTA-1,0.0148450946643717
GSE274934_AL08_GTGGGTCAGTAGCGGT-1,0.0
GSE274934_AL08_GTGGGTCCAACGATCT-1,0.0
GSE274934_AL08_GTGGGTCCAGGCAGTA-1,0.0
GSE274934_AL08_GTGGGTCCAGTCGTGC-1,0.0021207278091959
GSE274934_AL08_GTGGGTCCATATACGC-1,0.0
GSE274934_AL08_GTGGGTCGTAGCTCCG-1,0.0
GSE274934_AL08_GTGGGTCGTAGGCATG-1,0.0070998278829604
GSE274934_AL08_GTGGGTCTCAGATAAG-1,0.0
GSE274934_AL08_GTGGGTCTCTAGAGTC-1,0.0311040078682075
GSE274934_AL08_GTGGGTCTCTCGTTTA-1,0.0211458077206786
GSE274934_AL08_GTGGGTCTCTGTACGA-1,0.0109417260880255
GSE274934_AL08_GTGTGCGAGAGACGAA-1,0.0
GSE274934_AL08_GTGTGCGAGATACACA-1,0.0043951315465945
GSE274934_AL08_GTGTGCGAGCCCAATT-1,0.0129087779690189
GSE274934_AL08_GTGTGCGCATAGAAAC-1,0.0
GSE274934_AL08_GTGTGCGGTAAATACG-1,0.0032271944922547
GSE274934_AL08_GTGTGCGGTACATCCA-1,0.0086980575362675
GSE274934_AL08_GTGTGCGGTAGAAAGG-1,0.0106958446029014
GSE274934_AL08_GTGTGCGGTTGGTTTG-1,0.0
GSE274934_AL08_GTGTGCGTCGCCAAAT-1,0.0
GSE274934_AL08_GTGTGCGTCGGTGTCG-1,0.0060548315711826
GSE274934_AL08_GTGTGCGTCTCCGGTT-1,0.0134620113105483
GSE274934_AL08_GTGTTAGAGAAGCCCA-1,0.0
GSE274934_AL08_GTGTTAGAGAGAGCTC-1,0.0084214408655028
GSE274934_AL08_GTGTTAGAGCGATTCT-1,0.0046102778460781
GSE274934_AL08_GTGTTAGAGTAACCCT-1,0.0018748463240717
GSE274934_AL08_GTGTTAGAGTGCAAGC-1,0.0
GSE274934_AL08_GTGTTAGCAAACCCAT-1,0.0
GSE274934_AL08_GTGTTAGCAGTAACGG-1,0.0033501352348168
GSE274934_AL08_GTGTTAGCATGGATGG-1,0.0407241209736906
GSE274934_AL08_GTGTTAGGTTAAGATG-1,0.0
GSE274934_AL08_GTGTTAGGTTTGTTTC-1,0.0126628964838947
GSE274934_AL08_GTTAAGCAGCGTTTAC-1,0.0122940742562085
GSE274934_AL08_GTTAAGCCAGGGAGAG-1,0.011679370543398
GSE274934_AL08_GTTAAGCGTACAAGTA-1,0.0
GSE274934_AL08_GTTAAGCGTGTGTGCC-1,0.0184718465699532
GSE274934_AL08_GTTAAGCTCATGCAAC-1,0.0365441357265797
GSE274934_AL08_GTTACAGAGCCAGAAC-1,0.0003380870420457
GSE274934_AL08_GTTACAGCAGCTCGCA-1,0.0
GSE274934_AL08_GTTACAGCAGTCTTCC-1,0.0
GSE274934_AL08_GTTACAGGTAGTACCT-1,0.0103577575608556
GSE274934_AL08_GTTACAGGTTACGCGC-1,0.0
GSE274934_AL08_GTTACAGTCGCGTTTC-1,0.0222522744037374
GSE274934_AL08_GTTCATTAGAGTGACC-1,0.018164494713548
GSE274934_AL08_GTTCATTAGCACACAG-1,0.0
GSE274934_AL08_GTTCATTAGCCAGTTT-1,0.001536759282026
GSE274934_AL08_GTTCATTAGCGATGAC-1,0.0
GSE274934_AL08_GTTCATTAGTGTCTCA-1,0.0
GSE274934_AL08_GTTCATTCACATTAGC-1,0.0
GSE274934_AL08_GTTCATTCAGGACGTA-1,0.0056245389722153
GSE274934_AL08_GTTCATTCATACTACG-1,0.0037496926481435
GSE274934_AL08_GTTCATTGTAGCTAAA-1,0.0
GSE274934_AL08_GTTCATTGTCTAGCCG-1,0.0029813130071305
GSE274934_AL08_GTTCATTGTTAAGGGC-1,0.0039341037619867
GSE274934_AL08_GTTCATTTCAGTACGT-1,0.0
GSE274934_AL08_GTTCATTTCCACTGGG-1,0.0067617408409146
GSE274934_AL08_GTTCATTTCTGCTTGC-1,0.0096201131054831
GSE274934_AL08_GTTCATTTCTGGTTCC-1,0.0057167445291369
GSE274934_AL08_GTTCATTTCTTGTATC-1,0.0
GSE274934_AL08_GTTCGGGAGTGACATA-1,0.0291062208015736
GSE274934_AL08_GTTCGGGCACATTAGC-1,0.0
GSE274934_AL08_GTTCGGGGTAATCACC-1,0.0076530612244897
GSE274934_AL08_GTTCGGGGTATGAAAC-1,0.0
GSE274934_AL08_GTTCGGGTCAAGGCTT-1,0.0
GSE274934_AL08_GTTCGGGTCTCCGGTT-1,0.0
GSE274934_AL08_GTTCGGGTCTCCTATA-1,0.0
GSE274934_AL08_GTTCTCGAGAACAATC-1,0.0
GSE274934_AL08_GTTCTCGAGAATAGGG-1,0.0
GSE274934_AL08_GTTCTCGAGATCCCGC-1,0.0031042537496926
GSE274934_AL08_GTTCTCGAGGACATTA-1,0.0
GSE274934_AL08_GTTCTCGCAACTGGCC-1,0.0
GSE274934_AL08_GTTCTCGCACATAACC-1,0.0104806983034177
GSE274934_AL08_GTTCTCGCATATGGTC-1,0.0019055815097123
GSE274934_AL08_GTTCTCGCATTCTCAT-1,0.0099274649618883
GSE274934_AL08_GTTCTCGGTATCTGCA-1,0.0029813130071305
GSE274934_AL08_GTTCTCGGTCTTGATG-1,0.0
GSE274934_AL08_GTTCTCGGTGTGGCTC-1,0.0060855667568232
GSE274934_AL08_GTTCTCGTCAGCAACT-1,0.0248340299975411
GSE274934_AL08_GTTCTCGTCGGCTTGG-1,0.0
GSE274934_AL08_GTTTCTAAGCTAGGCA-1,0.0
GSE274934_AL08_GTTTCTACACGCGAAA-1,0.0
GSE274934_AL08_GTTTCTAGTCCAAGTT-1,0.0019670518809933
GSE274934_AL08_GTTTCTAGTCTCCACT-1,0.0163203835751167
GSE274934_AL08_GTTTCTAGTGAACCTT-1,0.0
GSE274934_AL08_GTTTCTAGTGCAGGTA-1,0.0099274649618883
GSE274934_AL08_GTTTCTATCGCCGTGA-1,0.0
GSE274934_AL08_GTTTCTATCTGTCAAG-1,0.0107265797885419
GSE274934_AL08_GTTTCTATCTTTCCTC-1,0.0
GSE274934_AL08_TAAACCGCAGTCCTTC-1,0.0
GSE274934_AL08_TAAACCGCATCACAAC-1,0.0
GSE274934_AL08_TAAACCGCATCGGAAG-1,0.0045180722891566
GSE274934_AL08_TAAACCGCATCTCGCT-1,0.0
GSE274934_AL08_TAAACCGCATCTGGTA-1,0.0
GSE274934_AL08_TAAACCGGTAAGGATT-1,0.0428755839685271
GSE274934_AL08_TAAACCGGTCAACTGT-1,0.0
GSE274934_AL08_TAAACCGGTGTTGGGA-1,0.0
GSE274934_AL08_TAAACCGGTTGTGGCC-1,0.0019363166953528
GSE274934_AL08_TAAACCGGTTTGACTG-1,0.0
GSE274934_AL08_TAAACCGTCAAACAAG-1,0.0
GSE274934_AL08_TAAACCGTCACCGTAA-1,0.0
GSE274934_AL08_TAAGAGAAGGGCACTA-1,0.0047332185886402
GSE274934_AL08_TAAGAGACATAGGATA-1,0.0183489058273911
GSE274934_AL08_TAAGAGAGTCCGAATT-1,0.0
GSE274934_AL08_TAAGAGAGTGGAAAGA-1,0.0
GSE274934_AL08_TAAGAGAGTTCGTTGA-1,0.0
GSE274934_AL08_TAAGAGATCCTTCAAT-1,0.0
GSE274934_AL08_TAAGCGTAGCAGCGTA-1,0.0
GSE274934_AL08_TAAGCGTAGCTAAACA-1,0.0
GSE274934_AL08_TAAGCGTAGGATGGTC-1,0.008083353823457
GSE274934_AL08_TAAGCGTAGGCCGAAT-1,0.0
GSE274934_AL08_TAAGCGTCACATTTCT-1,0.0
GSE274934_AL08_TAAGCGTGTGATGTGG-1,0.0003688222276862
GSE274934_AL08_TAAGCGTTCACCCGAG-1,0.0141689205802803
GSE274934_AL08_TAAGCGTTCCCTAATT-1,0.0
GSE274934_AL08_TAAGTGCAGCCCTAAT-1,0.0
GSE274934_AL08_TAAGTGCCATAGGATA-1,0.0052249815588886
GSE274934_AL08_TAAGTGCCATCGGACC-1,0.0
GSE274934_AL08_TAAGTGCGTACAGTTC-1,0.0
GSE274934_AL08_TAAGTGCGTATAGGGC-1,0.0182567002704696
GSE274934_AL08_TAAGTGCTCAGGCAAG-1,0.0
GSE274934_AL08_TAAGTGCTCTCGTATT-1,0.0275079911482665
GSE274934_AL08_TACACGACAAGTTCTG-1,0.0
GSE274934_AL08_TACACGACAATGGACG-1,0.044873371035161
GSE274934_AL08_TACACGACACACCGCA-1,0.0073764445537251
GSE274934_AL08_TACACGACATAAGACA-1,0.0
GSE274934_AL08_TACACGACATTTCAGG-1,0.0123555446274895
GSE274934_AL08_TACACGAGTCACCCAG-1,0.0016904352102286
GSE274934_AL08_TACACGAGTTCCATGA-1,0.006546594541431
GSE274934_AL08_TACACGATCCTGCAGG-1,0.0
GSE274934_AL08_TACAGTGAGCAGCCTC-1,0.0089132038357511
GSE274934_AL08_TACAGTGAGCTTTGGT-1,0.0
GSE274934_AL08_TACAGTGCAGCCTTTC-1,0.0
GSE274934_AL08_TACAGTGCAGTCGTGC-1,0.0197934595524956
GSE274934_AL08_TACAGTGCATTTCAGG-1,0.0
GSE274934_AL08_TACAGTGTCAATCACG-1,0.0
GSE274934_AL08_TACAGTGTCACTCCTG-1,0.0
GSE274934_AL08_TACAGTGTCCTTTACA-1,0.0132776001967051
GSE274934_AL08_TACCTATAGCCACGCT-1,0.0
GSE274934_AL08_TACCTATAGCCCAATT-1,0.0
GSE274934_AL08_TACCTATAGGCCGAAT-1,0.0033501352348168
GSE274934_AL08_TACCTATAGTGCCAGA-1,0.0197934595524956
GSE274934_AL08_TACCTATCAGAGCCAA-1,0.0062699778706663
GSE274934_AL08_TACCTATGTATTACCG-1,0.0
GSE274934_AL08_TACCTATTCATCTGCC-1,0.016627735431522
GSE274934_AL08_TACCTATTCTCTTGAT-1,0.0
GSE274934_AL08_TACCTATTCTGCGACG-1,0.0
GSE274934_AL08_TACCTATTCTGGAGCC-1,0.0
GSE274934_AL08_TACCTATTCTTCAACT-1,0.0161974428325547
GSE274934_AL08_TACCTTAAGTACGATA-1,0.0
GSE274934_AL08_TACCTTAAGTTAAGTG-1,0.0287066633882468
GSE274934_AL08_TACCTTACACGGCTAC-1,0.0037496926481435
GSE274934_AL08_TACCTTACAGTAGAGC-1,0.0127243668551758
GSE274934_AL08_TACCTTAGTAGGACAC-1,0.0
GSE274934_AL08_TACCTTAGTTGGTAAA-1,0.0
GSE274934_AL08_TACCTTATCAAAGACA-1,0.0
GSE274934_AL08_TACCTTATCGGAATCT-1,0.0
GSE274934_AL08_TACCTTATCGGTCTAA-1,0.0
GSE274934_AL08_TACGGATCAAGACACG-1,0.0
GSE274934_AL08_TACGGATCAGCTTCGG-1,0.0
GSE274934_AL08_TACGGATCATTCTTAC-1,0.0
GSE274934_AL08_TACGGATGTACTCAAC-1,0.0003995574133267
GSE274934_AL08_TACGGATGTCATGCCG-1,0.0091590853208753
GSE274934_AL08_TACGGATGTTAGAACA-1,0.02830710597492
GSE274934_AL08_TACGGATTCTGCTGCT-1,0.0
GSE274934_AL08_TACGGGCAGGAGTAGA-1,0.011679370543398
GSE274934_AL08_TACGGGCAGGAGTTGC-1,0.0
GSE274934_AL08_TACGGGCAGTAACCCT-1,0.0060855667568232
GSE274934_AL08_TACGGGCAGTCTCAAC-1,0.0
GSE274934_AL08_TACGGGCCAGGGTACA-1,0.0227133021883452
GSE274934_AL08_TACGGGCCATCGGAAG-1,0.0114027538726333
GSE274934_AL08_TACGGGCTCAAGAAGT-1,0.0
GSE274934_AL08_TACGGGCTCACGGTTA-1,0.0134620113105483
GSE274934_AL08_TACGGGCTCTCACATT-1,0.0
GSE274934_AL08_TACGGTAAGACGACGT-1,0.0090054093926727
GSE274934_AL08_TACGGTAAGCAGACTG-1,0.0099582001475288
GSE274934_AL08_TACGGTACAAAGGAAG-1,0.004364396360954
GSE274934_AL08_TACGGTACAACCGCCA-1,0.0
GSE274934_AL08_TACGGTACACACATGT-1,0.0
GSE274934_AL08_TACGGTACACGAGAGT-1,0.0
GSE274934_AL08_TACGGTACAGCTGTAT-1,0.0
GSE274934_AL08_TACGGTAGTCAGAATA-1,0.0
GSE274934_AL08_TACGGTAGTTAAGTAG-1,0.0
GSE274934_AL08_TACGGTATCCGCTGTT-1,0.0
GSE274934_AL08_TACGGTATCGTGGTCG-1,0.015275387263339
GSE274934_AL08_TACTCATAGAATTGTG-1,0.0
GSE274934_AL08_TACTCATAGGGTGTTG-1,0.0163818539463978
GSE274934_AL08_TACTCATCAGCAGTTT-1,0.0
GSE274934_AL08_TACTCATCATTTCACT-1,0.0
GSE274934_AL08_TACTCATGTAGCCTAT-1,0.0
GSE274934_AL08_TACTCATGTCTGCCAG-1,0.0
GSE274934_AL08_TACTCATTCCAGAAGG-1,0.0
GSE274934_AL08_TACTCATTCTCGCATC-1,0.0033194000491762
GSE274934_AL08_TACTCGCAGACTACAA-1,0.0
GSE274934_AL08_TACTCGCAGAGTGAGA-1,0.0082985001229407
GSE274934_AL08_TACTCGCAGATCGATA-1,0.0
GSE274934_AL08_TACTCGCAGGAGTAGA-1,0.0
GSE274934_AL08_TACTCGCAGGCTACGA-1,0.0
GSE274934_AL08_TACTCGCCAGTCAGAG-1,0.0
GSE274934_AL08_TACTTACAGTGGTAAT-1,0.0
GSE274934_AL08_TACTTACCACTTAACG-1,0.0066695352839931
GSE274934_AL08_TACTTACCATCACCCT-1,0.0
GSE274934_AL08_TACTTACCATTCGACA-1,0.0
GSE274934_AL08_TACTTACGTCTAGCCG-1,0.0048868945168428
GSE274934_AL08_TACTTACGTGATAAGT-1,0.0458568969756577
GSE274934_AL08_TACTTACGTTCCATGA-1,0.0248340299975411
GSE274934_AL08_TACTTACGTTTAGCTG-1,0.0
GSE274934_AL08_TACTTACTCAAACAAG-1,0.0
GSE274934_AL08_TACTTACTCATGGTCA-1,0.0193939021391689
GSE274934_AL08_TACTTACTCCTAAGTG-1,0.0
GSE274934_AL08_TACTTACTCGACCAGC-1,0.0030427833784116
GSE274934_AL08_TACTTACTCTACTCAT-1,0.0
GSE274934_AL08_TACTTACTCTTTACAC-1,0.0
GSE274934_AL08_TACTTGTAGATTACCC-1,0.0236353577575608
GSE274934_AL08_TACTTGTAGTAGGCCA-1,0.0
GSE274934_AL08_TACTTGTAGTCAAGCG-1,0.0
GSE274934_AL08_TACTTGTCAAGCGAGT-1,0.0100504057044504
GSE274934_AL08_TACTTGTCAGGGTTAG-1,0.0103577575608556
GSE274934_AL08_TACTTGTCATTGGTAC-1,0.0
GSE274934_AL08_TACTTGTTCATAGCAC-1,0.0
GSE274934_AL08_TACTTGTTCCTAAGTG-1,0.0
GSE274934_AL08_TACTTGTTCGTGACAT-1,0.0
GSE274934_AL08_TACTTGTTCTAGAGTC-1,0.0121096631423653
GSE274934_AL08_TAGACCAAGCCTTGAT-1,0.005194246373248
GSE274934_AL08_TAGACCAAGCTGAAAT-1,0.0018133759527907
GSE274934_AL08_TAGACCAAGGAACTGC-1,0.0081140890090976
GSE274934_AL08_TAGACCACACGTCAGC-1,0.0
GSE274934_AL08_TAGACCACAGGATTGG-1,0.0
GSE274934_AL08_TAGACCATCCTTTCTC-1,0.0012294074256208
GSE274934_AL08_TAGACCATCTCGTTTA-1,0.0102655520039341
GSE274934_AL08_TAGACCATCTGCCCTA-1,0.0137693631669535
GSE274934_AL08_TAGACCATCTTCGGTC-1,0.0
GSE274934_AL08_TAGAGCTAGCTGCAAG-1,0.0
GSE274934_AL08_TAGAGCTAGGCTAGAC-1,0.0
GSE274934_AL08_TAGAGCTAGTGTACCT-1,0.0088517334644701
GSE274934_AL08_TAGAGCTCAATAAGCA-1,0.0
GSE274934_AL08_TAGAGCTGTACCGAGA-1,0.0144762724366855
GSE274934_AL08_TAGAGCTGTGATGTCT-1,0.0006147037128104
GSE274934_AL08_TAGAGCTGTTCACCTC-1,0.0
GSE274934_AL08_TAGAGCTTCAACACGT-1,0.0105114334890582
GSE274934_AL08_TAGAGCTTCAGTTGAC-1,0.0
GSE274934_AL08_TAGAGCTTCTTCGAGA-1,0.0
GSE274934_AL08_TAGCCGGAGCTGCCCA-1,0.0115564298008359
GSE274934_AL08_TAGCCGGAGTACTTGC-1,0.0
GSE274934_AL08_TAGCCGGAGTGGGATC-1,0.013861568723875
GSE274934_AL08_TAGCCGGCAAAGTCAA-1,0.0
GSE274934_AL08_TAGCCGGGTCTTCTCG-1,0.0
GSE274934_AL08_TAGCCGGGTGCCTGCA-1,0.0
GSE274934_AL08_TAGCCGGTCGCTAGCG-1,0.0162281780181952
GSE274934_AL08_TAGCCGGTCTTGACGA-1,0.0
GSE274934_AL08_TAGGCATAGCTAGTCT-1,0.0
GSE274934_AL08_TAGGCATAGTACGCGA-1,0.0053171871158101
GSE274934_AL08_TAGGCATAGTGGACGT-1,0.0055323334152938
GSE274934_AL08_TAGGCATGTCGAGTTT-1,0.0388800098352594
GSE274934_AL08_TAGGCATTCCCGGATG-1,0.0166584706171625
GSE274934_AL08_TAGTGGTAGATGCCAG-1,0.0004917629702483
GSE274934_AL08_TAGTGGTAGGACAGAA-1,0.016689205802803
GSE274934_AL08_TAGTGGTAGTGACTCT-1,0.0030427833784116
GSE274934_AL08_TAGTGGTCACTCAGGC-1,0.0069768871403983
GSE274934_AL08_TAGTGGTGTTGTGGAG-1,0.0
GSE274934_AL08_TAGTGGTTCAGTACGT-1,0.0
GSE274934_AL08_TAGTGGTTCCAGTAGT-1,0.0
GSE274934_AL08_TAGTTGGAGATGTTAG-1,0.004364396360954
GSE274934_AL08_TAGTTGGAGTACGTAA-1,0.0024280796656011
GSE274934_AL08_TAGTTGGAGTCGATAA-1,0.0
GSE274934_AL08_TAGTTGGCAAAGGTGC-1,0.0
GSE274934_AL08_TAGTTGGCAAGCTGTT-1,0.0
GSE274934_AL08_TAGTTGGGTAAATGTG-1,0.0193939021391689
GSE274934_AL08_TAGTTGGGTCTAGGTT-1,0.0
GSE274934_AL08_TAGTTGGGTTCCAACA-1,0.0
GSE274934_AL08_TAGTTGGTCGAATGCT-1,0.0021514629948364
GSE274934_AL08_TATCAGGAGACACGAC-1,0.0
GSE274934_AL08_TATCAGGAGTTCCACA-1,0.0
GSE274934_AL08_TATCAGGCAAGGACAC-1,0.0
GSE274934_AL08_TATCAGGGTCAGATAA-1,0.0
GSE274934_AL08_TATCAGGGTCCAAGTT-1,0.0329788541922793
GSE274934_AL08_TATCAGGGTTATGCGT-1,0.0
GSE274934_AL08_TATCAGGTCAGCATGT-1,0.0
GSE274934_AL08_TATCAGGTCATAACCG-1,0.0030427833784116
GSE274934_AL08_TATCAGGTCCGTAGGC-1,0.0
GSE274934_AL08_TATCAGGTCCGTAGTA-1,0.0
GSE274934_AL08_TATCAGGTCGTTTAGG-1,0.0061470371281042
GSE274934_AL08_TATCAGGTCTCTTATG-1,0.0033808704204573
GSE274934_AL08_TATCTCAAGGCTCATT-1,0.0
GSE274934_AL08_TATCTCAAGTGTCTCA-1,0.0
GSE274934_AL08_TATCTCACACGAAACG-1,0.0231435947873125
GSE274934_AL08_TATCTCACATCGGAAG-1,0.0
GSE274934_AL08_TATCTCACATTGCGGC-1,0.0008605851979345
GSE274934_AL08_TATCTCAGTAGCGCAA-1,0.0129702483402999
GSE274934_AL08_TATCTCAGTGACTACT-1,0.0
GSE274934_AL08_TATCTCATCTCTAGGA-1,0.0011064666830587
GSE274934_AL08_TATGCCCAGCCATCGC-1,0.0287373985738873
GSE274934_AL08_TATGCCCAGGCCCTCA-1,0.026063437423162
GSE274934_AL08_TATGCCCAGGCGTACA-1,0.0
GSE274934_AL08_TATGCCCCAAGGTTTC-1,0.0196090484386525
GSE274934_AL08_TATGCCCCACGCATCG-1,0.0096815834767642
GSE274934_AL08_TATGCCCCACTGAAGG-1,0.0180108187853454
GSE274934_AL08_TATGCCCGTACCCAAT-1,6.147037128104254e-05
GSE274934_AL08_TATGCCCGTCTGATTG-1,0.0
GSE274934_AL08_TATGCCCGTGCGATAG-1,0.0
GSE274934_AL08_TATGCCCGTGCTCTTC-1,0.0
GSE274934_AL08_TATTACCAGACCACGA-1,0.0
GSE274934_AL08_TATTACCCAAACAACA-1,0.0
GSE274934_AL08_TATTACCCAAAGTCAA-1,0.0067924760265552
GSE274934_AL08_TATTACCCACTTAACG-1,0.0012601426112613
GSE274934_AL08_TATTACCCATGTAGTC-1,0.0
GSE274934_AL08_TATTACCGTCAGAGGT-1,0.0003995574133267
GSE274934_AL08_TATTACCGTGGGTCAA-1,0.0
GSE274934_AL08_TATTACCGTTCGCGAC-1,0.0
GSE274934_AL08_TCAACGAAGAAGAAGC-1,0.0074686501106466
GSE274934_AL08_TCAACGAAGCAAATCA-1,0.0
GSE274934_AL08_TCAACGAAGTGGGCTA-1,0.007960413080895
GSE274934_AL08_TCAACGACACTTGGAT-1,0.0228977133021883
GSE274934_AL08_TCAACGACATCTACGA-1,0.0
GSE274934_AL08_TCAACGACATGAGCGA-1,0.0240041799852471
GSE274934_AL08_TCAACGAGTAGAGCTG-1,0.0
GSE274934_AL08_TCAACGAGTCGCGGTT-1,0.0200393410376198
GSE274934_AL08_TCAACGAGTTAAGGGC-1,0.0
GSE274934_AL08_TCAACGATCTAACTGG-1,0.0
GSE274934_AL08_TCAATCTAGTAACCCT-1,0.0
GSE274934_AL08_TCAATCTCACAGATTC-1,0.0
GSE274934_AL08_TCAATCTCACTCGACG-1,0.0
GSE274934_AL08_TCAATCTCATTGAGCT-1,0.0115256946151954
GSE274934_AL08_TCAATCTGTCTACCTC-1,0.0
GSE274934_AL08_TCAATCTGTGTGAATA-1,0.0
GSE274934_AL08_TCAATCTGTTGCTCCT-1,0.0118637816572412
GSE274934_AL08_TCAATCTTCGGCGCTA-1,0.0
GSE274934_AL08_TCACAAGAGATGTAAC-1,0.0024895500368822
GSE274934_AL08_TCACAAGAGGAGTAGA-1,0.010849520531104
GSE274934_AL08_TCACAAGAGGTAGCCA-1,0.006546594541431
GSE274934_AL08_TCACAAGCAACACGCC-1,0.0
GSE274934_AL08_TCACAAGGTCACTTCC-1,0.0
GSE274934_AL08_TCACAAGTCCATTCTA-1,0.005839685271699
GSE274934_AL08_TCACAAGTCCGTCAAA-1,0.0
GSE274934_AL08_TCACAAGTCGCTTAGA-1,0.0
GSE274934_AL08_TCACAAGTCGTTGACA-1,0.0
GSE274934_AL08_TCACGAAAGAGTAATC-1,0.0
GSE274934_AL08_TCACGAAAGCACAGGT-1,0.009497172362921
GSE274934_AL08_TCACGAAAGCGTTGCC-1,0.0325792967789525
GSE274934_AL08_TCACGAAAGCTCTCGG-1,0.0
GSE274934_AL08_TCACGAAAGGACATTA-1,0.0047639537742807
GSE274934_AL08_TCACGAAAGGAGTTGC-1,0.0035038111630194
GSE274934_AL08_TCACGAACAATAACGA-1,0.013031718711581
GSE274934_AL08_TCACGAACATCGGTTA-1,0.0134927464961888
GSE274934_AL08_TCACGAACATGAACCT-1,0.0179800835997049
GSE274934_AL08_TCACGAACATTTCACT-1,0.0082062945660191
GSE274934_AL08_TCACGAAGTGCTCTTC-1,0.0038726333907056
GSE274934_AL08_TCACGAAGTTGTCGCG-1,0.0037804278337841
GSE274934_AL08_TCACGAATCGGATGGA-1,0.0055938037865748
GSE274934_AL08_TCACGAATCTCACATT-1,0.0
GSE274934_AL08_TCACGAATCTTGCAAG-1,0.0
GSE274934_AL08_TCAGATGAGACCCACC-1,0.0021514629948364
GSE274934_AL08_TCAGATGAGAGTCTGG-1,9.22055569215638e-05
GSE274934_AL08_TCAGATGAGGACCACA-1,0.0
GSE274934_AL08_TCAGATGCAAGCTGTT-1,0.0
GSE274934_AL08_TCAGATGCAGAAGCAC-1,0.0394332431767887
GSE274934_AL08_TCAGATGGTCATCCCT-1,0.0
GSE274934_AL08_TCAGATGTCACCACCT-1,0.018103024342267
GSE274934_AL08_TCAGATGTCATGCATG-1,0.0058089500860585
GSE274934_AL08_TCAGATGTCGCCAGCA-1,0.0191172854684042
GSE274934_AL08_TCAGATGTCGCGTTTC-1,0.0
GSE274934_AL08_TCAGATGTCTCGCTTG-1,0.0052249815588886
GSE274934_AL08_TCAGATGTCTTGTACT-1,0.0
GSE274934_AL08_TCAGATGTCTTTACAC-1,0.0042721908040324
GSE274934_AL08_TCAGCAAAGACACTAA-1,0.0
GSE274934_AL08_TCAGCAAAGACTACAA-1,0.0144455372510449
GSE274934_AL08_TCAGCAACAACACCCG-1,0.0
GSE274934_AL08_TCAGCAACACCAGATT-1,0.0
GSE274934_AL08_TCAGCAAGTCAGATAA-1,0.0
GSE274934_AL08_TCAGCAAGTCTGATCA-1,0.0050098352594049
GSE274934_AL08_TCAGCAAGTGACGGTA-1,0.0018133759527907
GSE274934_AL08_TCAGCAAGTGAGGCTA-1,0.0
GSE274934_AL08_TCAGCAATCACTCTTA-1,0.0
GSE274934_AL08_TCAGCTCAGCACCGTC-1,0.0067002704696336
GSE274934_AL08_TCAGCTCCACTGCCAG-1,0.0
GSE274934_AL08_TCAGCTCGTCAGAAGC-1,0.0
GSE274934_AL08_TCAGCTCGTTATCGGT-1,0.0
GSE274934_AL08_TCAGCTCGTTGGTAAA-1,0.0
GSE274934_AL08_TCAGCTCTCCCATTAT-1,0.0033194000491762
GSE274934_AL08_TCAGGATAGCGATATA-1,0.0012601426112613
GSE274934_AL08_TCAGGATCAAACTGCT-1,0.0
GSE274934_AL08_TCAGGATCAACCGCCA-1,0.0
GSE274934_AL08_TCAGGATCACATTAGC-1,0.0134005409392672
GSE274934_AL08_TCAGGATCAGGCTCAC-1,0.0
GSE274934_AL08_TCAGGATCATATGAGA-1,0.0
GSE274934_AL08_TCAGGATGTTCGGCAC-1,0.0
GSE274934_AL08_TCAGGATTCACTTATC-1,0.0
GSE274934_AL08_TCAGGATTCAGCGATT-1,0.0002151462994836
GSE274934_AL08_TCAGGATTCGTAGATC-1,0.0272928448487828
GSE274934_AL08_TCAGGTAAGATGCCAG-1,0.0
GSE274934_AL08_TCAGGTAAGCTAGTCT-1,0.0
GSE274934_AL08_TCAGGTAAGTGGGCTA-1,0.0488996803540693
GSE274934_AL08_TCAGGTACAAACTGCT-1,0.0490533562822719
GSE274934_AL08_TCAGGTACAATTGCTG-1,0.0063929186132284
GSE274934_AL08_TCAGGTAGTATAAACG-1,0.0
GSE274934_AL08_TCAGGTATCAGCCTAA-1,0.0
GSE274934_AL08_TCAGGTATCCTGTAGA-1,0.0019055815097123
GSE274934_AL08_TCATTACAGACCACGA-1,0.0
GSE274934_AL08_TCATTACAGGGCATGT-1,0.0081755593803786
GSE274934_AL08_TCATTACCAAGTAATG-1,0.0025202852225227
GSE274934_AL08_TCATTACCAGGTTTCA-1,0.017396115072535
GSE274934_AL08_TCATTACGTGCGATAG-1,0.0
GSE274934_AL08_TCATTACTCAACGGGA-1,0.0206847799360708
GSE274934_AL08_TCATTACTCACAATGC-1,0.0016904352102286
GSE274934_AL08_TCATTACTCAGCATGT-1,0.0
GSE274934_AL08_TCATTTGAGCGTGAGT-1,0.0256638800098352
GSE274934_AL08_TCATTTGAGGACAGAA-1,0.0088517334644701
GSE274934_AL08_TCATTTGAGGAGTCTG-1,0.0060240963855421
GSE274934_AL08_TCATTTGAGGCTACGA-1,0.0
GSE274934_AL08_TCATTTGGTAAACCTC-1,0.0032579296778952
GSE274934_AL08_TCATTTGGTACGCTGC-1,0.0192709613966068
GSE274934_AL08_TCATTTGTCAGAAATG-1,0.0
GSE274934_AL08_TCATTTGTCGCCTGTT-1,0.0
GSE274934_AL08_TCCACACAGTAATCCC-1,0.0
GSE274934_AL08_TCCACACCACGGTAGA-1,0.0359601671994098
GSE274934_AL08_TCCACACCAGCCTATA-1,0.0
GSE274934_AL08_TCCACACGTGCGAAAC-1,0.0031042537496926
GSE274934_AL08_TCCACACGTTCCACTC-1,0.0120789279567248
GSE274934_AL08_TCCACACGTTTGCATG-1,0.0049483648881239
GSE274934_AL08_TCCACACTCACCCGAG-1,0.0349151708876321
GSE274934_AL08_TCCACACTCCAGAGGA-1,0.0
GSE274934_AL08_TCCACACTCCTCGCAT-1,0.0056245389722153
GSE274934_AL08_TCCCGATAGGAATGGA-1,0.0
GSE274934_AL08_TCCCGATAGGCAGTCA-1,0.0011064666830587
GSE274934_AL08_TCCCGATAGGCTAGGT-1,0.0043336611753134
GSE274934_AL08_TCCCGATAGTTGAGAT-1,0.0089746742070322
GSE274934_AL08_TCCCGATCACGAAAGC-1,0.0
GSE274934_AL08_TCCCGATCATGGTAGG-1,0.0
GSE274934_AL08_TCCCGATGTAAGTAGT-1,0.0110031964593066
GSE274934_AL08_TCGAGGCAGAATTGTG-1,0.0358372264568478
GSE274934_AL08_TCGAGGCAGAGACTTA-1,0.0028583722645684
GSE274934_AL08_TCGAGGCAGCCGTCGT-1,0.0105421686746987
GSE274934_AL08_TCGAGGCAGCGATGAC-1,0.0
GSE274934_AL08_TCGAGGCAGGGTTTCT-1,0.006608064912712
GSE274934_AL08_TCGAGGCAGTTCCACA-1,0.0200086058519793
GSE274934_AL08_TCGAGGCCAGGGCATA-1,0.0
GSE274934_AL08_TCGAGGCCATTTCACT-1,0.0031964593066142
GSE274934_AL08_TCGAGGCGTGTGCCTG-1,0.0
GSE274934_AL08_TCGAGGCTCACTCCTG-1,0.0
GSE274934_AL08_TCGAGGCTCTGAGTGT-1,0.0
GSE274934_AL08_TCGCGAGAGAGTAAGG-1,0.0
GSE274934_AL08_TCGCGAGAGCAACGGT-1,0.0130009835259404
GSE274934_AL08_TCGCGAGAGCCGCCTA-1,0.0
GSE274934_AL08_TCGCGAGAGGCAATTA-1,0.0
GSE274934_AL08_TCGCGAGAGTGTTTGC-1,0.0106343742316203
GSE274934_AL08_TCGCGAGAGTTCGATC-1,0.0
GSE274934_AL08_TCGCGAGCACAACTGT-1,0.0106343742316203
GSE274934_AL08_TCGCGAGCACCTATCC-1,0.0
GSE274934_AL08_TCGCGAGCATGACGGA-1,0.0208384558642734
GSE274934_AL08_TCGCGAGCATTACCTT-1,0.0
GSE274934_AL08_TCGCGAGGTAATAGCA-1,0.0
GSE274934_AL08_TCGCGAGTCCCGGATG-1,0.0
GSE274934_AL08_TCGCGAGTCCTCCTAG-1,0.0084521760511433
GSE274934_AL08_TCGCGAGTCGCCCTTA-1,0.0106343742316203
GSE274934_AL08_TCGCGTTAGGGCTCTC-1,0.0
GSE274934_AL08_TCGCGTTAGGTACTCT-1,0.0343926727317433
GSE274934_AL08_TCGCGTTCACATCCGG-1,0.0
GSE274934_AL08_TCGCGTTGTAAAGTCA-1,0.0
GSE274934_AL08_TCGCGTTGTACATCCA-1,0.0
GSE274934_AL08_TCGCGTTGTGTTTGGT-1,0.011617900172117
GSE274934_AL08_TCGCGTTTCAGAGACG-1,0.0147221539218096
GSE274934_AL08_TCGCGTTTCATACGGT-1,0.0
GSE274934_AL08_TCGCGTTTCCTAAGTG-1,0.0072842389968035
GSE274934_AL08_TCGGGACCAAAGGCGT-1,0.0
GSE274934_AL08_TCGGGACCAGGTCTCG-1,0.0
GSE274934_AL08_TCGGGACCATGTCGAT-1,0.0332862060486845
GSE274934_AL08_TCGGGACTCACAGGCC-1,0.0
GSE274934_AL08_TCGGGACTCCGTAGTA-1,0.0098045242193262
GSE274934_AL08_TCGGGACTCGTAGGTT-1,0.0
GSE274934_AL08_TCGGTAAAGGTCATCT-1,0.0070076223260388
GSE274934_AL08_TCGGTAAAGGTGATAT-1,0.0091283501352348
GSE274934_AL08_TCGGTAAAGTGTTGAA-1,0.0049176297024834
GSE274934_AL08_TCGGTAACAAGCGTAG-1,0.0118945168428817
GSE274934_AL08_TCGGTAACAGACGCAA-1,0.0
GSE274934_AL08_TCGGTAACAGGGATTG-1,0.0016904352102286
GSE274934_AL08_TCGGTAACATCCCACT-1,0.0264629948364888
GSE274934_AL08_TCGGTAAGTCTCCCTA-1,0.0035038111630194
GSE274934_AL08_TCGGTAAGTTCAGGCC-1,0.005132776001967
GSE274934_AL08_TCGGTAAGTTCCCGAG-1,0.0169350872879272
GSE274934_AL08_TCGGTAATCGGACAAG-1,0.020285222522744
GSE274934_AL08_TCGGTAATCGGAGCAA-1,0.0217297762478485
GSE274934_AL08_TCGTACCAGATACACA-1,0.0
GSE274934_AL08_TCGTACCAGCCCGAAA-1,0.0014138185394639
GSE274934_AL08_TCGTACCAGGATATAC-1,0.0
GSE274934_AL08_TCGTACCCAAGTCTGT-1,0.0
GSE274934_AL08_TCGTACCCAAGTTGTC-1,0.0
GSE274934_AL08_TCGTACCCACAAGTAA-1,0.0
GSE274934_AL08_TCGTACCCAGCTTCGG-1,0.0047639537742807
GSE274934_AL08_TCGTACCGTACCCAAT-1,0.0031349889353331
GSE274934_AL08_TCGTACCGTGGCCCTA-1,0.0
GSE274934_AL08_TCGTACCTCAGCTCGG-1,0.0
GSE274934_AL08_TCGTAGAAGAGCTATA-1,0.0103884927464961
GSE274934_AL08_TCGTAGAAGATCCCAT-1,0.0
GSE274934_AL08_TCGTAGAAGGAGTAGA-1,0.0
GSE274934_AL08_TCGTAGAAGTTCGATC-1,0.0
GSE274934_AL08_TCGTAGAGTTTGTTTC-1,0.0
GSE274934_AL08_TCGTAGATCCCATTTA-1,0.0
GSE274934_AL08_TCGTAGATCGCCTGAG-1,0.0
GSE274934_AL08_TCTATTGAGAAACCAT-1,0.0
GSE274934_AL08_TCTATTGAGAATCTCC-1,0.0
GSE274934_AL08_TCTATTGCACACAGAG-1,0.0071920334398819
GSE274934_AL08_TCTATTGCACTTAACG-1,0.0
GSE274934_AL08_TCTATTGCATACTACG-1,0.0
GSE274934_AL08_TCTATTGCATTTCACT-1,0.011617900172117
GSE274934_AL08_TCTATTGGTAGGAGTC-1,0.0229591836734693
GSE274934_AL08_TCTATTGGTCCCTACT-1,0.0
GSE274934_AL08_TCTATTGGTGCTCTTC-1,0.0237890336857634
GSE274934_AL08_TCTATTGGTTAAGGGC-1,0.0
GSE274934_AL08_TCTATTGTCAAACCAC-1,0.0097430538480452
GSE274934_AL08_TCTATTGTCGATCCCT-1,0.0
GSE274934_AL08_TCTATTGTCTGTCTAT-1,0.0
GSE274934_AL08_TCTCATAAGCTGTTCA-1,0.0
GSE274934_AL08_TCTCATACAAGGTTTC-1,0.0088517334644701
GSE274934_AL08_TCTCATACACACATGT-1,0.0
GSE274934_AL08_TCTCATACATTCTCAT-1,0.0027661667076469
GSE274934_AL08_TCTCATAGTCCAGTAT-1,0.0209613966068355
GSE274934_AL08_TCTCATAGTCCGTTAA-1,0.0
GSE274934_AL08_TCTCATAGTCTAGGTT-1,0.0017519055815097
GSE274934_AL08_TCTCATATCAATCACG-1,0.0230206540447504
GSE274934_AL08_TCTCATATCGTAGGTT-1,0.0
GSE274934_AL08_TCTCTAAAGGTGTTAA-1,0.0002766166707646
GSE274934_AL08_TCTCTAAAGTTTAGGA-1,0.0021207278091959
GSE274934_AL08_TCTCTAAGTAAACCTC-1,0.0
GSE274934_AL08_TCTCTAAGTGCAGACA-1,0.0
GSE274934_AL08_TCTCTAATCACGCATA-1,0.0
GSE274934_AL08_TCTCTAATCCGGCACA-1,0.0108802557167445
GSE274934_AL08_TCTCTAATCTACCAGA-1,0.0142303909515613
GSE274934_AL08_TCTGAGACATTCTTAC-1,0.0
GSE274934_AL08_TCTGAGAGTACCGTTA-1,0.0186255224981558
GSE274934_AL08_TCTGAGAGTCTCTTAT-1,0.0
GSE274934_AL08_TCTGAGAGTGTTGAGG-1,0.0
GSE274934_AL08_TCTGAGAGTTCTGTTT-1,0.0121403983280059
GSE274934_AL08_TCTGAGATCTCTTGAT-1,0.0
GSE274934_AL08_TCTGAGATCTGGCGAC-1,0.0
GSE274934_AL08_TCTGGAAAGATGCGAC-1,0.0345463486599459
GSE274934_AL08_TCTGGAACAGGCTGAA-1,0.0
GSE274934_AL08_TCTGGAACATGGGAAC-1,0.0
GSE274934_AL08_TCTGGAAGTATAGTAG-1,0.0191787558396852
GSE274934_AL08_TCTGGAATCTCGCATC-1,0.0
GSE274934_AL08_TCTTCGGAGTACCGGA-1,0.0286451930169658
GSE274934_AL08_TCTTCGGCACCACCAG-1,0.0
GSE274934_AL08_TCTTCGGTCAACACAC-1,0.0165355298746004
GSE274934_AL08_TCTTCGGTCAGGCAAG-1,0.0
GSE274934_AL08_TCTTCGGTCCCATTAT-1,0.0
GSE274934_AL08_TCTTCGGTCCTCTAGC-1,0.0
GSE274934_AL08_TCTTTCCAGCAGACTG-1,0.0093127612490779
GSE274934_AL08_TCTTTCCCATCACGAT-1,0.0287066633882468
GSE274934_AL08_TCTTTCCCATGATCCA-1,0.0113105483157118
GSE274934_AL08_TCTTTCCGTAAGAGAG-1,0.015982296533071
GSE274934_AL08_TCTTTCCGTATATCCG-1,0.0168428817310056
GSE274934_AL08_TCTTTCCTCATACGGT-1,0.0
GSE274934_AL08_TCTTTCCTCCATGCTC-1,0.0
GSE274934_AL08_TCTTTCCTCCGTCAAA-1,0.007253503811163
GSE274934_AL08_TCTTTCCTCGGCCGAT-1,0.0
GSE274934_AL08_TGAAAGAAGCTCCCAG-1,0.0093434964347184
GSE274934_AL08_TGAAAGACAGCTATTG-1,0.0045180722891566
GSE274934_AL08_TGAAAGACAGTTTACG-1,0.0
GSE274934_AL08_TGAAAGAGTAGAGGAA-1,0.0132776001967051
GSE274934_AL08_TGAAAGAGTCTCTCGT-1,0.0
GSE274934_AL08_TGAAAGAGTGCATCTA-1,0.0
GSE274934_AL08_TGAAAGAGTGTTTGTG-1,0.008728792721908
GSE274934_AL08_TGAAAGATCTCATTCA-1,0.0
GSE274934_AL08_TGAAAGATCTCTAGGA-1,0.0
GSE274934_AL08_TGACAACAGTCCGGTC-1,0.0047946889599213
GSE274934_AL08_TGACAACCAAGTCTGT-1,0.0020592574379149
GSE274934_AL08_TGACAACCACGACGAA-1,0.0
GSE274934_AL08_TGACAACCAGGATTGG-1,0.0
GSE274934_AL08_TGACAACGTACCGTTA-1,0.0048561593312023
GSE274934_AL08_TGACAACGTTGGTAAA-1,0.0137078927956724
GSE274934_AL08_TGACGGCAGACCTTTG-1,0.017457585443816
GSE274934_AL08_TGACGGCAGAGACGAA-1,0.0159515613474305
GSE274934_AL08_TGACGGCAGAGGTACC-1,0.0018748463240717
GSE274934_AL08_TGACGGCAGATCACGG-1,0.0077760019670518
GSE274934_AL08_TGACGGCCACTTCGAA-1,0.0035345463486599
GSE274934_AL08_TGACGGCGTCTAACGT-1,0.0124477501844111
GSE274934_AL08_TGACGGCGTGACAAAT-1,0.0
GSE274934_AL08_TGACGGCGTGGCAAAC-1,0.0
GSE274934_AL08_TGACGGCGTTCCGTCT-1,0.0238197688714039
GSE274934_AL08_TGACTAGAGAAACCAT-1,0.013093189082862
GSE274934_AL08_TGACTAGAGACTACAA-1,0.0192402262109663
GSE274934_AL08_TGACTAGAGGGAAACA-1,0.0170887632161298
GSE274934_AL08_TGACTAGAGTCAATAG-1,0.0031964593066142
GSE274934_AL08_TGACTAGCATCGATGT-1,0.0
GSE274934_AL08_TGACTAGTCACAGTAC-1,0.0
GSE274934_AL08_TGACTAGTCATATCGG-1,0.0
GSE274934_AL08_TGACTAGTCCAGTAGT-1,0.0047332185886402
GSE274934_AL08_TGACTAGTCCTTTCGG-1,0.0
GSE274934_AL08_TGACTAGTCGCCGTGA-1,0.0112490779444307
GSE274934_AL08_TGACTTTCAAGTTGTC-1,0.0
GSE274934_AL08_TGACTTTCACGGCGTT-1,0.0098352594049668
GSE274934_AL08_TGACTTTCATTCGACA-1,0.0071920334398819
GSE274934_AL08_TGACTTTGTCTCATCC-1,0.0199471354806983
GSE274934_AL08_TGACTTTGTGGCAAAC-1,0.0
GSE274934_AL08_TGACTTTGTTGTCTTT-1,0.0122326038849274
GSE274934_AL08_TGACTTTTCCACGTGG-1,0.0121096631423653
GSE274934_AL08_TGACTTTTCGGTCCGA-1,0.0
GSE274934_AL08_TGAGAGGAGCCAGAAC-1,0.0
GSE274934_AL08_TGAGAGGAGGATGTAT-1,0.0032886648635357
GSE274934_AL08_TGAGAGGCAACTGCGC-1,0.0
GSE274934_AL08_TGAGAGGCAATTGCTG-1,0.0568293582493238
GSE274934_AL08_TGAGAGGCATTTGCCC-1,0.0
GSE274934_AL08_TGAGAGGGTGTCTGAT-1,0.0064236537988689
GSE274934_AL08_TGAGAGGGTTCACCTC-1,0.0019977870666338
GSE274934_AL08_TGAGAGGTCCTCATTA-1,0.0008913203835751
GSE274934_AL08_TGAGCATAGGATGGAA-1,0.0067310056552741
GSE274934_AL08_TGAGCATAGGCTAGCA-1,0.0
GSE274934_AL08_TGAGCATAGTGTACTC-1,0.0
GSE274934_AL08_TGAGCATCAAAGGTGC-1,0.0
GSE274934_AL08_TGAGCATGTTGGTAAA-1,0.0005839685271699
GSE274934_AL08_TGAGCATTCCGGGTGT-1,0.0
GSE274934_AL08_TGAGCATTCGTTACGA-1,0.0
GSE274934_AL08_TGAGCCGAGGAGCGAG-1,0.0062699778706663
GSE274934_AL08_TGAGCCGAGTGAAGAG-1,0.0
GSE274934_AL08_TGAGCCGGTTATCACG-1,0.0
GSE274934_AL08_TGAGCCGTCCCTTGTG-1,0.0242807966560118
GSE274934_AL08_TGAGGGACACATAACC-1,0.0
GSE274934_AL08_TGAGGGATCACAATGC-1,0.0
GSE274934_AL08_TGAGGGATCATTGCCC-1,0.0
GSE274934_AL08_TGAGGGATCCTCCTAG-1,0.0
GSE274934_AL08_TGAGGGATCTAGAGTC-1,0.0
GSE274934_AL08_TGATTTCAGGGTGTTG-1,0.0120174575854438
GSE274934_AL08_TGATTTCAGGTGCAAC-1,0.0077145315957708
GSE274934_AL08_TGATTTCCAAATCCGT-1,0.0025510204081632
GSE274934_AL08_TGATTTCCAACCGCCA-1,0.0
GSE274934_AL08_TGATTTCCAAGACACG-1,0.0
GSE274934_AL08_TGATTTCCAGACGCTC-1,0.0075608556675682
GSE274934_AL08_TGATTTCCATACTACG-1,0.0
GSE274934_AL08_TGATTTCTCAGTTGAC-1,0.0197627243668551
GSE274934_AL08_TGATTTCTCCCTAATT-1,0.0
GSE274934_AL08_TGATTTCTCGATCCCT-1,0.0
GSE274934_AL08_TGCACCTAGATGCGAC-1,0.0125399557413326
GSE274934_AL08_TGCACCTAGGGTTCCC-1,0.0
GSE274934_AL08_TGCACCTCACTACAGT-1,0.0159515613474305
GSE274934_AL08_TGCACCTGTAAACACA-1,0.0234202114580772
GSE274934_AL08_TGCACCTGTATGCTTG-1,0.0026124907794443
GSE274934_AL08_TGCACCTGTCGCGGTT-1,0.0083599704942217
GSE274934_AL08_TGCACCTGTCTCAACA-1,0.0
GSE274934_AL08_TGCACCTTCCTGCTTG-1,0.0047332185886402
GSE274934_AL08_TGCACCTTCTATCGCC-1,0.0031349889353331
GSE274934_AL08_TGCCAAAAGGACAGAA-1,0.0
GSE274934_AL08_TGCCAAAAGTGAACAT-1,0.0
GSE274934_AL08_TGCCAAACAAGCTGTT-1,0.0
GSE274934_AL08_TGCCAAACACGTTGGC-1,0.0147221539218096
GSE274934_AL08_TGCCAAACATCAGTCA-1,0.0240656503565281
GSE274934_AL08_TGCCAAAGTCCCTTGT-1,0.0138923039095156
GSE274934_AL08_TGCCAAAGTTCAGCGC-1,0.0
GSE274934_AL08_TGCCAAAGTTGATTCG-1,0.001536759282026
GSE274934_AL08_TGCCAAATCCACTCCA-1,0.0132468650110646
GSE274934_AL08_TGCCCATAGTCATCCA-1,0.0
GSE274934_AL08_TGCCCATAGTTAACGA-1,0.0032271944922547
GSE274934_AL08_TGCCCATCACATCCAA-1,0.0199164002950577
GSE274934_AL08_TGCCCATGTAAACGCG-1,0.0003380870420457
GSE274934_AL08_TGCCCATGTACTCTCC-1,0.0
GSE274934_AL08_TGCCCATGTACTTCTT-1,0.0269547578067371
GSE274934_AL08_TGCCCATTCACTTATC-1,0.0050405704450454
GSE274934_AL08_TGCCCATTCTGGTGTA-1,0.0077760019670518
GSE274934_AL08_TGCCCTAAGATATACG-1,0.0108802557167445
GSE274934_AL08_TGCCCTAAGCCGTCGT-1,0.0
GSE274934_AL08_TGCCCTACAACGCACC-1,0.0
GSE274934_AL08_TGCCCTACACGCGAAA-1,0.0
GSE274934_AL08_TGCCCTAGTCAACTGT-1,0.0
GSE274934_AL08_TGCCCTATCCGTCATC-1,0.0075915908532087
GSE274934_AL08_TGCCCTATCGGAAATA-1,0.0064543889845094
GSE274934_AL08_TGCCCTATCGTGACAT-1,0.0013523481681829
GSE274934_AL08_TGCCCTATCTTACCTA-1,0.0117715761003196
GSE274934_AL08_TGCGCAGAGTTTCCTT-1,0.0353454634865994
GSE274934_AL08_TGCGCAGCACACCGAC-1,0.0
GSE274934_AL08_TGCGCAGCAGCGATCC-1,0.0476702729284484
GSE274934_AL08_TGCGCAGCAGGATTGG-1,0.0476088025571674
GSE274934_AL08_TGCGCAGCATGCCTAA-1,0.0099582001475288
GSE274934_AL08_TGCGCAGGTCTTGATG-1,0.0177956724858618
GSE274934_AL08_TGCGCAGGTTAGAACA-1,0.0
GSE274934_AL08_TGCGCAGTCATGCTCC-1,0.0
GSE274934_AL08_TGCGGGTAGCGATTCT-1,0.0051020408163265
GSE274934_AL08_TGCGGGTAGCGCCTTG-1,0.0
GSE274934_AL08_TGCGGGTCAATCACAC-1,0.0
GSE274934_AL08_TGCGGGTGTAATCGTC-1,0.0240963855421686
GSE274934_AL08_TGCGGGTGTAGCGTAG-1,0.0
GSE274934_AL08_TGCGGGTGTCTCGTTC-1,0.0100811408900909
GSE274934_AL08_TGCGGGTGTTTGTTTC-1,0.023174329972953
GSE274934_AL08_TGCGGGTTCAAGGTAA-1,0.0
GSE274934_AL08_TGCGGGTTCACCGGGT-1,0.0
GSE274934_AL08_TGCGGGTTCATAGCAC-1,0.0257868207523973
GSE274934_AL08_TGCGGGTTCTGTTGAG-1,0.0
GSE274934_AL08_TGCGGGTTCTTAACCT-1,0.0
GSE274934_AL08_TGCGTGGAGATATGCA-1,0.0076837964101303
GSE274934_AL08_TGCGTGGAGTCCGTAT-1,0.0
GSE274934_AL08_TGCGTGGCACGGTAGA-1,0.0
GSE274934_AL08_TGCGTGGCACTTACGA-1,0.0
GSE274934_AL08_TGCGTGGGTGCAACGA-1,0.0082062945660191
GSE274934_AL08_TGCGTGGGTTCCACTC-1,0.0
GSE274934_AL08_TGCGTGGGTTTGTTGG-1,0.0068539463978362
GSE274934_AL08_TGCGTGGTCACCCGAG-1,0.0
GSE274934_AL08_TGCGTGGTCAGAGACG-1,0.0
GSE274934_AL08_TGCTACCAGCGATATA-1,0.0090976149495942
GSE274934_AL08_TGCTACCAGGAGCGAG-1,0.0292291615441357
GSE274934_AL08_TGCTACCAGGGTGTTG-1,0.0
GSE274934_AL08_TGCTACCAGGTAAACT-1,0.0
GSE274934_AL08_TGCTACCAGTAACCCT-1,0.0
GSE274934_AL08_TGCTACCAGTAGTGCG-1,0.007960413080895
GSE274934_AL08_TGCTACCCACAGATTC-1,0.0004917629702483
GSE274934_AL08_TGCTACCCATCCAACA-1,0.0
GSE274934_AL08_TGCTACCGTCTCTCTG-1,0.0255716744529136
GSE274934_AL08_TGCTACCGTCTCTTAT-1,0.0
GSE274934_AL08_TGCTACCGTGAACCTT-1,0.0
GSE274934_AL08_TGCTACCGTTCCGTCT-1,0.0
GSE274934_AL08_TGCTACCTCCCTTGTG-1,0.0
GSE274934_AL08_TGCTGCTAGCCACTAT-1,0.0
GSE274934_AL08_TGCTGCTAGCGAGAAA-1,0.0
GSE274934_AL08_TGCTGCTCAGCGTTCG-1,0.0
GSE274934_AL08_TGCTGCTCATATGCTG-1,0.0184411113843127
GSE274934_AL08_TGCTGCTCATCCGTGG-1,0.0
GSE274934_AL08_TGCTGCTGTAGCAAAT-1,0.000768379641013
GSE274934_AL08_TGCTGCTGTGAGGGTT-1,0.0089746742070322
GSE274934_AL08_TGCTGCTGTGATGTCT-1,0.0
GSE274934_AL08_TGCTGCTGTGCAGGTA-1,0.0078682075239734
GSE274934_AL08_TGCTGCTTCCAGTAGT-1,0.0109417260880255
GSE274934_AL08_TGCTGCTTCGTTACGA-1,0.0
GSE274934_AL08_TGCTGCTTCTCTGAGA-1,0.0060855667568232
GSE274934_AL08_TGGACGCAGCGTAGTG-1,3.073518564052127e-05
GSE274934_AL08_TGGACGCAGGATATAC-1,0.0
GSE274934_AL08_TGGACGCAGGGTTCCC-1,0.0148758298500122
GSE274934_AL08_TGGACGCAGTCGTTTG-1,0.0027354315220063
GSE274934_AL08_TGGACGCCAGCTTCGG-1,0.0
GSE274934_AL08_TGGACGCCATCGATGT-1,0.0
GSE274934_AL08_TGGACGCGTAAATGAC-1,0.0
GSE274934_AL08_TGGACGCGTCACTGGC-1,0.0105114334890582
GSE274934_AL08_TGGACGCGTGACAAAT-1,0.0
GSE274934_AL08_TGGACGCGTGCAACGA-1,0.0061777723137447
GSE274934_AL08_TGGACGCTCAAAGTAG-1,0.0122326038849274
GSE274934_AL08_TGGACGCTCGGTGTTA-1,0.0
GSE274934_AL08_TGGCCAGAGATAGCAT-1,0.0
GSE274934_AL08_TGGCCAGAGCTAGTCT-1,0.0274465207769854
GSE274934_AL08_TGGCCAGAGGACATTA-1,0.0041185148758298
GSE274934_AL08_TGGCCAGCAAAGCGGT-1,0.0020592574379149
GSE274934_AL08_TGGCCAGCAGTAAGAT-1,0.0
GSE274934_AL08_TGGCCAGGTCAGAAGC-1,0.0
GSE274934_AL08_TGGCCAGGTTATCGGT-1,0.0
GSE274934_AL08_TGGCCAGTCAAGGCTT-1,0.0
GSE274934_AL08_TGGCCAGTCACTGGGC-1,0.0
GSE274934_AL08_TGGCCAGTCAGTTAGC-1,0.0003688222276862
GSE274934_AL08_TGGCCAGTCGCTTAGA-1,0.0181337595279075
GSE274934_AL08_TGGCCAGTCTGCGTAA-1,0.0119867223998032
GSE274934_AL08_TGGCGCAAGACTAGAT-1,0.0
GSE274934_AL08_TGGCGCAAGAGACTTA-1,0.0
GSE274934_AL08_TGGCGCAAGCGCCTTG-1,0.010910990902385
GSE274934_AL08_TGGCGCACAAGGTTCT-1,0.0
GSE274934_AL08_TGGCGCACAGGATTGG-1,0.0209306614211949
GSE274934_AL08_TGGCGCAGTGTTGAGG-1,0.0
GSE274934_AL08_TGGCGCAGTTCGCGAC-1,0.0
GSE274934_AL08_TGGCGCATCCTTTCTC-1,0.0
GSE274934_AL08_TGGCTGGAGATTACCC-1,0.0
GSE274934_AL08_TGGCTGGAGCAACGGT-1,0.0
GSE274934_AL08_TGGCTGGAGGACATTA-1,0.0
GSE274934_AL08_TGGCTGGAGGCATGTG-1,0.0171809687730513
GSE274934_AL08_TGGCTGGCAGATGGCA-1,0.0
GSE274934_AL08_TGGCTGGCATCGATGT-1,0.0
GSE274934_AL08_TGGCTGGGTAAGTGTA-1,0.0
GSE274934_AL08_TGGCTGGGTGCGCTTG-1,0.0
GSE274934_AL08_TGGCTGGTCATAGCAC-1,0.0249262355544627
GSE274934_AL08_TGGCTGGTCCTTTCTC-1,0.0114334890582739
GSE274934_AL08_TGGCTGGTCTCGCTTG-1,0.005132776001967
GSE274934_AL08_TGGGAAGAGGAGCGTT-1,0.0030427833784116
GSE274934_AL08_TGGGAAGCAAGCGCTC-1,0.0057167445291369
GSE274934_AL08_TGGGAAGCAATAACGA-1,0.0
GSE274934_AL08_TGGGAAGGTCCATGAT-1,0.0
GSE274934_AL08_TGGGAAGGTCGCTTCT-1,0.0
GSE274934_AL08_TGGGAAGGTTAAAGAC-1,0.013031718711581
GSE274934_AL08_TGGGAAGTCCAGTAGT-1,0.0
GSE274934_AL08_TGGGAAGTCCTCATTA-1,0.0095279075485615
GSE274934_AL08_TGGGAAGTCTGCAGTA-1,0.0108187853454634
GSE274934_AL08_TGGGCGTAGATACACA-1,0.013800098352594
GSE274934_AL08_TGGGCGTAGATGTTAG-1,0.0
GSE274934_AL08_TGGGCGTAGTAGGTGC-1,0.0003073518564052
GSE274934_AL08_TGGGCGTCAGGGTTAG-1,0.0118637816572412
GSE274934_AL08_TGGGCGTCAGGTTTCA-1,0.0
GSE274934_AL08_TGGGCGTGTCATATCG-1,0.00590115564298
GSE274934_AL08_TGGGCGTGTGAGTGAC-1,0.0
GSE274934_AL08_TGGGCGTGTGCAGGTA-1,0.0
GSE274934_AL08_TGGGCGTGTGCATCTA-1,0.0
GSE274934_AL08_TGGGCGTTCATGTCCC-1,0.0035960167199409
GSE274934_AL08_TGGGCGTTCGTCACGG-1,0.0
GSE274934_AL08_TGGGCGTTCTATCGCC-1,0.0178571428571428
GSE274934_AL08_TGGTTAGAGCAATATG-1,0.0088824686501106
GSE274934_AL08_TGGTTAGAGCAGCCTC-1,0.0164433243176788
GSE274934_AL08_TGGTTAGCAAGGTTTC-1,0.0009527907548561
GSE274934_AL08_TGGTTAGCAGTGACAG-1,0.0184718465699532
GSE274934_AL08_TGGTTAGTCAGTCAGT-1,0.024649618883698
GSE274934_AL08_TGGTTAGTCATGTGGT-1,0.0
GSE274934_AL08_TGGTTAGTCCGCGTTT-1,0.0138923039095156
GSE274934_AL08_TGGTTAGTCCTTTCGG-1,0.0201930169658224
GSE274934_AL08_TGGTTAGTCGGAATCT-1,0.0
GSE274934_AL08_TGGTTAGTCGGAGCAA-1,0.0279997541185148
GSE274934_AL08_TGGTTCCAGAGCAATT-1,0.0
GSE274934_AL08_TGGTTCCAGCGGATCA-1,0.0219449225473321
GSE274934_AL08_TGGTTCCCAGTTCCCT-1,0.0292906319154167
GSE274934_AL08_TGGTTCCCATCTCGCT-1,0.0041799852471108
GSE274934_AL08_TGGTTCCCATGCAACT-1,0.0085443816080649
GSE274934_AL08_TGGTTCCGTATTACCG-1,0.0344848782886648
GSE274934_AL08_TGGTTCCGTCTTCAAG-1,0.0195475780673715
GSE274934_AL08_TGGTTCCGTTGTGGAG-1,0.0197319891812146
GSE274934_AL08_TGGTTCCTCAACCAAC-1,0.0115871649864765
GSE274934_AL08_TGGTTCCTCCGCAAGC-1,0.0122326038849274
GSE274934_AL08_TGGTTCCTCTACGAGT-1,0.0445045488074748
GSE274934_AL08_TGTATTCAGCCGATTT-1,0.0
GSE274934_AL08_TGTATTCAGCGCCTCA-1,0.0213916892058028
GSE274934_AL08_TGTATTCAGCTGTCTA-1,0.0141074502089992
GSE274934_AL08_TGTATTCAGGTGCTTT-1,0.0
GSE274934_AL08_TGTATTCCACCGAATT-1,0.0
GSE274934_AL08_TGTATTCCAGTCTTCC-1,0.0
GSE274934_AL08_TGTATTCCATCAGTCA-1,0.0
GSE274934_AL08_TGTATTCCATGAAGTA-1,0.0047024834029997
GSE274934_AL08_TGTATTCGTGCGCTTG-1,0.0149680354069338
GSE274934_AL08_TGTATTCGTTTGTGTG-1,0.0368207523973444
GSE274934_AL08_TGTATTCTCCTAAGTG-1,0.0
GSE274934_AL08_TGTATTCTCTATCCTA-1,0.0089132038357511
GSE274934_AL08_TGTCCCAAGAACTCGG-1,0.0
GSE274934_AL08_TGTCCCAAGGAGTTTA-1,0.0055015982296533
GSE274934_AL08_TGTCCCAAGGCGACAT-1,0.0
GSE274934_AL08_TGTCCCACAGTTTACG-1,0.0040570445045488
GSE274934_AL08_TGTCCCAGTAAGGGAA-1,0.0
GSE274934_AL08_TGTCCCAGTACGCACC-1,0.0162896483894762
GSE274934_AL08_TGTCCCAGTCTTGTCC-1,0.0
GSE274934_AL08_TGTCCCAGTGTGGCTC-1,0.0182874354561101
GSE274934_AL08_TGTCCCAGTTCCATGA-1,0.0030427833784116
GSE274934_AL08_TGTCCCATCAGAAATG-1,0.0
GSE274934_AL08_TGTCCCATCGGCATCG-1,0.0008605851979345
GSE274934_AL08_TGTCCCATCTCGTATT-1,0.0
GSE274934_AL08_TGTCCCATCTTGAGAC-1,0.0103270223752151
GSE274934_AL08_TGTGGTAAGCTCTCGG-1,0.0
GSE274934_AL08_TGTGGTAAGTTAGGTA-1,0.0
GSE274934_AL08_TGTGGTACAAATTGCC-1,0.0
GSE274934_AL08_TGTGGTAGTAATCGTC-1,0.0113720186869928
GSE274934_AL08_TGTGGTAGTGACGGTA-1,0.0049791000737644
GSE274934_AL08_TGTGGTATCAGGCAAG-1,0.0011372018686992
GSE274934_AL08_TGTGGTATCCGAATGT-1,0.0
GSE274934_AL08_TGTGGTATCGGCTACG-1,0.0
GSE274934_AL08_TGTGTTTAGAGACTTA-1,0.0219756577329727
GSE274934_AL08_TGTGTTTCAAGACACG-1,0.0
GSE274934_AL08_TGTGTTTCACACTGCG-1,0.0
GSE274934_AL08_TGTGTTTCACCAGGCT-1,0.0188406687976395
GSE274934_AL08_TGTGTTTCACGGTAGA-1,0.0037804278337841
GSE274934_AL08_TGTGTTTCACTGTTAG-1,0.0163511187607573
GSE274934_AL08_TGTGTTTGTCTAGTCA-1,0.0
GSE274934_AL08_TGTGTTTTCAACGGCC-1,0.0
GSE274934_AL08_TGTGTTTTCAGTTGAC-1,0.0021207278091959
GSE274934_AL08_TGTTCCGAGCAGATCG-1,0.0145992131792476
GSE274934_AL08_TGTTCCGAGCGTGTCC-1,0.0
GSE274934_AL08_TGTTCCGAGCTGCAAG-1,0.0
GSE274934_AL08_TGTTCCGAGTCCTCCT-1,0.0
GSE274934_AL08_TGTTCCGAGTGGAGTC-1,0.0
GSE274934_AL08_TGTTCCGCAAGTCTGT-1,0.0
GSE274934_AL08_TGTTCCGCACAACGTT-1,0.0023666092943201
GSE274934_AL08_TGTTCCGCAGATTGCT-1,0.0055323334152938
GSE274934_AL08_TGTTCCGTCACGCATA-1,0.0102655520039341
GSE274934_AL08_TTAACTCAGAAACCTA-1,0.0
GSE274934_AL08_TTAACTCAGCCGCCTA-1,0.0197012539955741
GSE274934_AL08_TTAACTCAGGGTCGAT-1,0.0182567002704696
GSE274934_AL08_TTAACTCCAGTCGATT-1,0.0
GSE274934_AL08_TTAACTCCAGTTAACC-1,0.0
GSE274934_AL08_TTAACTCCATCTGGTA-1,0.013800098352594
GSE274934_AL08_TTAACTCCATGCCCGA-1,0.0041799852471108
GSE274934_AL08_TTAACTCGTAGGCATG-1,0.0
GSE274934_AL08_TTAACTCGTCAGTGGA-1,0.0
GSE274934_AL08_TTAACTCGTCGCCATG-1,0.0157978854192279
GSE274934_AL08_TTAACTCGTCTGCGGT-1,0.0
GSE274934_AL08_TTAACTCGTTATCGGT-1,0.0059933611999016
GSE274934_AL08_TTAACTCTCATCGGAT-1,0.0098045242193262
GSE274934_AL08_TTAACTCTCCAAACTG-1,0.0
GSE274934_AL08_TTAACTCTCGAGCCCA-1,0.0
GSE274934_AL08_TTAGGACAGACCCACC-1,0.0101118760757314
GSE274934_AL08_TTAGGACAGTGTCCAT-1,0.023881239242685
GSE274934_AL08_TTAGGACCAAACGTGG-1,0.0
GSE274934_AL08_TTAGGACCAAACTGTC-1,0.0
GSE274934_AL08_TTAGGACCACAACTGT-1,0.0051635111876075
GSE274934_AL08_TTAGGACCACAGCCCA-1,0.0117408409146791
GSE274934_AL08_TTAGGACCAGCTGTAT-1,0.0
GSE274934_AL08_TTAGGACCATGCCTTC-1,0.0
GSE274934_AL08_TTAGGACCATGGTCTA-1,0.0064543889845094
GSE274934_AL08_TTAGGACCATTGAGCT-1,0.0
GSE274934_AL08_TTAGGACGTAATCACC-1,0.0
GSE274934_AL08_TTAGGACGTGGGTCAA-1,0.0
GSE274934_AL08_TTAGGACGTTCTGTTT-1,0.0077760019670518
GSE274934_AL08_TTAGGACGTTTACTCT-1,0.0
GSE274934_AL08_TTAGGACTCAACCATG-1,0.0
GSE274934_AL08_TTAGGACTCTCGCATC-1,0.0
GSE274934_AL08_TTAGGACTCTGTACGA-1,0.0
GSE274934_AL08_TTAGGCAAGAACTCGG-1,0.0115564298008359
GSE274934_AL08_TTAGGCAAGCGTCAAG-1,0.0
GSE274934_AL08_TTAGGCAAGCTTCGCG-1,0.0
GSE274934_AL08_TTAGGCACACATTAGC-1,0.0306122448979591
GSE274934_AL08_TTAGGCAGTGCTCTTC-1,0.0
GSE274934_AL08_TTAGGCAGTTATGCGT-1,0.0081755593803786
GSE274934_AL08_TTAGGCAGTTTGGGCC-1,0.0
GSE274934_AL08_TTAGGCATCTTCGGTC-1,9.22055569215638e-05
GSE274934_AL08_TTAGTTCCAGTATGCT-1,0.0
GSE274934_AL08_TTAGTTCCATTGAGCT-1,0.0
GSE274934_AL08_TTAGTTCGTCAGAGGT-1,0.0
GSE274934_AL08_TTAGTTCGTGGCGAAT-1,0.017457585443816
GSE274934_AL08_TTAGTTCTCGTACGGC-1,0.0240349151708876
GSE274934_AL08_TTATGCTAGAAAGTGG-1,0.0
GSE274934_AL08_TTATGCTAGTACTTGC-1,0.0
GSE274934_AL08_TTATGCTAGTGAACAT-1,0.0
GSE274934_AL08_TTATGCTCAAAGAATC-1,0.0039955741332677
GSE274934_AL08_TTATGCTCAAGCGAGT-1,0.0
GSE274934_AL08_TTATGCTGTCTAGCCG-1,0.0
GSE274934_AL08_TTATGCTGTTGTGGAG-1,0.0
GSE274934_AL08_TTCCCAGAGACTACAA-1,0.0
GSE274934_AL08_TTCCCAGAGCAGCGTA-1,0.0
GSE274934_AL08_TTCCCAGAGTCAAGCG-1,0.0
GSE274934_AL08_TTCCCAGCACAGGTTT-1,0.0
GSE274934_AL08_TTCCCAGCAGAGTGTG-1,0.0171194984017703
GSE274934_AL08_TTCCCAGGTAAACGCG-1,0.0294135726579788
GSE274934_AL08_TTCCCAGGTACTCTCC-1,0.0
GSE274934_AL08_TTCCCAGGTAGCTCCG-1,0.0154597983771821
GSE274934_AL08_TTCCCAGGTGGTCTCG-1,0.0
GSE274934_AL08_TTCCCAGGTGGTGTAG-1,0.0006761740840914
GSE274934_AL08_TTCCCAGGTTAGAACA-1,0.0083292353085812
GSE274934_AL08_TTCCCAGGTTCAGCGC-1,0.0
GSE274934_AL08_TTCCCAGTCACGACTA-1,0.0
GSE274934_AL08_TTCCCAGTCAGATAAG-1,0.0
GSE274934_AL08_TTCGAAGAGACACGAC-1,0.0043029259896729
GSE274934_AL08_TTCGAAGAGACATAAC-1,0.0
GSE274934_AL08_TTCGAAGAGCTGTTCA-1,0.0
GSE274934_AL08_TTCGAAGAGTGAACGC-1,0.0
GSE274934_AL08_TTCGAAGCAAAGCGGT-1,0.0
GSE274934_AL08_TTCGAAGCAAGACGTG-1,0.0207155151217113
GSE274934_AL08_TTCGAAGCAGTCGTGC-1,0.0
GSE274934_AL08_TTCGAAGGTGACGCCT-1,0.011679370543398
GSE274934_AL08_TTCGAAGTCGGCTACG-1,0.0
GSE274934_AL08_TTCGGTCAGACATAAC-1,0.0002151462994836
GSE274934_AL08_TTCGGTCCAAAGGAAG-1,0.0039341037619867
GSE274934_AL08_TTCGGTCCAGCGAACA-1,0.0283993115318416
GSE274934_AL08_TTCGGTCCAGCTGCAC-1,0.0147221539218096
GSE274934_AL08_TTCGGTCGTACGAAAT-1,0.0059318908286206
GSE274934_AL08_TTCGGTCGTCGTGGCT-1,0.005839685271699
GSE274934_AL08_TTCGGTCGTTACGTCA-1,0.0178264076715023
GSE274934_AL08_TTCGGTCTCACTCTTA-1,0.0
GSE274934_AL08_TTCGGTCTCTACTTAC-1,0.0
GSE274934_AL08_TTCTACAAGAGTTGGC-1,0.0
GSE274934_AL08_TTCTACAAGGTGCTAG-1,0.0
GSE274934_AL08_TTCTACAGTATAGGTA-1,0.0182259650848291
GSE274934_AL08_TTCTACATCACGGTTA-1,0.0136156872387509
GSE274934_AL08_TTCTACATCGCCTGAG-1,0.0015674944676665
GSE274934_AL08_TTCTACATCTTAGCCC-1,0.0079911482665355
GSE274934_AL08_TTCTCAAAGGCTAGCA-1,0.0065773297270715
GSE274934_AL08_TTCTCAAAGTACGATA-1,0.0064851241701499
GSE274934_AL08_TTCTCAACACAGGCCT-1,0.0
GSE274934_AL08_TTCTCAACAGGGTTAG-1,0.000768379641013
GSE274934_AL08_TTCTCAACATCCGGGT-1,0.0067310056552741
GSE274934_AL08_TTCTCAACATTGTGCA-1,0.0
GSE274934_AL08_TTCTCAAGTATGAATG-1,0.0
GSE274934_AL08_TTCTCAATCCTGCAGG-1,0.0
GSE274934_AL08_TTCTCCTAGCCCTAAT-1,0.0
GSE274934_AL08_TTCTCCTAGCGTAATA-1,0.0045180722891566
GSE274934_AL08_TTCTCCTAGTCTCCTC-1,0.0156134743053848
GSE274934_AL08_TTCTCCTCAATACGCT-1,0.0
GSE274934_AL08_TTCTCCTCACATCCGG-1,0.0107880501598229
GSE274934_AL08_TTCTCCTCAGCCTTGG-1,0.0036882222768625
GSE274934_AL08_TTCTCCTCAGTAAGAT-1,0.0045488074747971
GSE274934_AL08_TTCTCCTGTACGCTGC-1,0.0
GSE274934_AL08_TTCTCCTGTTCAGACT-1,0.0050405704450454
GSE274934_AL08_TTCTCCTTCCGCGGTA-1,0.0
GSE274934_AL08_TTCTCCTTCCTAGAAC-1,0.0094664371772805
GSE274934_AL08_TTCTCCTTCTGCAAGT-1,0.0
GSE274934_AL08_TTCTTAGAGAGGGCTT-1,0.0
GSE274934_AL08_TTCTTAGCAAGCCGCT-1,0.0093127612490779
GSE274934_AL08_TTCTTAGCAAGTAGTA-1,0.0
GSE274934_AL08_TTCTTAGCACAGACAG-1,0.0
GSE274934_AL08_TTCTTAGCATGCAACT-1,0.0082370297516597
GSE274934_AL08_TTCTTAGGTAAATGTG-1,0.0
GSE274934_AL08_TTCTTAGGTCGAGATG-1,0.0
GSE274934_AL08_TTCTTAGGTGCTAGCC-1,0.0
GSE274934_AL08_TTGAACGAGAATGTGT-1,0.00590115564298
GSE274934_AL08_TTGAACGAGCGATATA-1,0.0129702483402999
GSE274934_AL08_TTGAACGAGCTCCTTC-1,0.0
GSE274934_AL08_TTGAACGCAATTGCTG-1,0.0133698057536267
GSE274934_AL08_TTGAACGCATTTCAGG-1,0.0
GSE274934_AL08_TTGAACGGTAGCGCAA-1,0.0164125891320383
GSE274934_AL08_TTGAACGGTCGCCATG-1,0.0
GSE274934_AL08_TTGAACGTCGACGGAA-1,0.0075608556675682
GSE274934_AL08_TTGAACGTCGCTTAGA-1,0.0
GSE274934_AL08_TTGACTTAGACCGGAT-1,0.0201008114089009
GSE274934_AL08_TTGACTTAGCGATGAC-1,0.0
GSE274934_AL08_TTGACTTAGTGGTAAT-1,0.0144455372510449
GSE274934_AL08_TTGACTTCAAAGGCGT-1,0.0
GSE274934_AL08_TTGACTTCAACGCACC-1,0.0130624538972215
GSE274934_AL08_TTGACTTCACCGGAAA-1,0.0083599704942217
GSE274934_AL08_TTGACTTCACTCGACG-1,0.0280304893041553
GSE274934_AL08_TTGACTTCAGACGCCT-1,0.0019670518809933
GSE274934_AL08_TTGACTTCATCGGACC-1,0.0027354315220063
GSE274934_AL08_TTGACTTGTGAGGCTA-1,0.0071305630686009
GSE274934_AL08_TTGCCGTAGGGCTTGA-1,0.0047946889599213
GSE274934_AL08_TTGCCGTCACGGTAAG-1,0.0
GSE274934_AL08_TTGCCGTCATAAAGGT-1,0.0038726333907056
GSE274934_AL08_TTGCCGTGTCCATGAT-1,0.0255102040816326
GSE274934_AL08_TTGCCGTGTTCCCGAG-1,0.0112183427587902
GSE274934_AL08_TTGCCGTTCATGTCTT-1,0.0
GSE274934_AL08_TTGCGTCAGCACAGGT-1,0.0
GSE274934_AL08_TTGCGTCAGCTGGAAC-1,0.0
GSE274934_AL08_TTGCGTCCAGGGAGAG-1,0.026124907794443
GSE274934_AL08_TTGCGTCGTCGCGGTT-1,0.0120789279567248
GSE274934_AL08_TTGCGTCTCATGCTCC-1,0.0
GSE274934_AL08_TTGCGTCTCCTTCAAT-1,0.0041799852471108
GSE274934_AL08_TTGCGTCTCGAACGGA-1,0.0
GSE274934_AL08_TTGCGTCTCGCGTAGC-1,0.0230513892303909
GSE274934_AL08_TTGGAACAGAGTCGGT-1,0.0303970985984755
GSE274934_AL08_TTGGAACAGTAAGTAC-1,0.0
GSE274934_AL08_TTGGAACCACCCATGG-1,0.0251106466683058
GSE274934_AL08_TTGGAACGTCCAGTGC-1,0.0
GSE274934_AL08_TTGGCAAAGGATATAC-1,0.0141381853946397
GSE274934_AL08_TTGGCAAAGGATGGAA-1,0.030427833784116
GSE274934_AL08_TTGGCAAAGTACGCCC-1,0.012324809441849
GSE274934_AL08_TTGGCAAAGTCTTGCA-1,0.0188406687976395
GSE274934_AL08_TTGGCAACAACGATGG-1,0.0
GSE274934_AL08_TTGGCAACAGTACACT-1,0.0018133759527907
GSE274934_AL08_TTGGCAACATGGTCTA-1,0.0026739611507253
GSE274934_AL08_TTGGCAACATTTCACT-1,0.0
GSE274934_AL08_TTGGCAAGTCTCGTTC-1,0.0
GSE274934_AL08_TTGGCAATCCAAATGC-1,0.0
GSE274934_AL08_TTGGCAATCCATGAGT-1,0.0082985001229407
GSE274934_AL08_TTGTAGGAGGATTCGG-1,0.0
GSE274934_AL08_TTGTAGGAGGCCCGTT-1,6.147037128104254e-05
GSE274934_AL08_TTGTAGGGTACTCGCG-1,0.0146299483648881
GSE274934_AL08_TTGTAGGGTACTTCTT-1,0.0187484632407179
GSE274934_AL08_TTGTAGGTCAGAGCTT-1,0.0
GSE274934_AL08_TTGTAGGTCCCGACTT-1,0.0
GSE274934_AL08_TTTACTGAGTGCTGCC-1,0.0
GSE274934_AL08_TTTACTGCAAAGGTGC-1,0.0149373002212933
GSE274934_AL08_TTTACTGCAGATTGCT-1,0.0132161298254241
GSE274934_AL08_TTTACTGGTCCGAATT-1,0.0
GSE274934_AL08_TTTACTGGTGCAACTT-1,0.0
GSE274934_AL08_TTTACTGGTTACGCGC-1,0.0049483648881239
GSE274934_AL08_TTTACTGTCAGATAAG-1,0.0
GSE274934_AL08_TTTACTGTCCAATGGT-1,0.0
GSE274934_AL08_TTTACTGTCGGCCGAT-1,0.0230821244160314
GSE274934_AL08_TTTACTGTCTACTATC-1,0.0054708630440127
GSE274934_AL08_TTTATGCAGGCTAGGT-1,0.002243668551758
GSE274934_AL08_TTTATGCAGTGCCAGA-1,0.026063437423162
GSE274934_AL08_TTTATGCCAATAAGCA-1,0.0
GSE274934_AL08_TTTATGCCACGTCTCT-1,0.0
GSE274934_AL08_TTTATGCCATATACCG-1,0.023235800344234
GSE274934_AL08_TTTATGCGTAAGAGGA-1,0.0
GSE274934_AL08_TTTATGCGTACAGACG-1,0.0
GSE274934_AL08_TTTATGCGTCTACCTC-1,0.0
GSE274934_AL08_TTTATGCTCATCTGCC-1,0.0
GSE274934_AL08_TTTCCTCAGCCAGGAT-1,0.0321490041799852
GSE274934_AL08_TTTCCTCCAAGGACAC-1,0.0113720186869928
GSE274934_AL08_TTTCCTCCACAGAGGT-1,0.0127858372264568
GSE274934_AL08_TTTCCTCGTCACAAGG-1,0.0
GSE274934_AL08_TTTCCTCGTGCTCTTC-1,0.0375891320383575
GSE274934_AL08_TTTCCTCGTTCGAATC-1,0.0
GSE274934_AL08_TTTCCTCTCGAATCCA-1,0.0
GSE274934_AL08_TTTGCGCAGGCGATAC-1,0.0
GSE274934_AL08_TTTGCGCCAAGCCATT-1,0.0487767396115072
GSE274934_AL08_TTTGCGCCAGCTGGCT-1,0.038388246865011
GSE274934_AL08_TTTGCGCGTTTGTTTC-1,0.0115564298008359
GSE274934_AL08_TTTGCGCTCGAGCCCA-1,0.0
GSE274934_AL08_TTTGCGCTCGGGAGTA-1,0.0
GSE274934_AL08_TTTGGTTAGAAAGTGG-1,0.0
GSE274934_AL08_TTTGGTTAGACTGGGT-1,0.0
GSE274934_AL08_TTTGGTTAGCACACAG-1,0.0118023112859601
GSE274934_AL08_TTTGGTTAGGAATTAC-1,0.0
GSE274934_AL08_TTTGGTTAGGCATTGG-1,0.0
GSE274934_AL08_TTTGGTTCAAAGTGCG-1,0.0057474797147774
GSE274934_AL08_TTTGGTTGTTCGAATC-1,0.0051635111876075
GSE274934_AL08_TTTGGTTTCAGTGTTG-1,0.0
GSE274934_AL08_TTTGGTTTCTGCCAGG-1,0.0
GSE274934_AL08_TTTGTCAAGTAAGTAC-1,0.0
GSE274934_AL08_TTTGTCAAGTACACCT-1,0.0
GSE274934_AL08_TTTGTCACAATGCCAT-1,0.0
GSE274934_AL08_TTTGTCACACGTCAGC-1,0.0
GSE274934_AL08_TTTGTCACAGCGAACA-1,0.0
GSE274934_AL08_TTTGTCACAGCTGTAT-1,0.0
GSE274934_AL08_TTTGTCAGTACTCGCG-1,0.0
GSE274934_AL08_TTTGTCAGTCAGAATA-1,0.0337779690189328
GSE274934_AL08_TTTGTCAGTCTCTTTA-1,0.0
GSE274934_AL08_TTTGTCATCCTAAGTG-1,0.0
GSE274934_AL08_TTTGTCATCGTAGATC-1,0.0076530612244897
GSE274934_AL08_TTTGTCATCGTGGTCG-1,0.0042414556183919
GSE274934_AL11_AAACGGGAGTACCGGA-1,0.0128165724120973
GSE274934_AL11_AAACGGGTCCAGTATG-1,0.0104192279321367
GSE274934_AL11_AAAGATGAGCGTGAAC-1,0.0210228669781165
GSE274934_AL11_AAAGATGGTCAGTGGA-1,0.01238627981313
GSE274934_AL11_AAAGCAAAGCGTTGCC-1,0.017396115072535
GSE274934_AL11_AAAGCAATCTAACTCT-1,0.0
GSE274934_AL11_AAATGCCCATACGCCG-1,0.0
GSE274934_AL11_AAATGCCGTGTTCGAT-1,0.0
GSE274934_AL11_AACCATGCATATGAGA-1,0.0226210966314236
GSE274934_AL11_AACGTTGCAGGGTTAG-1,0.0029198426358495
GSE274934_AL11_AACTCAGAGTCATCCA-1,0.0212994836488812
GSE274934_AL11_AACTCCCAGTAAGTAC-1,0.0101118760757314
GSE274934_AL11_AACTCCCAGTTATCGC-1,0.0
GSE274934_AL11_AACTCCCGTTCCAACA-1,0.011617900172117
GSE274934_AL11_AACTCTTTCGCTGATA-1,0.0652507991148266
GSE274934_AL11_AACTTTCCATGTTGAC-1,0.0090054093926727
GSE274934_AL11_AAGACCTAGCGTAATA-1,0.0206540447504302
GSE274934_AL11_AAGCCGCGTCTTTCAT-1,0.0
GSE274934_AL11_AAGGCAGGTGTGCGTC-1,0.007960413080895
GSE274934_AL11_AAGGTTCTCTACCTGC-1,0.0114334890582739
GSE274934_AL11_AATCCAGCATGTCTCC-1,0.0007376444553725
GSE274934_AL11_AATCCAGGTGAGGCTA-1,0.0
GSE274934_AL11_AATCCAGTCTCTTATG-1,0.0111876075731497
GSE274934_AL11_AATCGGTAGAGGTTGC-1,0.0
GSE274934_AL11_AATCGGTCAGTTAACC-1,0.010910990902385
GSE274934_AL11_ACACCAAAGGCTACGA-1,0.0
GSE274934_AL11_ACACCAAGTAAGTTCC-1,0.0215146299483648
GSE274934_AL11_ACACCAATCTCGTTTA-1,0.008728792721908
GSE274934_AL11_ACACCCTCAGACACTT-1,0.0
GSE274934_AL11_ACACCCTCATTCACTT-1,0.0
GSE274934_AL11_ACACTGAAGGGTCGAT-1,0.0
GSE274934_AL11_ACACTGAGTTATGTGC-1,0.0031657241209736
GSE274934_AL11_ACAGCCGAGGCTAGAC-1,0.0114334890582739
GSE274934_AL11_ACATACGCACTGCCAG-1,0.0317494467666584
GSE274934_AL11_ACATACGTCGTAGGTT-1,0.0141689205802803
GSE274934_AL11_ACATCAGTCGGATGGA-1,0.0127243668551758
GSE274934_AL11_ACATCAGTCTGGAGCC-1,0.0
GSE274934_AL11_ACATGGTGTGACTACT-1,0.0042414556183919
GSE274934_AL11_ACCCACTTCCGTAGTA-1,0.0101733464470125
GSE274934_AL11_ACCTTTAAGTGTCTCA-1,0.02240595033194
GSE274934_AL11_ACCTTTAGTTACGCGC-1,0.0
GSE274934_AL11_ACGAGGATCGCATGAT-1,0.0
GSE274934_AL11_ACGAGGATCTTACCTA-1,0.0
GSE274934_AL11_ACGATACAGGGTCTCC-1,0.0168736169166461
GSE274934_AL11_ACGATACCAAGGACAC-1,0.0
GSE274934_AL11_ACGATGTGTTGCTCCT-1,0.0
GSE274934_AL11_ACGCAGCCAGGTCGTC-1,0.0
GSE274934_AL11_ACGCAGCTCAACGGCC-1,0.0097123186624047
GSE274934_AL11_ACGCCGAAGTCAAGCG-1,0.0075301204819277
GSE274934_AL11_ACGGAGACAGTATAAG-1,0.0111568723875092
GSE274934_AL11_ACGGAGACAGTTCATG-1,0.0005532333415293
GSE274934_AL11_ACGGAGACATTTGCCC-1,0.0015060240963855
GSE274934_AL11_ACGGAGATCCCTTGCA-1,0.0190250799114826
GSE274934_AL11_ACGGGCTAGACCACGA-1,0.013800098352594
GSE274934_AL11_ACTATCTGTGGCGAAT-1,0.0048254241455618
GSE274934_AL11_ACTGAACGTTTGACAC-1,0.0
GSE274934_AL11_ACTGAACTCATGTAGC-1,0.0
GSE274934_AL11_ACTGAGTAGCGATAGC-1,0.0163203835751167
GSE274934_AL11_ACTGAGTAGGGTTTCT-1,0.003012048192771
GSE274934_AL11_AGAATAGGTACTCGCG-1,0.0
GSE274934_AL11_AGAGCGAAGCGACGTA-1,0.0
GSE274934_AL11_AGAGCGAGTGTTTGTG-1,0.0
GSE274934_AL11_AGAGCTTTCACTTATC-1,0.0040263093189082
GSE274934_AL11_AGATCTGCAATCGAAA-1,0.0
GSE274934_AL11_AGATCTGGTTAAGACA-1,0.0118023112859601
GSE274934_AL11_AGATCTGTCTAACGGT-1,0.0090976149495942
GSE274934_AL11_AGATTGCTCAGAGGTG-1,0.0
GSE274934_AL11_AGCATACGTATAGGGC-1,0.0
GSE274934_AL11_AGCGTCGAGCTGATAA-1,0.0074071797393656
GSE274934_AL11_AGCTCCTGTGCAGACA-1,0.0077760019670518
GSE274934_AL11_AGCTCTCCATCGGACC-1,0.0247725596262601
GSE274934_AL11_AGCTCTCGTTACGCGC-1,0.0226825670027046
GSE274934_AL11_AGCTTGACAGGGTACA-1,0.0
GSE274934_AL11_AGGCCACCAAGCCGTC-1,0.0
GSE274934_AL11_AGGGAGTCAGCGAACA-1,0.0
GSE274934_AL11_AGGGAGTGTGGGTCAA-1,0.0
GSE274934_AL11_AGGGAGTTCCGTACAA-1,0.0
GSE274934_AL11_AGGGATGGTAACGACG-1,0.0
GSE274934_AL11_AGGTCATAGTATCGAA-1,0.0149373002212933
GSE274934_AL11_AGGTCCGTCGTTTAGG-1,0.0135234816818293
GSE274934_AL11_AGTCTTTTCTCAACTT-1,0.0
GSE274934_AL11_AGTGAGGCATACAGCT-1,0.0427219080403245
GSE274934_AL11_AGTGTCACACAGGTTT-1,0.0089439390213916
GSE274934_AL11_AGTTGGTAGGTAAACT-1,0.0125092205556921
GSE274934_AL11_ATAGACCTCGTTACAG-1,0.0164740595033194
GSE274934_AL11_ATCACGAAGAAGGGTA-1,0.0
GSE274934_AL11_ATCACGAAGATTACCC-1,0.0190558150971231
GSE274934_AL11_ATCACGATCCGTTGCT-1,0.0026124907794443
GSE274934_AL11_ATCATCTAGGGATGGG-1,0.0082370297516597
GSE274934_AL11_ATCATCTGTGCATCTA-1,0.0
GSE274934_AL11_ATCATCTTCTGGAGCC-1,0.0307659208261617
GSE274934_AL11_ATCATGGGTAAGAGGA-1,0.026770346692894
GSE274934_AL11_ATCGAGTAGCGTAGTG-1,0.0167814113597246
GSE274934_AL11_ATCGAGTAGTCCTCCT-1,0.0
GSE274934_AL11_ATCGAGTTCAAACCGT-1,0.0
GSE274934_AL11_ATCTGCCTCGGCTACG-1,0.0080526186378165
GSE274934_AL11_ATGCGATGTTAAAGTG-1,0.00943570199164
GSE274934_AL11_ATGCGATGTTTAAGCC-1,0.0003380870420457
GSE274934_AL11_ATGGGAGCAAGAGTCG-1,0.0
GSE274934_AL11_ATGGGAGGTCAGTGGA-1,0.0162896483894762
GSE274934_AL11_ATGGGAGGTTATCCGA-1,0.0
GSE274934_AL11_ATGGGAGGTTTAAGCC-1,0.0154905335628227
GSE274934_AL11_ATGGGAGTCTGCAGTA-1,0.0169043521022866
GSE274934_AL11_ATTACTCCAACCGCCA-1,0.0
GSE274934_AL11_ATTACTCTCCAAACAC-1,0.0
GSE274934_AL11_ATTCTACGTTACCGAT-1,0.0106958446029014
GSE274934_AL11_ATTGGACTCTATGTGG-1,0.0061163019424637
GSE274934_AL11_ATTGGTGTCCTCATTA-1,0.0
GSE274934_AL11_ATTTCTGAGAGGTTAT-1,0.0
GSE274934_AL11_CAACCAAAGCTGCGAA-1,0.0052864519301696
GSE274934_AL11_CAACCTCAGTCGCCGT-1,0.0065158593557905
GSE274934_AL11_CAACCTCCAAGTTCTG-1,0.0
GSE274934_AL11_CAACTAGTCGGCTTGG-1,0.0
GSE274934_AL11_CAAGAAATCACGGTTA-1,0.010849520531104
GSE274934_AL11_CAAGAAATCCGTAGTA-1,0.0049483648881239
GSE274934_AL11_CAAGATCTCTCCCTGA-1,0.0
GSE274934_AL11_CAAGGCCCACCTATCC-1,0.0061470371281042
GSE274934_AL11_CAAGGCCCATAGAAAC-1,0.0103577575608556
GSE274934_AL11_CAAGGCCGTCATACTG-1,0.0
GSE274934_AL11_CAAGGCCTCAACTCTT-1,0.0144455372510449
GSE274934_AL11_CACACCTTCTCGCTTG-1,0.0
GSE274934_AL11_CACACTCCAACTGCGC-1,0.0184411113843127
GSE274934_AL11_CACAGGCGTACCAGTT-1,0.0017826407671502
GSE274934_AL11_CACATTTCACCAGGTC-1,0.0086673223506269
GSE274934_AL11_CACATTTTCTTCATGT-1,0.0
GSE274934_AL11_CACCAGGCACGAAAGC-1,0.0
GSE274934_AL11_CACCAGGCACGGTAGA-1,0.0
GSE274934_AL11_CACCAGGCATACTACG-1,0.0
GSE274934_AL11_CACCTTGCAAGGTTTC-1,0.0398942709613966
GSE274934_AL11_CACCTTGGTCTAGCCG-1,0.0007376444553725
GSE274934_AL11_CACCTTGTCCACGTTC-1,0.0089746742070322
GSE274934_AL11_CACTCCACACACCGCA-1,0.0096815834767642
GSE274934_AL11_CACTCCAGTGATGTGG-1,0.0003995574133267
GSE274934_AL11_CACTCCATCCGCATCT-1,0.0
GSE274934_AL11_CAGAATCAGACTTTCG-1,0.0
GSE274934_AL11_CAGAGAGCAAGCCCAC-1,0.0
GSE274934_AL11_CAGAGAGGTGGGTATG-1,0.0356835505286451
GSE274934_AL11_CAGATCAAGCCGATTT-1,0.0009835259404966
GSE274934_AL11_CAGCGACAGCGTTTAC-1,0.0011372018686992
GSE274934_AL11_CAGCGACAGTCAATAG-1,0.0055630686009343
GSE274934_AL11_CAGCGACGTGATGTCT-1,0.0084214408655028
GSE274934_AL11_CAGCTGGAGACGACGT-1,0.0088517334644701
GSE274934_AL11_CAGCTGGAGTCGTACT-1,0.0501598229653307
GSE274934_AL11_CAGGTGCCAAGGTTTC-1,0.0118023112859601
GSE274934_AL11_CAGGTGCCAGCAGTTT-1,0.0318723875092205
GSE274934_AL11_CAGTCCTGTAGAGTGC-1,0.0
GSE274934_AL11_CATATGGTCCTTTCTC-1,0.0
GSE274934_AL11_CATATTCAGGAATTAC-1,0.0284607819031226
GSE274934_AL11_CATCAGAAGAGCTGGT-1,0.0
GSE274934_AL11_CATCAGATCTAACTTC-1,0.0219141873616916
GSE274934_AL11_CATCGGGCAATGGATA-1,0.0244037373985738
GSE274934_AL11_CATCGGGGTTTGTTGG-1,0.0
GSE274934_AL11_CATGACAGTGTGACGA-1,0.0025817555938037
GSE274934_AL11_CATGCCTGTCTTGCGG-1,0.0
GSE274934_AL11_CATTATCCATGTCCTC-1,0.0
GSE274934_AL11_CCAATCCGTCATGCAT-1,0.0255716744529136
GSE274934_AL11_CCAATCCTCTCCGGTT-1,0.004364396360954
GSE274934_AL11_CCAATCCTCTCTGCTG-1,0.0
GSE274934_AL11_CCACCTAGTTTGTTGG-1,0.0134927464961888
GSE274934_AL11_CCACTACCACAACGTT-1,0.0
GSE274934_AL11_CCACTACTCCTCTAGC-1,0.0178571428571428
GSE274934_AL11_CCAGCGATCGAGCCCA-1,0.0
GSE274934_AL11_CCATGTCTCATGGTCA-1,0.0003073518564052
GSE274934_AL11_CCATTCGAGAATCTCC-1,0.0103270223752151
GSE274934_AL11_CCCAATCAGAAACGAG-1,0.0139537742807966
GSE274934_AL11_CCCAATCCAATCGAAA-1,0.0
GSE274934_AL11_CCCAATCTCTTTACGT-1,0.0161667076469141
GSE274934_AL11_CCCAGTTGTAGCCTCG-1,0.0
GSE274934_AL11_CCCATACCATGCCACG-1,0.0
GSE274934_AL11_CCCTCCTCATGAAGTA-1,0.0181952298991885
GSE274934_AL11_CCCTCCTGTCCGACGT-1,0.0133083353823457
GSE274934_AL11_CCGGTAGAGTACGCCC-1,0.0092512908777969
GSE274934_AL11_CCGGTAGGTAATCGTC-1,0.0305507745266781
GSE274934_AL11_CCGTACTAGCCCGAAA-1,0.0173039095156134
GSE274934_AL11_CCGTGGAAGCCCGAAA-1,0.0190558150971231
GSE274934_AL11_CCTAAAGAGGCGATAC-1,0.0067617408409146
GSE274934_AL11_CCTAAAGCACTAAGTC-1,0.0011064666830587
GSE274934_AL11_CCTACACCACGCCAGT-1,0.0076837964101303
GSE274934_AL11_CCTACACGTCCTCTTG-1,0.0074071797393656
GSE274934_AL11_CCTACCACAATCAGAA-1,0.0335320875338087
GSE274934_AL11_CCTACCAGTTACGTCA-1,0.0176419965576592
GSE274934_AL11_CCTATTACAATAGCAA-1,0.0085751167937054
GSE274934_AL11_CCTATTACAGACGCTC-1,0.0214224243914433
GSE274934_AL11_CCTCTGAAGCACCGTC-1,0.0
GSE274934_AL11_CCTCTGAAGGTGACCA-1,0.0
GSE274934_AL11_CCTTACGAGTGGAGAA-1,0.0083907056798623
GSE274934_AL11_CCTTACGCATCCTAGA-1,0.0039341037619867
GSE274934_AL11_CCTTACGGTTCGGCAC-1,0.0075608556675682
GSE274934_AL11_CCTTACGTCATGTAGC-1,0.0059933611999016
GSE274934_AL11_CCTTCGACACAAGCCC-1,0.0013216129825424
GSE274934_AL11_CCTTTCTCACAAGTAA-1,0.0120174575854438
GSE274934_AL11_CCTTTCTCAGTCAGCC-1,0.0
GSE274934_AL11_CGAACATCAATCGAAA-1,0.0
GSE274934_AL11_CGAACATTCCCTAATT-1,0.0
GSE274934_AL11_CGACCTTCATCGTCGG-1,0.0163511187607573
GSE274934_AL11_CGACCTTTCGCTTGTC-1,0.0
GSE274934_AL11_CGAGAAGGTAGAAAGG-1,0.0391258913203835
GSE274934_AL11_CGAGAAGGTTCCACAA-1,0.0221908040324563
GSE274934_AL11_CGAGAAGTCACATACG-1,0.0
GSE274934_AL11_CGATCGGAGTGTTAGA-1,0.02535652815343
GSE274934_AL11_CGATCGGTCACCCTCA-1,0.0
GSE274934_AL11_CGATGGCGTTGTGGAG-1,0.0
GSE274934_AL11_CGATGTATCTAACTCT-1,0.0050405704450454
GSE274934_AL11_CGCCAAGGTGATGATA-1,0.0003688222276862
GSE274934_AL11_CGCGTTTGTCATATGC-1,0.0144762724366855
GSE274934_AL11_CGCTGGATCGTGACAT-1,0.0
GSE274934_AL11_CGCTTCAAGCAGATCG-1,0.0242500614703712
GSE274934_AL11_CGCTTCAAGGCACATG-1,0.0154905335628227
GSE274934_AL11_CGGACACCAGTATGCT-1,0.0093434964347184
GSE274934_AL11_CGGACACGTTGAGTTC-1,0.0175190558150971
GSE274934_AL11_CGGAGCTGTCTGCGGT-1,0.0005839685271699
GSE274934_AL11_CGGAGTCAGGATGCGT-1,0.0124477501844111
GSE274934_AL11_CGGGTCAAGCCACCTG-1,0.0059933611999016
GSE274934_AL11_CGGTTAAAGTTCGCGC-1,0.0134005409392672
GSE274934_AL11_CGTAGGCTCGGATGTT-1,0.0339009097614949
GSE274934_AL11_CGTCAGGGTATCACCA-1,0.0087595279075485
GSE274934_AL11_CGTCAGGTCACGCGGT-1,0.0033194000491762
GSE274934_AL11_CGTCCATGTATTCTCT-1,0.0321182689943447
GSE274934_AL11_CGTCCATGTTTAAGCC-1,0.0
GSE274934_AL11_CGTCTACGTCCGAATT-1,0.0232665355298746
GSE274934_AL11_CGTGAGCCAAAGTGCG-1,0.0180415539709859
GSE274934_AL11_CGTGAGCCAGTATAAG-1,0.0022744037373985
GSE274934_AL11_CGTGAGCTCGGAAACG-1,0.0016904352102286
GSE274934_AL11_CGTGTAAGTACAGTTC-1,0.0111876075731497
GSE274934_AL11_CGTGTCTTCGGCATCG-1,0.0
GSE274934_AL11_CGTTAGACAGAGTGTG-1,0.0167199409884435
GSE274934_AL11_CGTTCTGTCCGTCATC-1,0.0
GSE274934_AL11_CGTTGGGAGATGTGGC-1,0.0118945168428817
GSE274934_AL11_CTAACTTAGGTGATAT-1,0.0239119744283255
GSE274934_AL11_CTACATTTCATCTGTT-1,0.0111876075731497
GSE274934_AL11_CTACCCAAGGCATGGT-1,0.0085443816080649
GSE274934_AL11_CTACCCAGTTCCAACA-1,0.0162896483894762
GSE274934_AL11_CTAGCCTCACGGTGTC-1,0.0085443816080649
GSE274934_AL11_CTAGCCTTCAAGAAGT-1,0.0
GSE274934_AL11_CTAGTGACAATAGCGG-1,0.0
GSE274934_AL11_CTCACACAGGCGATAC-1,0.0096201131054831
GSE274934_AL11_CTCACACGTTACCAGT-1,0.0327329727071551
GSE274934_AL11_CTCACACTCTAGAGTC-1,0.0009527907548561
GSE274934_AL11_CTCAGAAGTAACGACG-1,0.0
GSE274934_AL11_CTCAGAAGTCGAATCT-1,0.0049483648881239
GSE274934_AL11_CTCAGAAGTTAGGGTG-1,0.0
GSE274934_AL11_CTCGAAAAGTATTGGA-1,0.0205003688222276
GSE274934_AL11_CTCGAAATCGCATGAT-1,0.0254794688959921
GSE274934_AL11_CTCGAAATCTAGAGTC-1,0.0038418982050651
GSE274934_AL11_CTCGAGGCATACGCTA-1,0.0022744037373985
GSE274934_AL11_CTCGGAGCAAAGTCAA-1,0.0101733464470125
GSE274934_AL11_CTCGGGACAAAGCAAT-1,0.0066695352839931
GSE274934_AL11_CTCGGGACAGCTGCTG-1,0.0
GSE274934_AL11_CTCGTACCACTTGGAT-1,0.023235800344234
GSE274934_AL11_CTCGTCAAGGCATTGG-1,0.0
GSE274934_AL11_CTCTAATGTCTCTCGT-1,0.0264629948364888
GSE274934_AL11_CTCTGGTCATGAGCGA-1,0.0120789279567248
GSE274934_AL11_CTCTGGTTCTACCTGC-1,0.0138308335382345
GSE274934_AL11_CTGAAACAGAGCCTAG-1,0.0
GSE274934_AL11_CTGAAACTCTTGTTTG-1,0.0189021391689205
GSE274934_AL11_CTGATAGAGCCGGTAA-1,0.0125399557413326
GSE274934_AL11_CTGATAGAGCTACCTA-1,0.0
GSE274934_AL11_CTGATCCAGTGTTAGA-1,0.0115564298008359
GSE274934_AL11_CTGATCCGTGTGGTTT-1,0.0
GSE274934_AL11_CTGCCTAAGCCACCTG-1,0.0134312761249077
GSE274934_AL11_CTGCCTAGTCGCGAAA-1,0.0
GSE274934_AL11_CTGCGGAAGTAGTGCG-1,0.0125092205556921
GSE274934_AL11_CTGCTGTGTTGCGTTA-1,0.0059318908286206
GSE274934_AL11_CTGCTGTTCGAATGGG-1,0.0
GSE274934_AL11_CTGGTCTGTTCCGTCT-1,0.0
GSE274934_AL11_CTGGTCTTCTTCCTTC-1,0.0091283501352348
GSE274934_AL11_CTGTTTAGTGGTCCGT-1,0.0110646668305876
GSE274934_AL11_CTTAACTCAGATAATG-1,0.0005532333415293
GSE274934_AL11_CTTACCGGTTCAGTAC-1,0.0203159577083845
GSE274934_AL11_CTTAGGACATTCACTT-1,0.0012294074256208
GSE274934_AL11_GAAACTCAGTCTCAAC-1,0.0219756577329727
GSE274934_AL11_GAACCTAGTCATTAGC-1,0.0047024834029997
GSE274934_AL11_GAACCTAGTGCTTCTC-1,0.021760511433489
GSE274934_AL11_GAACGGAAGCGTAATA-1,0.0273850504057044
GSE274934_AL11_GAACGGATCAGAGGTG-1,0.010849520531104
GSE274934_AL11_GAACGGATCATGGTCA-1,0.0258175559380378
GSE274934_AL11_GAAGCAGAGCTAAACA-1,0.0
GSE274934_AL11_GAAGCAGCAAAGCGGT-1,0.0184411113843127
GSE274934_AL11_GAAGCAGCATGGTTGT-1,0.0
GSE274934_AL11_GAAGCAGGTGGAAAGA-1,0.018809933611999
GSE274934_AL11_GAATAAGAGAACTGTA-1,0.0119559872141627
GSE274934_AL11_GAATAAGCACTTCGAA-1,0.0
GSE274934_AL11_GAATAAGCATGAGCGA-1,0.0153675928202606
GSE274934_AL11_GAATGAAAGACGCAAC-1,0.0025202852225227
GSE274934_AL11_GACAGAGGTACTTGAC-1,0.0045488074747971
GSE274934_AL11_GACCAATCATGTAAGA-1,0.0404782394885665
GSE274934_AL11_GACCAATTCATGTGGT-1,0.005194246373248
GSE274934_AL11_GACGCGTAGCGGATCA-1,0.0197319891812146
GSE274934_AL11_GACGCGTTCAAAGTAG-1,0.0
GSE274934_AL11_GACTAACGTAGCGATG-1,0.0206847799360708
GSE274934_AL11_GACTAACGTTAAGATG-1,0.0034423407917383
GSE274934_AL11_GAGCAGAGTACCGTAT-1,0.0119252520285222
GSE274934_AL11_GATCGATAGACCTAGG-1,0.003718957462503
GSE274934_AL11_GATCGCGTCCAGTAGT-1,0.0116486353577575
GSE274934_AL11_GATCGTAGTGCACTTA-1,0.0
GSE274934_AL11_GATCTAGAGATAGTCA-1,0.0031657241209736
GSE274934_AL11_GATCTAGAGTCGTACT-1,0.006546594541431
GSE274934_AL11_GATCTAGCAAGTCTAC-1,0.0
GSE274934_AL11_GATCTAGCACGCATCG-1,0.0090976149495942
GSE274934_AL11_GATGAGGGTTTACTCT-1,0.0
GSE274934_AL11_GATGCTAAGCCGCCTA-1,0.0149373002212933
GSE274934_AL11_GATGCTAAGCGAGAAA-1,0.0279382837472338
GSE274934_AL11_GATGCTACACACGCTG-1,0.0070690926973198
GSE274934_AL11_GATGCTACAGACAAAT-1,0.0149065650356528
GSE274934_AL11_GATGCTAGTCTCCACT-1,0.0086058519793459
GSE274934_AL11_GCAAACTTCCGCGCAA-1,0.0
GSE274934_AL11_GCAAACTTCTATCCCG-1,0.0087595279075485
GSE274934_AL11_GCACTCTGTCCAAGTT-1,0.0207462503073518
GSE274934_AL11_GCAGCCAGTGATGATA-1,0.0109417260880255
GSE274934_AL11_GCATGCGAGTTAAGTG-1,0.0110031964593066
GSE274934_AL11_GCCAAATTCACAACGT-1,0.0058704204573395
GSE274934_AL11_GCGACCAGTTGCGCAC-1,0.0228362429309073
GSE274934_AL11_GCGAGAAAGAGTTGGC-1,0.001475288910745
GSE274934_AL11_GCGAGAAAGCGTCAAG-1,0.0276616670764691
GSE274934_AL11_GCGAGAAGTGGCTCCA-1,0.0112183427587902
GSE274934_AL11_GCGCAACTCGCCGTGA-1,0.0159515613474305
GSE274934_AL11_GCGCGATAGTGACATA-1,0.0018441111384312
GSE274934_AL11_GCGCGATTCATCATTC-1,0.0
GSE274934_AL11_GCTCCTACATTTGCTT-1,0.0015060240963855
GSE274934_AL11_GCTCTGTGTAGCTAAA-1,0.0151831817064175
GSE274934_AL11_GCTGCGAAGATGCGAC-1,0.0180722891566265
GSE274934_AL11_GCTGCGATCCTCGCAT-1,0.011617900172117
GSE274934_AL11_GCTGCTTAGTACGACG-1,0.0
GSE274934_AL11_GCTGGGTTCTGCAAGT-1,0.0194861076960904
GSE274934_AL11_GGAAAGCAGTCCTCCT-1,0.0
GSE274934_AL11_GGAACTTGTAAACGCG-1,0.0065158593557905
GSE274934_AL11_GGAATAAGTCCAGTTA-1,0.0062699778706663
GSE274934_AL11_GGAATAATCTGGCGTG-1,0.018164494713548
GSE274934_AL11_GGACAAGCACTCGACG-1,0.0149987705925743
GSE274934_AL11_GGACAGAGTCGCGAAA-1,0.0
GSE274934_AL11_GGACATTGTAGGACAC-1,0.0
GSE274934_AL11_GGACGTCCATGAAGTA-1,0.0303048930415539
GSE274934_AL11_GGACGTCGTACCCAAT-1,0.0084829112367838
GSE274934_AL11_GGACGTCGTTGGTTTG-1,0.0201622817801819
GSE274934_AL11_GGAGCAATCCCTCTTT-1,0.0336857634620113
GSE274934_AL11_GGATTACCAGTCCTTC-1,0.0
GSE274934_AL11_GGCAATTCAGCTGTTA-1,0.0157056798623063
GSE274934_AL11_GGCGACTCATGTCCTC-1,0.0099582001475288
GSE274934_AL11_GGCGACTTCCCTCAGT-1,0.0
GSE274934_AL11_GGCGTGTGTCGACTGC-1,0.0427833784116056
GSE274934_AL11_GGCTCGATCATCACCC-1,0.0088517334644701
GSE274934_AL11_GGCTGGTTCATCGATG-1,0.0668490287681337
GSE274934_AL11_GGGAATGTCAGTCAGT-1,0.0
GSE274934_AL11_GGGACCTCATCGATGT-1,0.0019055815097123
GSE274934_AL11_GGGACCTGTTTGACAC-1,0.0
GSE274934_AL11_GGGACCTTCTGTTGAG-1,0.0
GSE274934_AL11_GGGAGATAGCACCGCT-1,0.0
GSE274934_AL11_GGGAGATGTAAACCTC-1,0.0121711335136464
GSE274934_AL11_GGGCACTAGGGTGTGT-1,0.0099274649618883
GSE274934_AL11_GGGCACTGTACATGTC-1,0.0
GSE274934_AL11_GGGCATCCACGTAAGG-1,0.0
GSE274934_AL11_GGGTCTGGTTCCGGCA-1,0.0133083353823457
GSE274934_AL11_GGTATTGTCATCTGTT-1,0.004364396360954
GSE274934_AL11_GGTGAAGCAAGGTTTC-1,0.0033501352348168
GSE274934_AL11_GGTGAAGGTCCGAATT-1,0.0
GSE274934_AL11_GGTGCGTTCACAGTAC-1,0.0
GSE274934_AL11_GTAACGTAGTTCGATC-1,3.073518564052127e-05
GSE274934_AL11_GTAACGTGTTCGTTGA-1,0.0
GSE274934_AL11_GTAACTGAGAGGTAGA-1,0.0
GSE274934_AL11_GTAACTGAGGGCTCTC-1,0.0
GSE274934_AL11_GTAACTGGTTCGGGCT-1,0.0555077452667814
GSE274934_AL11_GTACGTAAGCCACTAT-1,0.0
GSE274934_AL11_GTACGTACAAGTACCT-1,0.0053479223014507
GSE274934_AL11_GTACGTACACGGCTAC-1,0.0280304893041553
GSE274934_AL11_GTACGTACATTCCTCG-1,0.0024280796656011
GSE274934_AL11_GTACTCCCAAGGGTCA-1,0.0
GSE274934_AL11_GTAGGCCAGTTCGCAT-1,0.0
GSE274934_AL11_GTAGGCCTCAAACAAG-1,0.001536759282026
GSE274934_AL11_GTAGTCAAGGACAGCT-1,0.0
GSE274934_AL11_GTAGTCACAGGATTGG-1,0.0150909761494959
GSE274934_AL11_GTATTCTAGGCAGTCA-1,0.0
GSE274934_AL11_GTATTCTGTACGACCC-1,0.0088209982788296
GSE274934_AL11_GTATTCTTCACTTCAT-1,0.0098659945906073
GSE274934_AL11_GTCAAGTAGCCACTAT-1,0.0033501352348168
GSE274934_AL11_GTCAAGTAGCGACGTA-1,0.0
GSE274934_AL11_GTCAAGTAGTATTGGA-1,0.0059933611999016
GSE274934_AL11_GTCACAAGTAGTACCT-1,0.0108802557167445
GSE274934_AL11_GTCACAATCTCCAGGG-1,0.0223137447750184
GSE274934_AL11_GTCACGGCAGCTGGCT-1,0.0064236537988689
GSE274934_AL11_GTCATTTAGAGCTGGT-1,0.0162589132038357
GSE274934_AL11_GTCCTCAGTTCTCATT-1,0.0
GSE274934_AL11_GTCTCGTAGCGCTTAT-1,0.0252028522252274
GSE274934_AL11_GTCTTCGGTACCTACA-1,0.0
GSE274934_AL11_GTGAAGGTCGTACCGG-1,0.0126628964838947
GSE274934_AL11_GTGAAGGTCGTCCGTT-1,0.0169965576592082
GSE274934_AL11_GTGCATAAGCCACTAT-1,0.0203159577083845
GSE274934_AL11_GTGTTAGCAAGCCTAT-1,0.0
GSE274934_AL11_GTTAAGCCAATGCCAT-1,0.0100811408900909
GSE274934_AL11_GTTACAGAGCCCAGCT-1,0.0338701745758544
GSE274934_AL11_GTTACAGAGTGCGTGA-1,0.035499139414802
GSE274934_AL11_GTTCATTCAAGGTTTC-1,0.0
GSE274934_AL11_TAAACCGAGATTACCC-1,0.0033194000491762
GSE274934_AL11_TAAGAGATCCTTTCGG-1,0.0119559872141627
GSE274934_AL11_TACAGTGAGTTGAGTA-1,0.0
GSE274934_AL11_TACCTATCACCAACCG-1,0.0
GSE274934_AL11_TACCTATGTACCATCA-1,0.0
GSE274934_AL11_TACCTATGTGTTGAGG-1,0.01887140398328
GSE274934_AL11_TACCTATTCCCAGGTG-1,0.0266474059503319
GSE274934_AL11_TACCTTACATCTACGA-1,0.0005839685271699
GSE274934_AL11_TACGGATGTTACTGAC-1,0.0120789279567248
GSE274934_AL11_TACTTACAGCTAGTTC-1,0.0
GSE274934_AL11_TACTTACCACATCCGG-1,0.0
GSE274934_AL11_TACTTGTTCGCCGTGA-1,0.0115871649864765
GSE274934_AL11_TAGACCACAGTGACAG-1,0.0201315465945414
GSE274934_AL11_TAGACCATCGGTGTCG-1,0.0015982296533071
GSE274934_AL11_TAGAGCTAGACGCACA-1,0.0
GSE274934_AL11_TAGAGCTCATGGAATA-1,0.0190250799114826
GSE274934_AL11_TAGAGCTTCTCTAGGA-1,0.0
GSE274934_AL11_TAGCCGGAGCCCGAAA-1,0.0
GSE274934_AL11_TAGTTGGGTCTCGTTC-1,0.0078989427096139
GSE274934_AL11_TATCAGGCATAGGATA-1,0.0118330464716006
GSE274934_AL11_TATCTCACATACCATG-1,0.0406011802311285
GSE274934_AL11_TATTACCCAGTTCCCT-1,0.0138923039095156
GSE274934_AL11_TCAACGAAGTTAGGTA-1,0.0170272928448487
GSE274934_AL11_TCAACGACACCCATTC-1,0.0048868945168428
GSE274934_AL11_TCAACGAGTTAAGAAC-1,0.0
GSE274934_AL11_TCACAAGAGCTCTCGG-1,0.0073457093680845
GSE274934_AL11_TCAGCAATCAACTCTT-1,0.0
GSE274934_AL11_TCAGCAATCCAAGCCG-1,0.0
GSE274934_AL11_TCAGCTCAGAGTCTGG-1,0.016689205802803
GSE274934_AL11_TCATTACAGTTGTCGT-1,0.0183796410130317
GSE274934_AL11_TCATTACGTGATGCCC-1,0.0
GSE274934_AL11_TCATTTGCAAGTTGTC-1,0.0026432259650848
GSE274934_AL11_TCCACACAGAGCCCAA-1,0.1350196705188099
GSE274934_AL11_TCGAGGCCAAAGTGCG-1,0.0075915908532087
GSE274934_AL11_TCGAGGCTCCTTTACA-1,0.0097737890336857
GSE274934_AL11_TCGAGGCTCTAGCACA-1,3.073518564052127e-05
GSE274934_AL11_TCGCGTTTCACTATTC-1,0.0
GSE274934_AL11_TCGGGACAGGCAGTCA-1,0.0
GSE274934_AL11_TCGTACCAGGCTAGAC-1,0.0154905335628227
GSE274934_AL11_TCGTACCTCACTGGGC-1,0.0049791000737644
GSE274934_AL11_TCGTAGATCAACACGT-1,0.0106036390459798
GSE274934_AL11_TCTCATAGTACAGCAG-1,0.0
GSE274934_AL11_TCTCATATCGCCAGCA-1,0.0
GSE274934_AL11_TCTGGAAAGTGAACGC-1,0.0292906319154167
GSE274934_AL11_TCTTCGGCAGGCTGAA-1,0.0470863044012785
GSE274934_AL11_TCTTCGGGTCTTCGTC-1,0.0177342021145807
GSE274934_AL11_TCTTTCCCACGGCCAT-1,0.0095279075485615
GSE274934_AL11_TCTTTCCTCAACGGGA-1,0.013093189082862
GSE274934_AL11_TGAAAGACAGATCGGA-1,0.0
GSE274934_AL11_TGAAAGAGTCCGTTAA-1,0.0367900172117039
GSE274934_AL11_TGACAACCATCGATTG-1,0.0006147037128104
GSE274934_AL11_TGACGGCCAAGGACTG-1,0.0065773297270715
GSE274934_AL11_TGACGGCCACAGACTT-1,0.0093434964347184
GSE274934_AL11_TGACGGCTCATTATCC-1,0.0
GSE274934_AL11_TGACTTTCAAACTGCT-1,0.0
GSE274934_AL11_TGACTTTCATGCCACG-1,0.0145377428079665
GSE274934_AL11_TGAGAGGCAATAGCAA-1,0.0337164986476518
GSE274934_AL11_TGAGCATCACCGAAAG-1,0.0
GSE274934_AL11_TGAGCATCACGCTTTC-1,0.0
GSE274934_AL11_TGAGGGATCGCAGGCT-1,0.0
GSE274934_AL11_TGATTTCAGCGTCAAG-1,0.010849520531104
GSE274934_AL11_TGCACCTGTAGCTAAA-1,0.0051020408163265
GSE274934_AL11_TGCCAAAGTCCTCCAT-1,0.0172117039586919
GSE274934_AL11_TGCCCATGTCGCATAT-1,0.0171194984017703
GSE274934_AL11_TGCCCATTCATGGTCA-1,0.0
GSE274934_AL11_TGCCCTACACTTACGA-1,0.0075915908532087
GSE274934_AL11_TGCCCTATCAGTTAGC-1,0.0048868945168428
GSE274934_AL11_TGCGCAGGTTGAACTC-1,0.037681337595279
GSE274934_AL11_TGCGGGTAGCCAGTTT-1,0.005132776001967
GSE274934_AL11_TGCGTGGAGAAGCCCA-1,0.0123555446274895
GSE274934_AL11_TGCTACCCATGCTAGT-1,0.0323026801081878
GSE274934_AL11_TGCTGCTAGTCGTACT-1,0.0017826407671502
GSE274934_AL11_TGCTGCTCATCTCGCT-1,0.0237582985001229
GSE274934_AL11_TGGACGCGTCTAGCCG-1,0.0
GSE274934_AL11_TGGCCAGCAGGCAGTA-1,0.010849520531104
GSE274934_AL11_TGGCGCAAGACTAGGC-1,0.0402630931890828
GSE274934_AL11_TGGCTGGAGGAGCGAG-1,0.0052249815588886
GSE274934_AL11_TGGCTGGAGTAGGTGC-1,0.0169350872879272
GSE274934_AL11_TGGCTGGTCTCGAGTA-1,0.0088824686501106
GSE274934_AL11_TGGGAAGTCGTATCAG-1,0.008021883452176
GSE274934_AL11_TGGGCGTCAGGAATGC-1,0.0
GSE274934_AL11_TGGTTAGCATCAGTCA-1,0.0703835751167937
GSE274934_AL11_TGTATTCAGCTCCTCT-1,0.0115256946151954
GSE274934_AL11_TGTATTCAGTTACCCA-1,0.0
GSE274934_AL11_TGTCCCACACTTCTGC-1,0.0266166707646914
GSE274934_AL11_TGTGGTAGTCACCTAA-1,0.0292906319154167
GSE274934_AL11_TGTGGTATCATTTGGG-1,0.0
GSE274934_AL11_TGTGTTTAGGACACCA-1,0.0330710597492008
GSE274934_AL11_TGTGTTTCAGTCACTA-1,0.0
GSE274934_AL11_TGTGTTTCATTGGTAC-1,0.0140767150233587
GSE274934_AL11_TGTGTTTGTTCAGTAC-1,0.0
GSE274934_AL11_TTAACTCTCACCGTAA-1,0.0
GSE274934_AL11_TTAGTTCGTTCGGCAC-1,0.0
GSE274934_AL11_TTATGCTCAAGCGAGT-1,0.0235738873862798
GSE274934_AL11_TTATGCTGTCTAGAGG-1,0.0
GSE274934_AL11_TTATGCTGTTCTGTTT-1,0.0043336611753134
GSE274934_AL11_TTCCCAGTCCAAAGTC-1,0.0
GSE274934_AL11_TTCGAAGAGGATGCGT-1,0.0
GSE274934_AL11_TTCGAAGGTGAAGGCT-1,0.0144455372510449
GSE274934_AL11_TTCTCCTCAAGACACG-1,0.0079296778952544
GSE274934_AL11_TTCTCCTTCTGAGTGT-1,0.0035038111630194
GSE274934_AL11_TTCTTAGAGATTACCC-1,0.0003995574133267
GSE274934_AL11_TTGAACGCACCGATAT-1,0.0
GSE274934_AL11_TTGAACGCATCTATGG-1,0.002305138923039
GSE274934_AL11_TTGACTTGTGGTCTCG-1,0.0
GSE274934_AL11_TTGCCGTAGGCCATAG-1,0.0113720186869928
GSE274934_AL11_TTGCGTCCAGGACCCT-1,0.0
GSE274934_AL11_TTGTAGGTCCACGCAG-1,0.0
GSE274934_AL11_TTGTAGGTCCCATTAT-1,0.0
GSE274934_AL11_TTGTAGGTCTGTTGAG-1,0.0134927464961888
GSE274934_AL11_TTTGCGCAGCAACGGT-1,0.0
GSE274934_AL11_TTTGCGCCACATTCGA-1,0.0022129333661175
GSE274934_AL11_TTTGGTTCATGTCCTC-1,0.0
GSE274934_AL11_TTTGTCAAGCGAAGGG-1,0.0
GSE274934_AL11_TTTGTCACAGCTGGCT-1,0.0
GSE274934_AL11_TTTGTCAGTTCTGTTT-1,0.0
