patient,DOROTHEA_BACH1_ABC_TF_ACTIVITY__mean_z,COLLECTRI_BACH1_TF_ACTIVITY__mean_z,KLENJA2025_BACH1_INVERSE_ACTIVITY__mean_z,HALLMARK_HYPOXIA__mean_z,DOROTHEA_BACH1_ABC_TF_ACTIVITY_NO_HYPOXIA_OVERLAP__mean_z,HALLMARK_HYPOXIA_NO_DOROTHEA_OVERLAP__mean_z,cohort,stage_simple,histology,sample_type,pack_years,ABSOLUTE_Purity,n_primary_tumour_samples
TCGA-05-4244,0.041793585224365534,0.25702928832857064,0.9701196794360879,0.1708597031385021,0.003377056941090997,0.17372432760340997,LUAD,IV,Lung Adenocarcinoma- Not Otherwise Specified (NOS),Primary Tumor,38.0,,1
TCGA-05-4249,0.025650738559626785,-0.044959948294759716,-0.22134952135176675,-0.21566068700510374,0.03868628954859135,-0.2147278256280207,LUAD,I,Lung Adenocarcinoma- Not Otherwise Specified (NOS),Primary Tumor,52.0,0.46,1
TCGA-05-4250,-0.1182749288610614,0.3748373866450361,-0.2958551106816966,0.3388607596528867,-0.13547882170055986,0.34282418978870505,LUAD,III,Lung Adenocarcinoma- Not Otherwise Specified (NOS),Primary Tumor,47.0,,1
TCGA-05-4382,0.13298424596169695,0.15954328919515234,-0.7112536189741907,0.5102388259623863,0.18473030215774025,0.5025832505427124,LUAD,I,Lung Adenocarcinoma Mixed Subtype,Primary Tumor,62.0,,1
TCGA-05-4384,0.16726432056103951,-0.12360180316619543,0.27601144645295855,-0.0373730346269025,0.21386575138675512,-0.04187967516391226,LUAD,III,Lung Adenocarcinoma Mixed Subtype,Primary Tumor,20.0,0.48,1
TCGA-05-4389,0.3260090465134898,-0.11948858472551274,0.19015043173185794,-0.24128259794383566,0.34628644857225144,-0.2368820868180461,LUAD,I,Lung Adenocarcinoma Mixed Subtype,Primary Tumor,43.0,0.48,1
TCGA-05-4390,-0.41131665910236526,0.16901719083534625,-0.7258836675167784,0.09735632141232792,-0.4387153604196996,0.09010707782286814,LUAD,I,Lung Adenocarcinoma Mixed Subtype,Primary Tumor,15.0,0.57,1
TCGA-05-4395,0.22167936198208024,0.3405961062579429,1.6062115779727935,0.2076816677868523,0.14332388393209836,0.21070210731257202,LUAD,III,Lung Adenocarcinoma Mixed Subtype,Primary Tumor,,0.61,1
TCGA-05-4396,-0.14827097326925673,0.10360496859534404,1.3296025447500384,-0.2549283203440802,-0.2035456410514186,-0.23658022685326796,LUAD,III,Lung Adenocarcinoma Mixed Subtype,Primary Tumor,19.0,0.74,1
TCGA-05-4397,0.1373556317041296,-0.31703955056624994,0.5980498237245134,-0.043891141212400474,0.14859849847543866,-0.047191109948370336,LUAD,II,Lung Adenocarcinoma Mixed Subtype,Primary Tumor,45.0,,1
TCGA-05-4398,0.23300128524022673,0.11535742758390069,-0.6190656188257923,0.5212966176674252,0.28173556988255216,0.5007424276267348,LUAD,III,Lung Adenocarcinoma Mixed Subtype,Primary Tumor,72.0,0.33,1
TCGA-05-4402,0.1523654249542808,0.16875778432964827,0.008244692269187412,0.2613655354044979,0.13997107881778964,0.26385270028216945,LUAD,IV,Lung Adenocarcinoma Mixed Subtype,Primary Tumor,,0.44,1
TCGA-05-4403,-0.14040533476826184,0.08149133353876375,0.28068415278022646,0.11406666757679253,-0.1443735758088375,0.11789697272974332,LUAD,I,Lung Adenocarcinoma Mixed Subtype,Primary Tumor,,0.46,1
TCGA-05-4405,-0.06659687314426255,-0.13040321760106446,-1.1149030151007502,-0.09947255312451321,-0.025093556118342214,-0.09513275629997675,LUAD,I,Lung Adenocarcinoma Mixed Subtype,Primary Tumor,65.0,0.38,1
TCGA-05-4410,0.09922417017383821,0.08592895461173375,0.5161803013051881,-0.25815837653673773,0.10560445514395272,-0.25155297075939703,LUAD,I,Lung Adenocarcinoma Mixed Subtype,Primary Tumor,98.0,,1
TCGA-05-4415,0.11564784853405749,-0.08611198172265008,0.8976854031453564,-0.11063060555034518,0.09063590563488745,-0.11290430295411563,LUAD,III,Lung Adenocarcinoma Mixed Subtype,Primary Tumor,29.0,0.65,1
TCGA-05-4417,0.0316902687125726,0.12353383255133087,-0.9268145108299723,0.1297102692526158,0.0616281710106714,0.13088041249869375,LUAD,I,Lung Adenocarcinoma Mixed Subtype,Primary Tumor,56.0,0.39,1
TCGA-05-4418,0.12833772375571453,0.03433940083635514,0.09663519676518262,0.32394387548286674,0.12006816063059746,0.3152160494368652,LUAD,III,Lung Adenocarcinoma Mixed Subtype,Primary Tumor,25.0,0.53,1
TCGA-05-4420,-0.3498803955864904,-0.13055178950260696,0.2570990649557466,-0.27112880990889554,-0.3875762902106465,-0.28047134866098966,LUAD,I,Lung Adenocarcinoma Mixed Subtype,Primary Tumor,38.0,0.6,1
TCGA-05-4422,0.03128496601255664,-0.17262690544368392,0.3413329535111192,-0.1892503252755771,0.04150826041497561,-0.18606833754988944,LUAD,I,Lung Adenocarcinoma Mixed Subtype,Primary Tumor,147.0,0.63,1
TCGA-05-4424,0.056959244089651376,-0.16586675866423486,-0.32097334842424585,0.08553714151557322,0.09956443673598313,0.08669380849504718,LUAD,II,Lung Adenocarcinoma Mixed Subtype,Primary Tumor,50.0,,1
TCGA-05-4425,-0.1494356334025904,0.14740893575481484,-0.01822280301144989,0.055660283380648524,-0.13454329222357697,0.05679904169582478,LUAD,IV,Lung Adenocarcinoma Mixed Subtype,Primary Tumor,28.0,0.61,1
TCGA-05-4426,0.07633888814277075,0.290681498405873,0.09362848182735517,0.45322430242758865,0.09974532356573985,0.44143127141720545,LUAD,I,Lung Adenocarcinoma Mixed Subtype,Primary Tumor,20.0,0.71,1
TCGA-05-4427,0.00933102285246949,-0.02804279984855963,0.3854047532034359,-0.07198727729240398,0.01064449533340151,-0.06476954669250667,LUAD,II,Lung Adenocarcinoma Mixed Subtype,Primary Tumor,8.0,,1
TCGA-05-4430,-0.016536600979989356,0.0389337582767467,-0.9891554868358368,0.12955639176012185,-0.003172980935841889,0.13417445324309774,LUAD,I,Lung Adenocarcinoma Mixed Subtype,Primary Tumor,80.0,0.2,1
TCGA-05-4432,0.17446846980440145,0.022602364855551102,-0.078475320106579,0.17701714258668585,0.1876128349799788,0.18044024024087613,LUAD,II,Lung Adenocarcinoma Mixed Subtype,Primary Tumor,58.0,0.37,1
TCGA-05-4433,0.23285193598793608,0.14620045163536766,0.6948551407643858,-0.19837660745522917,0.25540936061845715,-0.2031153952782165,LUAD,I,Lung Adenocarcinoma Mixed Subtype,Primary Tumor,1.0,0.61,1
TCGA-05-4434,0.2508355050255302,0.09830251653816517,-0.43532257931171237,0.4398455950910258,0.303412740380265,0.4317142227920774,LUAD,IV,Lung Adenocarcinoma Mixed Subtype,Primary Tumor,15.0,,1
TCGA-05-5420,-0.5469189746138295,-0.07999712755102244,0.005622901971759853,-0.129792733848055,-0.529585488568282,-0.13902227507505013,LUAD,III,Lung Adenocarcinoma- Not Otherwise Specified (NOS),Primary Tumor,40.0,0.25,1
TCGA-05-5423,-0.5663772846906756,-0.21274822541733107,0.9241168160320384,-0.1947601260094661,-0.6074674703638773,-0.20001866965075463,LUAD,II,Lung Adenocarcinoma Mixed Subtype,Primary Tumor,72.0,0.6,1
TCGA-05-5425,-0.12412355191263937,-0.2247847693953608,-0.029476502607802758,0.030692980407047342,-0.08159100005963389,0.025612709018326685,LUAD,II,Lung Adenocarcinoma Mixed Subtype,Primary Tumor,40.0,,1
TCGA-05-5428,-0.4551474781183353,-0.03606292050549166,0.627569881285771,-0.027615108440633182,-0.47279889795069463,-0.03960517880375491,LUAD,II,Lung Adenocarcinoma Mixed Subtype,Primary Tumor,30.0,0.63,1
TCGA-05-5429,-0.4513177755216466,0.3466860341907,0.22295088439703625,0.11119488591847722,-0.5247112976589325,0.11456544238191342,LUAD,III,Lung Adenocarcinoma- Not Otherwise Specified (NOS),Primary Tumor,,0.47,1
TCGA-05-5715,-0.07815878441179414,0.1534323754650691,-0.3380097045515944,-0.2634375619090873,-0.0803244308673254,-0.2632192269061178,LUAD,I,Lung Adenocarcinoma Mixed Subtype,Primary Tumor,,0.74,1
TCGA-35-3615,-0.1197730434774957,-0.12722428250657106,0.21695176763600288,-0.41308344677882164,-0.09698737051569128,-0.41933273935628845,LUAD,I,Lung Adenocarcinoma- Not Otherwise Specified (NOS),Primary Tumor,,0.68,1
TCGA-35-4122,-0.34616757711297086,0.27897687687728284,0.14641473468191527,0.33112294109256707,-0.36303243881966707,0.31343832409706895,LUAD,I,Lung Adenocarcinoma- Not Otherwise Specified (NOS),Primary Tumor,45.0,,1
TCGA-35-4123,-0.37683306892725027,0.22853822620879777,-0.15063408689836924,0.3440418469423319,-0.37738267341943255,0.34353964438213197,LUAD,I,Lung Adenocarcinoma- Not Otherwise Specified (NOS),Primary Tumor,20.0,,1
TCGA-35-5375,-0.22581560002879336,-0.025375710252668434,0.6076496570465472,0.003658026782283219,-0.28981492148504456,-0.009662062634382757,LUAD,III,Lung Adenocarcinoma- Not Otherwise Specified (NOS),Primary Tumor,35.0,,1
TCGA-38-4625,-0.10795451273066398,0.22950625943167044,0.5536857650593006,-0.12307585331125977,-0.09779270005455568,-0.13182720369861606,LUAD,I,Lung Adenocarcinoma- Not Otherwise Specified (NOS),Primary Tumor,50.0,,1
TCGA-38-4626,0.06707228518732024,-0.2534513265296712,-1.5304342967586153,0.25582412510159164,0.2577143690567017,0.22846454653806747,LUAD,unknown,Lung Adenocarcinoma- Not Otherwise Specified (NOS),Primary Tumor,40.0,,1
TCGA-38-4627,0.03254019383588322,0.10409704330566392,-1.3279182146874946,0.4346087471405014,0.07260511322191746,0.42868146776557065,LUAD,II,Lung Adenocarcinoma- Not Otherwise Specified (NOS),Primary Tumor,,,1
TCGA-38-4628,-0.5573529862919054,-0.08094069731962363,0.4140270219325895,-0.40458481202956326,-0.5981898806086801,-0.3993890865356652,LUAD,II,Lung Adenocarcinoma- Not Otherwise Specified (NOS),Primary Tumor,,0.5,1
TCGA-38-4629,0.08353232876918971,0.27596563718180517,-0.6238201553849607,0.5577176895722238,0.11059522491738617,0.5501737549376171,LUAD,II,Lung Adenocarcinoma- Not Otherwise Specified (NOS),Primary Tumor,100.0,,1
TCGA-38-4630,-0.05574358577416432,0.18061539155286618,-0.06366999671178468,-0.17472022834977025,-0.10344139381439481,-0.16279879736652206,LUAD,I,Lung Papillary Adenocarcinoma,Primary Tumor,,,1
TCGA-38-4631,-0.03712395623532955,0.1994125915265414,0.8615522738073748,-0.09162091344566406,-0.08284282631860757,-0.10814161428259622,LUAD,I,Lung Adenocarcinoma- Not Otherwise Specified (NOS),Primary Tumor,40.0,,1
TCGA-38-4632,-0.400493863576702,-0.16494857436972904,-0.626227164531082,0.0793837101861464,-0.34994349986264306,0.06167041773819609,LUAD,IV,Lung Adenocarcinoma- Not Otherwise Specified (NOS),Primary Tumor,10.0,,1
TCGA-38-6178,0.15263937015423318,0.17080417556805388,0.15881407079065132,0.014552729433347747,0.10555857110895767,0.0197153474990247,LUAD,III,Lung Adenocarcinoma- Not Otherwise Specified (NOS),Primary Tumor,,0.33,1
TCGA-38-7271,-0.12580047903841068,-0.04256361451157012,-0.26216172022204626,0.1022900537985683,-0.07540715492916031,0.10301111485757146,LUAD,I,Lung Adenocarcinoma- Not Otherwise Specified (NOS),Primary Tumor,25.0,,1
TCGA-38-A44F,-0.11903313978697658,0.07751222863246729,-0.16641314767794127,0.1881459046002951,-0.10394564840650815,0.19064746632732055,LUAD,I,Lung Adenocarcinoma Mixed Subtype,Primary Tumor,12.0,,1
TCGA-44-2655,0.12516495071647413,-0.3618033880307668,0.7410829539724473,-0.12182340974671098,0.13211153158520356,-0.12428402171755967,LUAD,I,Lung Adenocarcinoma- Not Otherwise Specified (NOS),Primary Tumor,30.0,0.3,1
TCGA-44-2656,0.14283865155951783,0.20144051867843624,-0.32682179350336876,0.1506143125230827,0.1468062777059359,0.14692817005751801,LUAD,I,Lung Adenocarcinoma- Not Otherwise Specified (NOS),Primary Tumor,23.0,0.31,1
TCGA-44-2657,-0.09069672520588627,4.192928472504705e-05,0.16674657575407606,0.054073977580036584,-0.08941188109859279,0.055279179777502754,LUAD,I,Lung Adenocarcinoma- Not Otherwise Specified (NOS),Primary Tumor,25.0,0.33,1
TCGA-44-2659,0.22461208202389427,-0.23395240275727278,0.14955677188581107,-0.17217754182643866,0.19937910309877283,-0.16737106163862508,LUAD,II,Lung Adenocarcinoma- Not Otherwise Specified (NOS),Primary Tumor,57.0,0.41,1
TCGA-44-2661,-0.21254895101791832,0.04947997486709141,-0.2996807259496156,-0.04469099756291037,-0.15581553261073178,-0.05121315601943226,LUAD,I,Lung Adenocarcinoma- Not Otherwise Specified (NOS),Primary Tumor,,0.27,1
TCGA-44-2662,0.3516639707206374,0.27476041717081756,-0.7231080796955389,0.5595402947537973,0.38951574502069153,0.5508868132579295,LUAD,I,Lung Adenocarcinoma- Not Otherwise Specified (NOS),Primary Tumor,56.0,0.25,1
TCGA-44-2665,-0.05383095920065956,-0.1121606114792851,-1.2512647454516184,0.3069268837440569,-0.015148339147309316,0.2993393964833965,LUAD,II,Lung Adenocarcinoma- Not Otherwise Specified (NOS),Primary Tumor,,0.44,1
TCGA-44-2666,-0.19970178514121062,0.14849864879598443,1.08125266930102,-0.08304277448972501,-0.25064071060434207,-0.0710966091594073,LUAD,I,Lung Adenocarcinoma- Not Otherwise Specified (NOS),Primary Tumor,30.0,0.58,1
TCGA-44-2668,0.18843841822413893,0.34968886284676426,-0.8575785290827221,0.53808867219982,0.2043789823669205,0.5318474480505611,LUAD,I,Lung Adenocarcinoma- Not Otherwise Specified (NOS),Primary Tumor,60.0,,1
TCGA-44-3396,0.03853326003586772,0.1847851866835408,-0.8007176588801092,0.3239529731837752,0.06490090773864539,0.3222206129635314,LUAD,III,Lung Adenocarcinoma- Not Otherwise Specified (NOS),Primary Tumor,50.0,,1
TCGA-44-3398,-0.1545310635702709,0.33169317823556,-0.5952573854277704,0.6397738288284244,-0.1065547915098701,0.6285446633056248,LUAD,I,Lung Adenocarcinoma- Not Otherwise Specified (NOS),Primary Tumor,60.0,,1
TCGA-44-3918,-0.08863572060426475,0.21409066784150443,-0.3377455637550584,0.2065423822449505,-0.04239473849907913,0.1928601815174204,LUAD,I,Lung Adenocarcinoma- Not Otherwise Specified (NOS),Primary Tumor,20.0,,1
TCGA-44-3919,0.10837157241349875,0.4034146083230708,0.09004061296713935,0.14515244827526877,0.10819913874470422,0.148447467064542,LUAD,I,Lung Adenocarcinoma- Not Otherwise Specified (NOS),Primary Tumor,,0.49,1
TCGA-44-4112,0.012353296848227533,0.19664445961359212,-0.07688351744691586,0.34992068974046103,-0.010692896241293713,0.3468302504858127,LUAD,I,Lung Adenocarcinoma- Not Otherwise Specified (NOS),Primary Tumor,30.0,0.56,1
TCGA-44-5643,0.20632036460626366,-0.004518028761467674,1.4141957462036956,-0.2498425083241404,0.19164835875723907,-0.2389714092943475,LUAD,III,Lung Adenocarcinoma- Not Otherwise Specified (NOS),Primary Tumor,20.0,,1
TCGA-44-5644,-0.2059985223632534,-0.12807677408238588,0.5116329208934751,0.024919551486257872,-0.28982285138538205,0.029390874185747175,LUAD,I,Lung Adenocarcinoma- Not Otherwise Specified (NOS),Primary Tumor,17.5,,1
TCGA-44-5645,0.025745713339261966,-0.3140566735757089,0.31482825876336873,-0.31910027487382014,-0.0004443249817751346,-0.3020387719606628,LUAD,I,Lung Adenocarcinoma- Not Otherwise Specified (NOS),Primary Tumor,5.0,0.54,1
TCGA-44-6145,0.34420332433061407,0.05452967346120003,-0.6433945087188623,0.16629031452855916,0.3771593822379703,0.16647274896665068,LUAD,I,Lung Adenocarcinoma- Not Otherwise Specified (NOS),Primary Tumor,75.0,0.31,1
TCGA-44-6146,0.03332081310642519,0.06579033658223439,1.1318518272711842,-0.34601742863825774,-0.036216343713196555,-0.32702247800751094,LUAD,II,Lung Mucinous Adenocarcinoma,Primary Tumor,15.0,0.74,1
TCGA-44-6147,0.04628461286862927,-0.13511108215808196,-0.02718115849383022,0.09625586395984026,0.01383476816339914,0.11640690516162909,LUAD,I,Lung Adenocarcinoma- Not Otherwise Specified (NOS),Primary Tumor,,0.36,1
TCGA-44-6148,-0.12198725629145224,-0.08198648779084496,0.2950488175564492,-0.01756094558814327,-0.14359005638316402,0.001027158956062176,LUAD,I,Lung Mucinous Adenocarcinoma,Primary Tumor,60.0,,1
TCGA-44-6774,0.07500839116801399,0.021283056954514393,-1.072411352933089,0.14601536955030991,0.09765918837839604,0.144887677940195,LUAD,III,Lung Adenocarcinoma- Not Otherwise Specified (NOS),Primary Tumor,20.0,0.36,1
TCGA-44-6775,0.13233840588514167,0.34092332813291154,-0.5650250941434721,0.05989186066682946,0.12243263773136957,0.06837889147557363,LUAD,I,Lung Adenocarcinoma- Not Otherwise Specified (NOS),Primary Tumor,25.0,0.38,1
TCGA-44-6776,-0.13872451956828974,-0.384513057897672,0.498244276609536,-0.37494102088630876,-0.1871692909758386,-0.3690058648364227,LUAD,I,Lung Adenocarcinoma- Not Otherwise Specified (NOS),Primary Tumor,45.0,0.64,1
TCGA-44-6777,0.1830657724495813,0.43822753599520564,-1.2338051210089749,0.4711927661710313,0.21506206661347482,0.46678655107711525,LUAD,I,Lung Adenocarcinoma- Not Otherwise Specified (NOS),Primary Tumor,64.0,0.34,1
TCGA-44-6778,0.20945516930178112,0.1108284431833381,0.0697274249603,0.09650414118044796,0.3120667777380495,0.08670048055112436,LUAD,I,Lung Adenocarcinoma- Not Otherwise Specified (NOS),Primary Tumor,15.0,,1
TCGA-44-6779,0.21402465272364693,0.18543402023177655,0.22607135734133754,-0.16312636680637782,0.19117148444719978,-0.1651236919121594,LUAD,II,Lung Adenocarcinoma- Not Otherwise Specified (NOS),Primary Tumor,15.0,0.43,1
TCGA-44-7659,-0.3115902661765218,-0.43729490804241217,0.22392414960857934,-0.33725535152402947,-0.3003764058552793,-0.3345969052962998,LUAD,I,Lung Adenocarcinoma- Not Otherwise Specified (NOS),Primary Tumor,40.0,0.59,1
TCGA-44-7660,0.6901867160376483,0.177995651404042,-1.3180574058231398,-0.11024468168397118,0.7436213040529207,-0.1076546080220735,LUAD,I,Lung Adenocarcinoma- Not Otherwise Specified (NOS),Primary Tumor,124.0,,1
TCGA-44-7661,0.19068641653761942,0.4636718068480652,-0.6731704959746305,0.5269180718089328,0.23296703525908427,0.5267694188454375,LUAD,I,Lung Adenocarcinoma- Not Otherwise Specified (NOS),Primary Tumor,22.0,,1
TCGA-44-7662,0.013138766824347805,0.2030129236262321,-0.8832580966649498,0.13001098796434896,-0.0011774319391648718,0.13282019679319032,LUAD,I,Lung Adenocarcinoma- Not Otherwise Specified (NOS),Primary Tumor,50.0,0.33,1
TCGA-44-7667,-0.26673934769347823,-0.21300197858007316,0.4881853912561663,-0.5610888252342413,-0.318540829974054,-0.5701563889751852,LUAD,II,Lung Adenocarcinoma- Not Otherwise Specified (NOS),Primary Tumor,50.0,,1
TCGA-44-7669,0.45279051679650256,0.3382155723319131,0.37146531444793224,0.050596247160330385,0.48521122292681174,0.04667295057278802,LUAD,II,Lung Adenocarcinoma- Not Otherwise Specified (NOS),Primary Tumor,20.0,,1
TCGA-44-7670,0.6153873023308548,0.34785676819280614,0.4270361097319859,0.1010789063762835,0.625848420965996,0.09806859681993578,LUAD,II,Lung Adenocarcinoma- Not Otherwise Specified (NOS),Primary Tumor,30.0,0.68,1
TCGA-44-7671,0.0628336330275788,-0.23359487344947605,-0.22904940791870523,-0.010801321369318231,0.048227928503434256,-0.009552956980199733,LUAD,I,Lung Adenocarcinoma Mixed Subtype,Primary Tumor,,0.67,1
TCGA-44-7672,0.04930553762779116,0.3602619134433164,-1.1838079265735768,0.16057843754643947,0.03936589759757011,0.16679131126920518,LUAD,I,Lung Adenocarcinoma- Not Otherwise Specified (NOS),Primary Tumor,20.0,0.19,1
TCGA-44-8117,-0.2878213082387676,0.012983792351144885,-0.11426582435849901,0.015518543640483096,-0.26401737356292204,0.014992061642249704,LUAD,I,Lung Adenocarcinoma- Not Otherwise Specified (NOS),Primary Tumor,54.0,,1
TCGA-44-8119,0.2146609613208658,0.3331521520551861,-0.6032219561545932,0.5742694405891161,0.2325694590786733,0.5825253254202652,LUAD,II,Lung Adenocarcinoma- Not Otherwise Specified (NOS),Primary Tumor,50.0,,1
TCGA-44-8120,-0.16855377942099758,-0.1417352751015345,0.10141781928906761,0.037220613816662085,-0.19910620896490383,0.04132992661094127,LUAD,I,Lung Adenocarcinoma- Not Otherwise Specified (NOS),Primary Tumor,30.0,,1
TCGA-44-A479,0.10217036368293891,-0.06050441427859443,-0.5265554016765194,-0.15313090749052644,0.14955345974738415,-0.14944243135091012,LUAD,I,Lung Adenocarcinoma- Not Otherwise Specified (NOS),Primary Tumor,40.0,,1
TCGA-44-A47A,-0.1328139683962184,0.09129614351130808,-0.10509742989141042,-0.14634276099905505,-0.1270315210575426,-0.14568066794999104,LUAD,I,Lung Adenocarcinoma- Not Otherwise Specified (NOS),Primary Tumor,80.0,,1
TCGA-44-A47B,0.010771422253283215,-0.10954320816700927,0.6304234012655169,0.021584606608300073,-0.009551695164843428,0.02825636523873391,LUAD,I,Lung Adenocarcinoma- Not Otherwise Specified (NOS),Primary Tumor,4.5,,1
TCGA-44-A47G,0.22680830218640685,0.25562087310764564,-0.5372891957277536,0.39307258449202254,0.2588342153127166,0.3966422811782764,LUAD,I,Lung Adenocarcinoma- Not Otherwise Specified (NOS),Primary Tumor,28.0,,1
TCGA-44-A4SS,0.5662190222182358,0.281952672015659,-1.0623743383364805,-0.016536943066292803,0.5981385438614434,-0.015620680410687824,LUAD,I,Lung Adenocarcinoma- Not Otherwise Specified (NOS),Primary Tumor,90.0,,1
TCGA-44-A4SU,-0.07649922482502491,0.05981006384811179,0.36479181364949653,0.04360163466366355,-0.16337545478879387,0.05436941142076819,LUAD,I,Lung Adenocarcinoma- Not Otherwise Specified (NOS),Primary Tumor,50.0,,1
TCGA-49-4486,-0.5887153708600595,-0.5204060819336596,1.0274784542657058,-0.3643693248338176,-0.6524454416908803,-0.36740784982020336,LUAD,I,Lung Adenocarcinoma- Not Otherwise Specified (NOS),Primary Tumor,17.5,0.72,1
TCGA-49-4487,-0.17322560600393938,0.04123716376890874,-0.7842777962370985,0.15880246019991934,-0.15994232429005048,0.1559759014462556,LUAD,I,Lung Adenocarcinoma- Not Otherwise Specified (NOS),Primary Tumor,40.0,,1
TCGA-49-4488,-0.19800083624991188,-0.03436183046685193,0.6258284768992857,-0.03677434956768708,-0.27752955329871404,-0.04131594565793384,LUAD,I,Lung Adenocarcinoma- Not Otherwise Specified (NOS),Primary Tumor,,,1
TCGA-49-4490,-0.027600885696194344,0.07711784958556708,-0.1564604455172871,0.09960527552862901,-0.07130832688631322,0.10177071187752645,LUAD,III,Lung Adenocarcinoma- Not Otherwise Specified (NOS),Primary Tumor,5.0,,1
TCGA-49-4494,-0.32802682721938414,0.145419962342182,-0.2108255166688334,0.12409556482371788,-0.31106589028987786,0.11708599599200614,LUAD,III,Lung Adenocarcinoma- Not Otherwise Specified (NOS),Primary Tumor,50.0,0.3,1
TCGA-49-4501,-0.14156317904258447,-0.3637878813305372,-0.24642543291060284,0.13699245543242225,-0.11576454277759343,0.13108627857710975,LUAD,I,Lung Adenocarcinoma- Not Otherwise Specified (NOS),Primary Tumor,,0.43,1
TCGA-49-4505,-0.05833890426871652,0.21207754502856951,-0.15893550501531475,0.3037734625206137,-0.08988503110038476,0.29932197353424733,LUAD,II,Lung Adenocarcinoma- Not Otherwise Specified (NOS),Primary Tumor,74.0,,1
TCGA-49-4506,-0.12039420153764134,-0.12445848058655165,0.16567246588266502,0.013479489395511053,-0.13868793563958345,-0.0007818302963816319,LUAD,II,Lung Adenocarcinoma- Not Otherwise Specified (NOS),Primary Tumor,100.0,0.25,1
TCGA-49-4507,0.01867468200478427,0.09478109096420378,0.021725401735446098,-0.04106478251163226,-0.01187373942633526,-0.052169107802332276,LUAD,III,Lung Adenocarcinoma- Not Otherwise Specified (NOS),Primary Tumor,78.0,0.35,1
TCGA-49-4510,-0.3083423530669295,-0.6588900823854265,0.22970241892799678,0.1033757096600097,-0.27399538274998875,0.10337136718564786,LUAD,II,Lung Adenocarcinoma- Not Otherwise Specified (NOS),Primary Tumor,55.5,0.63,1
TCGA-49-4512,-0.2576007078471446,-0.16718327663502067,-0.8571380886574186,-0.09502042583865944,-0.3177445228111386,-0.0920710520584462,LUAD,III,Lung Adenocarcinoma- Not Otherwise Specified (NOS),Primary Tumor,,0.48,1
TCGA-49-4514,-0.1106879566206326,0.008750141638376006,0.7297520528043462,-0.377883455317309,-0.15751155741283376,-0.3800252774475425,LUAD,I,Lung Papillary Adenocarcinoma,Primary Tumor,65.0,0.34,1
TCGA-49-6742,-0.04304204415292271,0.04103442235348053,0.6275203708703782,-0.0923706308455727,-0.026295060569293628,-0.08761063334330507,LUAD,II,Mucinous (Colloid) Carcinoma,Primary Tumor,10.0,0.49,1
TCGA-49-6743,0.26670092270246576,-0.05542060152940623,-0.6096882988747384,0.17191189263510975,0.3120611199135448,0.16060447291335414,LUAD,III,Lung Clear Cell Adenocarcinoma,Primary Tumor,50.0,,1
TCGA-49-6744,-0.0030133990932508185,0.10595211626841593,-0.13864481056203923,0.16631128510596538,-0.002303068462917218,0.17203132877781527,LUAD,II,Lung Adenocarcinoma Mixed Subtype,Primary Tumor,20.0,,1
TCGA-49-6745,0.05985521717926914,0.28297760085215523,-0.24969238526995707,0.07992970552378105,0.08794404419774673,0.08155988021579917,LUAD,III,Lung Adenocarcinoma- Not Otherwise Specified (NOS),Primary Tumor,20.0,0.34,1
TCGA-49-6761,-0.17248062698498903,0.2979050523878834,-0.26636148389624975,0.2056256788654122,-0.1780398822268195,0.19460829630576723,LUAD,III,Lung Adenocarcinoma- Not Otherwise Specified (NOS),Primary Tumor,50.0,0.29,1
TCGA-49-6767,0.2014607529004488,-0.02975072245455447,0.20714252906811426,-0.23135699402048407,0.20480059717751498,-0.22247902680595105,LUAD,II,Lung Adenocarcinoma- Not Otherwise Specified (NOS),Primary Tumor,30.0,0.43,1
TCGA-49-AAQV,-0.07561542910859104,-0.10970715654906674,-0.25022633829660473,0.06224214253182183,-0.06167303890718319,0.05108555413173146,LUAD,II,Lung Adenocarcinoma Mixed Subtype,Primary Tumor,,,1
TCGA-49-AAR0,0.20170815475642104,-0.34516448366503033,-0.28555122001194005,0.09816915688297816,0.24789466215567732,0.08435448323591249,LUAD,I,Lung Adenocarcinoma- Not Otherwise Specified (NOS),Primary Tumor,37.0,,1
TCGA-49-AAR2,-0.08965723880139087,-0.3264091519398656,0.22901603495460313,-0.3531383879067306,-0.14195301765626192,-0.35643435596662115,LUAD,I,Lung Acinar Adenocarcinoma,Primary Tumor,,,1
TCGA-49-AAR3,0.3109124249318617,0.1927032001913434,-1.2096225009102464,-0.20240543243022288,0.3584648560698209,-0.20893129034396812,LUAD,II,Lung Adenocarcinoma- Not Otherwise Specified (NOS),Primary Tumor,,,1
TCGA-49-AAR4,-0.009605862642523205,0.0007288364790311845,-0.5720551984445236,0.05043633353271435,-0.0216290812889662,0.05107743645092638,LUAD,III,Lung Adenocarcinoma- Not Otherwise Specified (NOS),Primary Tumor,35.0,,1
TCGA-49-AAR9,0.46019894485677965,0.07995771541022328,0.23662752368823792,0.010751858998688893,0.449208699031646,-0.0010106723114460933,LUAD,II,Lung Adenocarcinoma- Not Otherwise Specified (NOS),Primary Tumor,,,1
TCGA-49-AARE,0.16590829527152753,-0.11779908114324812,-1.196401025598901,-0.041175351095209624,0.17519194888881365,-0.058404513007707125,LUAD,I,Lung Adenocarcinoma- Not Otherwise Specified (NOS),Primary Tumor,15.0,,1
TCGA-49-AARN,-0.07057586051014371,0.07361783728888621,-0.3817994720729235,-0.06306467210307362,-0.07083613647735858,-0.06028672352897382,LUAD,I,Lung Adenocarcinoma- Not Otherwise Specified (NOS),Primary Tumor,,,1
TCGA-49-AARO,0.02810180630284668,0.29326070359184875,-0.27281148684125006,0.35311587779370374,0.020761624969983045,0.3585562971736365,LUAD,I,Lung Papillary Adenocarcinoma,Primary Tumor,,,1
TCGA-49-AARQ,-0.03599280750607881,-0.2264379694781595,-0.16059415034979777,-0.34552099037323825,0.03723800831264231,-0.36066716815141164,LUAD,I,Lung Adenocarcinoma- Not Otherwise Specified (NOS),Primary Tumor,60.0,,1
TCGA-49-AARR,-0.06179091068270672,-0.4535017614486172,-0.2587525593071221,0.038630840592361854,0.009902095351103056,0.03869191834308727,LUAD,I,Lung Adenocarcinoma- Not Otherwise Specified (NOS),Primary Tumor,,,1
TCGA-4B-A93V,-0.03785085246783683,-0.6555315508975909,-0.32275706605547266,0.1473613128063719,-0.015762483216694007,0.12781486935451164,LUAD,I,Lung Adenocarcinoma Mixed Subtype,Primary Tumor,30.0,,1
TCGA-50-5044,-0.041795688319631624,0.057896846368370815,-1.0783452864130327,0.3209533526718456,-0.05250592084978745,0.3099962655450885,LUAD,III,Lung Adenocarcinoma- Not Otherwise Specified (NOS),Primary Tumor,,0.21,1
TCGA-50-5045,-0.1512333787739038,-0.0007730450111038456,-0.8637133023593635,0.2757992225498067,-0.10191958542846663,0.2629162470126094,LUAD,unknown,Lung Adenocarcinoma- Not Otherwise Specified (NOS),Primary Tumor,,,1
TCGA-50-5049,-0.1361378240919933,0.0518398006836499,-0.7138050619869158,0.16627552133787238,-0.08552266273269093,0.16317071205813938,LUAD,I,Lung Adenocarcinoma- Not Otherwise Specified (NOS),Primary Tumor,,,1
TCGA-50-5051,0.19933927608467067,-0.4169878847274963,-0.3029205839844698,-0.02253609753528896,0.1756589859249655,-0.019941363313467582,LUAD,III,Lung Adenocarcinoma- Not Otherwise Specified (NOS),Primary Tumor,30.0,0.59,1
TCGA-50-5055,-0.16182861867364634,0.07924705161911111,-0.726502151214342,0.04618732811015021,-0.15344529179091584,0.051374594919362936,LUAD,II,Lung Adenocarcinoma Mixed Subtype,Primary Tumor,,,1
TCGA-50-5066,-0.2736658170406269,0.10340431700971232,-0.4790585728108474,0.31742676944455656,-0.25182669681223435,0.3148050751107123,LUAD,I,Lung Adenocarcinoma Mixed Subtype,Primary Tumor,,,1
TCGA-50-5068,-0.7973144004212175,0.047885865177618905,0.5465638625250534,-0.05570936087500651,-0.8236271475803989,-0.05659372342762008,LUAD,II,Lung Adenocarcinoma- Not Otherwise Specified (NOS),Primary Tumor,,0.38,1
TCGA-50-5072,0.2591382803472389,-0.08732232928204767,-0.4460150093712003,0.1971871013687179,0.2774768001450696,0.18867973765587995,LUAD,III,Lung Adenocarcinoma- Not Otherwise Specified (NOS),Primary Tumor,15.0,0.45,1
TCGA-50-5930,-0.15574457222250682,-0.01391331246148492,-0.32101810151069393,0.33231624048762365,-0.16720279806355154,0.33726169471528905,LUAD,III,Lung Adenocarcinoma Mixed Subtype,Primary Tumor,,,1
TCGA-50-5931,0.30630815988857923,0.2725045293170455,0.08988776313252538,0.15313902180607955,0.23633576289367278,0.15983239283893733,LUAD,I,Lung Adenocarcinoma- Not Otherwise Specified (NOS),Primary Tumor,40.0,0.76,1
TCGA-50-5932,-0.31842020602071835,-0.2500215874641964,1.3079151114769187,-0.4613971759160593,-0.4127404394937013,-0.4478751053352566,LUAD,II,Lung Adenocarcinoma- Not Otherwise Specified (NOS),Primary Tumor,,0.85,1
TCGA-50-5933,0.22462851140001433,0.3979617502817056,-0.5943884241171199,0.29876700688131125,0.23711953261257118,0.2971203310242493,LUAD,III,Lung Adenocarcinoma- Not Otherwise Specified (NOS),Primary Tumor,,0.3,1
TCGA-50-5935,-0.14603406522009024,-0.16705874066176837,0.46620811690480446,-0.03161029447172075,-0.2045211314139491,-0.02197721325130885,LUAD,I,Lung Adenocarcinoma- Not Otherwise Specified (NOS),Primary Tumor,,0.58,1
TCGA-50-5936,-0.07284782661950708,-0.1398276545311293,-1.3259517268979408,0.09099628185967354,-0.021605131673381767,0.07281196213431992,LUAD,III,Mucinous (Colloid) Carcinoma,Primary Tumor,,0.43,1
TCGA-50-5939,0.3914910105342927,0.1857176700908985,-0.04878383539978589,0.4077282130429417,0.42597922979012515,0.3991279920334559,LUAD,I,Lung Adenocarcinoma Mixed Subtype,Primary Tumor,15.0,0.33,1
TCGA-50-5941,0.06361639757295011,0.23869336985194137,-0.4410166013785675,-0.013016968803318811,0.0894555400037795,-0.019048138869074693,LUAD,III,Lung Adenocarcinoma- Not Otherwise Specified (NOS),Primary Tumor,25.0,,1
TCGA-50-5942,-0.1062646279363985,-0.09505635247307757,1.1001553558823918,-0.2641993264526835,-0.17331225602974293,-0.24567419116679995,LUAD,I,Lung Adenocarcinoma- Not Otherwise Specified (NOS),Primary Tumor,30.0,0.7,1
TCGA-50-5944,0.15916231772341768,-0.13636397741667702,0.9885750678143351,-0.1919813234915645,0.13384306428639298,-0.17806881594472845,LUAD,I,Lung Acinar Adenocarcinoma,Primary Tumor,,0.57,1
TCGA-50-5946,-0.14801161238900407,-0.014735138306378848,1.4955506542275199,-0.18375370513239234,-0.21997790508211992,-0.16700901591327763,LUAD,I,Lung Adenocarcinoma Mixed Subtype,Primary Tumor,,,1
TCGA-50-6590,0.31419789740618503,0.10673529407604605,-1.316297551983152,0.003956412062630372,0.35727329993638407,-0.011572630405617979,LUAD,I,Lung Adenocarcinoma- Not Otherwise Specified (NOS),Primary Tumor,50.0,,1
TCGA-50-6591,-0.10036741073823928,-0.08789794255309662,0.05411619622248002,-0.21551310611678018,-0.1598284867225653,-0.20393237189408162,LUAD,IV,Lung Adenocarcinoma- Not Otherwise Specified (NOS),Primary Tumor,,,1
TCGA-50-6592,0.46944302774026875,0.2956964331799375,-0.6324739278543313,0.3540224548991026,0.54889712534494,0.3482572171428368,LUAD,I,Lung Adenocarcinoma- Not Otherwise Specified (NOS),Primary Tumor,,,1
TCGA-50-6593,0.05637016237864151,0.15850051488026412,-0.562900361598459,0.06352997379675751,0.039983222760782935,0.06906937170894886,LUAD,III,Lung Adenocarcinoma Mixed Subtype,Primary Tumor,,0.31,1
TCGA-50-6594,0.03176325922997647,0.24096283912656208,0.24499453800244284,-0.12927274932942706,-0.013081123628246677,-0.13839036398402316,LUAD,III,Lung Adenocarcinoma- Not Otherwise Specified (NOS),Primary Tumor,,,1
TCGA-50-6595,0.025340649300351917,0.09720245488666142,-0.8622003306729668,0.26856997183325676,0.049082430473095656,0.2616862221711372,LUAD,III,Lung Adenocarcinoma- Not Otherwise Specified (NOS),Primary Tumor,,,1
TCGA-50-6597,-0.5749074303753668,-0.3821345656159447,0.6969304215770339,-0.36331682464991427,-0.6484314704022426,-0.3608072599963841,LUAD,I,Lung Adenocarcinoma- Not Otherwise Specified (NOS),Primary Tumor,,,1
TCGA-50-6673,0.07021948039046484,0.020007943490575972,-0.05165289244586724,0.10546157582508306,0.12053020276311735,0.10662248523262317,LUAD,I,Lung Adenocarcinoma- Not Otherwise Specified (NOS),Primary Tumor,,0.35,1
TCGA-50-7109,-0.12643548946326189,-0.01546847639186793,-0.18111680106248054,-0.15864835319339468,-0.15381445356186155,-0.15487663628303502,LUAD,I,Lung Adenocarcinoma- Not Otherwise Specified (NOS),Primary Tumor,120.0,0.45,1
TCGA-50-8457,0.11207781764722737,-0.38901186643639096,-0.041586963148677235,0.0056331161005081076,0.10864310142843553,0.011008096743167634,LUAD,I,Lung Adenocarcinoma Mixed Subtype,Primary Tumor,30.0,,1
TCGA-50-8459,0.21808622325747523,0.38975005693501774,-1.8897531391075357,0.410364053789197,0.20391821421553716,0.4300917285727737,LUAD,II,Mucinous (Colloid) Carcinoma,Primary Tumor,10.0,,1
TCGA-50-8460,-0.13623558608379985,0.0323390236965536,-0.09527674964675285,0.006515961559197631,-0.14446277801846305,-0.00025420565541894164,LUAD,I,Lung Papillary Adenocarcinoma,Primary Tumor,,,1
TCGA-53-7624,0.3177150394098795,-0.15181511911260387,1.5528154141746755,0.08956854254526926,0.3081461938495883,0.0802238023125575,LUAD,IV,Lung Adenocarcinoma- Not Otherwise Specified (NOS),Primary Tumor,50.0,,1
TCGA-53-7626,0.012651588020113277,-0.11586329082843999,0.03195452223246072,0.157951890736319,0.08048670395931888,0.15359926629884388,LUAD,II,Lung Adenocarcinoma- Not Otherwise Specified (NOS),Primary Tumor,35.0,0.26,1
TCGA-53-7813,-0.2164241070220403,-0.06157333631686573,1.2894439811837894,-0.2905967509609741,-0.24593226433112433,-0.2845683732098991,LUAD,III,Lung Bronchioloalveolar Carcinoma Nonmucinous,Primary Tumor,35.0,,1
TCGA-53-A4EZ,0.3148302219119431,-0.29518052449653853,0.6315104476053249,-0.40963394636259187,0.2941906301574394,-0.40194794315065485,LUAD,II,Lung Acinar Adenocarcinoma,Primary Tumor,40.0,,1
TCGA-55-1592,-0.18998753346312544,-0.1993481993635671,-0.24779685846825075,0.051666015255634086,-0.08476797670096056,0.036915063766155255,LUAD,I,Lung Adenocarcinoma- Not Otherwise Specified (NOS),Primary Tumor,,0.49,1
TCGA-55-1594,0.006388285343467506,0.12167344194951957,0.5392308246430849,-0.2090262842672383,0.012987434433664213,-0.2129372207237362,LUAD,III,Lung Adenocarcinoma- Not Otherwise Specified (NOS),Primary Tumor,,0.54,1
TCGA-55-1595,-0.053895640280054995,-0.044696300430508214,-0.5199415807756155,-0.1259042308413111,-0.06907282424518488,-0.12759879117877349,LUAD,I,Lung Clear Cell Adenocarcinoma,Primary Tumor,,,1
TCGA-55-1596,-0.04702145305825814,-0.06607164921470352,0.6181691721682673,-0.3246503341408914,-0.06649736876277591,-0.3203405559050097,LUAD,II,Lung Adenocarcinoma- Not Otherwise Specified (NOS),Primary Tumor,50.0,0.62,1
TCGA-55-5899,0.3451201843095705,0.0944749565729618,-0.015385872522879795,-0.11871580695355836,0.3528702672853433,-0.11811513751648804,LUAD,unknown,Lung Adenocarcinoma- Not Otherwise Specified (NOS),Primary Tumor,,,1
TCGA-55-6543,0.0326464992115564,-0.2536610978183018,0.42009155490174743,0.11320959089996499,0.06383554419691134,0.10597666448133831,LUAD,I,Lung Bronchioloalveolar Carcinoma Mucinous,Primary Tumor,60.0,0.65,1
TCGA-55-6642,0.02877524606700169,0.14736958127515062,-1.062412632759955,0.195513700231768,0.028862479477262545,0.20330088306127614,LUAD,I,Lung Adenocarcinoma- Not Otherwise Specified (NOS),Primary Tumor,,0.36,1
TCGA-55-6712,0.14310419960211795,0.4567479088091809,0.23428277353749957,0.1482283145570443,0.1134425673652968,0.15656894957434947,LUAD,II,Lung Adenocarcinoma- Not Otherwise Specified (NOS),Primary Tumor,,0.29,1
TCGA-55-6968,0.35623757529903727,0.052837868926094315,-0.10686600607217489,-0.21867572452534062,0.3724909479173889,-0.22390079131975824,LUAD,IV,Lung Adenocarcinoma- Not Otherwise Specified (NOS),Primary Tumor,,,1
TCGA-55-6969,0.16412865893725423,0.05739200181775427,-0.698083104054788,0.22486086608628944,0.16835865874839998,0.22364857078280295,LUAD,I,Lung Adenocarcinoma- Not Otherwise Specified (NOS),Primary Tumor,,,1
TCGA-55-6970,0.09561344042258435,0.02977387344949321,0.20898189167336678,0.063376685270176,0.14799439820153132,0.05926725098351701,LUAD,III,Lung Papillary Adenocarcinoma,Primary Tumor,,0.56,1
TCGA-55-6971,0.14061509043088655,0.20924649493378905,-0.5891839108157059,0.18444435616837623,0.21941485280885062,0.17988286649420343,LUAD,I,Lung Adenocarcinoma- Not Otherwise Specified (NOS),Primary Tumor,60.0,0.22,1
TCGA-55-6972,-0.42533340219617716,-0.8860063712400899,1.955182488680161,-0.8957993300306681,-0.5201206591596126,-0.8960561485809777,LUAD,I,Lung Papillary Adenocarcinoma,Primary Tumor,,,1
TCGA-55-6975,0.06091774044625649,0.13064654149549682,-0.7892698481385955,0.032586437038020374,0.046331072740000014,0.030504234064212665,LUAD,II,Lung Adenocarcinoma Mixed Subtype,Primary Tumor,,,1
TCGA-55-6978,0.1736708802252492,0.3541659102787131,-1.0758459339887454,0.22563907596292965,0.22575224744751288,0.22510674653854842,LUAD,II,Lung Adenocarcinoma- Not Otherwise Specified (NOS),Primary Tumor,,,1
TCGA-55-6979,0.03176458320503868,0.2237399070433992,-0.9394288018341305,0.03125396945268658,0.10613808654527189,0.029614908201548606,LUAD,II,Lung Adenocarcinoma- Not Otherwise Specified (NOS),Primary Tumor,,0.18,1
TCGA-55-6980,0.09939813776423978,-0.08991045229135737,-0.5274552399186397,0.5165114025030251,0.10443752062242559,0.5107796960475072,LUAD,I,Lung Bronchioloalveolar Carcinoma Nonmucinous,Primary Tumor,,0.3,1
TCGA-55-6981,0.07668360543295037,0.28280001476159067,0.32976189101370684,0.0017207462150584023,0.04241279441528459,0.008550716043636521,LUAD,III,Lung Adenocarcinoma- Not Otherwise Specified (NOS),Primary Tumor,,0.27,1
TCGA-55-6982,0.2754017393229158,0.3641386545797357,-0.5456068146295546,0.20133330245751493,0.2602571788580498,0.2034405882827669,LUAD,II,Lung Adenocarcinoma- Not Otherwise Specified (NOS),Primary Tumor,,0.25,1
TCGA-55-6983,-0.18219864043963147,-0.2695354618994364,-0.775269778084664,0.05223654921415564,-0.13134661287401758,0.0457450270475785,LUAD,II,Mucinous (Colloid) Carcinoma,Primary Tumor,60.0,,1
TCGA-55-6984,0.07352094512513442,0.5187203298137725,-0.21523225990360326,0.06715436310595124,0.06468281662392986,0.061492173514005474,LUAD,II,Lung Adenocarcinoma- Not Otherwise Specified (NOS),Primary Tumor,,,1
TCGA-55-6985,0.09373211356650511,0.14110229241934333,-0.09569401239493226,0.1976843228087986,0.11472046381306034,0.19948451275429496,LUAD,I,Lung Adenocarcinoma- Not Otherwise Specified (NOS),Primary Tumor,50.0,,1
TCGA-55-6986,-0.026944003383112262,0.23114893406695544,0.5462220262763345,-0.0046919166795110915,-0.037356465504255316,-0.008365918481972,LUAD,I,Lung Bronchioloalveolar Carcinoma Nonmucinous,Primary Tumor,,0.39,1
TCGA-55-6987,0.24465889268071628,0.28454920658996163,-0.4670828743580526,0.17230265728767707,0.30595669382940666,0.16529440377380955,LUAD,I,Lung Adenocarcinoma- Not Otherwise Specified (NOS),Primary Tumor,,,1
TCGA-55-7227,-0.017410699455585207,0.1745027709777315,-0.22286660696680335,0.02844400675880405,-0.036574294679134325,0.03289616158445991,LUAD,III,Lung Adenocarcinoma- Not Otherwise Specified (NOS),Primary Tumor,,,1
TCGA-55-7281,-0.07766668886619729,0.011460878673786182,-1.1313889567438122,0.17932352548218694,-0.03814441888325395,0.17378206994761988,LUAD,I,Lung Adenocarcinoma- Not Otherwise Specified (NOS),Primary Tumor,20.0,0.59,1
TCGA-55-7283,-0.29185882470678814,-0.2028325141486326,0.8364941310311159,-0.3818014465957068,-0.3166443878150364,-0.38156638070416304,LUAD,III,Lung Bronchioloalveolar Carcinoma Nonmucinous,Primary Tumor,5.0,,1
TCGA-55-7284,0.04202656416070596,0.11522470622521355,0.07716691527158974,0.05435089848346156,0.04796745189466286,0.06265187746466233,LUAD,II,Lung Bronchioloalveolar Carcinoma Nonmucinous,Primary Tumor,,,1
TCGA-55-7570,0.2606720917782652,-0.2987873353448499,0.13983166105476164,-0.5055504070686869,0.25663071051365766,-0.5102371939611644,LUAD,I,Lung Adenocarcinoma- Not Otherwise Specified (NOS),Primary Tumor,,,1
TCGA-55-7573,0.09311536945940657,-0.22176254933580708,0.4155326347514336,-0.14311711713408512,0.07202963440077977,-0.13948490564108385,LUAD,I,Lung Adenocarcinoma- Not Otherwise Specified (NOS),Primary Tumor,,0.33,1
TCGA-55-7574,0.016134698673424847,-0.07183837095329425,-0.6412606547525868,0.26403641918663073,0.04305600337693399,0.27096785098714404,LUAD,I,Lung Adenocarcinoma- Not Otherwise Specified (NOS),Primary Tumor,2.0,0.16,1
TCGA-55-7576,0.11707398804243124,0.1490597849001485,0.03755272314126231,-0.1184036207552265,0.11175646166379755,-0.10886232756273845,LUAD,I,Lung Adenocarcinoma- Not Otherwise Specified (NOS),Primary Tumor,,0.47,1
TCGA-55-7724,-0.0916035929944299,0.18321562137590905,0.9712907996948031,0.028104060153760806,-0.06036939392632765,0.038670579643772,LUAD,I,Lung Adenocarcinoma- Not Otherwise Specified (NOS),Primary Tumor,50.0,,1
TCGA-55-7725,-0.516950921140486,-0.027480266727870035,2.257110173683286,-0.41031661183741047,-0.5528295368701139,-0.39576668528013137,LUAD,I,Lung Adenocarcinoma- Not Otherwise Specified (NOS),Primary Tumor,16.0,,1
TCGA-55-7726,0.1604939716591899,0.3137633105853948,-0.10872367552108868,0.08108179421915483,0.1250665334989016,0.09242982171839265,LUAD,I,Lung Adenocarcinoma- Not Otherwise Specified (NOS),Primary Tumor,30.0,,1
TCGA-55-7727,-0.27864137981083126,0.25639871289985433,1.7135954411487766,-0.34986898418824014,-0.29128952852744966,-0.34125693945544305,LUAD,III,Lung Adenocarcinoma- Not Otherwise Specified (NOS),Primary Tumor,,,1
TCGA-55-7728,0.13679551607636173,0.17287350969492443,0.09703232502402037,-0.03298845362330747,0.17739031384607287,-0.037170914902825786,LUAD,I,Mucinous (Colloid) Carcinoma,Primary Tumor,30.0,,1
TCGA-55-7815,-0.4671520286258517,0.13769983737134137,0.3323766438357305,-0.26828918955537323,-0.4598231865326111,-0.25760253445790626,LUAD,I,Lung Adenocarcinoma- Not Otherwise Specified (NOS),Primary Tumor,,,1
TCGA-55-7816,0.052636776708407176,0.0062288640282300595,-0.3829994190269772,-0.17221777479912848,0.07244780409519323,-0.16543571034257004,LUAD,IV,Lung Adenocarcinoma- Not Otherwise Specified (NOS),Primary Tumor,,,1
TCGA-55-7903,-0.08041637806741858,0.22589504165345478,0.5528506393063098,-0.0034225414784400444,-0.11453509386855402,-0.002022046912225021,LUAD,I,Lung Adenocarcinoma- Not Otherwise Specified (NOS),Primary Tumor,40.0,,1
TCGA-55-7907,-0.040240255061903964,0.270260361581998,0.007656883153028704,-0.11025410154026488,-0.038691037593775804,-0.10386421913035698,LUAD,II,Lung Adenocarcinoma- Not Otherwise Specified (NOS),Primary Tumor,80.0,,1
TCGA-55-7910,-0.0733860123817065,-0.3029620710196688,-0.07596533386635695,0.0011388964101888184,-0.08795418650299978,-0.009587076992799363,LUAD,II,Lung Adenocarcinoma- Not Otherwise Specified (NOS),Primary Tumor,15.0,,1
TCGA-55-7911,-0.10172525238058039,0.12026995350545214,0.14974444492558003,-0.19349097924774047,-0.07656690771671805,-0.2027558840969893,LUAD,I,Lung Adenocarcinoma- Not Otherwise Specified (NOS),Primary Tumor,96.0,,1
TCGA-55-7913,-0.09371962186158878,-0.13252831648228247,0.9931702560657666,-0.20922633128147988,-0.1038962997547503,-0.19849459537138872,LUAD,I,Lung Adenocarcinoma- Not Otherwise Specified (NOS),Primary Tumor,40.0,,1
TCGA-55-7914,-0.2548345477439889,-0.08743411472190085,-0.8123202965292023,-0.22854688251950536,-0.21910078167811778,-0.22239104379436936,LUAD,II,Lung Adenocarcinoma- Not Otherwise Specified (NOS),Primary Tumor,5.0,,1
TCGA-55-7994,0.2981061369251557,0.6847477448160995,0.6918184715163779,-0.06350678392118539,0.3143441821994156,-0.06664373882668219,LUAD,II,Lung Adenocarcinoma- Not Otherwise Specified (NOS),Primary Tumor,28.0,,1
TCGA-55-7995,0.6373401547816041,0.3484932120831529,-0.405010281716371,0.15271932099844412,0.6785599209810486,0.14562551933913015,LUAD,I,Lung Adenocarcinoma- Not Otherwise Specified (NOS),Primary Tumor,60.0,,1
TCGA-55-8085,0.06579186636811833,-0.008451407298043823,0.03719205711772081,0.07185293457512758,0.08620577729700041,0.060175511454987896,LUAD,I,Lung Papillary Adenocarcinoma,Primary Tumor,,,1
TCGA-55-8087,-0.08043135791889645,-0.29666513950446355,1.238294351155643,-0.4938040303365991,-0.1448052858640655,-0.4730145923182209,LUAD,I,Lung Adenocarcinoma- Not Otherwise Specified (NOS),Primary Tumor,,,1
TCGA-55-8089,0.313606774117337,0.31470524573983627,-1.2041983618449517,0.036946496859800435,0.3750595993910913,0.039295262626053595,LUAD,I,Lung Adenocarcinoma- Not Otherwise Specified (NOS),Primary Tumor,97.0,,1
TCGA-55-8090,0.06857744813959542,0.5430020565152122,-0.209635518399691,0.40488387960618083,0.06388383715752824,0.4003620190025267,LUAD,I,Lung Adenocarcinoma- Not Otherwise Specified (NOS),Primary Tumor,,,1
TCGA-55-8091,0.4523670945559229,-0.17142597020485353,-1.0009107612600334,0.3556166842039331,0.5231269023660615,0.35044586339561745,LUAD,I,Lung Adenocarcinoma- Not Otherwise Specified (NOS),Primary Tumor,,,1
TCGA-55-8092,-0.16998882592044665,-0.31764940226122906,0.40778763338652063,-0.08551674721384682,-0.21456229966854032,-0.08822321882346032,LUAD,II,Lung Adenocarcinoma- Not Otherwise Specified (NOS),Primary Tumor,40.0,,1
TCGA-55-8094,-0.3709088227558963,-0.28382865240701527,2.868225797668084,-0.00864248944007212,-0.5542671407819311,0.007795706607299958,LUAD,IV,Lung Adenocarcinoma- Not Otherwise Specified (NOS),Primary Tumor,70.0,,1
TCGA-55-8096,0.15761431817333887,0.09833052432783858,-0.5574180215101077,0.34102140786962537,0.14398982496609744,0.33558751264611747,LUAD,I,Lung Adenocarcinoma- Not Otherwise Specified (NOS),Primary Tumor,104.0,,1
TCGA-55-8097,-0.08825218931223952,-0.46441368225974633,-0.328165820332252,-0.28552735549715136,-0.06224688073039146,-0.2741625870945405,LUAD,I,Lung Adenocarcinoma- Not Otherwise Specified (NOS),Primary Tumor,35.0,,1
TCGA-55-8203,-0.1497466863866521,0.06712027555316337,-0.4941036307124249,-0.11208708084636983,-0.14259805496605182,-0.11943643534131458,LUAD,I,Lung Adenocarcinoma- Not Otherwise Specified (NOS),Primary Tumor,50.0,,1
TCGA-55-8204,0.1125197722212388,0.4585898347964117,-0.3859489754074296,0.0981577288975298,0.07270278945522884,0.10252784067045283,LUAD,I,Lung Adenocarcinoma- Not Otherwise Specified (NOS),Primary Tumor,,,1
TCGA-55-8205,0.30962929221023616,0.15232172536482108,-0.14978493305098142,0.010292734623337166,0.35472501534845857,0.005170615194586099,LUAD,II,Lung Adenocarcinoma- Not Otherwise Specified (NOS),Primary Tumor,30.0,,1
TCGA-55-8206,0.03641786298572758,-0.4788180067426471,-0.09762192069013242,-0.1976737800787392,0.06637086168315265,-0.19102541768915565,LUAD,I,Lung Adenocarcinoma- Not Otherwise Specified (NOS),Primary Tumor,,,1
TCGA-55-8207,-0.014388786473845292,-0.15475042800257904,0.28900871050390575,0.3072073198115245,-0.030607944313634443,0.318808295896206,LUAD,I,Lung Acinar Adenocarcinoma,Primary Tumor,,,1
TCGA-55-8208,0.298319754224827,0.14347481051482866,-1.2914363689031172,0.15909815563350657,0.39159544056416934,0.15502187552588426,LUAD,I,Lung Adenocarcinoma- Not Otherwise Specified (NOS),Primary Tumor,50.0,,1
TCGA-55-8299,-0.019995500704330097,0.05438796524802001,-1.2696110065286643,0.18892744122063207,0.07159468177281605,0.17889888633026688,LUAD,I,Lung Adenocarcinoma- Not Otherwise Specified (NOS),Primary Tumor,20.0,,1
TCGA-55-8301,0.06812262959858337,0.12777692814963837,-0.3609677634725368,0.15764150619697145,0.056419356453256964,0.15843811276506947,LUAD,I,Lung Adenocarcinoma- Not Otherwise Specified (NOS),Primary Tumor,100.0,,1
TCGA-55-8302,0.1931664228971477,0.3248565732354052,0.08052549250549616,0.13179420665265418,0.1777628306585039,0.13163743444461745,LUAD,I,Lung Adenocarcinoma- Not Otherwise Specified (NOS),Primary Tumor,59.0,,1
TCGA-55-8505,0.27984971501528944,0.15176039291289017,-1.5285683734754032,0.34547510645056434,0.32214498125151897,0.33689183761272656,LUAD,III,Lung Adenocarcinoma- Not Otherwise Specified (NOS),Primary Tumor,,,1
TCGA-55-8506,-0.18974076712812898,0.15899078501213817,-0.585525554527417,-0.07173836071609586,-0.17703211117313292,-0.0805084292882234,LUAD,II,Lung Adenocarcinoma- Not Otherwise Specified (NOS),Primary Tumor,,,1
TCGA-55-8507,0.0021791579930672384,-0.10951748130552612,-0.15241617997656912,-0.05023265934965857,0.037061460731570864,-0.05079727618337941,LUAD,I,Lung Adenocarcinoma- Not Otherwise Specified (NOS),Primary Tumor,120.0,,1
TCGA-55-8508,-0.21047464174668368,-0.16283287760771953,-0.42627084904132,0.10929041757103732,-0.22264338879838863,0.09996374150964218,LUAD,II,Mucinous (Colloid) Carcinoma,Primary Tumor,,,1
TCGA-55-8510,0.20276041090147082,0.10160797540787583,-0.6616196623827351,0.03148544498229788,0.23538188808201133,0.02319050277586896,LUAD,I,Lung Adenocarcinoma- Not Otherwise Specified (NOS),Primary Tumor,,,1
TCGA-55-8511,0.12712373008001582,0.06078441695705521,-1.2246248910512623,0.007867343797396375,0.1841299880076966,-0.0034095993931228053,LUAD,I,Lung Adenocarcinoma- Not Otherwise Specified (NOS),Primary Tumor,58.0,,1
TCGA-55-8512,-0.017007989956208513,-0.6692927296022885,-0.7676901483055474,-0.09633186052835394,0.08670948498939537,-0.1105792644842978,LUAD,IV,Lung Bronchioloalveolar Carcinoma Nonmucinous,Primary Tumor,19.0,,1
TCGA-55-8513,0.0183908034087142,-0.08195243352140125,-0.17741839129530557,0.007451630576444265,0.08911658901662836,0.007093967260085148,LUAD,II,Mucinous (Colloid) Carcinoma,Primary Tumor,,,1
TCGA-55-8514,-0.32231170941331894,-0.46317967135646015,0.5182371764801176,-0.26675121577520416,-0.32072157666980794,-0.27636575137743236,LUAD,I,Lung Adenocarcinoma- Not Otherwise Specified (NOS),Primary Tumor,20.0,,1
TCGA-55-8614,0.030974205811935034,0.04655586496383278,-0.4042979138680384,0.3261055397338047,0.029621703225246637,0.32990711191144056,LUAD,I,Lung Adenocarcinoma- Not Otherwise Specified (NOS),Primary Tumor,40.0,,1
TCGA-55-8615,-0.45977351786313725,-0.15260958766815608,0.2626182167716407,-0.19517475928915828,-0.5376889293339563,-0.183738161076378,LUAD,III,Lung Adenocarcinoma- Not Otherwise Specified (NOS),Primary Tumor,67.0,,1
TCGA-55-8616,-0.22351511005369637,-0.2565704373462567,0.13831708312204383,-0.06915969647069276,-0.23975770058497667,-0.053376501400040154,LUAD,I,Lung Adenocarcinoma- Not Otherwise Specified (NOS),Primary Tumor,,,1
TCGA-55-8619,0.09890260057815091,0.16663037233043687,-0.24341887679573118,0.13061142187422742,0.15721086749385355,0.12644962278806038,LUAD,II,Mucinous (Colloid) Carcinoma,Primary Tumor,,,1
TCGA-55-8620,0.419935439451187,0.23446661519931306,0.5537560351231493,-0.18748808122369728,0.3824772268516849,-0.19008984503058388,LUAD,IV,Lung Adenocarcinoma- Not Otherwise Specified (NOS),Primary Tumor,154.0,,1
TCGA-55-8621,0.11218144794094956,0.061655467340060735,-0.7689012765513631,0.17772345015707575,0.17524133353457297,0.17733550248165758,LUAD,I,Lung Adenocarcinoma- Not Otherwise Specified (NOS),Primary Tumor,30.0,,1
TCGA-55-A48X,-0.014405639736400685,0.04750065191038475,-0.16099980261596636,-0.07758080796711807,-0.004591553869312027,-0.0724154031442938,LUAD,II,Lung Adenocarcinoma- Not Otherwise Specified (NOS),Primary Tumor,36.0,,1
TCGA-55-A48Y,-0.12485802582828333,-0.25282085279112904,-1.1539122836016835,-0.15323931710193478,-0.10745166166494388,-0.15738372396701225,LUAD,II,Lung Adenocarcinoma- Not Otherwise Specified (NOS),Primary Tumor,50.0,,1
TCGA-55-A48Z,0.030120582965554834,0.25709518321796226,-0.6862140232169694,0.17614626534358585,0.006058206190691919,0.17583603690371,LUAD,III,Lung Adenocarcinoma Mixed Subtype,Primary Tumor,40.0,,1
TCGA-55-A490,0.02680980666750849,0.2972812814405167,-0.00040079294084494066,0.0770613263860722,-0.06462353509426035,0.07825778473848409,LUAD,II,Lung Adenocarcinoma- Not Otherwise Specified (NOS),Primary Tumor,34.0,,1
TCGA-55-A491,-0.08524543923252945,0.11910691815056204,-0.5700252055177648,0.1094661137120715,-0.07429770983830965,0.11201471096733177,LUAD,I,Lung Adenocarcinoma- Not Otherwise Specified (NOS),Primary Tumor,45.0,,1
TCGA-55-A492,-0.1975748052224781,-0.27073825617280095,1.652890486204247,-0.42346531406314786,-0.30267162029944655,-0.4212409231996298,LUAD,I,Lung Adenocarcinoma- Not Otherwise Specified (NOS),Primary Tumor,35.0,,1
TCGA-55-A493,0.4043386409086734,0.5463997871275854,-0.17572841088417068,0.4026311966595176,0.38792498926522134,0.3958989149971024,LUAD,I,Lung Adenocarcinoma- Not Otherwise Specified (NOS),Primary Tumor,53.0,,1
TCGA-55-A494,-0.11009662367550495,0.17022090835930026,0.9569179933602466,-0.3668630672769201,-0.21784967778675926,-0.347731006240412,LUAD,I,Lung Adenocarcinoma- Not Otherwise Specified (NOS),Primary Tumor,7.0,,1
TCGA-55-A4DF,0.2343023278104231,0.15986223514282727,0.5926852148439495,0.20361769868557775,0.24369753571694278,0.20213206007321105,LUAD,I,Lung Adenocarcinoma- Not Otherwise Specified (NOS),Primary Tumor,60.0,,1
TCGA-55-A4DG,-0.24431653290978858,-0.1533774104235017,1.330519825123501,-0.2746572655949392,-0.2753917170677884,-0.2617489708942214,LUAD,I,Lung Adenocarcinoma- Not Otherwise Specified (NOS),Primary Tumor,100.0,,1
TCGA-55-A57B,0.20430309810232614,0.12367840405639963,0.19308474860562863,0.07611161939864296,0.2040539592771105,0.08250345430272384,LUAD,I,Lung Adenocarcinoma Mixed Subtype,Primary Tumor,,,1
TCGA-62-8394,-0.030143180987176242,-0.2813775149603525,0.5426506216458649,0.09926683995267341,-0.026754637759903943,0.10611849508807812,LUAD,III,Lung Adenocarcinoma Mixed Subtype,Primary Tumor,,,1
TCGA-62-8395,-0.027495144286419432,-0.24121854192348308,-0.2778033932810233,-0.057288805150646806,-0.01987573083459409,-0.05917101435700317,LUAD,II,Lung Adenocarcinoma Mixed Subtype,Primary Tumor,,,1
TCGA-62-8397,-0.15542732914425528,-0.4131714755497712,-0.1498387526338098,-0.13865678551951344,-0.19233386096989089,-0.13999253944934964,LUAD,II,Lung Adenocarcinoma Mixed Subtype,Primary Tumor,,,1
TCGA-62-8398,0.17800939766381776,0.03909205454051546,-0.6250015201962754,0.22499148844712025,0.17242862318967475,0.2144493506375786,LUAD,III,Lung Adenocarcinoma Mixed Subtype,Primary Tumor,20.0,,1
TCGA-62-8399,-0.24329237442040794,-0.2960193526203605,0.23723223175489397,0.002213590999815493,-0.2115307693698295,-0.0033436780213253214,LUAD,III,Lung Papillary Adenocarcinoma,Primary Tumor,70.0,,1
TCGA-62-8402,-0.12393261967852336,0.36498278381649724,0.7552851649029236,-0.32099303074676433,-0.15439820792611894,-0.3156521160181467,LUAD,III,Lung Adenocarcinoma Mixed Subtype,Primary Tumor,,,1
TCGA-62-A46O,0.027531758879451595,-0.21144134287923963,2.3850870198549234,-0.3361033033978638,-0.059401845873630496,-0.32109593640329337,LUAD,I,Lung Adenocarcinoma- Not Otherwise Specified (NOS),Primary Tumor,48.0,,1
TCGA-62-A46P,-0.6799859956032385,-0.2788281553434542,-0.005797731441588461,-0.29524674681463586,-0.7182545967960308,-0.3001919153772802,LUAD,I,Lung Adenocarcinoma Mixed Subtype,Primary Tumor,40.0,,1
TCGA-62-A46R,-0.2120577420747015,0.003620700070941126,0.5919296426810875,-0.4035503330185618,-0.26407545544212174,-0.37802220087342203,LUAD,I,Lung Adenocarcinoma Mixed Subtype,Primary Tumor,25.0,,1
TCGA-62-A46S,-0.344548314288605,-0.29465409644870366,0.748934456948779,-0.07374003808144777,-0.33219790244346115,-0.0758978472277604,LUAD,I,Lung Papillary Adenocarcinoma,Primary Tumor,40.0,,1
TCGA-62-A46U,0.38333906632286086,0.2621226328829355,-0.2546642144139301,0.024833677349763876,0.4683168963111648,0.01768896664408372,LUAD,II,Lung Adenocarcinoma Mixed Subtype,Primary Tumor,,,1
TCGA-62-A46V,-0.18323126517115795,-0.46047455345767213,-0.8091917184743996,-0.1448453124817776,-0.2002758038292307,-0.15457219432416885,LUAD,I,Lung Adenocarcinoma Mixed Subtype,Primary Tumor,,,1
TCGA-62-A46Y,-0.10021273813129822,0.09132920940955798,0.4670679319651175,0.038109621794127274,-0.07464172163269522,0.02939815089988161,LUAD,III,Lung Adenocarcinoma Mixed Subtype,Primary Tumor,,,1
TCGA-62-A470,0.09939360011283169,-0.2507217166538884,0.8952050078766894,-0.1601897958817893,0.13487227745154434,-0.16009170601703984,LUAD,I,Lung Acinar Adenocarcinoma,Primary Tumor,30.0,,1
TCGA-62-A471,0.24307153542358353,0.15163493828795388,0.07474224287163457,0.09746150604165708,0.24252667036714373,0.09806047923425497,LUAD,II,Lung Adenocarcinoma- Not Otherwise Specified (NOS),Primary Tumor,30.0,,1
TCGA-62-A472,-0.002812495702433118,0.1912961674449765,0.6586234353076836,-0.15216593122138586,-0.003912421573831036,-0.15395797280344503,LUAD,II,Lung Adenocarcinoma- Not Otherwise Specified (NOS),Primary Tumor,60.0,,1
TCGA-64-1676,-0.49345609610503816,-0.03190450319760465,0.09888558347915831,0.0314881487348188,-0.5221311552898321,0.024990935103031606,LUAD,I,Lung Adenocarcinoma- Not Otherwise Specified (NOS),Primary Tumor,60.0,0.36,1
TCGA-64-1677,-0.4400121842467038,0.0225231757886052,1.4371665352688698,0.01075528608598693,-0.49915549269909476,0.00880549623849519,LUAD,III,Lung Adenocarcinoma- Not Otherwise Specified (NOS),Primary Tumor,50.0,0.32,1
TCGA-64-1678,-0.4726543914130388,-0.13629583361685751,1.59338699945186,-0.10501992499065683,-0.6128325107370638,-0.09942090707777439,LUAD,unknown,Lung Adenocarcinoma- Not Otherwise Specified (NOS),Primary Tumor,20.0,0.57,1
TCGA-64-1679,0.22665536581566537,0.37611562402286264,-0.8797591450354522,0.5278217402257513,0.21175760839809554,0.5240192718269113,LUAD,III,Lung Adenocarcinoma- Not Otherwise Specified (NOS),Primary Tumor,40.0,0.42,1
TCGA-64-1680,-0.43665058182322264,0.1067060188602416,1.576234041974465,-0.21514041637314704,-0.48080191296810637,-0.21565949080514135,LUAD,IV,Lung Adenocarcinoma Mixed Subtype,Primary Tumor,50.0,0.63,1
TCGA-64-1681,0.0017337907244614858,-0.2761308841561028,0.895446402208202,0.1491043612797792,-0.03249251641257114,0.16185878264673947,LUAD,I,Lung Adenocarcinoma- Not Otherwise Specified (NOS),Primary Tumor,,0.44,1
TCGA-64-5774,-0.232539216488164,0.042562484643232486,-0.045639790404664,0.11305935163528108,-0.27509516576914006,0.10897942940533112,LUAD,I,Lung Adenocarcinoma- Not Otherwise Specified (NOS),Primary Tumor,45.0,0.76,1
TCGA-64-5775,-0.03981435793039105,0.4344260305529282,0.8857973521421778,0.04789576615682347,-0.053320025624667276,0.053370496281440506,LUAD,III,Lung Adenocarcinoma- Not Otherwise Specified (NOS),Primary Tumor,110.0,0.71,1
TCGA-64-5778,-0.5155513172132848,-0.22526479525138435,1.1259542996528797,-0.2010525842253036,-0.5518247572390459,-0.20084387875740514,LUAD,I,Lung Bronchioloalveolar Carcinoma Nonmucinous,Primary Tumor,68.0,0.42,1
TCGA-64-5779,0.058474342067904785,0.023932618614280518,-0.009881894001245653,0.06916440397638093,-0.00288448370101995,0.09339363149353844,LUAD,III,Lung Acinar Adenocarcinoma,Primary Tumor,40.0,,1
TCGA-64-5781,-0.06978542172862405,-0.2704613919779458,0.27923855618435506,0.12339991988030317,-0.10204938925510641,0.1105775883759068,LUAD,I,Lung Adenocarcinoma Mixed Subtype,Primary Tumor,25.0,0.38,1
TCGA-64-5815,0.01968438719793839,0.3038729258801529,-1.342646592718692,0.6496295594142992,0.03214578175829148,0.6444398262936273,LUAD,II,Lung Adenocarcinoma Mixed Subtype,Primary Tumor,30.0,,1
TCGA-67-3770,-0.19455964101215756,-0.20510387200793825,2.1271334562348945,0.043554726793903126,-0.2599301566905075,0.050370739762094795,LUAD,I,Lung Adenocarcinoma- Not Otherwise Specified (NOS),Primary Tumor,,,1
TCGA-67-3771,0.41659015981966446,0.017179222141903074,0.40817160785816187,0.13139979588632836,0.4449319597156503,0.1332736245365394,LUAD,I,Lung Adenocarcinoma- Not Otherwise Specified (NOS),Primary Tumor,,0.46,1
TCGA-67-3772,-0.15558508267862792,0.08294979482361851,0.4429256304077684,0.15400327657915,-0.22229135077530823,0.15690306276376093,LUAD,I,Lung Adenocarcinoma- Not Otherwise Specified (NOS),Primary Tumor,,0.43,1
TCGA-67-3773,-0.5972735678902157,-0.2651908302872676,0.03760803370131046,-0.08850689746006069,-0.5877094381062842,-0.10151627455208115,LUAD,I,Lung Adenocarcinoma- Not Otherwise Specified (NOS),Primary Tumor,,0.69,1
TCGA-67-3774,-0.11391929256530402,-0.3722239593236175,0.230597180112411,0.07995151116962905,-0.12450138638518594,0.08814365926572695,LUAD,I,Lung Adenocarcinoma- Not Otherwise Specified (NOS),Primary Tumor,,0.48,1
TCGA-67-4679,-0.12925589280474664,-0.0769536863365187,0.687275081401491,-0.15963555605663943,-0.13640704250018051,-0.15031152252758084,LUAD,unknown,Lung Adenocarcinoma- Not Otherwise Specified (NOS),Primary Tumor,,,1
TCGA-67-6215,-0.10911400417055542,0.4399408276013709,0.7388467558297794,-0.2403650122385366,-0.12213063292780582,-0.24201674869532863,LUAD,I,Lung Adenocarcinoma- Not Otherwise Specified (NOS),Primary Tumor,,0.71,1
TCGA-67-6216,0.06000485813157232,0.2916698895618598,0.1570139878974239,0.09281184007833673,0.09698308745653265,0.08035148530733538,LUAD,I,Lung Adenocarcinoma- Not Otherwise Specified (NOS),Primary Tumor,,0.39,1
TCGA-67-6217,-0.08650578387297843,-0.5200245603479108,1.1152437190119762,-0.18176423421330073,-0.1498603414521169,-0.1762784475800364,LUAD,II,Lung Adenocarcinoma- Not Otherwise Specified (NOS),Primary Tumor,,,1
TCGA-69-7760,0.028649818186826024,0.1260202205747557,0.9782166870649576,-0.12558386853579895,-0.05210059506717903,-0.12661115925568145,LUAD,II,Lung Adenocarcinoma Mixed Subtype,Primary Tumor,,,1
TCGA-69-7761,0.15929498385892552,0.5005739987999424,0.11278087920679263,-0.004245448983682755,0.1597715675702977,0.0034595650599652055,LUAD,I,Lung Acinar Adenocarcinoma,Primary Tumor,20.0,,1
TCGA-69-7763,-0.16482805101244427,-0.24456675688364424,-0.4822262799650973,0.07206846454187792,-0.16383640048400128,0.08195101309629231,LUAD,I,Lung Adenocarcinoma Mixed Subtype,Primary Tumor,7.5,,1
TCGA-69-7764,-0.3700593965097564,-0.1893154962127507,1.5897780332180904,-0.2439413885217297,-0.46807343481289343,-0.22493858223742735,LUAD,I,Lung Adenocarcinoma Mixed Subtype,Primary Tumor,30.0,,1
TCGA-69-7765,0.1503802448469975,0.10287860428766517,-0.9590891764033077,0.3133356854553547,0.18594795746166165,0.3136107350945817,LUAD,unknown,Lung Adenocarcinoma Mixed Subtype,Primary Tumor,,,1
TCGA-69-7973,-0.1827242081247112,-0.13649550670249636,-0.4650002716690557,-0.07183629710938225,-0.18378197963559023,-0.06783756012139153,LUAD,I,Lung Adenocarcinoma Mixed Subtype,Primary Tumor,25.0,,1
TCGA-69-7974,0.1788807910038838,0.42830974278687395,-0.8009805754975229,0.30456426950566867,0.30867252456184646,0.2908182701341734,LUAD,III,Lung Adenocarcinoma Mixed Subtype,Primary Tumor,30.0,,1
TCGA-69-7978,0.45313104585572894,0.38653891438497096,-0.6773059093316358,0.32804725797680734,0.5067471921734163,0.32877883635703725,LUAD,II,Lung Adenocarcinoma Mixed Subtype,Primary Tumor,80.0,,1
TCGA-69-7979,0.18834265151173582,-0.02268064412675365,-0.07773827751205642,-0.15728935383117187,0.1290808683356372,-0.14682792209031895,LUAD,I,Lung Acinar Adenocarcinoma,Primary Tumor,28.0,,1
TCGA-69-7980,0.03090920613995179,0.03936299928178794,0.12430179596093416,-0.05026494885085025,0.032769494006732534,-0.045636624224002345,LUAD,I,Lung Adenocarcinoma- Not Otherwise Specified (NOS),Primary Tumor,80.0,,1
TCGA-69-8253,0.038090163329719276,-0.12070781473110277,0.7146519897427548,0.09752357449654678,0.014693847522947903,0.0973090045250874,LUAD,II,Lung Adenocarcinoma Mixed Subtype,Primary Tumor,7.8,,1
TCGA-69-8254,0.08399491398990937,0.33535892836088627,1.0979579931204635,0.0691017190431219,0.06417754814677853,0.0782767328021009,LUAD,unknown,Lung Adenocarcinoma Mixed Subtype,Primary Tumor,40.0,,1
TCGA-69-8255,0.030329505064989618,-0.13614016359887962,1.1515013206892923,-0.2813723959859937,-0.0070993331651791405,-0.294592244621622,LUAD,I,Lung Solid Pattern Predominant Adenocarcinoma,Primary Tumor,40.0,,1
TCGA-69-8453,0.03078769014378828,0.05125976518074007,-0.06600604053483412,0.20893911829951434,0.07688545950417905,0.20455189163713916,LUAD,II,Mucinous (Colloid) Carcinoma,Primary Tumor,12.0,,1
TCGA-69-A59K,0.4293115064026376,0.12255819959091335,0.7982651220170455,0.12474684367293873,0.38894051189133605,0.10675754130215977,LUAD,II,Lung Adenocarcinoma Mixed Subtype,Primary Tumor,25.0,,1
TCGA-71-6725,-0.4252143347727082,-0.5143421947312082,0.346849065953637,-0.6414010301953441,-0.41034244502226896,-0.6466931739433532,LUAD,I,Lung Papillary Adenocarcinoma,Primary Tumor,,0.63,1
TCGA-71-8520,0.0558990952181192,0.22794078438319074,-0.5224370318792788,0.08959658607810755,0.006794154391449868,0.10105554157791606,LUAD,I,Lung Adenocarcinoma- Not Otherwise Specified (NOS),Primary Tumor,,,1
TCGA-73-4658,-0.0434297126630904,0.1541808732908061,-1.136224858787626,0.37083209865487676,0.010996509281734809,0.35420665600803414,LUAD,I,Lung Adenocarcinoma- Not Otherwise Specified (NOS),Primary Tumor,25.0,0.32,1
TCGA-73-4659,0.10621458333677165,0.07113138207691459,-1.3214094341934892,0.16631406806854776,0.1931496425581466,0.1533028654840695,LUAD,III,Lung Adenocarcinoma- Not Otherwise Specified (NOS),Primary Tumor,12.0,0.33,1
TCGA-73-4662,0.01729985373727784,0.002935872463616464,0.5738763021120185,-0.12293338973864672,-0.022288793788736917,-0.11356186898245983,LUAD,I,Lung Adenocarcinoma- Not Otherwise Specified (NOS),Primary Tumor,10.0,0.49,1
TCGA-73-4666,0.5179572657890712,0.47608776101033573,0.12436001238325034,-0.04578622402150017,0.5531006972935052,-0.05066389806379208,LUAD,IV,Lung Adenocarcinoma- Not Otherwise Specified (NOS),Primary Tumor,10.0,,1
TCGA-73-4668,0.004075371632083638,-0.08215921945792472,-1.2928622272467034,0.3400059268263275,0.054932033971397724,0.32800477769971637,LUAD,II,Lung Micropapillary Adenocarcinoma,Primary Tumor,55.0,,1
TCGA-73-4670,0.02656887614292038,0.1872279893655888,-0.8768461527375667,0.5154171733490615,0.046689341116130635,0.5099284115225369,LUAD,IV,Lung Adenocarcinoma- Not Otherwise Specified (NOS),Primary Tumor,30.0,,1
TCGA-73-4675,0.13103134713696998,0.19497286162213232,-1.1203931778385081,0.18056971824194584,0.10141999618154497,0.19068411230106863,LUAD,III,Lung Adenocarcinoma- Not Otherwise Specified (NOS),Primary Tumor,41.0,0.58,1
TCGA-73-4676,0.06733751836055232,-0.09548872953718131,0.4434981530115689,0.1878182474619594,0.09839500959846804,0.17730997566688625,LUAD,II,Lung Adenocarcinoma- Not Otherwise Specified (NOS),Primary Tumor,48.0,0.52,1
TCGA-73-4677,-0.11781459221992893,-0.35058572953378003,0.7124063568987378,-0.08828394576220264,-0.1574599084921771,-0.07729977882284379,LUAD,unknown,Lung Adenocarcinoma- Not Otherwise Specified (NOS),Primary Tumor,,,1
TCGA-73-7498,0.048247496614404695,-0.3483775288696204,0.24828495780807033,-0.27937941099658803,0.006621499978960521,-0.26393045644705904,LUAD,I,Lung Bronchioloalveolar Carcinoma Nonmucinous,Primary Tumor,28.0,,1
TCGA-73-7499,-0.3152129863760952,-0.21235790922829206,0.17159840360362918,-0.19940841301956597,-0.33813181348689364,-0.2000056566893658,LUAD,I,Lung Adenocarcinoma Mixed Subtype,Primary Tumor,,,1
TCGA-73-A9RS,-0.29217985150783554,-0.4838086287433717,-0.5644533335483326,-0.39752139483832555,-0.2544689594372769,-0.41813353047473484,LUAD,II,Lung Adenocarcinoma- Not Otherwise Specified (NOS),Primary Tumor,11.0,,1
TCGA-75-5122,0.04032970900086287,-0.016409842759693503,-0.23843288700332818,-0.03503818435620803,0.18739712615673293,-0.05372827873596506,LUAD,I,Lung Adenocarcinoma- Not Otherwise Specified (NOS),Primary Tumor,20.0,0.17,1
TCGA-75-5125,0.1756461677620727,0.5462310836700163,0.07008438237190377,0.001714866190628591,0.17256547494407576,0.004161723585760914,LUAD,II,Lung Adenocarcinoma- Not Otherwise Specified (NOS),Primary Tumor,25.0,,1
TCGA-75-5126,0.18268659852700198,0.22012952816913878,-0.31347584450244514,0.3010848839534432,0.24281730773702284,0.28003475952736756,LUAD,III,Lung Papillary Adenocarcinoma,Primary Tumor,40.0,0.27,1
TCGA-75-5146,-0.36740538344157453,-0.41383881561583896,1.2750321007320986,-0.1466577645291297,-0.4029528910465126,-0.13156904218944074,LUAD,I,Lung Adenocarcinoma- Not Otherwise Specified (NOS),Primary Tumor,,0.57,1
TCGA-75-5147,-0.1244059039589325,0.049516311401900284,0.5917384388102732,0.12549024515063664,-0.1545444500273793,0.12920544836665987,LUAD,I,Lung Adenocarcinoma- Not Otherwise Specified (NOS),Primary Tumor,,0.4,1
TCGA-75-6203,-0.04108439840877808,0.01476850068503818,0.1921190232865687,0.015092286324835155,0.00755951151347936,0.013441212725870759,LUAD,III,Lung Adenocarcinoma- Not Otherwise Specified (NOS),Primary Tumor,,0.26,1
TCGA-75-6205,0.3336312041039915,0.1545552108254102,-1.1600558295451824,-0.020497072584622366,0.395960262346487,-0.01964562195482849,LUAD,I,Lung Adenocarcinoma- Not Otherwise Specified (NOS),Primary Tumor,,,1
TCGA-75-6206,-0.0032376510291575746,-0.3557928406286164,0.2930279790050705,-0.2280055005911956,-0.008477849720114084,-0.2234194361300026,LUAD,I,Lung Adenocarcinoma- Not Otherwise Specified (NOS),Primary Tumor,20.0,,1
TCGA-75-6207,0.16490233183888703,-0.09553919407202097,0.9809410836479548,-0.22663974414048657,0.1361830140443167,-0.22117600071922125,LUAD,III,Lung Adenocarcinoma- Not Otherwise Specified (NOS),Primary Tumor,10.0,0.64,1
TCGA-75-6211,0.33275474245710784,0.005266565731575786,-0.16963637441278276,-0.26464280386449085,0.34730729810776984,-0.25523152482930533,LUAD,I,Lung Adenocarcinoma- Not Otherwise Specified (NOS),Primary Tumor,34.0,0.39,1
TCGA-75-6212,-0.004840708531521048,0.031629741188710286,0.1134186123679403,0.3456930197649253,-0.002009636563867232,0.34418079457708245,LUAD,II,Lung Micropapillary Adenocarcinoma,Primary Tumor,,0.41,1
TCGA-75-6214,0.09156663575723235,0.1341573176610692,0.8082049529518427,-0.07731505988734685,0.04504619324599579,-0.06425838102992615,LUAD,III,Lung Adenocarcinoma- Not Otherwise Specified (NOS),Primary Tumor,40.0,,1
TCGA-75-7025,0.15782752603054995,-0.24617598880726246,0.33640639182490656,-0.03607561619261816,0.11374975823496135,-0.02939679371910486,LUAD,I,Lung Adenocarcinoma- Not Otherwise Specified (NOS),Primary Tumor,,0.34,1
TCGA-75-7027,0.29772183537793084,0.14748894944134838,-0.603773743620277,0.1046830822306153,0.29118631159949454,0.12117861294910733,LUAD,I,Lung Adenocarcinoma- Not Otherwise Specified (NOS),Primary Tumor,50.0,0.62,1
TCGA-75-7030,0.044283655554286025,0.13280954300578893,-1.4654166395438117,0.48868964133062315,0.04927697329519121,0.5044386485812691,LUAD,II,Lung Adenocarcinoma- Not Otherwise Specified (NOS),Primary Tumor,,0.17,1
TCGA-75-7031,0.00838263461064997,0.007665560621183124,0.5608219628748278,-0.09381809889886132,-0.032018662914435,-0.09674651952415374,LUAD,I,Lung Adenocarcinoma- Not Otherwise Specified (NOS),Primary Tumor,5.0,0.48,1
TCGA-78-7143,0.09677555771149977,0.1616329397091466,1.3174871245252955,-0.19625230077806502,0.06935349660771555,-0.18004574186734154,LUAD,I,Lung Bronchioloalveolar Carcinoma Nonmucinous,Primary Tumor,,,1
TCGA-78-7145,-0.22929714175728932,0.13619406665922137,0.19566398067584104,0.20901671510442968,-0.26741020218131983,0.19773182524244212,LUAD,IV,Lung Adenocarcinoma- Not Otherwise Specified (NOS),Primary Tumor,25.0,0.78,1
TCGA-78-7146,0.589731346088224,0.18093419358694468,0.4952152809367476,0.24246014926378381,0.603100568956573,0.23670107087295103,LUAD,III,Lung Adenocarcinoma Mixed Subtype,Primary Tumor,6.0,,1
TCGA-78-7147,-0.004443335748023108,-0.3202715963564852,1.1753545874061206,-0.2592476123844644,-0.04904599935010761,-0.2513231782581927,LUAD,II,Lung Adenocarcinoma- Not Otherwise Specified (NOS),Primary Tumor,50.0,0.77,1
TCGA-78-7148,-0.026953656658802356,0.3575028517900465,0.19817808907803536,0.06386708603239973,-0.07073549535282767,0.06892296875506879,LUAD,II,Lung Adenocarcinoma Mixed Subtype,Primary Tumor,57.0,,1
TCGA-78-7149,-0.1208039384755668,-0.2652203668878635,0.18352812380567707,-0.2184668651141457,-0.19157295672766758,-0.21897498787012268,LUAD,III,Lung Adenocarcinoma Mixed Subtype,Primary Tumor,115.0,0.74,1
TCGA-78-7150,0.21350895261859454,0.06153164247281474,-0.7397697856995874,0.20677398367460165,0.22882751174242094,0.20138004488646477,LUAD,II,Lung Adenocarcinoma- Not Otherwise Specified (NOS),Primary Tumor,37.0,0.46,1
TCGA-78-7152,-0.10158571740016412,0.03599733241602756,-0.0022126766228483716,-0.26631247965991367,-0.09837193008674787,-0.2685870081844816,LUAD,I,Lung Adenocarcinoma Mixed Subtype,Primary Tumor,40.0,0.56,1
TCGA-78-7153,-0.42187853608341486,-0.702082499068561,0.175722340595126,-0.3472705760479327,-0.4392028166493696,-0.3457056586627595,LUAD,I,Lung Adenocarcinoma Mixed Subtype,Primary Tumor,20.0,0.74,1
TCGA-78-7154,0.6302479551288994,0.3607617971101577,-1.118238222484655,-0.02352580288759126,0.7486735579326554,-0.03698948009501481,LUAD,III,Lung Adenocarcinoma- Not Otherwise Specified (NOS),Primary Tumor,112.5,0.68,1
TCGA-78-7155,-0.4366949514644495,0.137700001336111,1.938279632695722,-0.7206434378411433,-0.495039944159885,-0.7057226976742168,LUAD,I,Lung Adenocarcinoma- Not Otherwise Specified (NOS),Primary Tumor,48.0,0.81,1
TCGA-78-7156,-0.10684983684250927,-0.37707252404784325,2.0062966073182418,-0.4635190200175137,-0.222878555435605,-0.45214872778147724,LUAD,IV,Lung Adenocarcinoma Mixed Subtype,Primary Tumor,84.0,0.8,1
TCGA-78-7158,-0.18449077840160355,-0.11408043748823586,0.004717418244755713,-0.5879105034395771,-0.25475235190340334,-0.5722682084422221,LUAD,III,Lung Adenocarcinoma Mixed Subtype,Primary Tumor,14.0,0.92,1
TCGA-78-7159,-0.15350714221923115,0.3489010400706955,-0.27972194243198123,-0.00014779823757205113,-0.1770809870554527,-0.0015450935437446775,LUAD,I,Lung Adenocarcinoma Mixed Subtype,Primary Tumor,21.0,0.71,1
TCGA-78-7160,0.17866923344614352,0.18265133470113876,-0.24806735746798336,0.005303502022154289,0.2249845379435455,0.006020600929159403,LUAD,IV,Lung Adenocarcinoma Mixed Subtype,Primary Tumor,43.8,0.17,1
TCGA-78-7161,-0.2924644292242587,0.1516582628520823,0.5714650514897317,-0.034595051955735714,-0.38550408840228323,-0.018205617350061886,LUAD,II,Lung Adenocarcinoma Mixed Subtype,Primary Tumor,27.8,,1
TCGA-78-7162,-0.06334192457911109,-0.14663565844523058,0.18919740509040076,-0.10452325877697977,-0.05455856172370783,-0.09610917074840727,LUAD,I,Lung Adenocarcinoma Mixed Subtype,Primary Tumor,12.0,,1
TCGA-78-7163,0.188527053584683,-0.41815108555425173,2.2743130992647016,-0.1807590062904085,0.05006959187257064,-0.1752912415900481,LUAD,I,Lung Adenocarcinoma- Not Otherwise Specified (NOS),Primary Tumor,41.0,0.7,1
TCGA-78-7166,-0.14970352820840718,-0.006468317691637937,0.020786241219587016,0.19736106443626786,-0.21127094527929016,0.18575090387709486,LUAD,II,Lung Adenocarcinoma- Not Otherwise Specified (NOS),Primary Tumor,38.0,0.63,1
TCGA-78-7167,0.3098282784863937,-0.11899951268545814,1.4645884906147841,-0.4104875394143799,0.21783643355228244,-0.38855538679862384,LUAD,IV,Lung Papillary Adenocarcinoma,Primary Tumor,64.0,,1
TCGA-78-7220,0.24502990287930967,-0.31757884248646445,0.7297492823113519,-0.19061663787803082,0.24256980011652088,-0.18794898232459856,LUAD,III,Lung Adenocarcinoma Mixed Subtype,Primary Tumor,35.0,,1
TCGA-78-7535,-0.5602398824056296,-0.08559476188022237,-0.8062903012737884,-0.05311913950326251,-0.5356031630318128,-0.07467597879773295,LUAD,I,Lung Adenocarcinoma- Not Otherwise Specified (NOS),Primary Tumor,35.0,0.75,1
TCGA-78-7536,-0.3755766180641642,-0.15330279966765048,0.4440759771841967,-0.3114689191206169,-0.3856919354589349,-0.32558978674028777,LUAD,III,Lung Adenocarcinoma- Not Otherwise Specified (NOS),Primary Tumor,44.0,0.78,1
TCGA-78-7537,-0.28364096204516753,-0.14493064796630398,-0.6067424061906704,-0.27836261099507725,-0.302097840539701,-0.2738861102401389,LUAD,I,Lung Adenocarcinoma Mixed Subtype,Primary Tumor,20.0,0.74,1
TCGA-78-7539,-0.09691487533016377,-0.15004772537035926,0.8714741093689584,-0.29690805342935156,-0.10060456557684398,-0.29139406070709534,LUAD,II,Lung Adenocarcinoma Mixed Subtype,Primary Tumor,2.2,0.69,1
TCGA-78-7540,-0.02921104277693912,0.15242111651446688,1.179208002402495,-0.10762772183922481,-0.05948909709760291,-0.09546599249360435,LUAD,I,Lung Bronchioloalveolar Carcinoma Mucinous,Primary Tumor,,0.58,1
TCGA-78-7542,0.12511902293365657,0.21520718899543573,1.2503624319150053,0.07420218916271795,0.02557694257029361,0.07618382630287285,LUAD,I,Lung Adenocarcinoma- Not Otherwise Specified (NOS),Primary Tumor,60.0,0.44,1
TCGA-78-7633,-0.06709122946345072,-0.3308000577000243,1.487635485877828,-0.2205744083486536,-0.1512708690477388,-0.20762380426503113,LUAD,I,Lung Adenocarcinoma Mixed Subtype,Primary Tumor,94.0,0.75,1
TCGA-78-8640,0.38644730564071134,-0.1500683554505141,-0.06305902945959159,-0.17433687766659736,0.41548267716743986,-0.1914329169680226,LUAD,II,Lung Adenocarcinoma- Not Otherwise Specified (NOS),Primary Tumor,45.0,,1
TCGA-78-8648,0.1352866182087757,0.1693934278297315,-1.7814096657628646,0.44154826127838226,0.23668111924496574,0.4367339460027303,LUAD,II,Lung Adenocarcinoma- Not Otherwise Specified (NOS),Primary Tumor,45.0,,1
TCGA-78-8655,-0.32547952766982413,0.057163146715342346,-0.26603931050539825,-0.3436970693949223,-0.34564231309160004,-0.3405919542022296,LUAD,I,Lung Adenocarcinoma Mixed Subtype,Primary Tumor,10.0,,1
TCGA-78-8660,0.2353828816295334,0.2517457325064433,-0.05185266880212062,0.03769466152920257,0.25814761942859626,0.024396354961072293,LUAD,II,Lung Adenocarcinoma- Not Otherwise Specified (NOS),Primary Tumor,11.0,,1
TCGA-78-8662,-0.7679487297207102,-0.4867633263673892,0.7988650659066933,-0.4088046752933948,-0.8091610323477966,-0.41406872952224655,LUAD,I,Lung Adenocarcinoma- Not Otherwise Specified (NOS),Primary Tumor,45.0,,1
TCGA-80-5607,0.005842863403469711,0.37369027025196505,0.2626745117352101,0.22767473482294462,-0.000952593698741836,0.22668056553726115,LUAD,II,Lung Adenocarcinoma- Not Otherwise Specified (NOS),Primary Tumor,15.0,0.49,1
TCGA-80-5608,-0.295372601122303,0.23165845600438686,0.47188188484769295,0.14152343083758237,-0.34750698613276015,0.14809383461931558,LUAD,I,Lung Adenocarcinoma- Not Otherwise Specified (NOS),Primary Tumor,26.0,0.48,1
TCGA-80-5611,0.12546670818107547,0.11253360425888714,0.1836785831590643,0.06867156574855796,0.13191937838402132,0.05608584285707204,LUAD,I,Lung Solid Pattern Predominant Adenocarcinoma,Primary Tumor,60.0,,1
TCGA-83-5908,0.2867892056646838,0.3361444917913746,-0.34595629435602904,-0.05165520326964734,0.3176859767857193,-0.037823765563981974,LUAD,I,Lung Adenocarcinoma- Not Otherwise Specified (NOS),Primary Tumor,69.0,,1
TCGA-86-6562,-0.09480861001720159,0.18610735584651075,-0.5744852881608231,0.1860027373795296,-0.06023980347684709,0.18226099526944894,LUAD,II,Lung Adenocarcinoma- Not Otherwise Specified (NOS),Primary Tumor,,0.45,1
TCGA-86-6851,0.14825600979270034,0.20047118069432848,0.14863398671711417,-0.019568996167181614,0.16548519525069266,-0.006967149164636828,LUAD,II,Lung Adenocarcinoma Mixed Subtype,Primary Tumor,52.0,0.32,1
TCGA-86-7701,-0.060827304393258216,0.14403641021460006,-0.3302687687691088,0.03802429223961577,-0.0612257566601288,0.030967584949914313,LUAD,IV,Lung Adenocarcinoma- Not Otherwise Specified (NOS),Primary Tumor,,,1
TCGA-86-7711,0.627624529660384,0.2803341289285143,-0.3217918653148519,0.06646436211024086,0.6822138310352789,0.04429340691701469,LUAD,II,Lung Adenocarcinoma- Not Otherwise Specified (NOS),Primary Tumor,50.0,,1
TCGA-86-7713,-0.42945669471187664,-0.22245238116403776,1.2965646223320444,-0.3047768173688396,-0.48225392684099694,-0.2991556517635797,LUAD,II,Lung Adenocarcinoma- Not Otherwise Specified (NOS),Primary Tumor,,0.79,1
TCGA-86-7714,-0.2144855685017015,0.33876085486548774,0.4493026797867518,-0.3566144564110854,-0.23446949303688405,-0.3513055074927853,LUAD,III,Lung Adenocarcinoma Mixed Subtype,Primary Tumor,43.0,,1
TCGA-86-7953,0.30074430390250523,0.1648839030910165,-0.19696892766515206,0.15269599740483678,0.3144810861734447,0.14869425348326193,LUAD,I,Lung Adenocarcinoma- Not Otherwise Specified (NOS),Primary Tumor,,,1
TCGA-86-7954,0.44708012271317493,0.0217381435326907,-0.45410642778900745,-0.2235031147031455,0.5253193475456392,-0.23598287527276302,LUAD,I,Lung Bronchioloalveolar Carcinoma Nonmucinous,Primary Tumor,8.0,,1
TCGA-86-7955,-0.17415391406988498,0.1177701097655746,1.8071264988864701,-0.19283345358956044,-0.3335413587816872,-0.1911362307481922,LUAD,I,Lung Adenocarcinoma- Not Otherwise Specified (NOS),Primary Tumor,,,1
TCGA-86-8054,-0.33217814374459254,-0.07185660366336494,1.0541013426418417,0.02282798610593707,-0.3975421535371147,0.026869520236542845,LUAD,II,Lung Acinar Adenocarcinoma,Primary Tumor,9.0,,1
TCGA-86-8055,0.32843265705356256,0.35113410578403054,-0.5736524686687364,0.458004042975654,0.3174871588615405,0.46587955185884633,LUAD,II,Lung Adenocarcinoma- Not Otherwise Specified (NOS),Primary Tumor,60.0,,1
TCGA-86-8056,0.1950826181278333,-0.06091837497451339,0.9345787677543864,-0.17174485130926262,0.219871348379981,-0.16165784027136398,LUAD,III,Lung Adenocarcinoma Mixed Subtype,Primary Tumor,36.0,,1
TCGA-86-8073,0.5436155735105699,0.14402882825113258,-0.24670860048272492,-0.05604976460444427,0.6238862112944594,-0.044776658365761,LUAD,I,Lung Bronchioloalveolar Carcinoma Nonmucinous,Primary Tumor,40.0,,1
TCGA-86-8074,0.11739455342610092,0.03235621295960767,-0.33024780266488546,0.25997570642294404,0.1206466582281795,0.2598769937651919,LUAD,II,Lung Adenocarcinoma- Not Otherwise Specified (NOS),Primary Tumor,40.0,,1
TCGA-86-8075,0.3549284452713508,0.19851798249458613,-0.7050318835134622,0.37118096621107793,0.41401708947778953,0.3734950970917251,LUAD,I,Lung Adenocarcinoma- Not Otherwise Specified (NOS),Primary Tumor,,,1
TCGA-86-8076,0.014299568223701818,-0.0862385189389545,-0.7010105448253108,0.13661737443397376,0.0587826470944165,0.13262963052704868,LUAD,I,Lung Papillary Adenocarcinoma,Primary Tumor,,,1
TCGA-86-8278,0.1706837131545902,0.06789746132289756,-0.8010136543258192,0.09103097638334468,0.23191813380406032,0.07907238036747777,LUAD,II,Lung Adenocarcinoma- Not Otherwise Specified (NOS),Primary Tumor,,,1
TCGA-86-8279,-0.1757928038853803,-0.13574044925761083,-0.02168778954050295,0.025296655011894507,-0.2193033319639043,0.03154626401012138,LUAD,II,Lung Adenocarcinoma- Not Otherwise Specified (NOS),Primary Tumor,,,1
TCGA-86-8280,0.13458353599448705,-0.05980338818067426,0.02623708015429312,0.1738321975170721,0.12404740338319402,0.1807519989932829,LUAD,II,Lung Bronchioloalveolar Carcinoma Nonmucinous,Primary Tumor,,,1
TCGA-86-8281,0.1870300773039175,-0.2778354004621658,0.36491183445884917,-0.33643010595962775,0.18104436151940295,-0.32766463353439057,LUAD,I,Lung Adenocarcinoma- Not Otherwise Specified (NOS),Primary Tumor,30.0,,1
TCGA-86-8358,0.29513000816161017,-0.034714800773457795,0.26739412075469887,-0.0941780543989247,0.27285728415881566,-0.09115427188022744,LUAD,I,Lung Adenocarcinoma- Not Otherwise Specified (NOS),Primary Tumor,20.0,,1
TCGA-86-8359,-0.25218333891025885,0.000612877410973441,-0.5188280207463993,0.0435437102772263,-0.19826971655825545,0.034095510231196904,LUAD,III,Lung Adenocarcinoma- Not Otherwise Specified (NOS),Primary Tumor,36.0,,1
TCGA-86-8585,-0.30710614014424037,0.12904514797438218,0.013487030633420105,0.15524616459405016,-0.35221392786873235,0.1525432236108063,LUAD,I,Lung Solid Pattern Predominant Adenocarcinoma,Primary Tumor,,,1
TCGA-86-8668,0.09713712836824372,0.30802084218439146,-0.18941359674428146,-0.02097454669120669,0.04592388645499145,-0.01518722894863941,LUAD,I,Lung Bronchioloalveolar Carcinoma Mucinous,Primary Tumor,,,1
TCGA-86-8669,0.1665008338372615,-0.048063458920246514,0.9138032395018497,-0.06423902198481338,0.10371449380955433,-0.05353875983207237,LUAD,I,Lung Adenocarcinoma- Not Otherwise Specified (NOS),Primary Tumor,47.0,,1
TCGA-86-8671,0.12797879680240482,0.009586909029238488,-1.1182161433417037,0.021870413100783,0.19352536118572075,0.019050428428300032,LUAD,II,Lung Papillary Adenocarcinoma,Primary Tumor,,,1
TCGA-86-8672,0.14226783180793587,0.2076647626920299,-1.0100987542970534,-0.008377560224003603,0.16654617796834298,-0.017059854902471944,LUAD,II,Lung Adenocarcinoma- Not Otherwise Specified (NOS),Primary Tumor,,,1
TCGA-86-8673,-0.228792888682874,-0.2872685985282233,-1.0075256152450152,0.04424421462220574,-0.2269949117708546,0.016750279458943106,LUAD,I,Lung Bronchioloalveolar Carcinoma Nonmucinous,Primary Tumor,54.0,,1
TCGA-86-8674,-0.24778714011239467,-0.8192716908426317,-0.4250049808801424,-0.29167460790947025,-0.19318151596792202,-0.3147289967403024,LUAD,II,Lung Papillary Adenocarcinoma,Primary Tumor,37.5,,1
TCGA-86-A456,-0.08709348718005015,-0.4503400596186643,-0.3181653057255401,0.0018828443931592036,0.011162751008796231,-0.018579946499215,LUAD,I,Lung Papillary Adenocarcinoma,Primary Tumor,,,1
TCGA-86-A4D0,0.15827601891864349,-0.022056510289339377,0.543105167130819,-0.2925646800656632,0.11477036480085233,-0.289005509373577,LUAD,II,Lung Adenocarcinoma- Not Otherwise Specified (NOS),Primary Tumor,,,1
TCGA-86-A4JF,-0.24416889647231413,0.05156463862512532,-0.20736878162895153,0.03836387638062508,-0.21340934875253473,0.023900713769867882,LUAD,II,Lung Adenocarcinoma- Not Otherwise Specified (NOS),Primary Tumor,,,1
TCGA-86-A4P7,-0.04960492720644941,-0.22178981005100842,-0.5374335478635427,-0.003085663242509464,0.04753050869218805,-0.009772118239128387,LUAD,I,Lung Adenocarcinoma- Not Otherwise Specified (NOS),Primary Tumor,,,1
TCGA-86-A4P8,0.07364027259408236,-0.17163094713897606,-0.17839375219836082,0.003734322884619904,0.16580552657191105,0.005316460542037209,LUAD,III,Lung Adenocarcinoma- Not Otherwise Specified (NOS),Primary Tumor,,,1
TCGA-91-6828,0.0161038423221717,0.005392375652912621,0.24910234181931326,-0.038550844048543774,0.053638474556980516,-0.03967254112706473,LUAD,I,Lung Adenocarcinoma- Not Otherwise Specified (NOS),Primary Tumor,,,1
TCGA-91-6829,0.16247462610245583,0.044566845413095656,-0.8316104474289627,-0.07090126299349443,0.194422093912953,-0.06229005183583573,LUAD,I,Lung Bronchioloalveolar Carcinoma Nonmucinous,Primary Tumor,94.5,0.48,1
TCGA-91-6830,0.30155414394807867,0.04978078486495705,-0.2188407264265518,0.27875109382259133,0.33317626702150993,0.2731874211114217,LUAD,II,Lung Adenocarcinoma- Not Otherwise Specified (NOS),Primary Tumor,12.0,,1
TCGA-91-6831,-0.10368932149635768,-0.31565768553880225,-0.614814589513165,-0.01685440047086171,-0.11273391797350929,-0.028837314806364443,LUAD,I,Lung Adenocarcinoma- Not Otherwise Specified (NOS),Primary Tumor,,,1
TCGA-91-6835,0.14440782502708635,0.3242721320114341,-0.08750510431419851,-0.03786206114573149,0.1979707659204931,-0.03165388971063956,LUAD,I,Lung Adenocarcinoma- Not Otherwise Specified (NOS),Primary Tumor,25.0,,1
TCGA-91-6836,0.3762773565346135,-0.06487884047479611,0.7075836482014192,0.0688054618517313,0.3535774631748334,0.0676069453890397,LUAD,I,Lung Adenocarcinoma- Not Otherwise Specified (NOS),Primary Tumor,50.0,,1
TCGA-91-6840,-0.08566020330590067,-0.28286096456040405,0.4313858344625232,-0.3068089556956132,-0.10027382199726859,-0.29675508179479904,LUAD,I,Lung Adenocarcinoma- Not Otherwise Specified (NOS),Primary Tumor,50.0,0.62,1
TCGA-91-6847,0.017455673211316046,0.2335315424394739,1.4208880784378308,-0.33579088327193074,-0.03435343130576224,-0.31878059291303623,LUAD,I,Lung Adenocarcinoma- Not Otherwise Specified (NOS),Primary Tumor,,0.86,1
TCGA-91-6848,0.27479896583769453,0.42880219116002194,-0.9276850791421164,0.023918717904816825,0.321313391803291,0.023884173613794635,LUAD,III,Lung Adenocarcinoma- Not Otherwise Specified (NOS),Primary Tumor,,,1
TCGA-91-6849,-0.058433924215753955,-0.4645195709978038,0.22896725246919847,0.10008019681979816,-0.00032872329860822376,0.0922985013631138,LUAD,III,Lung Adenocarcinoma- Not Otherwise Specified (NOS),Primary Tumor,30.0,0.6,1
TCGA-91-7771,-0.07718614185075834,-0.10947878977021787,-0.551722545564755,0.17073329083431837,-0.010915039309516384,0.17176618650931474,LUAD,II,Lung Adenocarcinoma- Not Otherwise Specified (NOS),Primary Tumor,75.0,,1
TCGA-91-8496,-0.4716263216882992,-0.40674596328389967,1.2496426265755594,-0.15444583485645277,-0.4975142620926276,-0.14897851209793317,LUAD,I,Lung Bronchioloalveolar Carcinoma Nonmucinous,Primary Tumor,,,1
TCGA-91-8497,0.007586527615766442,-0.16531895728555937,0.009102757336752995,-0.022219903822133256,0.005899535488936422,-0.01299819753662158,LUAD,I,Lung Adenocarcinoma- Not Otherwise Specified (NOS),Primary Tumor,,,1
TCGA-91-8499,-0.40810774051496185,0.4560891529727971,0.32882568868295164,-0.24820923593569147,-0.4403764162502042,-0.24845671877133668,LUAD,I,Lung Adenocarcinoma- Not Otherwise Specified (NOS),Primary Tumor,90.0,,1
TCGA-91-A4BC,-0.08366948984576661,-0.17495414365219084,-1.4189799939115222,-0.14070203319340113,-0.03747099663141791,-0.14741051664314506,LUAD,II,Lung Adenocarcinoma- Not Otherwise Specified (NOS),Primary Tumor,30.0,,1
TCGA-91-A4BD,-0.4424438883570583,-0.28752362952529836,0.9513135363388182,-0.24691494720874602,-0.48744288409859954,-0.24849954199655,LUAD,II,Lung Adenocarcinoma- Not Otherwise Specified (NOS),Primary Tumor,,,1
TCGA-93-7347,0.15026753324551678,0.06387869136233741,-0.9438853969558192,-0.05943274374825153,0.184476424209139,-0.057621364031746065,LUAD,I,Lung Adenocarcinoma Mixed Subtype,Primary Tumor,11.0,,1
TCGA-93-7348,0.1220515484398014,0.11461760867666423,-0.3744618135106128,0.1349073863245242,0.11390288369242522,0.13566412599182615,LUAD,I,Lung Adenocarcinoma- Not Otherwise Specified (NOS),Primary Tumor,42.0,0.35,1
TCGA-93-8067,0.30727722681580877,0.2948642215417469,0.6112544149329212,0.09761400913146565,0.2817907429636674,0.09274432652527538,LUAD,I,Lung Adenocarcinoma- Not Otherwise Specified (NOS),FFPE Scrolls,20.0,,1
TCGA-93-A4JN,0.024290205247134485,0.14521601572387788,-0.18221740771057438,-0.056422014166227503,0.03924439254204675,-0.050347326024054936,LUAD,IV,Lung Acinar Adenocarcinoma,Primary Tumor,40.0,,1
TCGA-93-A4JO,-0.0528353109754348,0.16490211332347288,-0.31134638661046793,-0.07366735746744105,-0.026406063193742932,-0.07045090701671655,LUAD,I,Lung Adenocarcinoma Mixed Subtype,Primary Tumor,50.0,,1
TCGA-93-A4JP,0.020299188489231224,-0.02923121588520644,0.4668473898107264,-0.039681082932772324,0.05470952996833621,-0.0367311659293433,LUAD,IV,Lung Papillary Adenocarcinoma,Primary Tumor,,,1
TCGA-93-A4JQ,0.24884410544243035,0.22485284832623412,-0.7664135309534771,0.12419981165479596,0.2616259788523824,0.12674756555199085,LUAD,I,Lung Acinar Adenocarcinoma,Primary Tumor,,,1
TCGA-95-7039,0.07891466320422982,-0.10014661954969893,0.21751904920277085,0.03159663475853313,0.05530767815073189,0.03175411058743949,LUAD,II,Lung Adenocarcinoma- Not Otherwise Specified (NOS),Primary Tumor,34.0,0.42,1
TCGA-95-7043,-0.07348409290378843,-0.17422599967104768,0.4077244169172407,-0.5839720540261779,-0.09344295149071179,-0.5884563532849443,LUAD,I,Lung Adenocarcinoma Mixed Subtype,Primary Tumor,40.0,0.77,1
TCGA-95-7562,-0.002567355686210307,0.3105313939808289,0.11688381989724983,-0.0188061819695469,-0.04138824530726708,-0.02408655615602387,LUAD,II,Lung Adenocarcinoma- Not Otherwise Specified (NOS),Primary Tumor,10.0,,1
TCGA-95-7567,-0.07393930466259788,-0.023177373182734867,-0.29436415633105656,-0.23221011639448108,-0.092237693199574,-0.22621463209901718,LUAD,II,Lung Adenocarcinoma Mixed Subtype,Primary Tumor,,0.53,1
TCGA-95-7944,-0.19717992531066217,-0.010042624876968866,0.12070338217094338,-0.24704807501364676,-0.21631807138003073,-0.2559903105206534,LUAD,I,Lung Adenocarcinoma- Not Otherwise Specified (NOS),Primary Tumor,50.0,,1
TCGA-95-7947,-0.10208311428128697,0.1440715509367494,0.42087721301788034,-0.2880236172617215,-0.13391858461324235,-0.28342377688264186,LUAD,I,Lung Adenocarcinoma Mixed Subtype,Primary Tumor,100.0,,1
TCGA-95-7948,-0.37224875370302885,-0.7502927379345029,-1.092683673865907,-0.36645680911822615,-0.3796817192122857,-0.3655107908223762,LUAD,I,Lung Adenocarcinoma Mixed Subtype,Primary Tumor,0.15,,1
TCGA-95-8039,-0.016903367090926803,0.14582364072654308,0.19698347972857633,-0.10344960276606353,0.01457211768646888,-0.09928562157051217,LUAD,I,Lung Acinar Adenocarcinoma,Primary Tumor,,,1
TCGA-95-8494,0.0297709806453424,0.0836462444973192,0.631783002986805,0.25940314211505194,-0.02595605718342694,0.25656057717090786,LUAD,II,Lung Adenocarcinoma- Not Otherwise Specified (NOS),Primary Tumor,,,1
TCGA-95-A4VK,-0.30117893543486646,-0.16560929413495157,0.1610435243642036,-0.0490941230922255,-0.3647685497252204,-0.04018863951030951,LUAD,III,Lung Adenocarcinoma Mixed Subtype,Primary Tumor,45.0,,1
TCGA-95-A4VN,0.15392739425194485,-0.084666061506604,-0.5739416184945698,0.20717713708494773,0.23028154867203968,0.18995583773687752,LUAD,II,Lung Solid Pattern Predominant Adenocarcinoma,Primary Tumor,42.0,,1
TCGA-95-A4VP,-0.2888207177854166,-0.5388187480662996,-0.5248686141240625,0.06135269077284828,-0.2433049514981862,0.05172138780574448,LUAD,III,Lung Acinar Adenocarcinoma,Primary Tumor,20.0,,1
TCGA-97-7546,0.07346102836342898,-0.2630743061769071,0.5717714427795236,-0.11059400825947376,0.08137565851335186,-0.1051108895242639,LUAD,I,Lung Acinar Adenocarcinoma,Primary Tumor,25.0,0.57,1
TCGA-97-7547,0.09652966356041073,-0.108707627829848,0.37664562927164047,-0.21677008105747508,0.056015911785956704,-0.20463889738180724,LUAD,I,Lung Papillary Adenocarcinoma,Primary Tumor,30.0,,1
TCGA-97-7552,0.1485964163747325,0.28329262966299706,0.40198280410477255,-0.11675814611222035,0.16519311975745002,-0.10934070346666049,LUAD,I,Lung Bronchioloalveolar Carcinoma Mucinous,Primary Tumor,40.0,0.18,1
TCGA-97-7553,0.13252130487938077,0.0928524826538116,-0.3482598863245899,0.03475629140028516,0.25545690722561387,0.026131510788214796,LUAD,I,Lung Bronchioloalveolar Carcinoma Nonmucinous,Primary Tumor,20.0,0.3,1
TCGA-97-7554,-0.11561273922860567,0.22784457086223095,-0.7027103605663664,0.06256583720343058,-0.12028285222951872,0.07287698359387175,LUAD,III,Lung Papillary Adenocarcinoma,Primary Tumor,30.0,0.49,1
TCGA-97-7937,-0.19939931842519032,-0.31273747452068545,0.5352691265123957,-0.28535980276393197,-0.25315734984071747,-0.2795666671814273,LUAD,I,Lung Micropapillary Adenocarcinoma,Primary Tumor,35.0,,1
TCGA-97-7938,-0.20788928062097037,-0.5092162646099173,-0.29149338852216483,-0.06081109200062384,-0.1125035331438384,-0.06582910782655169,LUAD,I,Lung Bronchioloalveolar Carcinoma Nonmucinous,Primary Tumor,40.0,,1
TCGA-97-7941,0.16378394434779076,0.26545264866586454,-0.0801810254616685,0.023262913527352685,0.14665799635530474,0.032765101402617784,LUAD,I,Lung Acinar Adenocarcinoma,Primary Tumor,22.5,,1
TCGA-97-8171,-0.3838855566284186,-0.4202634899908724,0.8228159438932169,-0.5465777916353699,-0.437883794589531,-0.5469383140742795,LUAD,IV,Lung Papillary Adenocarcinoma,Primary Tumor,65.0,,1
TCGA-97-8172,0.14032443001578568,-0.1305187972686879,0.18556959826827923,-0.148271510218448,0.15431885399120288,-0.13586902941586007,LUAD,I,Lung Acinar Adenocarcinoma,Primary Tumor,20.0,,1
TCGA-97-8174,-0.08245567795641844,-0.26459212273810095,-0.12340982086675543,-0.02951062034030372,-0.08378053782716847,-0.018810503931659124,LUAD,II,Lung Papillary Adenocarcinoma,Primary Tumor,40.0,,1
TCGA-97-8175,0.07380606066596884,0.24082079622837416,0.23938695578180513,0.39395292390074343,0.13839306491651704,0.39820033815070316,LUAD,I,Lung Solid Pattern Predominant Adenocarcinoma,Primary Tumor,,,1
TCGA-97-8176,0.15328633303543562,0.012660847739198991,-0.29616704441996317,-0.1257904511758518,0.19023343662980716,-0.1353382448442082,LUAD,III,Lung Acinar Adenocarcinoma,Primary Tumor,40.0,,1
TCGA-97-8177,-0.04548099716762497,-0.049563904602138005,-0.8309346298639788,0.39476929911826314,0.016483887452068222,0.3816650298778715,LUAD,I,Lung Adenocarcinoma Mixed Subtype,Primary Tumor,,,1
TCGA-97-8179,0.08719925090256035,-0.19306955661842806,0.6991633482881401,-0.3826843576140098,0.04612921561008118,-0.3798331205517565,LUAD,I,Lung Acinar Adenocarcinoma,Primary Tumor,60.0,,1
TCGA-97-8547,0.0008139446484202125,0.17793969463121606,-1.359249539810375,0.037132094437816975,-0.03711738090694372,0.0509096537907211,LUAD,III,Lung Adenocarcinoma Mixed Subtype,Primary Tumor,,,1
TCGA-97-8552,-0.08115182692781932,-0.25871939770194724,0.3640705726768599,-0.13323124817519563,-0.09305077839051248,-0.1264318829689497,LUAD,I,Lung Bronchioloalveolar Carcinoma Nonmucinous,Primary Tumor,,,1
TCGA-97-A4LX,0.1326368756574085,0.15495953339060742,-1.0356027937213597,0.0519248339562251,0.1637800767114757,0.04795714037213973,LUAD,I,Lung Adenocarcinoma Mixed Subtype,Primary Tumor,120.0,,1
TCGA-97-A4M0,-0.011906166220266938,-0.011595747322081958,0.4478911287955892,-0.22791721107398702,-0.030814781745885308,-0.22502984988655175,LUAD,I,Lung Adenocarcinoma Mixed Subtype,Primary Tumor,34.0,,1
TCGA-97-A4M1,-0.3439977341638077,-0.3389745938854202,0.7551795646741989,-0.3295212861356321,-0.3994488702514399,-0.3181174454129845,LUAD,I,Lung Adenocarcinoma Mixed Subtype,Primary Tumor,3.0,,1
TCGA-97-A4M2,-0.0037840592965812142,-0.16777696027584746,-0.4414354957274982,-0.1702012600973808,0.07000234823704844,-0.17491256825184115,LUAD,I,Lung Adenocarcinoma Mixed Subtype,Primary Tumor,100.0,,1
TCGA-97-A4M3,0.18705063767794877,-0.46210014589239373,0.24275377316154123,0.03679924201051874,0.19492917609304003,0.030034342428671826,LUAD,I,Lung Adenocarcinoma Mixed Subtype,Primary Tumor,37.5,,1
TCGA-97-A4M5,-0.013459583131984431,-0.12228811421778955,-0.45072428092552425,-0.0583310402438235,0.01330797875222661,-0.05576378334167648,LUAD,I,Lung Adenocarcinoma Mixed Subtype,Primary Tumor,6.0,,1
TCGA-97-A4M6,0.10994206637555247,-0.2111823062202342,0.14656785207832065,-0.0717756854618726,0.13030177832924428,-0.07146733891776907,LUAD,I,Lung Adenocarcinoma Mixed Subtype,Primary Tumor,,,1
TCGA-97-A4M7,0.07597999899996878,0.001737731672262144,-0.09352937289464018,0.07083411896389054,0.08889313906103942,0.07069643977983488,LUAD,I,Lung Adenocarcinoma Mixed Subtype,Primary Tumor,40.0,,1
TCGA-99-7458,0.10538124970808121,0.2383246820767889,-0.06669977156827815,0.03163851728247611,0.07918782738381465,0.04133770312420157,LUAD,III,Lung Bronchioloalveolar Carcinoma Nonmucinous,Primary Tumor,52.0,0.36,1
TCGA-99-8025,0.0341143337287657,-0.2305087309273145,-0.794162318492449,0.0800775566787322,0.06333897026311905,0.08318009090819328,LUAD,III,Lung Adenocarcinoma- Not Otherwise Specified (NOS),Primary Tumor,20.0,,1
TCGA-99-8028,0.02258834017613942,0.025851003755423603,-1.031972099141467,0.43097016055680226,0.0842072099587872,0.42715172402735346,LUAD,I,Lung Adenocarcinoma- Not Otherwise Specified (NOS),Primary Tumor,30.0,,1
TCGA-99-8032,-0.00516022266355883,-0.0238779796961227,-0.38849269199480446,0.26754658253037394,-0.04148526542443075,0.2765285019121159,LUAD,I,Lung Adenocarcinoma- Not Otherwise Specified (NOS),Primary Tumor,90.0,,1
TCGA-99-8033,0.37277157380895004,0.20496662375028524,-0.3768855917554064,0.2458411564696643,0.39192418304885424,0.2341857360380282,LUAD,IV,Lung Adenocarcinoma- Not Otherwise Specified (NOS),Primary Tumor,,,1
TCGA-99-AA5R,-0.09697660909596546,-0.244630262480552,-0.13376360287270053,0.2404882937141565,-0.043182121005047425,0.2413180077679018,LUAD,I,Lung Adenocarcinoma- Not Otherwise Specified (NOS),Primary Tumor,46.0,,1
TCGA-J2-8192,0.1645886620794619,0.26109423919837815,-0.8589284491461223,0.4026481423499234,0.1955157716885063,0.4106298431812611,LUAD,II,Lung Adenocarcinoma- Not Otherwise Specified (NOS),Primary Tumor,,,1
TCGA-J2-8194,0.1279533859380971,-0.27982194013499784,-0.07143532546970337,0.17122428779967933,0.17377121824385386,0.16476757135016187,LUAD,II,Lung Adenocarcinoma Mixed Subtype,Primary Tumor,20.0,,1
TCGA-J2-A4AD,0.15708802414162829,0.04272801591644117,0.2986316202147681,0.0915729545069466,0.11273919530382745,0.09882561661408795,LUAD,I,Lung Adenocarcinoma- Not Otherwise Specified (NOS),Primary Tumor,120.0,,1
TCGA-J2-A4AE,0.0009752240542399853,-0.20684234350387057,0.8201666325268869,0.008924180434560398,0.01250483059114294,0.019418126351809048,LUAD,I,Lung Adenocarcinoma- Not Otherwise Specified (NOS),Primary Tumor,,,1
TCGA-J2-A4AG,0.08419875599050783,-0.25821143213532183,0.13246852249460914,0.09912479333870147,0.10958142085235897,0.09236770054552992,LUAD,I,Lung Adenocarcinoma- Not Otherwise Specified (NOS),Primary Tumor,25.0,,1
TCGA-L4-A4E5,0.006786562489375946,0.03472599058925579,0.10279372925786394,-0.23588717723835503,-0.05127968167698592,-0.23478676984520197,LUAD,I,Lung Adenocarcinoma- Not Otherwise Specified (NOS),Primary Tumor,33.0,,1
TCGA-L4-A4E6,0.01946420382564168,-0.13890100157855556,-0.7313922128567567,0.04772816017575524,0.15767474950902835,0.03777733132282306,LUAD,I,Lung Adenocarcinoma- Not Otherwise Specified (NOS),Primary Tumor,30.0,,1
TCGA-L9-A443,-0.14772267060976585,0.1311611318926779,0.06388861040595943,0.021202569533557526,-0.1981805340815419,0.03477925863772703,LUAD,I,Lung Adenocarcinoma- Not Otherwise Specified (NOS),Primary Tumor,90.0,,1
TCGA-L9-A444,-0.18541398161216424,0.04584006736611948,-0.6267869559784683,-0.038334725436448856,-0.19697328948038326,-0.030751357939441233,LUAD,I,Lung Adenocarcinoma- Not Otherwise Specified (NOS),Primary Tumor,10.0,,1
TCGA-L9-A50W,-0.0271716675323849,-0.004599384183162325,0.08651514014054769,-0.025302140621227476,-0.040230280205707375,-0.020859649745723033,LUAD,II,Lung Adenocarcinoma Mixed Subtype,Primary Tumor,19.0,,1
TCGA-L9-A5IP,0.3908616101725458,-0.4044148594261153,-0.33757797101360554,0.34954559798245394,0.4319707980943603,0.3294417049558356,LUAD,IV,Lung Adenocarcinoma- Not Otherwise Specified (NOS),Primary Tumor,,,1
TCGA-L9-A743,0.14776687033126387,0.07440850070590116,-0.7534768952562639,0.38035711830297536,0.21777151951710855,0.3762323282243244,LUAD,II,Lung Adenocarcinoma- Not Otherwise Specified (NOS),Primary Tumor,40.5,,1
TCGA-L9-A7SV,-0.10382986837413576,-0.48942351715917226,1.5210284704998307,-0.4879936986872315,-0.16142961342900344,-0.46772317268769675,LUAD,II,Lung Adenocarcinoma- Not Otherwise Specified (NOS),Primary Tumor,93.0,,1
TCGA-L9-A8F4,0.2356140852979597,-0.10237706623041506,-0.17139266567575132,0.028746187262929518,0.23096942970135845,0.02206695312543206,LUAD,I,Lung Adenocarcinoma- Not Otherwise Specified (NOS),Primary Tumor,14.0,,1
TCGA-MN-A4N1,-0.1548991912461032,-0.19522767514205597,0.1624071701638269,-0.21858137818608406,-0.20357373337648593,-0.215441732690415,LUAD,II,Lung Adenocarcinoma- Not Otherwise Specified (NOS),Primary Tumor,,,1
TCGA-MN-A4N4,-0.09450738937964398,-0.17420016012601078,-1.6073937102352645,0.21416853029775657,-0.0336238519219844,0.2036816663168393,LUAD,I,Lung Adenocarcinoma- Not Otherwise Specified (NOS),Primary Tumor,,,1
TCGA-MN-A4N5,0.033362997321438805,0.05648908336140779,-0.20451802862239174,-0.009064169161566257,0.06075504067272231,-0.012584590874792924,LUAD,I,Lung Adenocarcinoma- Not Otherwise Specified (NOS),Primary Tumor,,,1
TCGA-MP-A4SV,0.20530162144415967,0.36099130621048486,0.12432740792414086,0.013256860242028642,0.19948217514788702,0.011424216690244455,LUAD,I,Lung Adenocarcinoma- Not Otherwise Specified (NOS),Primary Tumor,110.0,,1
TCGA-MP-A4SW,0.05962979166225725,0.10857312641508028,-0.7391103574969642,0.054846443539333316,0.1042709483938317,0.042545930609086076,LUAD,II,Lung Adenocarcinoma- Not Otherwise Specified (NOS),Primary Tumor,15.0,,1
TCGA-MP-A4SY,0.29133062395243403,0.10924097373618556,-1.1475841563692255,0.2329038968250916,0.323893407528461,0.2290049242511297,LUAD,II,Lung Adenocarcinoma- Not Otherwise Specified (NOS),Primary Tumor,40.0,,1
TCGA-MP-A4T4,0.26552666083082144,0.1700419740264105,-0.8444566997899962,0.13868873018877928,0.3008914772004054,0.140706824716383,LUAD,II,Lung Adenocarcinoma- Not Otherwise Specified (NOS),Primary Tumor,50.0,,1
TCGA-MP-A4T6,-0.12774474434529615,-0.31630013438454546,1.0175990697916129,-0.4747646481154507,-0.19453555598041355,-0.4690851844911386,LUAD,III,Lung Adenocarcinoma- Not Otherwise Specified (NOS),Primary Tumor,50.0,,1
TCGA-MP-A4T7,0.06917766098175554,-0.16293417108102531,0.05279685701852033,0.23758697471201362,0.08464612891348294,0.22857512359768065,LUAD,IV,Lung Adenocarcinoma- Not Otherwise Specified (NOS),Primary Tumor,50.0,,1
TCGA-MP-A4T8,-0.08339619364335776,-0.08609085131869566,-0.2471505156691476,0.047165014756985466,-0.12671590228741017,0.052104637684588125,LUAD,III,Lung Adenocarcinoma- Not Otherwise Specified (NOS),Primary Tumor,25.0,,1
TCGA-MP-A4T9,-0.008508829490452952,0.04726503943409286,-0.7692666844470617,0.2778529217609725,0.041581576629809304,0.27892073992572397,LUAD,III,Lung Adenocarcinoma- Not Otherwise Specified (NOS),Primary Tumor,24.0,,1
TCGA-MP-A4TA,0.16185734751177824,-0.21580024325712815,-0.04391862216989232,-0.1985946861615014,0.17550642736000638,-0.20771185041800702,LUAD,I,Lung Adenocarcinoma- Not Otherwise Specified (NOS),Primary Tumor,55.0,,1
TCGA-MP-A4TC,-0.07554735309976927,0.14978076887555022,-2.0116566762994204,0.29084584766573923,-0.0010615948246639093,0.28004413526335864,LUAD,III,Lung Adenocarcinoma- Not Otherwise Specified (NOS),Primary Tumor,125.0,,1
TCGA-MP-A4TD,0.12957136985060116,-0.27774773974243605,-0.5899371096651757,0.11491885567092429,0.12222994579266451,0.11602448969814921,LUAD,III,Lung Adenocarcinoma- Not Otherwise Specified (NOS),Primary Tumor,20.0,,1
TCGA-MP-A4TE,-0.04946395007020529,-0.2725350624135077,0.2795438593878002,-0.2124483291487295,-0.0625144821226921,-0.21914979641868904,LUAD,II,Lung Adenocarcinoma- Not Otherwise Specified (NOS),Primary Tumor,40.0,,1
TCGA-MP-A4TF,-0.11402066604226543,0.5580921037261527,0.43243942135422886,0.19338949617618498,-0.1786021556717502,0.19929656626710104,LUAD,II,Lung Adenocarcinoma- Not Otherwise Specified (NOS),Primary Tumor,40.0,,1
TCGA-MP-A4TH,-0.047203901996937775,-0.28801196854963357,0.16939104526869322,-0.2760396626056703,-0.04607471550016114,-0.26441046839569426,LUAD,I,Lung Adenocarcinoma- Not Otherwise Specified (NOS),Primary Tumor,20.0,,1
TCGA-MP-A4TI,0.13122788730753937,0.3367938613022238,-1.2983203283589075,0.262901726037195,0.16060057733900926,0.25953179159802653,LUAD,II,Lung Adenocarcinoma- Not Otherwise Specified (NOS),Primary Tumor,35.0,,1
TCGA-MP-A4TJ,-0.022068620007818257,-0.015131638799409335,-0.8520146061377011,0.1988880479918226,0.03663601771505315,0.194089510856618,LUAD,I,Lung Signet Ring Adenocarcinoma,Primary Tumor,,,1
TCGA-MP-A4TK,-0.006047363959297878,0.18385496960429012,-1.0201476767305884,0.5632191697520981,0.01880646009070322,0.5711094522918269,LUAD,II,Lung Adenocarcinoma- Not Otherwise Specified (NOS),Primary Tumor,28.0,,1
TCGA-MP-A5C7,-0.004327614072460202,-0.4844443736181002,1.003772513341331,-0.5011035937009101,-0.07783575144239022,-0.4858485823806111,LUAD,I,Lung Adenocarcinoma- Not Otherwise Specified (NOS),Primary Tumor,15.0,,1
TCGA-NJ-A4YF,-0.15940388879854747,-0.5284685017449685,0.508009671959298,-0.032818856646337505,-0.2765255498382682,-0.02671269971719127,LUAD,I,Lung Adenocarcinoma Mixed Subtype,Primary Tumor,30.0,,1
TCGA-NJ-A4YG,-0.08808315895916527,-0.09492310545600716,-0.7224764196542094,-0.23706096192408657,-0.07937940500247759,-0.23762266588882533,LUAD,I,Lung Adenocarcinoma- Not Otherwise Specified (NOS),Primary Tumor,104.0,,1
TCGA-NJ-A4YI,-0.2005672722047822,-0.03852012761757299,0.0428641595884669,-0.44545133710607315,-0.22441555549916908,-0.448064030402309,LUAD,III,Lung Papillary Adenocarcinoma,Primary Tumor,3.0,,1
TCGA-NJ-A4YP,-0.15513480314837083,-0.10091389248678798,-1.434847697932818,-0.01309732939842003,-0.12926662527325772,-0.02331029029832241,LUAD,I,Lung Papillary Adenocarcinoma,Primary Tumor,60.0,,1
TCGA-NJ-A4YQ,0.14854459497992792,0.2935530961403973,0.13545158163343032,-0.07905161042302611,0.1217015810336516,-0.08575349767032588,LUAD,I,Lung Adenocarcinoma- Not Otherwise Specified (NOS),Primary Tumor,40.0,,1
TCGA-NJ-A55A,-0.15955747307098606,-0.24324902480452265,0.06961590380397169,-0.23679247556246738,-0.16707066268732257,-0.22238922941970826,LUAD,I,Lung Adenocarcinoma- Not Otherwise Specified (NOS),Primary Tumor,25.0,,1
TCGA-NJ-A55O,-0.1098293694936817,0.02619084173682799,0.22753426748225636,-0.05606490560307586,-0.11812036667898543,-0.050126842472540296,LUAD,II,Mucinous (Colloid) Carcinoma,Primary Tumor,30.0,,1
TCGA-NJ-A55R,0.3974163515089457,-0.16866509548016273,0.006322987694923936,0.08207650485865615,0.3532799030832632,0.08836116467381906,LUAD,I,Lung Adenocarcinoma- Not Otherwise Specified (NOS),Primary Tumor,5.0,,1
TCGA-NJ-A7XG,-0.13126595006428138,0.051398304559132336,1.5001093106089411,-0.29040825330846287,-0.18814599604536272,-0.2817915169310632,LUAD,III,Lung Adenocarcinoma- Not Otherwise Specified (NOS),Primary Tumor,,,1
TCGA-O1-A52J,0.0271928585220538,-0.5186291969118451,0.8978848353466707,-0.017422612526646224,-0.005684498432028656,-0.022544794942607266,LUAD,I,Lung Adenocarcinoma- Not Otherwise Specified (NOS),Primary Tumor,45.0,,1
TCGA-S2-AA1A,0.14909370449364903,0.04544760387336612,0.0037799518911030283,0.09585552441239217,0.1336977215141144,0.10511709926533824,LUAD,I,Lung Bronchioloalveolar Carcinoma Mucinous,Primary Tumor,95.0,,1
TCGA-18-3406,-0.43905296170103425,0.12597772028879878,0.4499625322357979,0.4252802541245953,-0.4799776049510434,0.4215790403385151,LUSC,I,Lung Squamous Cell Carcinoma- Not Otherwise Specified (NOS),Primary Tumor,200.0,,1
TCGA-18-3407,0.17926410702475973,0.047956253835479724,-0.2345715398254338,0.17626401843368109,0.19170505700557583,0.1709474450613402,LUSC,I,Lung Squamous Cell Carcinoma- Not Otherwise Specified (NOS),Primary Tumor,40.0,,1
TCGA-18-3408,-0.24995001574061843,-0.06284267787730605,1.4340387893210267,-0.22346843045865866,-0.24669245437858722,-0.21745965499834063,LUSC,I,Lung Squamous Cell Carcinoma- Not Otherwise Specified (NOS),Primary Tumor,30.0,,1
TCGA-18-3409,-0.16077303235277712,0.2585309482964713,-1.2029524954719593,0.2728965954125825,-0.15727394505544004,0.27888689834468794,LUSC,I,Lung Basaloid Squamous Cell Carcinoma,Primary Tumor,20.0,,1
TCGA-18-3410,-0.05652772978106314,-0.17260090270331283,0.8096201137891894,-0.060190778533883944,-0.037964916501782346,-0.052341749913850114,LUSC,II,Lung Squamous Cell Carcinoma- Not Otherwise Specified (NOS),Primary Tumor,,,1
TCGA-18-3411,-0.028881671360518436,-0.02999589071575314,-0.3597507758590242,-0.0988482834648692,0.017805805649413843,-0.11390650520514897,LUSC,III,Lung Squamous Cell Carcinoma- Not Otherwise Specified (NOS),Primary Tumor,50.0,,1
TCGA-18-3412,-0.005883792623543072,0.02976192123580137,0.5053848742553368,-0.16903958235925606,-0.03763910026381534,-0.17610577262229543,LUSC,I,Lung Squamous Cell Carcinoma- Not Otherwise Specified (NOS),Primary Tumor,25.0,,1
TCGA-18-3414,-0.23413450888723716,-0.16273745267737988,0.08593599682454267,0.029450854086730524,-0.27981813851431664,0.036207431768160166,LUSC,IV,Lung Squamous Cell Carcinoma- Not Otherwise Specified (NOS),Primary Tumor,25.0,,1
TCGA-18-3415,0.05394561863776648,-0.13364683038298358,-0.9247126454654079,0.16482910461284553,0.1424660617853811,0.1344055690806337,LUSC,I,Lung Squamous Cell Carcinoma- Not Otherwise Specified (NOS),Primary Tumor,30.0,,1
TCGA-18-3416,0.15430796565827223,0.18748898324536484,1.4125266050278447,-0.3284407322203404,0.12068652700686563,-0.3386625797667971,LUSC,II,Lung Squamous Cell Carcinoma- Not Otherwise Specified (NOS),Primary Tumor,40.0,,1
TCGA-18-3417,-0.37238848336659613,0.178036048256501,-0.4755494550540362,0.24033872016800512,-0.42009228323970227,0.2306012211916005,LUSC,IV,Lung Squamous Cell Carcinoma- Not Otherwise Specified (NOS),Primary Tumor,25.0,,1
TCGA-18-3419,-0.24276579339185037,0.43711917025167357,1.148898707463746,-0.21233689891057142,-0.29437329996075134,-0.2063876144496059,LUSC,II,Lung Squamous Cell Carcinoma- Not Otherwise Specified (NOS),Primary Tumor,50.0,,1
TCGA-18-3421,-0.50630370191162,0.38441280434402686,0.8066735566809218,0.012245914039718631,-0.5823030693791349,0.009726723087899378,LUSC,I,Lung Squamous Cell Carcinoma- Not Otherwise Specified (NOS),Primary Tumor,40.0,,1
TCGA-18-4083,-0.008799793823108732,-0.21019740026130804,0.030020412861531603,-0.13045985888078512,-0.023478743217950793,-0.13163228769789784,LUSC,II,Lung Squamous Cell Carcinoma- Not Otherwise Specified (NOS),Primary Tumor,45.0,,1
TCGA-18-4086,0.1254790077478881,-0.16778298121781976,-1.1539478663464717,0.03616912259546405,0.2333366745735132,0.01073330248383222,LUSC,I,Lung Squamous Cell Carcinoma- Not Otherwise Specified (NOS),Primary Tumor,30.0,,1
TCGA-18-4721,0.0381208813750934,0.139920517834911,-0.2929978176008272,-0.14258469124814693,0.06415789031600111,-0.1529784037689767,LUSC,I,Lung Squamous Cell Carcinoma- Not Otherwise Specified (NOS),Primary Tumor,,,1
TCGA-18-5592,0.4686690406822048,-0.2282584123040414,-0.15279148632874717,0.03701289154846576,0.5043260836570893,0.03179633158100118,LUSC,II,Lung Squamous Cell Carcinoma- Not Otherwise Specified (NOS),Primary Tumor,40.0,,1
TCGA-18-5595,0.27630395323610507,-0.026466971687674454,1.3021473651054587,0.18015493536246535,0.2243552419103527,0.17725975558986864,LUSC,I,Lung Squamous Cell Carcinoma- Not Otherwise Specified (NOS),Primary Tumor,,,1
TCGA-21-1070,0.017812638466478594,0.28759887006931195,0.15788823988359404,-0.030441046388840706,0.039547069505994695,-0.025643479228852982,LUSC,III,Lung Squamous Cell Carcinoma- Not Otherwise Specified (NOS),Primary Tumor,15.0,,1
TCGA-21-1071,0.5588935978642188,0.13700606714786048,0.12399420440125132,0.05904979715802214,0.5685815027474862,0.06255459568627021,LUSC,I,Lung Squamous Cell Carcinoma- Not Otherwise Specified (NOS),Primary Tumor,90.0,,1
TCGA-21-1072,0.035232862454238914,0.03454032106021299,0.9816928725045834,0.04731376620789228,-0.021930878853481627,0.04769084828854179,LUSC,I,Lung Squamous Cell Carcinoma- Not Otherwise Specified (NOS),Primary Tumor,,,1
TCGA-21-1075,0.021786282453678547,-0.03595886049792963,0.9635143784562946,0.13595366992744734,0.026642225031286486,0.12504840704254214,LUSC,II,Lung Squamous Cell Carcinoma- Not Otherwise Specified (NOS),Primary Tumor,74.0,,1
TCGA-21-1076,0.14890374988931557,0.1408517676742584,-0.48632406159309927,0.1796055290888753,0.22266873046433974,0.18969376481873373,LUSC,I,Lung Squamous Cell Carcinoma- Not Otherwise Specified (NOS),Primary Tumor,35.0,,1
TCGA-21-1077,0.1817342929082108,-0.1582491937744806,-0.5599920141265465,0.2851281410747648,0.22429387049614047,0.2815897582363223,LUSC,II,Lung Squamous Cell Carcinoma- Not Otherwise Specified (NOS),Primary Tumor,56.0,,1
TCGA-21-1078,-0.31264525491949274,-0.41887433191523266,2.0657027369535688,-0.4871659873034011,-0.4477870798536521,-0.47600190962929545,LUSC,I,Lung Squamous Cell Carcinoma- Not Otherwise Specified (NOS),Primary Tumor,9.0,,1
TCGA-21-1079,-0.33871040029520666,0.2630184643114719,-0.6739749995411803,0.15211539788085995,-0.3487952377908172,0.15091111046348962,LUSC,III,Lung Squamous Cell Carcinoma- Not Otherwise Specified (NOS),Primary Tumor,80.0,,1
TCGA-21-1080,-0.2521702676871365,-0.010603145573854873,0.5127721449078747,-0.4295620933366103,-0.2996330712021234,-0.4252049929583319,LUSC,I,Lung Squamous Cell Carcinoma- Not Otherwise Specified (NOS),Primary Tumor,100.0,,1
TCGA-21-1081,0.07271699070164428,-0.09174850590507963,-0.22915298899308997,-0.2239205125422717,0.018232932312865626,-0.23217471523732558,LUSC,II,Lung Squamous Cell Carcinoma- Not Otherwise Specified (NOS),Primary Tumor,45.0,,1
TCGA-21-1082,-0.33500471587989755,0.08331351762028702,-0.345707708754343,-0.10494720293824465,-0.34350936979688673,-0.0980003131545774,LUSC,I,Lung Squamous Cell Carcinoma- Not Otherwise Specified (NOS),Primary Tumor,,,1
TCGA-21-1083,0.6640194957342266,0.2152672621136079,-0.328512958296985,0.0057237644652439025,0.7103763452645538,-0.0058567464921872115,LUSC,I,Lung Squamous Cell Carcinoma- Not Otherwise Specified (NOS),Primary Tumor,240.0,,1
TCGA-21-5782,0.2351973120280764,0.4021648121140537,-0.6621641176054358,0.5709305158760639,0.1899868594437805,0.5748563259035231,LUSC,I,Lung Squamous Cell Carcinoma- Not Otherwise Specified (NOS),Primary Tumor,48.0,,1
TCGA-21-5783,-0.020877827446638103,0.39298581911535496,-0.3392983356719987,0.2021132576312534,-0.08639686645979161,0.21563225566344463,LUSC,I,Lung Squamous Cell Carcinoma- Not Otherwise Specified (NOS),Primary Tumor,,,1
TCGA-21-5784,-0.31249592205580956,-0.2998340142499432,-0.028239397679086776,0.203896821111815,-0.3064213439978972,0.19947191264762665,LUSC,I,Lung Squamous Cell Carcinoma- Not Otherwise Specified (NOS),Primary Tumor,14.0,,1
TCGA-21-5786,-0.12547236457214356,0.461446987788225,-0.38454144856653133,0.20862456037035265,-0.19809938408004404,0.22567245182638174,LUSC,I,Lung Squamous Cell Carcinoma- Not Otherwise Specified (NOS),Primary Tumor,75.0,,1
TCGA-21-5787,-0.2639229046790418,-0.31040806264214194,0.21768378517959472,-0.1809377012035373,-0.3068289777599092,-0.18687606297066284,LUSC,III,Lung Squamous Cell Carcinoma- Not Otherwise Specified (NOS),Primary Tumor,100.0,,1
TCGA-21-A5DI,0.0622202423150782,0.14532767233212693,0.18880185101390853,0.2773369671361742,-0.0031653646365696836,0.2856505162570593,LUSC,I,Lung Squamous Cell Carcinoma- Not Otherwise Specified (NOS),Primary Tumor,,,1
TCGA-22-0940,-0.010634382011531234,-0.2856616977092314,-0.09210490644955856,0.07485991490633738,0.02532300368913221,0.07185460808964468,LUSC,II,Lung Squamous Cell Carcinoma- Not Otherwise Specified (NOS),Primary Tumor,25.0,,1
TCGA-22-0944,0.17503724326888812,-0.03735064552665263,0.3711418992072204,-0.009245694268021574,0.16361552186354994,-0.0169521027585994,LUSC,I,Lung Squamous Cell Carcinoma- Not Otherwise Specified (NOS),Primary Tumor,38.0,,1
TCGA-22-1000,0.04281162759538102,0.13663205232309353,-1.3270319792348213,0.24830468615837234,0.06730513588668821,0.251532784136199,LUSC,I,Lung Squamous Cell Carcinoma- Not Otherwise Specified (NOS),Primary Tumor,40.0,,1
TCGA-22-1002,-0.20088323696255803,-0.04334232146022399,0.19976761366423487,0.07165567494975723,-0.19319030294147974,0.07285955741279214,LUSC,I,Lung Squamous Cell Carcinoma- Not Otherwise Specified (NOS),Primary Tumor,85.0,,1
TCGA-22-1005,-0.31214079253728616,-0.13546862337808172,-0.5909331275603975,0.05335633084150397,-0.3137281294229132,0.0519403463929614,LUSC,I,Lung Squamous Cell Carcinoma- Not Otherwise Specified (NOS),Primary Tumor,40.0,,1
TCGA-22-1011,0.09057605315299641,0.27838808285922595,0.438716112041488,0.22463422161787586,0.07168899362423581,0.22538944282615075,LUSC,I,Lung Squamous Cell Carcinoma- Not Otherwise Specified (NOS),Primary Tumor,83.0,,1
TCGA-22-1012,-0.20544346092846172,0.01588609606740862,-0.21515159465798137,0.18828443194417413,-0.18814453391844968,0.18431965383405752,LUSC,I,Lung Squamous Cell Carcinoma- Not Otherwise Specified (NOS),Primary Tumor,60.0,,1
TCGA-22-1016,-0.0812473337385581,-0.08816702155848487,-1.0128331883937542,0.1427594182106188,0.050869339543055614,0.12590708919341248,LUSC,I,Lung Squamous Cell Carcinoma- Not Otherwise Specified (NOS),Primary Tumor,40.0,,1
TCGA-22-1017,-0.10299339251116782,0.16195981204359722,0.6946039121594542,0.08530151538614934,-0.08983369444669845,0.08216856946116041,LUSC,I,Lung Squamous Cell Carcinoma- Not Otherwise Specified (NOS),Primary Tumor,,,1
TCGA-22-4591,0.07622999734300277,0.3008850399632526,0.9965945082464996,0.13817397178133833,0.04034012305981886,0.1356682159242214,LUSC,III,Lung Squamous Cell Carcinoma- Not Otherwise Specified (NOS),Primary Tumor,,,1
TCGA-22-4593,-0.03750188275472776,-0.17946263954695152,-0.31160493448132526,0.11767680221481912,-0.08608466014386057,0.11156189651783563,LUSC,II,Lung Squamous Cell Carcinoma- Not Otherwise Specified (NOS),Primary Tumor,30.0,,1
TCGA-22-4594,-0.006164699378130647,-0.35507264332023153,-0.27565299360546813,-0.19580173336572973,0.019918673679199007,-0.20439544063630194,LUSC,III,Lung Squamous Cell Carcinoma- Not Otherwise Specified (NOS),Primary Tumor,40.0,,1
TCGA-22-4595,-0.24053070299460833,0.5142991569240312,-0.4747505720437566,0.04286451325619351,-0.26658962438759554,0.046968929266498136,LUSC,III,Lung Squamous Cell Carcinoma- Not Otherwise Specified (NOS),Primary Tumor,37.0,,1
TCGA-22-4596,-0.10202205043736559,-0.018728949474595736,-0.8596909092873356,0.24162360728891216,-0.06291583610552427,0.23494269720297328,LUSC,I,Lung Squamous Cell Carcinoma- Not Otherwise Specified (NOS),Primary Tumor,40.0,,1
TCGA-22-4599,0.09760198969025347,0.3539532794651511,0.3306465975456717,0.05813960990035466,0.09565972557296083,0.05801742369466221,LUSC,I,Lung Squamous Cell Carcinoma- Not Otherwise Specified (NOS),Primary Tumor,25.0,,1
TCGA-22-4601,0.3383704973148881,0.12768835921906063,1.0122778951446003,0.02165641665299203,0.3271055442190917,0.031086869252675307,LUSC,III,Lung Squamous Cell Carcinoma- Not Otherwise Specified (NOS),Primary Tumor,60.0,,1
TCGA-22-4604,0.11278125875428777,-0.03556815054568888,-0.5981737253427063,0.1575128674562362,0.1537024941334004,0.15910246414550966,LUSC,II,Lung Squamous Cell Carcinoma- Not Otherwise Specified (NOS),Primary Tumor,50.0,,1
TCGA-22-4605,0.3893959143333915,-0.2095342117812783,-0.6634883228582122,0.34435242715490594,0.4738123964669758,0.3373063057899086,LUSC,I,Lung Squamous Cell Carcinoma- Not Otherwise Specified (NOS),Primary Tumor,75.0,,1
TCGA-22-4607,-0.4211638291632409,0.046484021266154855,0.12610959072289493,-0.1471154608253164,-0.485852646621197,-0.14997395224654456,LUSC,I,Lung Squamous Cell Carcinoma- Not Otherwise Specified (NOS),Primary Tumor,20.0,,1
TCGA-22-4609,0.12291499709744798,0.00471191523943774,-0.8869412762397183,0.25042894383267456,0.17719657944500067,0.24482076791500038,LUSC,I,Lung Squamous Cell Carcinoma- Not Otherwise Specified (NOS),Primary Tumor,77.0,,1
TCGA-22-4613,-0.025304698279250887,0.0037541835569002047,0.5369217245783929,-0.2259216952783085,-0.03332114455483675,-0.22577246481463545,LUSC,I,Lung Squamous Cell Carcinoma- Not Otherwise Specified (NOS),Primary Tumor,30.0,,1
TCGA-22-5471,-0.038056861798599906,-0.16712196788812028,0.019569174859133082,-0.12271423467738302,-0.051406225407191,-0.12278859308661158,LUSC,I,Lung Squamous Cell Carcinoma- Not Otherwise Specified (NOS),Primary Tumor,50.0,,1
TCGA-22-5472,-0.08330089057335739,-0.18356138733337854,0.3887447499155188,-0.18238500421625897,-0.06550097461290949,-0.18596201508845042,LUSC,I,Lung Squamous Cell Carcinoma- Not Otherwise Specified (NOS),Primary Tumor,35.0,,1
TCGA-22-5473,0.14512281319659223,-0.04166130588032957,-0.8745690676435799,0.19586918583368482,0.18050696137486819,0.19478650260648353,LUSC,unknown,Lung Squamous Cell Carcinoma- Not Otherwise Specified (NOS),Primary Tumor,45.0,,1
TCGA-22-5474,0.35666610767681817,-0.057535028189286734,-0.5189422637722735,-0.005794667493343418,0.38438114925461075,-0.006676327846583418,LUSC,I,Lung Squamous Cell Carcinoma- Not Otherwise Specified (NOS),Primary Tumor,50.0,,1
TCGA-22-5477,0.30199307093469907,0.29869531022048296,0.5843217655400795,0.01228234926461934,0.2856027352081763,0.018111089498631716,LUSC,I,Lung Squamous Cell Carcinoma- Not Otherwise Specified (NOS),Primary Tumor,100.0,,1
TCGA-22-5478,-0.09985468659964364,0.3683734283083211,0.14787766844130626,0.3217358187488951,-0.12678597962423774,0.3288813092988847,LUSC,I,Lung Squamous Cell Carcinoma- Not Otherwise Specified (NOS),Primary Tumor,,,1
TCGA-22-5479,-0.04922380062587625,-0.19181718843701784,-1.3306684998408322,-0.10221851705654376,0.02572588300273948,-0.12304490888689576,LUSC,I,Lung Squamous Cell Carcinoma- Not Otherwise Specified (NOS),Primary Tumor,35.0,,1
TCGA-22-5480,0.11488911816044287,0.009474312502642716,-0.09514637157450066,0.048145019241349625,0.13330302879671665,0.06017094073129563,LUSC,I,Lung Squamous Cell Carcinoma- Not Otherwise Specified (NOS),Primary Tumor,50.0,,1
TCGA-22-5481,-0.3058233158256847,-0.02300684515255232,0.5625060085922254,-0.46881116728890204,-0.3472240252121844,-0.46566822145202746,LUSC,II,Lung Squamous Cell Carcinoma- Not Otherwise Specified (NOS),Primary Tumor,75.0,,1
TCGA-22-5482,0.3559130480679742,0.04286557682558778,-0.4374328151902192,0.2595997412666646,0.3674586393904792,0.2657462387812864,LUSC,I,Lung Squamous Cell Carcinoma- Not Otherwise Specified (NOS),Primary Tumor,60.0,,1
TCGA-22-5483,0.10838391097031572,-0.0832745778737041,-0.3899087178736729,-0.10551548258316763,0.14123852465304895,-0.10723994189694869,LUSC,II,Lung Squamous Cell Carcinoma- Not Otherwise Specified (NOS),Primary Tumor,50.0,,1
TCGA-22-5485,0.37455985224190946,-0.2458952111227545,0.3259376353779628,0.011095232966990226,0.39749363743075034,-0.002776646601622733,LUSC,I,Lung Squamous Cell Carcinoma- Not Otherwise Specified (NOS),Primary Tumor,60.0,,1
TCGA-22-5489,0.04056201405836844,0.177372256045126,-0.2440574607536338,0.17640019724886918,0.040715106065597514,0.1862801455730564,LUSC,I,Lung Squamous Cell Carcinoma- Not Otherwise Specified (NOS),Primary Tumor,70.0,,1
TCGA-22-5491,-0.09831894065851587,-0.16661819035090672,1.507689160759102,-0.3304523145268247,-0.12590450639885123,-0.33340578425165673,LUSC,I,Lung Squamous Cell Carcinoma- Not Otherwise Specified (NOS),Primary Tumor,57.0,,1
TCGA-22-5492,-0.11971123162105983,0.12189293024956048,0.1881697369693958,0.05257239820037486,-0.1319327904138039,0.0503299881926183,LUSC,III,Lung Squamous Cell Carcinoma- Not Otherwise Specified (NOS),Primary Tumor,50.0,,1
TCGA-22-A5C4,-0.034731830430660124,0.07244420045770615,0.4845562975094247,0.1468248579763018,-0.05781727949928497,0.14913630721698726,LUSC,II,Lung Squamous Cell Carcinoma- Not Otherwise Specified (NOS),Primary Tumor,80.0,,1
TCGA-33-4532,-0.043494184070222236,0.1428262376401364,1.2829075409666924,-0.0541119830547832,-0.0855579034492917,-0.06494682681637562,LUSC,I,Lung Squamous Cell Carcinoma- Not Otherwise Specified (NOS),Primary Tumor,53.0,,1
TCGA-33-4533,-0.23144778871592725,0.1433192629561298,-0.09401618167127702,0.19077329417527714,-0.23895864063585862,0.20504459246455825,LUSC,I,Lung Squamous Cell Carcinoma- Not Otherwise Specified (NOS),Primary Tumor,50.0,,1
TCGA-33-4538,0.18700209274648874,-0.23697228134161688,0.17662948235119333,-0.09773771836936654,0.28131150549653744,-0.11420703328295607,LUSC,III,Lung Squamous Cell Carcinoma- Not Otherwise Specified (NOS),Primary Tumor,51.0,,1
TCGA-33-4547,0.09228613808833747,0.15711350221509776,0.07180504636182235,0.05226694741033268,0.10029812247964787,0.06881240017129235,LUSC,I,Lung Squamous Cell Carcinoma- Not Otherwise Specified (NOS),Primary Tumor,40.0,,1
TCGA-33-4566,-0.5489066555232192,-0.5071202443273134,-1.4811974602569251,-0.4566410383572617,-0.38708965418713254,-0.4902926349232613,LUSC,I,Lung Squamous Cell Carcinoma- Not Otherwise Specified (NOS),Primary Tumor,20.0,,1
TCGA-33-4579,-0.4720183629425862,-0.5482603178262614,1.7809985614684223,-0.9582913554685407,-0.5431725906604331,-0.9546234046202161,LUSC,unknown,nan,Primary Tumor,,,1
TCGA-33-4582,-0.4575065531158229,0.2986318090363088,1.3053534602254204,-0.10115842441522693,-0.56242697573913,-0.09749602841761526,LUSC,I,Lung Squamous Cell Carcinoma- Not Otherwise Specified (NOS),Primary Tumor,86.0,,1
TCGA-33-4583,0.0540032259854695,-0.14401496646976414,0.9691789672411101,-0.24209590853241994,0.058022577001248084,-0.26867540088640024,LUSC,I,Lung Squamous Cell Carcinoma- Not Otherwise Specified (NOS),Primary Tumor,46.0,,1
TCGA-33-4586,0.35018129044569646,-0.03488284796562775,-0.6620473708415374,-0.06362421528252153,0.3955361399275827,-0.07852382794109139,LUSC,III,Lung Squamous Cell Carcinoma- Not Otherwise Specified (NOS),Primary Tumor,108.0,,1
TCGA-33-4587,-0.028662639952344474,0.0964064905417831,0.6204592859010639,-0.05473015870693515,-0.08473428809211028,-0.042731232516630524,LUSC,I,Lung Small Cell Squamous Cell Carcinoma,Primary Tumor,,,1
TCGA-33-4589,-0.7292892517685122,0.29997857797618865,0.9964846687988702,-0.15613212264579315,-0.8484508268865665,-0.1572692042076284,LUSC,II,Lung Squamous Cell Carcinoma- Not Otherwise Specified (NOS),Primary Tumor,45.0,,1
TCGA-33-6737,0.03363396772917152,-0.24781622778267703,-0.08104951165833851,0.3075320167314278,0.07373030426746763,0.29869181427221586,LUSC,III,Lung Squamous Cell Carcinoma- Not Otherwise Specified (NOS),Primary Tumor,20.0,,1
TCGA-33-6738,0.03652372385888889,0.011089080588894653,-0.06392662818828378,-0.1405261063958201,0.021669569491146148,-0.14880913489141245,LUSC,III,Lung Squamous Cell Carcinoma- Not Otherwise Specified (NOS),Primary Tumor,50.0,,1
TCGA-33-A4WN,0.20504905762091585,0.05121502454281204,-0.032108127349167716,-0.11984752256594565,0.20944848519450027,-0.11909451840331967,LUSC,I,Lung Squamous Cell Carcinoma- Not Otherwise Specified (NOS),Primary Tumor,60.0,,1
TCGA-33-A5GW,0.1509144133427787,0.0272271682138247,1.1118546277570165,-0.2521000271062371,0.09104999323902335,-0.2501151232135342,LUSC,II,Lung Squamous Cell Carcinoma- Not Otherwise Specified (NOS),Primary Tumor,50.0,,1
TCGA-33-AAS8,0.2557279939336197,-0.2291459123253409,1.0008411892506348,-0.11781337535292842,0.25031672344311995,-0.11983496789541187,LUSC,I,Lung Squamous Cell Carcinoma- Not Otherwise Specified (NOS),Primary Tumor,60.0,,1
TCGA-33-AASB,0.11251637772544136,-0.22661508296905125,-0.8898791849364546,0.19126277883181864,0.14108249514943427,0.1858257112667553,LUSC,I,Lung Squamous Cell Carcinoma- Not Otherwise Specified (NOS),Primary Tumor,40.0,,1
TCGA-33-AASD,0.4454887074367825,0.11339979127084615,0.24745754594402192,0.04174661380040936,0.3914541107712714,0.0501887081866653,LUSC,I,Lung Squamous Cell Carcinoma- Not Otherwise Specified (NOS),Primary Tumor,84.0,,1
TCGA-33-AASI,-0.29383741933112534,-0.1742762683187338,0.7063492628752494,-0.5175774280969266,-0.3211449789443116,-0.48838322928372935,LUSC,II,Lung Squamous Cell Carcinoma- Not Otherwise Specified (NOS),Primary Tumor,60.0,,1
TCGA-33-AASJ,0.21986023740513785,-0.08851202388890161,1.0975071984847948,-0.4074747812616314,0.1930347945343492,-0.4021725112139518,LUSC,I,Lung Squamous Cell Carcinoma- Not Otherwise Specified (NOS),Primary Tumor,,,1
TCGA-33-AASL,-0.026459274811892496,-0.19199628706764024,0.7160665196389928,-0.17700200174302436,-0.015231492832389554,-0.18899258858275203,LUSC,I,Lung Squamous Cell Carcinoma- Not Otherwise Specified (NOS),Primary Tumor,60.0,,1
TCGA-34-2596,0.19145717948953309,-0.012433147816276698,0.03144814515099844,0.038444693058847915,0.233672094948354,0.033122286744578,LUSC,II,Lung Squamous Cell Carcinoma- Not Otherwise Specified (NOS),Primary Tumor,60.0,,1
TCGA-34-2600,-0.3844676239493047,-0.27138588069098524,1.2009347779234172,-0.07962316927321403,-0.42837916050952163,-0.07142223112537116,LUSC,I,Lung Squamous Cell Carcinoma- Not Otherwise Specified (NOS),Primary Tumor,50.0,,1
TCGA-34-2608,0.07435836488092396,-0.09814384785311896,-0.8126513255028653,0.08929492337352941,0.11175863078335883,0.0911085975958568,LUSC,I,Lung Squamous Cell Carcinoma- Not Otherwise Specified (NOS),Primary Tumor,60.0,,1
TCGA-34-5231,0.06811236525190452,0.11077579811301154,0.6988604830699156,-0.3213295046789227,0.0408992125946745,-0.3124711674348733,LUSC,I,Lung Squamous Cell Carcinoma- Not Otherwise Specified (NOS),Primary Tumor,50.0,,1
TCGA-34-5232,0.04352924256229116,-0.10474422190058678,0.8283282769959411,0.10525335335028668,0.01761200636300378,0.10771790814929808,LUSC,II,Lung Squamous Cell Carcinoma- Not Otherwise Specified (NOS),Primary Tumor,,,1
TCGA-34-5234,-0.5598904953837216,-0.12103643054250532,-0.3801743088573701,-0.04638091211439287,-0.5381968259661285,-0.045729058465770335,LUSC,I,Lung Squamous Cell Carcinoma- Not Otherwise Specified (NOS),Primary Tumor,40.0,,1
TCGA-34-5236,0.41211055807187225,0.04745847438855182,-2.0660768385316812,0.14069370399265174,0.5151378537978761,0.13267493565476043,LUSC,II,Lung Squamous Cell Carcinoma- Not Otherwise Specified (NOS),Primary Tumor,,,1
TCGA-34-5239,0.01339897547977992,-0.10347407260544696,-0.35350123685718243,-0.07863298906965788,0.010832918918484796,-0.06724333796833826,LUSC,III,Lung Squamous Cell Carcinoma- Not Otherwise Specified (NOS),Primary Tumor,,,1
TCGA-34-5240,-0.19648461271756684,-0.13209413853279448,0.48634146572301845,-0.11494687813700781,-0.18182636997349133,-0.11924536154924742,LUSC,II,Lung Basaloid Squamous Cell Carcinoma,Primary Tumor,56.0,,1
TCGA-34-5241,-0.2846132030932162,0.11293008473895073,-0.20943118864381535,0.3753566131313006,-0.28826083220263743,0.36601663314070204,LUSC,I,Lung Squamous Cell Carcinoma- Not Otherwise Specified (NOS),Primary Tumor,25.0,,1
TCGA-34-5927,0.08191061953945604,0.21780234138203938,0.7112852863602651,-0.1225392479061429,0.018928256592526543,-0.1272199130349898,LUSC,I,Lung Squamous Cell Carcinoma- Not Otherwise Specified (NOS),Primary Tumor,,,1
TCGA-34-5928,-0.012571647017705495,0.1770550075640431,-1.0813106776984869,0.44790178384744905,-0.00440339013689895,0.45625865880512834,LUSC,II,Lung Squamous Cell Carcinoma- Not Otherwise Specified (NOS),Primary Tumor,40.0,,1
TCGA-34-5929,0.029792829989210633,-0.08808805756345744,0.8132979197346009,-0.1409430859788106,-0.0023321028140403078,-0.13320810407979677,LUSC,I,Lung Squamous Cell Carcinoma- Not Otherwise Specified (NOS),Primary Tumor,40.0,,1
TCGA-34-7107,0.186940830572942,-0.24944972875343158,-0.8749068930553966,-0.1544549056675051,0.2090680766175608,-0.1602656815531025,LUSC,II,Lung Squamous Cell Carcinoma- Not Otherwise Specified (NOS),Primary Tumor,,,1
TCGA-34-8454,-0.03883902275599161,0.08953555330346648,-0.027586089208330205,-0.019141616827158602,-0.039692735675172064,-0.02191680109508431,LUSC,III,Lung Squamous Cell Carcinoma- Not Otherwise Specified (NOS),Primary Tumor,90.0,,1
TCGA-34-8455,0.022043276387804903,-0.08008347557405958,-0.0686637108862563,0.0324644912653974,0.007017966105138849,0.03139775174633658,LUSC,IV,Lung Squamous Cell Carcinoma- Not Otherwise Specified (NOS),Primary Tumor,50.0,,1
TCGA-34-8456,0.08613131065294555,0.23658213706075945,0.30457739595483174,0.06375736031114472,0.05980462094347796,0.07416368740114729,LUSC,II,Lung Squamous Cell Carcinoma- Not Otherwise Specified (NOS),Primary Tumor,20.0,,1
TCGA-34-A5IX,-0.2503511806869932,-0.29774535057926943,0.5008530126733798,-0.11740092546549417,-0.25667455476234113,-0.12362154500600298,LUSC,II,Lung Squamous Cell Carcinoma- Not Otherwise Specified (NOS),Primary Tumor,,,1
TCGA-37-3783,-0.5525800291223654,-0.1123108597657104,0.2897390491191158,-0.0010275312658201009,-0.5764235313776741,-0.006844266629400728,LUSC,III,Lung Squamous Cell Carcinoma- Not Otherwise Specified (NOS),Primary Tumor,,,1
TCGA-37-3789,-0.21262375801716052,0.394172719171169,0.600894773383655,0.12310722716926283,-0.24550486461975407,0.12963559054803794,LUSC,I,Lung Squamous Cell Carcinoma- Not Otherwise Specified (NOS),Primary Tumor,,,1
TCGA-37-3792,-0.26208003158052134,-0.038189526330528675,0.3643834806448189,0.26248120260542007,-0.21098582130056717,0.2513893144271553,LUSC,I,Lung Squamous Cell Carcinoma- Not Otherwise Specified (NOS),Primary Tumor,,,1
TCGA-37-4129,-1.0387921328927145,-1.0157870683286148,1.4925400867374494,-0.8275446984209319,-1.0342143618883932,-0.8340212109909464,LUSC,I,Lung Squamous Cell Carcinoma- Not Otherwise Specified (NOS),Primary Tumor,30.0,,1
TCGA-37-4130,-0.8219027939908958,-0.4412658840112203,1.172726604966943,-0.289333192400362,-0.8061740638779216,-0.2930123958621614,LUSC,I,Lung Squamous Cell Carcinoma- Not Otherwise Specified (NOS),Primary Tumor,25.0,,1
TCGA-37-4132,-0.34738493932850156,-0.22031518759943267,0.8982793994326556,-0.08726373151117238,-0.36043708034530414,-0.09507433996780004,LUSC,IV,Lung Squamous Cell Carcinoma- Not Otherwise Specified (NOS),Primary Tumor,,,1
TCGA-37-4133,-0.23743438351807866,-0.348727595807148,-0.28096013922142626,-0.030694345170129,-0.1471625174898454,-0.07240790754785646,LUSC,III,Lung Squamous Cell Carcinoma- Not Otherwise Specified (NOS),Primary Tumor,40.0,,1
TCGA-37-4135,-0.5664609199166432,-0.0738139570776488,1.0216897646141605,-0.07734698939834718,-0.629499819455539,-0.09156433415209317,LUSC,I,Lung Squamous Cell Carcinoma- Not Otherwise Specified (NOS),Primary Tumor,45.0,,1
TCGA-37-4141,-0.5523037523695088,-0.4569376816841151,-0.15195026879022738,-0.30415922265754264,-0.5350142136108367,-0.31571940742605636,LUSC,I,Lung Squamous Cell Carcinoma- Not Otherwise Specified (NOS),Primary Tumor,,,1
TCGA-37-5819,-0.18560872939920356,-0.24310885866749157,0.13856259654070843,-0.2212824635422098,-0.24307031455857311,-0.22603101853896856,LUSC,III,Lung Squamous Cell Carcinoma- Not Otherwise Specified (NOS),Primary Tumor,45.0,,1
TCGA-37-A5EL,-0.015443033922838323,-0.15948297387131666,0.6329588269823875,-0.031175359161564907,-0.08283097718761318,-0.027740982622395206,LUSC,II,Lung Squamous Cell Carcinoma- Not Otherwise Specified (NOS),Primary Tumor,,,1
TCGA-37-A5EM,0.14313380779466156,0.31086052498696276,-0.647360200961715,-0.01102958109797279,0.10635918846301685,-0.00559292871757286,LUSC,II,Lung Squamous Cell Carcinoma- Not Otherwise Specified (NOS),Primary Tumor,,,1
TCGA-37-A5EN,-0.1981633527056705,-0.3368815477618004,0.033515852905385474,-0.3369329748659662,-0.18609839437904205,-0.3345580175629568,LUSC,III,Lung Squamous Cell Carcinoma- Not Otherwise Specified (NOS),Primary Tumor,,,1
TCGA-39-5011,0.24761635642474417,-0.03386510836992504,0.3709280578502138,-0.15701655667406914,0.28083890631364145,-0.17241480421893013,LUSC,I,Lung Squamous Cell Carcinoma- Not Otherwise Specified (NOS),Primary Tumor,45.0,,1
TCGA-39-5016,0.10658890606307178,-0.23621030470691168,1.377794171936791,-0.459387119247528,0.10416366383397695,-0.4528082257534844,LUSC,II,Lung Basaloid Squamous Cell Carcinoma,Primary Tumor,40.0,,1
TCGA-39-5019,0.0963769757173409,0.11077269834166918,-0.8746897850412201,0.36270173808152806,0.17982563003738888,0.35718861196893975,LUSC,I,Lung Squamous Cell Carcinoma- Not Otherwise Specified (NOS),Primary Tumor,30.0,,1
TCGA-39-5021,0.10971392423778302,0.03635678911562059,-0.22179223544137494,-0.123642737262975,0.140694945957555,-0.12936556753806638,LUSC,I,Lung Squamous Cell Carcinoma- Not Otherwise Specified (NOS),Primary Tumor,114.0,,1
TCGA-39-5022,0.15700786541569264,0.0776647492948736,-0.6523247653502163,0.298456176643857,0.1864443811016586,0.2950835342252258,LUSC,I,Lung Squamous Cell Carcinoma- Not Otherwise Specified (NOS),Primary Tumor,35.0,,1
TCGA-39-5024,0.06008308918410342,0.06608709276488951,0.9968858705205531,0.11042739368663948,-0.01753024266432967,0.11430492453511495,LUSC,III,Lung Squamous Cell Carcinoma- Not Otherwise Specified (NOS),Primary Tumor,40.0,,1
TCGA-39-5027,0.15294822415382797,-0.2122369292323413,0.22196391471346885,-0.08396748181434871,0.18596641484085613,-0.08900568597824056,LUSC,I,Lung Squamous Cell Carcinoma- Not Otherwise Specified (NOS),Primary Tumor,40.0,,1
TCGA-39-5028,-0.15570693060055846,0.061912348279980864,-0.1731452779292859,0.08624327514725304,-0.17669919950246915,0.09303280081366823,LUSC,III,Lung Squamous Cell Carcinoma- Not Otherwise Specified (NOS),Primary Tumor,30.0,,1
TCGA-39-5029,0.17023546848702104,0.3026723672629492,-0.19685048882093348,0.12679517285437508,0.13075891946586704,0.1262434150662129,LUSC,III,Lung Squamous Cell Carcinoma- Not Otherwise Specified (NOS),Primary Tumor,192.0,,1
TCGA-39-5030,0.07297176814335338,0.07663070665540923,-0.5992265770638046,-0.14214581746648486,0.08352105949512106,-0.13552238814151504,LUSC,III,Lung Squamous Cell Carcinoma- Not Otherwise Specified (NOS),Primary Tumor,8.0,,1
TCGA-39-5031,-0.1672152914595066,0.13479949021845936,-0.6664407657395671,0.15571703329498812,-0.16653794129720526,0.1581465132337651,LUSC,I,Lung Squamous Cell Carcinoma- Not Otherwise Specified (NOS),Primary Tumor,60.0,,1
TCGA-39-5034,0.0689747308187741,0.024056319911452326,-0.6225119046770299,-0.0466952418638536,0.019202252930825784,-0.04511645466502188,LUSC,II,Lung Squamous Cell Carcinoma- Not Otherwise Specified (NOS),Primary Tumor,84.0,,1
TCGA-39-5035,-0.08432048327540462,-0.17152862045620126,0.18008234608787332,-0.19256358224323328,-0.10456525694801118,-0.19214387191695778,LUSC,I,Lung Squamous Cell Carcinoma- Not Otherwise Specified (NOS),Primary Tumor,47.0,,1
TCGA-39-5036,0.09823252074472764,-0.1347386744174016,0.7176179282431735,-0.07351847702425682,0.06041575891523498,-0.08354788574048205,LUSC,I,Lung Squamous Cell Carcinoma- Not Otherwise Specified (NOS),Primary Tumor,63.0,,1
TCGA-39-5037,-0.33937578630926957,-0.5616662666984985,0.5429337110675118,-0.2920207197617872,-0.30311318466401455,-0.30403466527617157,LUSC,II,Lung Squamous Cell Carcinoma- Not Otherwise Specified (NOS),Primary Tumor,26.0,,1
TCGA-39-5039,-0.34596329989055896,-0.17414318687966315,-0.8064492703209093,0.2983830765370003,-0.3278671909925157,0.28220788101948097,LUSC,II,Lung Squamous Cell Carcinoma- Not Otherwise Specified (NOS),Primary Tumor,64.0,,1
TCGA-39-5040,0.19672793131997207,-0.14330435695782642,1.1339059195905283,-0.09938784167785399,0.2809515540507274,-0.09426468655872411,LUSC,III,Lung Squamous Cell Carcinoma- Not Otherwise Specified (NOS),Primary Tumor,60.0,,1
TCGA-43-2576,-0.4019856043760044,-0.0582234006862646,-1.1324504180401296,-0.06504174622019286,-0.40247774769515515,-0.07765706059749714,LUSC,III,Lung Squamous Cell Carcinoma- Not Otherwise Specified (NOS),Primary Tumor,20.0,,1
TCGA-43-2578,0.09639258195456599,-0.034806880036043784,0.13544129806218505,-0.04730271743146199,0.06533140491000775,-0.05273275755118642,LUSC,I,Lung Squamous Cell Carcinoma- Not Otherwise Specified (NOS),Primary Tumor,64.0,,1
TCGA-43-2581,-0.13638031201616957,0.08347458561334233,-0.7217278297179854,-0.014863083903904024,-0.08157913737107653,-0.028608025678890033,LUSC,III,Lung Squamous Cell Carcinoma- Not Otherwise Specified (NOS),Primary Tumor,30.0,,1
TCGA-43-3394,0.060197546842131126,0.07158434960043294,0.4767234118614585,0.2192812041568777,0.05033378263202548,0.21975606955300314,LUSC,I,Lung Squamous Cell Carcinoma- Not Otherwise Specified (NOS),Primary Tumor,15.0,,1
TCGA-43-3920,-0.6123250830918783,0.3295533953837836,0.2615181968534592,0.1206463817385085,-0.6565759077227078,0.13458212237810688,LUSC,I,Lung Squamous Cell Carcinoma- Not Otherwise Specified (NOS),Primary Tumor,50.0,,1
TCGA-43-5668,-0.194517615159532,-0.2293295829471911,0.19719071018900294,-0.327587581084585,-0.1978081389662562,-0.323835770433007,LUSC,II,Lung Squamous Cell Carcinoma- Not Otherwise Specified (NOS),Primary Tumor,20.0,,1
TCGA-43-5670,-0.2670886053704315,-0.4097981525020459,0.41095050348135115,0.05361883316730995,-0.29205141444157845,0.05602980693905004,LUSC,II,Lung Squamous Cell Carcinoma- Not Otherwise Specified (NOS),Primary Tumor,30.0,,1
TCGA-43-6143,0.12294517616626259,0.2005614192082449,-0.12001484722116007,-0.08915470342703967,0.0894965050461522,-0.08129817319358743,LUSC,I,Lung Basaloid Squamous Cell Carcinoma,Primary Tumor,114.0,,1
TCGA-43-6647,0.15452485637492125,0.22463355440440974,-1.1657566216764594,0.4668951340830856,0.16136938323152533,0.4743215486564607,LUSC,II,Lung Squamous Cell Carcinoma- Not Otherwise Specified (NOS),Primary Tumor,36.0,,1
TCGA-43-6770,0.2575937963757226,0.21611542797822486,-0.5987821255461695,0.3970713823151135,0.2627764751165853,0.3933620339246079,LUSC,I,Lung Squamous Cell Carcinoma- Not Otherwise Specified (NOS),Primary Tumor,34.0,,1
TCGA-43-6771,-0.0072050967791898075,-0.11718383852825882,-0.795954827832322,0.3816322854720834,-0.007525751057931678,0.378759033254522,LUSC,I,Lung Squamous Cell Carcinoma- Not Otherwise Specified (NOS),Primary Tumor,40.0,,1
TCGA-43-6773,0.29993807241508796,-0.11810232310471364,-1.011101578826339,0.04281217074621104,0.36859450193527854,0.03353079634398495,LUSC,II,Lung Squamous Cell Carcinoma- Not Otherwise Specified (NOS),Primary Tumor,,,1
TCGA-43-7656,0.08013013630637414,-0.0343636931601292,-0.024062206964391247,-0.25883148968959696,0.0850388630016209,-0.2463953199463488,LUSC,I,Lung Squamous Cell Carcinoma- Not Otherwise Specified (NOS),Primary Tumor,45.0,,1
TCGA-43-7657,0.06332542616180833,-0.08342188932923979,-0.4545110432082112,0.24257331640041713,0.04517524745201882,0.2502246981958607,LUSC,I,Lung Squamous Cell Carcinoma- Not Otherwise Specified (NOS),Primary Tumor,45.0,,1
TCGA-43-7658,-0.20672297993483726,-0.11081812037118281,0.26755812644769233,-0.44672382400017024,-0.22711372327198026,-0.4340192064149848,LUSC,I,Lung Squamous Cell Carcinoma- Not Otherwise Specified (NOS),Primary Tumor,12.0,,1
TCGA-43-8115,0.02456123488135286,0.3334693699325537,-0.805040849561052,0.1191136376502817,0.0321903618409017,0.13190328338963977,LUSC,II,Lung Squamous Cell Carcinoma- Not Otherwise Specified (NOS),Primary Tumor,55.83,,1
TCGA-43-8116,-0.00706963977848581,-0.07211084437323677,0.6146261354072203,-0.2784572561428476,-0.034662462612507834,-0.2618069536735362,LUSC,I,Lung Squamous Cell Carcinoma- Not Otherwise Specified (NOS),Primary Tumor,35.0,,1
TCGA-43-8118,-0.24580832457792134,0.0910726089280052,-0.28890216928492735,-0.16204369002552416,-0.22875569372760324,-0.16216026923804205,LUSC,I,Lung Squamous Cell Carcinoma- Not Otherwise Specified (NOS),Primary Tumor,20.0,,1
TCGA-43-A474,0.03309968807561846,-0.055475412431387434,-0.6095794689858528,0.10297835628088652,0.056334834155060624,0.08763011037777542,LUSC,II,Lung Squamous Cell Carcinoma- Not Otherwise Specified (NOS),Primary Tumor,47.0,,1
TCGA-43-A475,0.20074993100175836,-0.2529420035787507,0.2541049396187332,-0.2430748846680608,0.2626867783957809,-0.24986200062154323,LUSC,II,Lung Squamous Cell Carcinoma- Not Otherwise Specified (NOS),Primary Tumor,100.0,,1
TCGA-43-A56U,-0.06878284806939222,0.047405321122041794,-0.13424048192634863,0.3696850067921695,-0.03238826824489352,0.37982848093928945,LUSC,I,Lung Squamous Cell Carcinoma- Not Otherwise Specified (NOS),Primary Tumor,20.5,,1
TCGA-43-A56V,-0.047643017427665045,0.12659233444005094,0.34656136116693487,0.07172387338059734,-0.07392828839207216,0.07040811693701911,LUSC,III,Lung Squamous Cell Carcinoma- Not Otherwise Specified (NOS),Primary Tumor,48.0,,1
TCGA-46-3765,-0.16989306474294666,-0.022575255205319736,0.3928852625276247,0.12170828326107949,-0.15147897587467754,0.11635005594361711,LUSC,I,Lung Squamous Cell Carcinoma- Not Otherwise Specified (NOS),Primary Tumor,,,1
TCGA-46-3766,-0.31538093408972245,0.010251122682493152,-0.9525665335534598,0.0908333998625391,-0.3010017736215415,0.09202806367664329,LUSC,I,Lung Squamous Cell Carcinoma- Not Otherwise Specified (NOS),Primary Tumor,,,1
TCGA-46-3767,-0.07714999827290356,0.2734515612740219,-1.0078498206352735,0.3526391916043316,-0.06260208623341684,0.3534744856780781,LUSC,I,Lung Squamous Cell Carcinoma- Not Otherwise Specified (NOS),Primary Tumor,,,1
TCGA-46-3768,0.35753690384256986,-0.18562923659716235,-0.25180967746963073,-0.3644047382832925,0.399394169643883,-0.3726280680837199,LUSC,III,Lung Squamous Cell Carcinoma- Not Otherwise Specified (NOS),Primary Tumor,,,1
TCGA-46-3769,0.018085370846957955,-0.03607929643582718,-0.112817617341931,-0.23190718785855374,0.09351144744796412,-0.22486293506880725,LUSC,unknown,Lung Squamous Cell Carcinoma- Not Otherwise Specified (NOS),Primary Tumor,,,1
TCGA-46-6025,0.23746955993483493,-0.04082719420852381,0.19069186088797344,0.114512316023767,0.17425782076730023,0.11465859660285636,LUSC,II,Lung Squamous Cell Carcinoma- Not Otherwise Specified (NOS),Primary Tumor,,,1
TCGA-46-6026,-0.14998790553466718,0.0164245157596954,1.2450050069138834,-0.009617110602703536,-0.20633879196706603,0.006037113990238738,LUSC,II,Lung Squamous Cell Carcinoma- Not Otherwise Specified (NOS),Primary Tumor,,,1
TCGA-51-4079,0.1390483279279089,-0.1053225699343218,-0.20633310849714337,0.27990475117644076,0.16927831715523584,0.26559369635238905,LUSC,I,Lung Squamous Cell Carcinoma- Not Otherwise Specified (NOS),Primary Tumor,25.0,,1
TCGA-51-4080,-0.10548562696291797,-0.048184939291476485,1.4936277775082225,-0.5954723981348425,-0.13868405464825298,-0.5925969548316564,LUSC,III,Lung Basaloid Squamous Cell Carcinoma,Primary Tumor,,,1
TCGA-51-4081,0.2682696741781402,-0.04015455526830917,-0.6061481248021626,-0.033497355269814365,0.30387362057037826,-0.043826273634046425,LUSC,II,Lung Squamous Cell Carcinoma- Not Otherwise Specified (NOS),Primary Tumor,80.0,,1
TCGA-51-6867,0.4360452220455414,0.01623126416950379,-0.19754285376092953,0.13576781591928824,0.4793033404225842,0.13205632308107082,LUSC,I,Lung Squamous Cell Carcinoma- Not Otherwise Specified (NOS),Primary Tumor,40.0,,1
TCGA-52-7622,0.39523549165350225,-0.1961755138807803,-1.1377650682165343,0.09391994137576735,0.5345484452226948,0.07677349345578297,LUSC,I,Lung Squamous Cell Carcinoma- Not Otherwise Specified (NOS),Primary Tumor,22.0,,1
TCGA-52-7809,-0.07899686756541734,-0.2617302027757468,0.13019454994578358,-0.24250137796706514,-0.06267171146378224,-0.2356410864347522,LUSC,I,Lung Basaloid Squamous Cell Carcinoma,Primary Tumor,60.0,,1
TCGA-52-7810,-0.05173070495139811,-0.2298415134604617,0.29730475836570647,0.11901937727718576,-0.11837757788159226,0.12514718616568418,LUSC,II,Lung Squamous Cell Carcinoma- Not Otherwise Specified (NOS),Primary Tumor,20.0,,1
TCGA-52-7811,0.032625745938260335,-0.08017834746360718,-0.19180867199082977,0.22897018371347236,0.04426749642007904,0.219822132857758,LUSC,I,Lung Squamous Cell Carcinoma- Not Otherwise Specified (NOS),Primary Tumor,50.0,,1
TCGA-52-7812,0.025101539481246767,-0.05925393544166594,-0.041269334250327326,-0.13391008344868607,0.04282988022204955,-0.1409574425648721,LUSC,unknown,Lung Squamous Cell Carcinoma- Not Otherwise Specified (NOS),Primary Tumor,30.0,,1
TCGA-56-1622,-0.1429430228621937,0.34894520174565186,0.57065417097493,0.09215467236794188,-0.19608100046815638,0.10108365461575067,LUSC,I,Lung Squamous Cell Carcinoma- Not Otherwise Specified (NOS),Primary Tumor,86.0,,1
TCGA-56-5897,0.4211179968073577,0.18664480727261656,-1.1031053302802387,0.09094273432246398,0.4358697823796577,0.09760382694112872,LUSC,I,Lung Squamous Cell Carcinoma- Not Otherwise Specified (NOS),Primary Tumor,,,1
TCGA-56-5898,0.14613184967798643,0.22692250926320462,-0.5904265311852198,0.26737517995610266,0.16423494143231251,0.26661304709256584,LUSC,I,Lung Squamous Cell Carcinoma- Not Otherwise Specified (NOS),Primary Tumor,,,1
TCGA-56-6545,0.02220787893647898,0.29815176075784205,-1.3221363086062985,0.40599150279057084,0.06696330089657264,0.41563167219338437,LUSC,I,Lung Squamous Cell Carcinoma- Not Otherwise Specified (NOS),Primary Tumor,,,1
TCGA-56-6546,-0.2582683399546242,-0.0371082397262491,-0.24322460751054306,0.07232344639584162,-0.2377900750731647,0.06794957133377162,LUSC,II,Lung Squamous Cell Carcinoma- Not Otherwise Specified (NOS),Primary Tumor,,,1
TCGA-56-7221,0.09321591990919802,-0.22792456026724672,0.8945613690711953,-0.29159583118673593,0.09394970033244392,-0.2839982384480326,LUSC,I,Lung Squamous Cell Carcinoma- Not Otherwise Specified (NOS),Primary Tumor,25.0,,1
TCGA-56-7222,0.10792979710057368,0.2473664992034744,1.1623881910564406,0.03521269564549949,0.04577472290325146,0.041409536805243896,LUSC,I,Lung Squamous Cell Carcinoma- Not Otherwise Specified (NOS),Primary Tumor,23.0,,1
TCGA-56-7223,0.45872154872963267,0.033345604577933216,0.6430826906667876,-0.46842224260175314,0.4154272772888948,-0.4580731368461285,LUSC,III,Lung Squamous Cell Carcinoma- Not Otherwise Specified (NOS),Primary Tumor,,,1
TCGA-56-7579,0.09699497206387593,-0.5776747816287018,0.11024304304728529,-0.585020695014953,0.16007215483646575,-0.6012593341277608,LUSC,III,Lung Squamous Cell Carcinoma- Not Otherwise Specified (NOS),Primary Tumor,2.0,,1
TCGA-56-7580,-0.10210153639780295,0.34396414059501873,0.4631140403856598,0.026887432374381032,-0.1599708833430038,0.035244816830365115,LUSC,I,Lung Squamous Cell Carcinoma- Not Otherwise Specified (NOS),Primary Tumor,,,1
TCGA-56-7582,0.49492112354490697,0.03349663448095922,0.1643117802773102,0.12367034235183842,0.5308537599077757,0.12777274792898852,LUSC,I,Lung Squamous Cell Carcinoma- Not Otherwise Specified (NOS),Primary Tumor,,,1
TCGA-56-7730,0.21268729869164782,-0.12080608806171195,0.7174305883124038,-0.05363077915804647,0.2710985250891153,-0.061507753018376736,LUSC,II,Lung Squamous Cell Carcinoma- Not Otherwise Specified (NOS),Primary Tumor,,,1
TCGA-56-7731,-0.141350152996998,-0.1122196669813377,-0.7669636462933296,0.39065307856490605,-0.10433438410791718,0.3872802534254131,LUSC,I,Lung Squamous Cell Carcinoma- Not Otherwise Specified (NOS),Primary Tumor,100.0,,1
TCGA-56-7822,0.05693108726102401,0.01825083945058869,0.447920305441263,0.10526220579776764,0.0603616105059444,0.12070190729708216,LUSC,II,Lung Squamous Cell Carcinoma- Not Otherwise Specified (NOS),Primary Tumor,60.0,,1
TCGA-56-7823,0.034407478597575966,0.06853375388983714,1.0418378566129296,-0.40776630500688354,0.010674578158120425,-0.4084660182580954,LUSC,II,Lung Squamous Cell Carcinoma- Not Otherwise Specified (NOS),Primary Tumor,80.0,,1
TCGA-56-8082,-0.2316982424800857,-0.030856918709678712,1.1328987416703225,-0.1724459950855106,-0.26196719862430773,-0.15534363748530156,LUSC,II,Lung Squamous Cell Carcinoma- Not Otherwise Specified (NOS),Primary Tumor,,,1
TCGA-56-8083,-0.20261255955641458,-0.1385680151134006,-0.019766456630470042,-0.16483862436699628,-0.24829496199614,-0.14587134738367058,LUSC,I,Lung Squamous Cell Carcinoma- Not Otherwise Specified (NOS),Primary Tumor,30.0,,1
TCGA-56-8201,-0.10555359002765843,0.0826883280764783,-1.2587207976568306,-0.20826168760083572,-0.06029170260192974,-0.20676952795060555,LUSC,II,Lung Squamous Cell Carcinoma- Not Otherwise Specified (NOS),Primary Tumor,,,1
TCGA-56-8304,-0.18205399187663326,-0.0019061752089832259,0.833498988336702,-0.009687106972951243,-0.26716985961201256,-0.010393676981159618,LUSC,I,Lung Squamous Cell Carcinoma- Not Otherwise Specified (NOS),Primary Tumor,58.0,,1
TCGA-56-8305,0.07382594020334907,-0.1269108651427587,-0.26198911033258954,0.02750697561268974,0.04607323986846587,0.029479305391724973,LUSC,I,Lung Squamous Cell Carcinoma- Not Otherwise Specified (NOS),Primary Tumor,100.0,,1
TCGA-56-8307,-0.045803940755479944,-0.11062287195112622,1.017918060441093,-0.4901516356568355,-0.09157033457062573,-0.47056993076185777,LUSC,II,Lung Squamous Cell Carcinoma- Not Otherwise Specified (NOS),Primary Tumor,35.0,,1
TCGA-56-8308,0.28108395807430747,-0.025620070929899826,-0.6727503822109678,0.3576087415632726,0.3307800584703407,0.3583677233581085,LUSC,II,Lung Squamous Cell Carcinoma- Not Otherwise Specified (NOS),Primary Tumor,63.0,,1
TCGA-56-8309,0.06479543488214282,0.16861231104074292,-0.7325588421864254,0.3048837905410474,0.09714332502336558,0.3133862136140524,LUSC,I,Lung Squamous Cell Carcinoma- Not Otherwise Specified (NOS),Primary Tumor,50.0,,1
TCGA-56-8503,0.0004102339964726763,0.0793366964622428,-1.3263608780078997,0.17718531440456609,0.021974333090958365,0.18406358320174132,LUSC,II,Lung Squamous Cell Carcinoma- Not Otherwise Specified (NOS),Primary Tumor,91.0,,1
TCGA-56-8504,0.12144443595183829,0.2298422222893852,-0.23403433914607344,-0.2568338633934365,0.10368928711712559,-0.2489400695816194,LUSC,I,Lung Squamous Cell Carcinoma- Not Otherwise Specified (NOS),Primary Tumor,,,1
TCGA-56-8622,0.07358367658300007,-0.13913589635099347,-0.681993873769937,0.24435760036023768,0.06718559066873157,0.25267385030065154,LUSC,I,Lung Squamous Cell Carcinoma- Not Otherwise Specified (NOS),Primary Tumor,40.0,,1
TCGA-56-8623,-0.18912907743763707,-0.5993769562576361,-0.28175080539006975,0.16210733912971445,-0.0928110662828866,0.1541983882773774,LUSC,I,Lung Squamous Cell Carcinoma- Not Otherwise Specified (NOS),Primary Tumor,45.0,,1
TCGA-56-8624,-0.016095428149425415,-0.12454373726880702,0.0013167228096476191,-0.008125022160918673,-0.06949444167037577,0.0006667295092870868,LUSC,II,Lung Squamous Cell Carcinoma- Not Otherwise Specified (NOS),Primary Tumor,20.0,,1
TCGA-56-8625,-0.0009808030642647005,0.32428722162957324,-0.801437836085396,0.11487561544320728,0.021194561274786566,0.11631987987554954,LUSC,III,Lung Squamous Cell Carcinoma- Not Otherwise Specified (NOS),Primary Tumor,,,1
TCGA-56-8626,-0.019201880957456112,0.18902981192236487,-0.49339237056648577,0.2944244162519438,-0.04540065964824775,0.3069075865477308,LUSC,I,Lung Squamous Cell Carcinoma- Not Otherwise Specified (NOS),Primary Tumor,50.0,,1
TCGA-56-8628,-0.047780022420034346,-0.040913457079342554,-0.6720063049293826,0.2089079263805891,0.004063997167408926,0.21091505629808743,LUSC,I,Lung Squamous Cell Carcinoma- Not Otherwise Specified (NOS),Primary Tumor,,,1
TCGA-56-8629,0.07006139562445575,0.2796280484158963,-0.20120715410641876,0.11295046086170775,0.0812308258374664,0.12189902170472729,LUSC,II,Lung Squamous Cell Carcinoma- Not Otherwise Specified (NOS),Primary Tumor,66.0,,1
TCGA-56-A49D,-0.2721563192074212,-0.0617059859192828,0.22309930205416384,-0.10918342440382064,-0.2162894843588894,-0.11635477107782079,LUSC,III,Lung Squamous Cell Carcinoma- Not Otherwise Specified (NOS),Primary Tumor,53.0,,1
TCGA-56-A4BW,-0.015909765476787324,0.3328871818863525,0.012289680726689864,-0.09185350305958397,-0.0720341845431363,-0.08292809331518217,LUSC,II,Lung Squamous Cell Carcinoma- Not Otherwise Specified (NOS),Primary Tumor,120.0,,1
TCGA-56-A4BX,0.2212269170307675,-0.2552870426719878,1.3075926323427676,-0.3950931700370867,0.17311854149897757,-0.39160275466718814,LUSC,II,Lung Squamous Cell Carcinoma- Not Otherwise Specified (NOS),Primary Tumor,83.0,,1
TCGA-56-A4BY,0.3922553317901679,0.012321527691926884,-0.06531697651139748,0.10766246116709906,0.41890069008506864,0.1114754017946794,LUSC,I,Lung Squamous Cell Carcinoma- Not Otherwise Specified (NOS),Primary Tumor,65.0,,1
TCGA-56-A4ZJ,-0.14999198864513114,-0.010367533606902924,-0.915575179971404,0.2627579202249343,-0.1207667177135946,0.27248001424115686,LUSC,I,Lung Squamous Cell Carcinoma- Not Otherwise Specified (NOS),Primary Tumor,100.0,,1
TCGA-56-A4ZK,0.18210182666685132,0.14147717136770693,0.18983251731062814,0.0423175822480011,0.1976747750359163,0.03921489048822591,LUSC,I,Lung Squamous Cell Carcinoma- Not Otherwise Specified (NOS),Primary Tumor,,,1
TCGA-56-A5DR,0.12219859097824591,-0.31917522095428996,-0.6478154039887847,-0.34396627135828933,0.13173377536892447,-0.35430376577885153,LUSC,I,Lung Squamous Cell Carcinoma- Not Otherwise Specified (NOS),Primary Tumor,,,1
TCGA-56-A5DS,-0.07463167526247932,0.0953497305985192,0.2773052060734999,-0.17305316634869775,-0.10582063692185562,-0.16359786837730778,LUSC,I,Lung Squamous Cell Carcinoma- Not Otherwise Specified (NOS),Primary Tumor,50.0,,1
TCGA-56-A62T,0.4332273630846978,0.25843041843923753,-0.23130104033118112,-0.13074856664717785,0.40325867052684955,-0.12053658958026715,LUSC,II,Lung Squamous Cell Carcinoma- Not Otherwise Specified (NOS),Primary Tumor,102.0,,1
TCGA-58-8386,0.006335412729000206,-0.3844974649948791,-0.3409100873033455,0.18760896190663984,0.07759695006716137,0.18240601363728587,LUSC,IV,Lung Squamous Cell Carcinoma- Not Otherwise Specified (NOS),Primary Tumor,65.0,,1
TCGA-58-8387,-0.5004925390740683,0.15744893729659296,0.6492807313341815,-0.10875763346803435,-0.5525873838343642,-0.11064603913632232,LUSC,II,Lung Squamous Cell Carcinoma- Not Otherwise Specified (NOS),Primary Tumor,40.0,,1
TCGA-58-8388,0.02641822690745904,-0.09249923711542023,0.003783669316975139,-0.03252644262192211,0.06027665937537611,-0.028178119750596288,LUSC,I,Lung Basaloid Squamous Cell Carcinoma,Primary Tumor,80.0,,1
TCGA-58-8390,0.1596185950112831,0.03773894089339865,-0.23516957711992617,-0.058727531964649714,0.14500597448515762,-0.04460283992512098,LUSC,II,Lung Squamous Cell Carcinoma- Not Otherwise Specified (NOS),Primary Tumor,120.0,,1
TCGA-58-8391,0.2650677437192234,0.03330117314721976,1.00273738347552,0.07132447196966826,0.20844468103495487,0.0737547968018399,LUSC,III,Lung Squamous Cell Carcinoma- Not Otherwise Specified (NOS),Primary Tumor,30.0,,1
TCGA-58-8392,0.17740919077882192,-0.09367068988228575,0.7738197576240043,0.037342983155759506,0.21629255836045902,0.03669040819431647,LUSC,I,Lung Squamous Cell Carcinoma- Not Otherwise Specified (NOS),Primary Tumor,80.0,,1
TCGA-58-8393,0.44313219927778497,0.14562690179754517,-0.41678331070847924,-0.03514805390807597,0.5171493346374805,-0.035284269113770035,LUSC,I,Lung Squamous Cell Carcinoma- Not Otherwise Specified (NOS),Primary Tumor,7.0,,1
TCGA-58-A46J,-0.2903190280414119,-0.09354543410366412,0.46576761901490854,0.07271003964012633,-0.28121845698730186,0.0700261804367966,LUSC,II,Lung Squamous Cell Carcinoma- Not Otherwise Specified (NOS),Primary Tumor,,,1
TCGA-58-A46K,0.531716667410049,-0.2272371407146348,-0.4389377651173993,-0.08809107484273557,0.5813353282293703,-0.08973878204353157,LUSC,III,Lung Basaloid Squamous Cell Carcinoma,Primary Tumor,10.0,,1
TCGA-58-A46L,0.09109671477721537,-0.05933444757160367,-0.2954594125877678,-0.0573793204451809,0.08062014183123468,-0.04573798606106649,LUSC,III,Lung Basaloid Squamous Cell Carcinoma,Primary Tumor,,,1
TCGA-58-A46M,0.16444724005705144,-0.1453435720327826,0.8154058716503858,-0.4664400976738092,0.17038968828818532,-0.47942353211210753,LUSC,II,Lung Squamous Cell Carcinoma- Not Otherwise Specified (NOS),Primary Tumor,,,1
TCGA-58-A46N,-0.027155949385449137,0.18532429572376183,-0.32255546523142326,-0.12850539431824345,0.06725096883853146,-0.15340457307410066,LUSC,I,Lung Basaloid Squamous Cell Carcinoma,Primary Tumor,50.0,,1
TCGA-60-2695,-0.08913240726222399,0.29649333840131725,0.33074291730152744,-0.12266135741217625,-0.10170278187268827,-0.11823492638649497,LUSC,I,Lung Basaloid Squamous Cell Carcinoma,Primary Tumor,64.0,,1
TCGA-60-2696,-0.04657178446994544,-0.24309149264602378,0.18747855882736617,-0.28536465507144165,-0.02527597479361928,-0.29804492297101787,LUSC,II,Lung Squamous Cell Carcinoma- Not Otherwise Specified (NOS),Primary Tumor,15.0,,1
TCGA-60-2697,0.04093246896708663,-0.2403173947663275,-0.5272171987420681,0.2723210372171906,0.13630513247911863,0.266244949484295,LUSC,II,Lung Squamous Cell Carcinoma- Not Otherwise Specified (NOS),Primary Tumor,,,1
TCGA-60-2698,-0.07581129265928953,-0.16165121176891759,-0.25034954683939814,0.13843207769488092,-0.03553684562922593,0.12780190208113076,LUSC,II,Lung Squamous Cell Carcinoma- Not Otherwise Specified (NOS),Primary Tumor,,,1
TCGA-60-2703,0.02354219423694694,0.31591249617700845,0.024091552196052152,0.2207377208592268,-0.0011296169302506445,0.22349633304975183,LUSC,II,Lung Squamous Cell Carcinoma- Not Otherwise Specified (NOS),Primary Tumor,50.0,,1
TCGA-60-2704,0.1581383516119842,0.11837544689044906,-0.3638482267433591,0.44327512419326603,0.22789926025188237,0.4486392758841893,LUSC,II,Lung Squamous Cell Carcinoma- Not Otherwise Specified (NOS),Primary Tumor,60.0,,1
TCGA-60-2706,0.2907562230768944,0.32471085126726895,0.24068180507707915,-0.2684763555233306,0.31420680482884217,-0.28019661996014694,LUSC,I,Lung Squamous Cell Carcinoma- Not Otherwise Specified (NOS),Primary Tumor,51.0,,1
TCGA-60-2707,0.05112579748398965,0.18151138851020393,-0.7009959562795429,0.5317550497506245,0.058120991327510606,0.5219795848957556,LUSC,I,Lung Squamous Cell Carcinoma- Not Otherwise Specified (NOS),Primary Tumor,49.0,,1
TCGA-60-2708,0.0004886271445412563,0.11321145560120677,-1.7544750247188812,0.6113994018313303,0.046454683745303926,0.6100428946177285,LUSC,II,Lung Squamous Cell Carcinoma- Not Otherwise Specified (NOS),Primary Tumor,20.0,,1
TCGA-60-2709,0.36240943685942856,0.13768630466623602,-1.1398985778478001,0.19707532576319,0.4338345203572499,0.19928055500523556,LUSC,I,Lung Squamous Cell Carcinoma- Not Otherwise Specified (NOS),Primary Tumor,157.5,,1
TCGA-60-2710,0.4868005894878212,0.023932438849485867,-0.1053364292136954,0.07724201467548392,0.5130695536881187,0.08177717778281014,LUSC,II,Lung Squamous Cell Carcinoma- Not Otherwise Specified (NOS),Primary Tumor,63.0,,1
TCGA-60-2711,-0.09697131735925506,0.05867867765293341,1.2518963488058659,-0.23536172602267394,-0.1609280650172492,-0.22607189928354557,LUSC,I,Lung Squamous Cell Carcinoma- Not Otherwise Specified (NOS),Primary Tumor,39.0,,1
TCGA-60-2712,0.12117633184543,-0.0017917555611400477,-0.6024737651632545,0.25235775687089496,0.1312337160291724,0.25121430983126547,LUSC,II,Lung Squamous Cell Carcinoma- Not Otherwise Specified (NOS),Primary Tumor,10.0,,1
TCGA-60-2713,0.06840003572453869,0.20672994062737085,-0.8400680676358068,0.22250240307830843,0.05976417260550728,0.22191169024575286,LUSC,I,Lung Squamous Cell Carcinoma- Not Otherwise Specified (NOS),Primary Tumor,110.0,,1
TCGA-60-2714,-0.09169475857147343,0.19600924683190762,0.2800954785872238,0.08643284297005005,-0.12256976902808937,0.08543365450005173,LUSC,II,Lung Squamous Cell Carcinoma- Not Otherwise Specified (NOS),Primary Tumor,90.0,,1
TCGA-60-2715,0.03868818727742256,-0.06630987375249085,-0.8861459077896129,0.1602881891025103,0.1013548395468587,0.15519087180676677,LUSC,I,Lung Squamous Cell Carcinoma- Not Otherwise Specified (NOS),Primary Tumor,25.0,,1
TCGA-60-2716,-0.22377109395328224,0.10037858643677282,1.822553156506739,-0.7085278462521655,-0.3412813153633887,-0.6927703240250491,LUSC,II,Lung Papillary Squamous Cell Caricnoma,Primary Tumor,,,1
TCGA-60-2719,-0.2181714510330307,0.1501989184340528,0.6880051970505705,-0.38009889565909466,-0.23213872483433443,-0.37681481536193834,LUSC,I,Lung Squamous Cell Carcinoma- Not Otherwise Specified (NOS),Primary Tumor,7.0,,1
TCGA-60-2720,-0.3489906696995972,0.0843699884962132,-0.4576488974015805,0.2720678327973728,-0.38279350512831517,0.2722506010936791,LUSC,I,Lung Squamous Cell Carcinoma- Not Otherwise Specified (NOS),Primary Tumor,110.0,,1
TCGA-60-2721,-0.11682955548125712,0.17725484245402018,-0.07252758953855117,-0.28717724978497833,-0.1523186009100368,-0.27160174395560843,LUSC,I,Lung Squamous Cell Carcinoma- Not Otherwise Specified (NOS),Primary Tumor,93.0,,1
TCGA-60-2722,0.2753767204531476,-0.22142325534746735,0.37563337723621,-0.1279241650776751,0.2667889830056914,-0.1265210211230377,LUSC,II,Lung Squamous Cell Carcinoma- Not Otherwise Specified (NOS),Primary Tumor,90.0,,1
TCGA-60-2723,-0.04609602057826379,0.46267440319003594,-0.4651426783714969,0.47656295583948405,-0.03764543595558183,0.4655202342535794,LUSC,I,Lung Squamous Cell Carcinoma- Not Otherwise Specified (NOS),Primary Tumor,58.0,,1
TCGA-60-2724,-0.12000165330654985,0.09678166092493731,-0.43359633660553437,0.02736789614504494,-0.17026953945528275,0.028676187689613525,LUSC,III,Lung Squamous Cell Carcinoma- Not Otherwise Specified (NOS),Primary Tumor,60.0,,1
TCGA-60-2725,0.006080266509113286,-0.04083050949996776,-0.4242524370713343,0.16747360204905828,0.054012231026551685,0.16055295114939447,LUSC,I,Lung Squamous Cell Carcinoma- Not Otherwise Specified (NOS),Primary Tumor,56.0,,1
TCGA-60-2726,-0.23152335431575605,-0.03241690562323525,-0.17073220722860852,-0.1414726723775326,-0.2991884936857037,-0.13173600999589755,LUSC,II,Lung Squamous Cell Carcinoma- Not Otherwise Specified (NOS),Primary Tumor,42.0,,1
TCGA-63-5128,0.16565431474572664,0.30641009808622793,-0.3904177491930636,0.7546671838621694,0.25061659804934466,0.7391330339093528,LUSC,I,Lung Squamous Cell Carcinoma- Not Otherwise Specified (NOS),Primary Tumor,,,1
TCGA-63-5131,-0.07131518556427259,-0.06962357088890221,0.5965828551023021,0.059003149781176885,-0.10427119205536926,0.048629169702010845,LUSC,II,Lung Squamous Cell Carcinoma- Not Otherwise Specified (NOS),Primary Tumor,50.0,,1
TCGA-63-6202,-0.2112026048031872,-0.017615528465060138,-0.8651513943393715,0.05979778538814489,-0.17549795149165728,0.053445036279285915,LUSC,II,Lung Squamous Cell Carcinoma- Not Otherwise Specified (NOS),Primary Tumor,35.0,,1
TCGA-63-7020,-0.004156643870277906,0.2312118772365675,-0.3649314411467994,0.2290317162189634,-0.015370158140750335,0.2206817963763243,LUSC,I,Lung Squamous Cell Carcinoma- Not Otherwise Specified (NOS),Primary Tumor,50.0,,1
TCGA-63-7021,0.15669749050303372,-0.1794211421280217,-0.9937315497300575,0.13896644395157282,0.22926749295758805,0.127433713475203,LUSC,I,Lung Squamous Cell Carcinoma- Not Otherwise Specified (NOS),Primary Tumor,21.0,,1
TCGA-63-7022,0.08063766756527681,0.17334531284130827,-1.1370968343709646,0.2506923289409998,0.07604738547090906,0.25780589829605877,LUSC,I,Lung Squamous Cell Carcinoma- Not Otherwise Specified (NOS),Primary Tumor,30.0,,1
TCGA-63-7023,-0.18983169256962557,0.3265361521894386,1.1898920857723503,-0.25755202811768796,-0.26881657374965556,-0.24624188462630428,LUSC,II,Lung Squamous Cell Carcinoma- Not Otherwise Specified (NOS),Primary Tumor,55.0,,1
TCGA-63-A5M9,-0.03605901817920056,0.43081011710453077,0.49656150171830377,-0.076050951538524,-0.08824323441214701,-0.07314705091173822,LUSC,II,Lung Squamous Cell Carcinoma- Not Otherwise Specified (NOS),Primary Tumor,25.0,,1
TCGA-63-A5MB,0.2971691977737616,-0.15917611888425584,0.15392442231476636,-0.018287384046196918,0.30898950328191005,-0.02371181781626408,LUSC,I,Lung Squamous Cell Carcinoma- Not Otherwise Specified (NOS),Primary Tumor,25.0,,1
TCGA-63-A5MG,-0.09729361282988587,0.4923294513984426,-0.22975623816216065,0.0007232120847411751,-0.13507870305639863,0.010480947837978163,LUSC,I,Lung Squamous Cell Carcinoma- Not Otherwise Specified (NOS),Primary Tumor,,,1
TCGA-63-A5MH,-0.11865592274310201,0.20010541775405924,0.6743602176850579,-0.012614253439117396,-0.11162846438595035,0.0008480076156859439,LUSC,I,Lung Squamous Cell Carcinoma- Not Otherwise Specified (NOS),Primary Tumor,35.0,,1
TCGA-63-A5MI,-0.24749154402642914,0.20828881214595404,0.8198301132881225,-0.3694922922511018,-0.37228226753220406,-0.3533630090094343,LUSC,III,Lung Squamous Cell Carcinoma- Not Otherwise Specified (NOS),Primary Tumor,50.0,,1
TCGA-63-A5MJ,-0.03911259673923315,-0.2585526288474579,-1.5433491013833927,0.016459195945406523,0.0639728008344236,0.0014701892675502177,LUSC,II,Lung Squamous Cell Carcinoma- Not Otherwise Specified (NOS),Primary Tumor,,,1
TCGA-63-A5ML,0.30789190924711135,-0.2573169702626505,-0.3075935656678847,-0.029913362688522377,0.3402666016665993,-0.03496512936307515,LUSC,I,Lung Squamous Cell Carcinoma- Not Otherwise Specified (NOS),Primary Tumor,60.0,,1
TCGA-63-A5MM,-0.12067513842354498,0.15200425135391288,-0.6492060968996807,0.34689255367820615,-0.11513473197361124,0.34712698469541997,LUSC,II,Lung Squamous Cell Carcinoma- Not Otherwise Specified (NOS),Primary Tumor,30.0,,1
TCGA-63-A5MN,0.08861612302052535,0.13020869843092106,-0.4119016915346525,0.41545734720828953,0.1019068279938526,0.4164944377349917,LUSC,II,Lung Squamous Cell Carcinoma- Not Otherwise Specified (NOS),Primary Tumor,,,1
TCGA-63-A5MP,0.0506171153106539,-0.08746543305260968,0.43038653784506514,-0.13449010808239867,0.07998525765748511,-0.13733416918962374,LUSC,II,Lung Squamous Cell Carcinoma- Not Otherwise Specified (NOS),Primary Tumor,41.0,,1
TCGA-63-A5MR,-0.010880663414727544,0.09248342423883038,0.5429314455867587,0.416351477232429,-0.044614470405584,0.4192886367128885,LUSC,I,Lung Squamous Cell Carcinoma- Not Otherwise Specified (NOS),Primary Tumor,120.0,,1
TCGA-63-A5MS,0.03716719596809069,-0.07229382201011332,-0.5801933251826453,0.20062794890357036,0.05242080906960925,0.21649069293886572,LUSC,I,Lung Squamous Cell Carcinoma- Not Otherwise Specified (NOS),Primary Tumor,6.0,,1
TCGA-63-A5MT,-0.0633637677160228,-0.05895305421369774,0.3430922650860651,0.03550809760330086,-0.07001836563439275,0.043642236042611623,LUSC,II,Lung Squamous Cell Carcinoma- Not Otherwise Specified (NOS),Primary Tumor,100.0,,1
TCGA-63-A5MU,0.1127662208493959,-0.24203854957834905,0.8494142823790817,-0.2918438446087891,0.09165572999165672,-0.28824811925215893,LUSC,II,Lung Squamous Cell Carcinoma- Not Otherwise Specified (NOS),Primary Tumor,15.0,,1
TCGA-63-A5MV,-0.1348539245289605,-0.1323309554750439,-0.07261332092202964,0.14011598498899305,-0.11002975928447184,0.14992909951132136,LUSC,II,Lung Squamous Cell Carcinoma- Not Otherwise Specified (NOS),Primary Tumor,50.0,,1
TCGA-63-A5MW,0.018571732566324415,0.37673743450033575,-0.022181798991894635,-0.06932286300146151,0.007921045815317804,-0.04987940218584174,LUSC,I,Lung Squamous Cell Carcinoma- Not Otherwise Specified (NOS),Primary Tumor,60.0,,1
TCGA-63-A5MY,-0.2710570597419383,-0.2038683143967721,1.0069662067517706,-0.19077845198770166,-0.24312875958146082,-0.20638662755629703,LUSC,I,Lung Squamous Cell Carcinoma- Not Otherwise Specified (NOS),Primary Tumor,40.0,,1
TCGA-66-2727,0.3717614870265669,0.011562689621532722,0.5522108812870187,-0.25677486407699807,0.39273589930293246,-0.2568883457829833,LUSC,I,Lung Squamous Cell Carcinoma- Not Otherwise Specified (NOS),Primary Tumor,56.0,,1
TCGA-66-2734,0.0019261831393141545,0.17263630032288713,-0.4463517188229307,0.23138601381407448,0.025365189054713647,0.2305667959704972,LUSC,I,Lung Squamous Cell Carcinoma- Not Otherwise Specified (NOS),Primary Tumor,40.0,,1
TCGA-66-2737,0.30341741808629397,0.12962248971142998,-0.7728548784552459,0.17646906687640287,0.30677768882530193,0.17544893845946172,LUSC,II,Lung Squamous Cell Carcinoma- Not Otherwise Specified (NOS),Primary Tumor,40.0,,1
TCGA-66-2742,-0.04931474896193658,0.009468359776878673,-0.421030788570212,0.2916263760140418,0.0114532933560544,0.3003191677003969,LUSC,IV,Lung Squamous Cell Carcinoma- Not Otherwise Specified (NOS),Primary Tumor,44.0,,1
TCGA-66-2744,-0.22328562764216495,0.22764692288481628,-0.27588160103793474,0.26198435966474737,-0.19475940484154974,0.25615788908051135,LUSC,II,Lung Squamous Cell Carcinoma- Not Otherwise Specified (NOS),Primary Tumor,63.0,,1
TCGA-66-2753,-0.08580405702393808,0.46890426413595837,0.24199971235951268,0.21527545252053296,-0.16276696792747825,0.21524687018495156,LUSC,I,Lung Squamous Cell Carcinoma- Not Otherwise Specified (NOS),Primary Tumor,162.0,,1
TCGA-66-2754,-0.20330815376543107,-0.2704612280320322,1.2006295974250671,-0.472333349895748,-0.26053454056307934,-0.48150247190642687,LUSC,III,Lung Squamous Cell Carcinoma- Not Otherwise Specified (NOS),Primary Tumor,40.0,,1
TCGA-66-2755,0.2432292987912576,0.1139137523922002,-0.21711408463823237,0.0934551399339627,0.25165829762662106,0.09491959491152564,LUSC,I,Lung Squamous Cell Carcinoma- Not Otherwise Specified (NOS),Primary Tumor,20.0,,1
TCGA-66-2756,-0.21724132671121643,-0.17782909604697447,0.18394264017536596,-0.32878900028279623,-0.25578217328674147,-0.32585768229908585,LUSC,III,Lung Squamous Cell Carcinoma- Not Otherwise Specified (NOS),Primary Tumor,,,1
TCGA-66-2757,-0.12234222185590685,0.25574136048015295,-0.1725474024837058,-0.2870967060083585,-0.12719006338415098,-0.28181757020299825,LUSC,I,Lung Squamous Cell Carcinoma- Not Otherwise Specified (NOS),Primary Tumor,72.0,,1
TCGA-66-2758,0.06476570292500422,-0.15460995460464186,-0.07481458664835212,-0.0768647701198827,0.1116854996315773,-0.08040488295786576,LUSC,I,Lung Squamous Cell Carcinoma- Not Otherwise Specified (NOS),Primary Tumor,56.0,,1
TCGA-66-2759,0.11604452055663184,0.20130033827921526,0.6082368959386212,0.22002663404215392,0.06714440230225084,0.22279506504149074,LUSC,III,Lung Squamous Cell Carcinoma- Not Otherwise Specified (NOS),Primary Tumor,16.0,,1
TCGA-66-2763,-0.3601320234931962,0.2648502557939982,0.49643764771109894,-0.15531982778606188,-0.4405900467764375,-0.16411775905412357,LUSC,I,Lung Squamous Cell Carcinoma- Not Otherwise Specified (NOS),Primary Tumor,40.0,,1
TCGA-66-2765,-0.12446653132547311,0.21852377551248262,-0.2590119342160699,0.12701750377990462,-0.14605577746593268,0.1171225150248659,LUSC,I,Lung Squamous Cell Carcinoma- Not Otherwise Specified (NOS),Primary Tumor,108.0,,1
TCGA-66-2766,-0.04250230274550224,0.016494689218188127,0.4621573766494271,0.270197039005843,-0.05284403979124603,0.2669723089550119,LUSC,III,Lung Squamous Cell Carcinoma- Not Otherwise Specified (NOS),Primary Tumor,80.0,,1
TCGA-66-2767,0.025532778533500586,0.04660778515924642,-0.26602040920313014,0.0007053590504382426,0.06754033165462474,-0.0009315346989864126,LUSC,III,Lung Squamous Cell Carcinoma- Not Otherwise Specified (NOS),Primary Tumor,43.0,,1
TCGA-66-2768,-0.15744991330008978,0.15982891013513048,0.2967183256487951,0.09553557261388716,-0.20186779219278578,0.10023652219546435,LUSC,II,Lung Squamous Cell Carcinoma- Not Otherwise Specified (NOS),Primary Tumor,,,1
TCGA-66-2769,-0.3221060783211609,0.46265205634169726,-0.40804856827196917,0.12642616300588225,-0.28864396080244553,0.12946990535461608,LUSC,III,Lung Squamous Cell Carcinoma- Not Otherwise Specified (NOS),Primary Tumor,33.0,,1
TCGA-66-2770,0.1997401119145995,-0.06149610581367596,-0.4860971619120238,0.024834100531887258,0.23348368184187818,0.013581412524235906,LUSC,I,Lung Squamous Cell Carcinoma- Not Otherwise Specified (NOS),Primary Tumor,25.0,,1
TCGA-66-2771,-0.5268989434724616,0.2247633971248064,0.30484185328815383,-0.13456319215875015,-0.5176244794702054,-0.1455113439684193,LUSC,II,Lung Squamous Cell Carcinoma- Not Otherwise Specified (NOS),Primary Tumor,70.0,,1
TCGA-66-2773,0.4414197130718091,0.3111684798815371,-0.22492519548547665,0.017800496696221257,0.47238854313946643,0.014848242327878916,LUSC,I,Lung Squamous Cell Carcinoma- Not Otherwise Specified (NOS),Primary Tumor,58.0,,1
TCGA-66-2777,0.1147297673038732,-0.15619543297889246,-0.7359052643847864,0.1559770532564197,0.2016689658090611,0.14333565272293117,LUSC,I,Lung Squamous Cell Carcinoma- Not Otherwise Specified (NOS),Primary Tumor,12.0,,1
TCGA-66-2778,-0.7391808336291567,0.07120887694750812,1.0261614671998924,0.09797439840503464,-0.781981881452895,0.09196026816307282,LUSC,III,Lung Squamous Cell Carcinoma- Not Otherwise Specified (NOS),Primary Tumor,37.0,,1
TCGA-66-2780,-0.11672530506590159,0.07332036516906237,0.046994027801660065,0.3015665277959507,-0.1842122320816558,0.29851209826057085,LUSC,I,Lung Squamous Cell Carcinoma- Not Otherwise Specified (NOS),Primary Tumor,28.0,,1
TCGA-66-2781,-0.07617126708140388,0.096358524664299,0.12198856340309532,0.08670106338258575,-0.11697115937126745,0.0889383219616977,LUSC,I,Lung Squamous Cell Carcinoma- Not Otherwise Specified (NOS),Primary Tumor,80.0,,1
TCGA-66-2782,-0.1281004338994796,0.11701785467838978,-0.12343283826849892,-0.14169399782193945,-0.13868934390141563,-0.1457637749889004,LUSC,II,Lung Squamous Cell Carcinoma- Not Otherwise Specified (NOS),Primary Tumor,50.0,,1
TCGA-66-2783,0.3518183180383207,0.23336235903180302,0.17798413496203094,0.1514017950870254,0.35153454166632025,0.140684207170006,LUSC,III,Lung Squamous Cell Carcinoma- Not Otherwise Specified (NOS),Primary Tumor,65.0,,1
TCGA-66-2785,-0.2631518322623191,-0.05574074112431002,0.10457887249567056,0.0039285670458669205,-0.239870372108796,-0.0022787645665211242,LUSC,I,Lung Squamous Cell Carcinoma- Not Otherwise Specified (NOS),Primary Tumor,70.0,,1
TCGA-66-2786,0.04090786842254324,0.10415101259671809,0.4255078833530724,0.06455526093256246,0.004014990202613873,0.07055294764384998,LUSC,I,Lung Squamous Cell Carcinoma- Not Otherwise Specified (NOS),Primary Tumor,74.0,,1
TCGA-66-2787,0.23768792500621214,0.12520459660363137,-0.34784512905484255,-0.19670952358274688,0.3423546847443574,-0.20920722034346026,LUSC,I,Lung Squamous Cell Carcinoma- Not Otherwise Specified (NOS),Primary Tumor,40.0,,1
TCGA-66-2788,0.1040645066762435,0.368816355928776,-0.43555823768741614,0.3877792232653056,0.08336807616562496,0.39244258140819305,LUSC,I,Lung Squamous Cell Carcinoma- Not Otherwise Specified (NOS),Primary Tumor,80.0,,1
TCGA-66-2789,-0.15464722523346372,0.40887739118771904,-0.16865181246377237,0.27788839461911347,-0.17677594881479602,0.28052687550978195,LUSC,III,Lung Squamous Cell Carcinoma- Not Otherwise Specified (NOS),Primary Tumor,40.0,,1
TCGA-66-2790,-0.03419078521739751,0.10654578286923778,-0.01153026268382277,0.360214954425598,-0.0562276808923812,0.36762487163136376,LUSC,II,Lung Squamous Cell Carcinoma- Not Otherwise Specified (NOS),Primary Tumor,57.0,,1
TCGA-66-2791,0.322895247461096,0.10868971387060983,-0.5915968429308497,0.10414199288941166,0.3470446894803554,0.09809683394695624,LUSC,III,Lung Squamous Cell Carcinoma- Not Otherwise Specified (NOS),Primary Tumor,25.0,,1
TCGA-66-2792,0.07649482857276467,0.26562828095799745,-0.20429632912874043,0.09645613059930311,0.08971431014704967,0.10833107805991536,LUSC,II,Lung Squamous Cell Carcinoma- Not Otherwise Specified (NOS),Primary Tumor,10.0,,1
TCGA-66-2793,-0.32207755520082165,0.1929058762016073,1.913521459782335,-0.4269138729797962,-0.4633696205769574,-0.4160214833705014,LUSC,III,Lung Squamous Cell Carcinoma- Not Otherwise Specified (NOS),Primary Tumor,112.0,,1
TCGA-66-2794,0.10225687411229074,0.18309420196869358,0.7742748604204085,-0.21735395078818825,0.09036571999344292,-0.2147687102435874,LUSC,III,Lung Squamous Cell Carcinoma- Not Otherwise Specified (NOS),Primary Tumor,100.0,,1
TCGA-66-2795,0.23874127309788595,-0.10773061531085172,-0.719521570190318,0.19016408163071286,0.26462966449757414,0.1805035696874187,LUSC,III,Lung Squamous Cell Carcinoma- Not Otherwise Specified (NOS),Primary Tumor,86.0,,1
TCGA-66-2800,0.0190265497125523,0.0915630528897867,-0.0806237303272716,0.4183483696751722,0.07195711430055445,0.41052135773990817,LUSC,III,Lung Squamous Cell Carcinoma- Not Otherwise Specified (NOS),Primary Tumor,75.0,,1
TCGA-68-7755,0.3283878501830313,-0.10520806456807602,-0.3949832992702366,-0.04566315960033392,0.33729265600289193,-0.053228221280242065,LUSC,II,Lung Squamous Cell Carcinoma- Not Otherwise Specified (NOS),Primary Tumor,78.0,,1
TCGA-68-7756,0.3956365096010882,0.14307573212943145,-0.8523695795020414,0.2865596909633398,0.4368425833510169,0.286211412152872,LUSC,III,Lung Squamous Cell Carcinoma- Not Otherwise Specified (NOS),Primary Tumor,20.0,,1
TCGA-68-7757,-0.1424273929696459,0.0852451660303863,-0.7731599021522347,-0.11148195804104491,-0.17508427522633604,-0.10500438365540873,LUSC,I,Lung Squamous Cell Carcinoma- Not Otherwise Specified (NOS),Primary Tumor,25.0,,1
TCGA-68-8250,0.12922801287739505,0.1468263004409497,0.059685383952174015,0.20855349418014155,0.12349605998115834,0.20034953114475004,LUSC,I,Lung Squamous Cell Carcinoma- Not Otherwise Specified (NOS),Primary Tumor,50.0,,1
TCGA-68-8251,0.009677918070996504,-0.12364452862193133,-0.5113452654668863,-0.006118633647862408,0.0014588558181526828,0.014087869055058301,LUSC,I,Lung Squamous Cell Carcinoma- Not Otherwise Specified (NOS),Primary Tumor,52.0,,1
TCGA-68-A59I,0.11626511208890342,0.2357979519898957,-0.14586292323848019,0.41288649932329485,0.12386431619767026,0.420010570400683,LUSC,III,Lung Squamous Cell Carcinoma- Not Otherwise Specified (NOS),Primary Tumor,50.0,,1
TCGA-68-A59J,0.2316546771591511,-0.1849363573428934,-1.1304813689326676,0.24050358694544846,0.31046191622646935,0.2347713115455944,LUSC,I,Lung Squamous Cell Carcinoma- Not Otherwise Specified (NOS),Primary Tumor,45.0,,1
TCGA-6A-AB49,-0.2648497662253976,-0.2899925956858766,0.5301816491029914,-0.2389269051234695,-0.3070105335160312,-0.23554335728304127,LUSC,I,Lung Squamous Cell Carcinoma- Not Otherwise Specified (NOS),Primary Tumor,50.0,,1
TCGA-70-6722,0.048959271757807316,0.31745511859930053,-0.6492969294032733,0.018919191440502584,0.021091601537901933,0.021204172160935408,LUSC,III,Lung Squamous Cell Carcinoma- Not Otherwise Specified (NOS),Primary Tumor,,,1
TCGA-70-6723,0.5979604261699231,-0.33055202458950156,0.9753354850256359,-0.16128946042199865,0.6019549513737672,-0.16063975047170262,LUSC,II,Lung Papillary Squamous Cell Caricnoma,Primary Tumor,,,1
TCGA-77-6842,0.09507189595135758,0.21754079610974336,0.2902204213916932,0.09966046392748877,0.10752764821104045,0.10161853637608781,LUSC,II,Lung Squamous Cell Carcinoma- Not Otherwise Specified (NOS),Primary Tumor,22.5,,1
TCGA-77-6843,0.44293226985372436,-0.20202162447749533,1.298516265063556,-0.28572928913528955,0.4570917858277582,-0.27682536234808436,LUSC,II,Lung Squamous Cell Carcinoma- Not Otherwise Specified (NOS),Primary Tumor,30.0,,1
TCGA-77-6844,-0.22891038170291814,0.013592523509628378,0.9109476859826984,-0.19850959635842458,-0.2774227103521739,-0.19152913508507177,LUSC,III,Lung Squamous Cell Carcinoma- Not Otherwise Specified (NOS),Primary Tumor,45.0,,1
TCGA-77-6845,0.014235556754515205,-0.08744822208394505,0.5122753010927709,0.2565562606306788,-0.0009369188546311929,0.25322542851757673,LUSC,II,Lung Squamous Cell Carcinoma- Not Otherwise Specified (NOS),Primary Tumor,51.0,,1
TCGA-77-7138,-0.18704148439433502,0.23726451928268066,0.9790630648069127,-0.23599273619818464,-0.2604112818575904,-0.22877235227496742,LUSC,I,Lung Squamous Cell Carcinoma- Not Otherwise Specified (NOS),Primary Tumor,20.0,,1
TCGA-77-7139,-0.11831244380252923,-0.36355300028384185,0.14143263164773842,-0.4217119018443517,-0.048703880936954484,-0.4300175423862994,LUSC,II,Lung Squamous Cell Carcinoma- Not Otherwise Specified (NOS),Primary Tumor,2.0,,1
TCGA-77-7140,-0.11540425396423831,0.21266070925345962,0.20038311053678357,0.07020319663036524,-0.10689297948185121,0.05735857893785195,LUSC,II,Lung Squamous Cell Carcinoma- Not Otherwise Specified (NOS),Primary Tumor,,,1
TCGA-77-7141,0.4297676536057257,-0.22442199818923012,0.24151848016156385,-0.17825480028534574,0.5109423972693393,-0.18204333031285586,LUSC,I,Lung Squamous Cell Carcinoma- Not Otherwise Specified (NOS),Primary Tumor,70.0,,1
TCGA-77-7142,0.03378584011186141,0.41691684550624614,1.0890761216005636,-0.11223208753183773,0.03144060025017228,-0.09377177186714586,LUSC,I,Lung Squamous Cell Carcinoma- Not Otherwise Specified (NOS),Primary Tumor,52.5,,1
TCGA-77-7335,-0.16357365366098053,-0.0067376999162428305,-0.9600374291653738,-0.038666134403521436,-0.1500929894744159,-0.03894132096706433,LUSC,III,Lung Squamous Cell Carcinoma- Not Otherwise Specified (NOS),Primary Tumor,52.0,,1
TCGA-77-7337,0.13862240000295642,0.27221685857365396,-0.028729182954805126,0.25747986241379295,0.10592177092118386,0.25897980113040503,LUSC,II,Lung Squamous Cell Carcinoma- Not Otherwise Specified (NOS),Primary Tumor,79.5,,1
TCGA-77-7338,0.40475546363626774,-0.14704509811825087,-0.339032891756135,0.27888467913984183,0.43304047373104704,0.2813423494479495,LUSC,I,Lung Squamous Cell Carcinoma- Not Otherwise Specified (NOS),Primary Tumor,41.25,,1
TCGA-77-7463,-0.13016485244226308,0.18296214979789202,0.5754968305227693,-0.12202625439820132,-0.14159782252692066,-0.12863453056519095,LUSC,I,Lung Squamous Cell Carcinoma- Not Otherwise Specified (NOS),Primary Tumor,42.0,,1
TCGA-77-7465,-0.19594637278866672,0.03721574385960313,0.9415923816953707,-0.3545715038078723,-0.2201139483774853,-0.3525180526406832,LUSC,II,Lung Squamous Cell Carcinoma- Not Otherwise Specified (NOS),Primary Tumor,120.0,,1
TCGA-77-8007,0.10891879759048441,0.37089358826640695,-1.3387689408573131,0.31955632422804625,0.18284281667723604,0.3101520188017811,LUSC,II,Lung Squamous Cell Carcinoma- Not Otherwise Specified (NOS),Primary Tumor,100.0,,1
TCGA-77-8008,0.11398527837233782,0.13067870330520467,-1.6443989054235992,0.3637668926109262,0.13025932333726223,0.37614264724051827,LUSC,I,Lung Squamous Cell Carcinoma- Not Otherwise Specified (NOS),Primary Tumor,61.5,,1
TCGA-77-8009,0.448315197349765,0.2472730335764489,0.5505186043603425,-0.14743735141723496,0.4264447734209476,-0.15281396949763879,LUSC,II,Lung Squamous Cell Carcinoma- Not Otherwise Specified (NOS),Primary Tumor,97.5,,1
TCGA-77-8128,-0.1657876242668737,0.006196776456008313,-0.6622827618449643,-0.048900633098600654,-0.20567567490356842,-0.04199024805356294,LUSC,III,Lung Squamous Cell Carcinoma- Not Otherwise Specified (NOS),Primary Tumor,113.0,,1
TCGA-77-8130,-0.1615344079199218,-0.14533610887927603,-1.0461667220425743,0.5552796152029832,-0.19662347981452077,0.5595226330497464,LUSC,II,Lung Squamous Cell Carcinoma- Not Otherwise Specified (NOS),Primary Tumor,32.25,,1
TCGA-77-8131,-0.03211241877036841,0.024164250738267518,-0.895143876568206,0.44238730716565866,0.015415988360700435,0.43822716777764126,LUSC,I,Lung Squamous Cell Carcinoma- Not Otherwise Specified (NOS),Primary Tumor,69.0,,1
TCGA-77-8133,0.08353394450921393,-0.18085659231511084,0.4423182601782521,-0.12607509447022783,0.09380382107333059,-0.11797842431158674,LUSC,II,Lung Squamous Cell Carcinoma- Not Otherwise Specified (NOS),Primary Tumor,22.0,,1
TCGA-77-8136,-0.20917907478935938,0.2645380412248604,-0.8331026227279067,0.2929832427148354,-0.2096129747716435,0.298853075683104,LUSC,II,Lung Squamous Cell Carcinoma- Not Otherwise Specified (NOS),Primary Tumor,135.0,,1
TCGA-77-8138,0.03440337510919289,0.21544115833949282,-0.5367102279433696,0.19437285205769148,0.004693067423960199,0.19767766046607493,LUSC,I,Lung Squamous Cell Carcinoma- Not Otherwise Specified (NOS),Primary Tumor,54.0,,1
TCGA-77-8139,-0.292743425711065,0.41406042002566257,-0.29184184748259007,-0.477228116987951,-0.3891221921799789,-0.47152823196370713,LUSC,II,Lung Squamous Cell Carcinoma- Not Otherwise Specified (NOS),Primary Tumor,52.0,,1
TCGA-77-8140,-0.23691972525691538,-0.33014879565989214,0.8197054708379291,-0.40822350972356036,-0.2345578027954597,-0.3930897595802499,LUSC,II,Lung Squamous Cell Carcinoma- Not Otherwise Specified (NOS),Primary Tumor,78.0,,1
TCGA-77-8143,-0.17422893962511876,-0.17228435841061643,0.9181066004056156,-0.44249516686389645,-0.24358271930022113,-0.44605932306236096,LUSC,III,Lung Squamous Cell Carcinoma- Not Otherwise Specified (NOS),Primary Tumor,30.0,,1
TCGA-77-8144,-0.5071049976105981,-0.04603630233421295,0.5166050603135313,-0.37393319950584447,-0.6039876204459911,-0.37955508590617015,LUSC,I,Lung Squamous Cell Carcinoma- Not Otherwise Specified (NOS),Primary Tumor,59.0,,1
TCGA-77-8145,0.02580120323621155,0.02012177723187775,-1.2376810657683217,0.39455997198702913,0.04757316499445501,0.39816682647064033,LUSC,III,Lung Squamous Cell Carcinoma- Not Otherwise Specified (NOS),Primary Tumor,57.0,,1
TCGA-77-8146,0.1792026018511492,0.12762617613348978,-0.4046797690230995,0.1686900831490635,0.1626901905056175,0.16057918490296694,LUSC,I,Lung Squamous Cell Carcinoma- Not Otherwise Specified (NOS),Primary Tumor,75.0,,1
TCGA-77-8148,0.11941308406983998,-0.006939732738388838,-0.558115779523478,-0.03468245752424459,0.09390323370145115,-0.03319087852086945,LUSC,III,Lung Squamous Cell Carcinoma- Not Otherwise Specified (NOS),Primary Tumor,60.0,,1
TCGA-77-8150,0.043529956517381056,-0.6136783622697639,-2.451130095488364,-0.1876977815222011,0.2575743129557862,-0.23446197750563952,LUSC,III,Lung Squamous Cell Carcinoma- Not Otherwise Specified (NOS),Primary Tumor,46.0,,1
TCGA-77-8153,0.20320056004744705,-0.15793600497000723,-0.044925120547044096,0.1134752957103243,0.21189760898687116,0.0996476933444672,LUSC,I,Lung Squamous Cell Carcinoma- Not Otherwise Specified (NOS),Primary Tumor,25.0,,1
TCGA-77-8154,-0.04818490013048788,-0.1616788395387902,0.012583321502390063,-0.4317515981737486,-0.10483772813660709,-0.4422561441757978,LUSC,I,Lung Squamous Cell Carcinoma- Not Otherwise Specified (NOS),Primary Tumor,40.0,,1
TCGA-77-8156,0.29820352962843205,0.09941129727323537,-0.9716768075553688,-0.025188769801525217,0.35064173719523034,-0.02118053317324261,LUSC,I,Lung Squamous Cell Carcinoma- Not Otherwise Specified (NOS),Primary Tumor,57.5,,1
TCGA-77-A5FZ,-0.17993005438488704,-0.22067368131507362,-0.8877110115355754,0.20335026652113775,-0.057114688340555934,0.1944595701360829,LUSC,III,Lung Papillary Squamous Cell Caricnoma,Primary Tumor,141.0,,1
TCGA-77-A5G1,-0.18652707148394448,-0.07582963566145093,-0.10022653517613304,0.14859703940189614,-0.18480929227579618,0.14781911480772514,LUSC,III,Lung Squamous Cell Carcinoma- Not Otherwise Specified (NOS),Primary Tumor,53.0,,1
TCGA-77-A5G3,0.03801687728414034,0.041993286243980125,-0.5721875219481442,-0.12441912680322834,0.0604845564266815,-0.11605389546246864,LUSC,II,Lung Squamous Cell Carcinoma- Not Otherwise Specified (NOS),Primary Tumor,40.0,,1
TCGA-77-A5G6,-0.3711900312103252,0.37513316895860654,1.39008947741645,0.04303922104187468,-0.44993757925437733,0.05497420585601557,LUSC,III,Lung Squamous Cell Carcinoma- Not Otherwise Specified (NOS),Primary Tumor,74.0,,1
TCGA-77-A5G7,-0.42003767717362633,-0.05793113756790159,1.3324642479315976,-0.4386442932166664,-0.522596187794622,-0.42905137635022145,LUSC,I,Lung Squamous Cell Carcinoma- Not Otherwise Specified (NOS),Primary Tumor,69.0,,1
TCGA-77-A5G8,0.07339431713769007,-0.17569416755797476,-1.2577403364045814,0.21269561072853815,0.12321883811206634,0.2121946063692374,LUSC,II,Lung Squamous Cell Carcinoma- Not Otherwise Specified (NOS),Primary Tumor,90.0,,1
TCGA-77-A5GA,0.038821579603731,-0.2813044880519461,-0.10799166268883446,0.04541422682861749,0.030250336343110685,0.03286244149829716,LUSC,I,Lung Squamous Cell Carcinoma- Not Otherwise Specified (NOS),Primary Tumor,99.0,,1
TCGA-77-A5GB,-0.3296766458998247,0.13416320142702548,-0.5509932659864485,0.00012464537263098214,-0.36126970624352134,0.006836924964147305,LUSC,I,Lung Squamous Cell Carcinoma- Not Otherwise Specified (NOS),Primary Tumor,52.0,,1
TCGA-77-A5GF,0.23082460636960597,-0.3103771675923456,-1.1887515721763922,-0.10399647613298439,0.3165400979616084,-0.12771389979433564,LUSC,II,Lung Squamous Cell Carcinoma- Not Otherwise Specified (NOS),Primary Tumor,60.0,,1
TCGA-77-A5GH,-0.025761646688123425,0.10357620602554446,0.004250579897491252,0.08724099429319945,-0.007722915241508963,0.09930944405449642,LUSC,I,Lung Squamous Cell Carcinoma- Not Otherwise Specified (NOS),Primary Tumor,11.0,,1
TCGA-79-5596,0.4317431616309229,-0.17824713317795707,-0.0857836373599566,-0.059433180900323505,0.4560434006619044,-0.06932089401412037,LUSC,III,Lung Squamous Cell Carcinoma- Not Otherwise Specified (NOS),Primary Tumor,40.0,,1
TCGA-85-6175,0.05000146898226529,0.1922625347777658,-1.9176285287287191,0.35179978065479295,0.08568679085224702,0.36202226857923075,LUSC,II,Lung Squamous Cell Carcinoma- Not Otherwise Specified (NOS),Primary Tumor,,,1
TCGA-85-6560,-0.2909783274765499,-0.05787185891437045,-0.05142676134370395,-0.32992303248364063,-0.25685239233565976,-0.3352450859964993,LUSC,II,Lung Squamous Cell Carcinoma- Not Otherwise Specified (NOS),Primary Tumor,40.0,,1
TCGA-85-6561,0.20371234777851283,0.17508112569885545,-1.1376157479648565,0.06286283534030115,0.27760138871838674,0.049397724129743394,LUSC,I,Lung Squamous Cell Carcinoma- Not Otherwise Specified (NOS),Primary Tumor,35.0,,1
TCGA-85-6798,0.17560195076911905,0.014134962805378626,-0.6758283452416998,0.15086437461719818,0.13342682301101597,0.14442936456672162,LUSC,III,Lung Squamous Cell Carcinoma- Not Otherwise Specified (NOS),Primary Tumor,35.0,,1
TCGA-85-7696,0.2138865510216379,0.019712905135421545,-0.31202904102986245,-0.04038431850402609,0.20852164864399153,-0.03545723085751483,LUSC,I,Lung Squamous Cell Carcinoma- Not Otherwise Specified (NOS),Primary Tumor,30.0,,1
TCGA-85-7697,0.02997826308682562,-0.21871736869866526,0.04881796163884042,-0.11430754797612484,-0.005599984781111933,-0.10941824390850699,LUSC,II,Lung Squamous Cell Carcinoma- Not Otherwise Specified (NOS),Primary Tumor,30.0,,1
TCGA-85-7698,0.3196292083684036,0.16990787087291712,-0.9794372646419762,0.10913173992981712,0.3829228018192676,0.11303461740091218,LUSC,I,Lung Squamous Cell Carcinoma- Not Otherwise Specified (NOS),Primary Tumor,44.0,,1
TCGA-85-7699,-0.00264758197668466,0.24204111419465768,-0.26798255187732717,-0.14166258504781085,0.023649653407764763,-0.12965826489557067,LUSC,III,Lung Squamous Cell Carcinoma- Not Otherwise Specified (NOS),Primary Tumor,74.0,,1
TCGA-85-7710,-0.17692985999909872,0.2750162221408094,1.06610169494481,0.09319414236062631,-0.2463878818730277,0.10443329046823999,LUSC,I,Lung Squamous Cell Carcinoma- Not Otherwise Specified (NOS),Primary Tumor,45.0,,1
TCGA-85-7843,0.13949828550340146,-0.07843421806610958,-0.041773419791925004,0.09290698696311103,0.12833529749424924,0.08621328706786108,LUSC,II,Lung Squamous Cell Carcinoma- Not Otherwise Specified (NOS),Primary Tumor,35.0,,1
TCGA-85-7844,0.36828250183441763,0.22468820725896066,-0.5903115583932316,0.249493399831009,0.3983276882462845,0.25035247732260696,LUSC,I,Lung Squamous Cell Carcinoma- Not Otherwise Specified (NOS),Primary Tumor,40.0,,1
TCGA-85-7950,0.210794537646117,0.2485647182253833,0.42858333363660955,0.29128270971589226,0.21144754877359603,0.305082978192159,LUSC,I,Lung Squamous Cell Carcinoma- Not Otherwise Specified (NOS),Primary Tumor,27.0,,1
TCGA-85-8048,-0.1370533349178049,-0.25985269999227506,-0.49037871573699804,0.04360812649822601,-0.0876849904916433,0.04605861450438554,LUSC,I,Lung Squamous Cell Carcinoma- Not Otherwise Specified (NOS),Primary Tumor,50.0,,1
TCGA-85-8049,0.4100010126686015,-0.1851058046314665,-1.3874139909283703,0.2723062918927864,0.49842569128762493,0.2594293621962926,LUSC,I,Lung Squamous Cell Carcinoma- Not Otherwise Specified (NOS),Primary Tumor,,,1
TCGA-85-8052,0.34054653941483404,-0.07356575529587489,-0.9354968193969909,0.24947403891151101,0.41981500228137664,0.2442360932435538,LUSC,II,Lung Squamous Cell Carcinoma- Not Otherwise Specified (NOS),Primary Tumor,40.0,,1
TCGA-85-8070,-0.07171078304853828,-0.32769870706449705,0.18259855130028899,-0.30077974495208387,-0.07349882454929918,-0.31536708101607164,LUSC,I,Lung Squamous Cell Carcinoma- Not Otherwise Specified (NOS),Primary Tumor,50.0,,1
TCGA-85-8071,0.06597430969776412,0.5392816912934683,0.9372069445529091,-0.19826234474378254,0.007525355765391206,-0.187131669614246,LUSC,II,Lung Squamous Cell Carcinoma- Not Otherwise Specified (NOS),Primary Tumor,30.0,,1
TCGA-85-8072,0.37252818985823444,-0.10359736331995335,-0.5037835357207103,-0.1632624473636241,0.4226909522136853,-0.16623991768045376,LUSC,I,Lung Squamous Cell Carcinoma- Not Otherwise Specified (NOS),Primary Tumor,15.0,,1
TCGA-85-8276,-0.010138695130201353,0.10350995561166666,-0.7719784312855728,0.026695228247467097,-0.027337010412788985,0.02647717599445334,LUSC,II,Lung Squamous Cell Carcinoma- Not Otherwise Specified (NOS),Primary Tumor,20.0,,1
TCGA-85-8277,-0.02354167400842358,-0.11255415817649127,0.7601721262172397,-0.04783204828571974,-0.09844023190307057,-0.04360134546479474,LUSC,III,Lung Squamous Cell Carcinoma- Not Otherwise Specified (NOS),Primary Tumor,,,1
TCGA-85-8287,0.09930149136017923,0.18681652277445676,-0.6781703567461269,0.20977661419515747,0.1125289782370891,0.21741544834075893,LUSC,I,Lung Squamous Cell Carcinoma- Not Otherwise Specified (NOS),Primary Tumor,50.0,,1
TCGA-85-8288,0.23140436978214746,-0.11360555895121527,-0.33061685175632055,0.23701839810663086,0.23098440723126337,0.24188136586004175,LUSC,II,Lung Squamous Cell Carcinoma- Not Otherwise Specified (NOS),Primary Tumor,50.0,,1
TCGA-85-8350,-0.017667664108037894,0.10432881395020521,-0.6133210571046059,0.3231870737764195,-0.034803956310511676,0.32724814554777,LUSC,I,Lung Squamous Cell Carcinoma- Not Otherwise Specified (NOS),Primary Tumor,40.0,,1
TCGA-85-8351,-0.057525644942064864,-0.008450194858202583,0.5303659899065547,0.10736378157177177,-0.06139663881190718,0.10499850488398978,LUSC,II,Lung Squamous Cell Carcinoma- Not Otherwise Specified (NOS),Primary Tumor,60.0,,1
TCGA-85-8352,-0.589278254627392,-0.7721686504440195,1.8780447364060777,-0.48950170771787926,-0.6236203157514655,-0.48396694921325095,LUSC,III,Lung Squamous Cell Carcinoma- Not Otherwise Specified (NOS),Primary Tumor,50.0,,1
TCGA-85-8353,0.1565479829744678,0.2334558459410057,-1.1576957653328714,0.6121286117973597,0.20938556038718864,0.6101301798207688,LUSC,III,Lung Squamous Cell Carcinoma- Not Otherwise Specified (NOS),Primary Tumor,50.0,,1
TCGA-85-8354,0.139367840411215,-0.25241748112387835,0.8148342702668284,0.07800323324016381,0.14376898908307198,0.07404833463308436,LUSC,I,Lung Squamous Cell Carcinoma- Not Otherwise Specified (NOS),Primary Tumor,30.0,,1
TCGA-85-8355,0.2856218327942571,-0.05703566472123381,-0.5380240167226435,-0.03907495566180605,0.4088438363038931,-0.037837276242020906,LUSC,I,Lung Squamous Cell Carcinoma- Not Otherwise Specified (NOS),Primary Tumor,,,1
TCGA-85-8479,-0.1931932625744009,-0.34756431154140643,0.8149922092590024,-0.10542472275607413,-0.31164235085963915,-0.09800140722472965,LUSC,I,Lung Papillary Squamous Cell Caricnoma,Primary Tumor,90.0,,1
TCGA-85-8481,0.06998530168345564,-0.03082496829339742,-0.5012716733976187,0.6274339129981531,0.04646574418658081,0.6304535011347078,LUSC,II,Lung Papillary Squamous Cell Caricnoma,Primary Tumor,80.0,,1
TCGA-85-8580,-0.044829924159347716,-0.04537934398024032,0.3479452141556975,-0.1427321031462363,-0.033957498621103796,-0.14143895681823948,LUSC,I,Lung Squamous Cell Carcinoma- Not Otherwise Specified (NOS),Primary Tumor,38.0,,1
TCGA-85-8582,0.006014678612866237,0.05319335204808127,-0.9284814487776366,0.38592801267669935,0.012715644661035159,0.38929844984196144,LUSC,I,Lung Squamous Cell Carcinoma- Not Otherwise Specified (NOS),Primary Tumor,40.0,,1
TCGA-85-8584,-0.06006960505727553,-0.09906803623482996,-0.2867094350359443,-0.09008804922227552,-0.07733941647136189,-0.09316525139567237,LUSC,II,Lung Papillary Squamous Cell Caricnoma,Primary Tumor,50.0,,1
TCGA-85-8664,-0.03335095974313665,-0.1989172641216493,1.5759864743608745,-0.0496191616162061,-0.10612518337067489,-0.03518805919440405,LUSC,II,Lung Squamous Cell Carcinoma- Not Otherwise Specified (NOS),Primary Tumor,60.0,,1
TCGA-85-8666,0.25986653051815767,0.043002186089710154,-0.7672638375010878,0.26226385237836664,0.2924304836925972,0.25384097783509446,LUSC,I,Lung Squamous Cell Carcinoma- Not Otherwise Specified (NOS),Primary Tumor,55.0,,1
TCGA-85-A4CL,-0.11799417179017853,-0.36654329345809167,-0.5161498747442255,-0.12913082466746822,-0.07633161938160006,-0.14817237736234803,LUSC,I,Lung Squamous Cell Carcinoma- Not Otherwise Specified (NOS),Primary Tumor,40.0,,1
TCGA-85-A4CN,0.18121539130287034,-0.1795366470903665,-2.0472192931444813,0.0443962707104568,0.2681528511083513,0.02589045215381905,LUSC,II,Lung Squamous Cell Carcinoma- Not Otherwise Specified (NOS),Primary Tumor,,,1
TCGA-85-A4JB,-0.12952780002700318,0.5872199868524901,0.4805563696472201,0.29602975352885413,-0.1997841939833077,0.3054597109334386,LUSC,II,Lung Squamous Cell Carcinoma- Not Otherwise Specified (NOS),Primary Tumor,25.0,,1
TCGA-85-A4JC,-0.2305313420160709,-0.08517811510165128,-0.2985506868465631,0.23693391980229628,-0.28443503559668937,0.24739108569962004,LUSC,II,Lung Squamous Cell Carcinoma- Not Otherwise Specified (NOS),Primary Tumor,25.0,,1
TCGA-85-A4PA,-0.4109724223572611,-0.1514316948008395,0.22058396214223355,-0.46074651366822844,-0.3723181176022276,-0.46325047969055366,LUSC,I,Lung Squamous Cell Carcinoma- Not Otherwise Specified (NOS),Primary Tumor,40.0,,1
TCGA-85-A4QQ,-0.18505491057828322,-0.06756841373161783,0.83563729314381,-0.01602135780019302,-0.28922781001287057,-0.01068630953042707,LUSC,I,Lung Squamous Cell Carcinoma- Not Otherwise Specified (NOS),Primary Tumor,50.0,,1
TCGA-85-A4QR,-0.341906659251828,0.0681493632123462,2.1002987606923686,-0.3097240031249061,-0.43068701434210954,-0.3066718995099762,LUSC,I,Lung Squamous Cell Carcinoma- Not Otherwise Specified (NOS),Primary Tumor,50.0,,1
TCGA-85-A50M,-0.02278575482703119,-0.10642945303458418,-0.4983676095942228,0.23574795875895374,0.004572304147337888,0.2427579222256338,LUSC,II,Lung Squamous Cell Carcinoma- Not Otherwise Specified (NOS),Primary Tumor,15.0,,1
TCGA-85-A50Z,-0.1639458324091378,0.32156954521530634,0.3703706624932241,-0.07651419856883575,-0.18740065057422592,-0.08681999171052891,LUSC,II,Lung Squamous Cell Carcinoma- Not Otherwise Specified (NOS),Primary Tumor,45.0,,1
TCGA-85-A510,-0.49504269841136944,-0.29566737325247755,0.4765710804734166,-0.4698002208244928,-0.4922487334541617,-0.48288581023413263,LUSC,II,Lung Squamous Cell Carcinoma- Not Otherwise Specified (NOS),Primary Tumor,45.0,,1
TCGA-85-A511,0.22732992366821084,0.28795668220922016,-0.5816119408257239,0.1684073383698521,0.22342348555390273,0.1767065421306235,LUSC,II,Lung Squamous Cell Carcinoma- Not Otherwise Specified (NOS),Primary Tumor,40.0,,1
TCGA-85-A512,-0.023234476546060576,0.08374900843053729,0.21267618875484526,-0.04354235434306452,-0.06885412581248783,-0.031342097861032245,LUSC,II,Lung Squamous Cell Carcinoma- Not Otherwise Specified (NOS),Primary Tumor,25.0,,1
TCGA-85-A513,-0.33363178146632305,-0.248426144898773,-0.43114525668156695,-0.12717585048256272,-0.3268516009627329,-0.12622159119131474,LUSC,I,Lung Squamous Cell Carcinoma- Not Otherwise Specified (NOS),Primary Tumor,,,1
TCGA-85-A53L,-0.11029262757303065,0.15105454179874,0.32782061245115046,0.5149696186698233,-0.1684025140368098,0.5208435786486877,LUSC,II,Lung Squamous Cell Carcinoma- Not Otherwise Specified (NOS),Primary Tumor,30.0,,1
TCGA-85-A5B5,-0.25128797194159375,-0.5444056191179212,-1.896664173725192,-0.18560259924890143,-0.11826736421848898,-0.20896471366473768,LUSC,I,Lung Squamous Cell Carcinoma- Not Otherwise Specified (NOS),Primary Tumor,15.0,,1
TCGA-90-6837,-0.09134774910116077,0.06282893241019895,-1.0761577091289292,0.23606450876399676,-0.07566531469285066,0.2323613496813916,LUSC,II,Lung Squamous Cell Carcinoma- Not Otherwise Specified (NOS),Primary Tumor,40.0,,1
TCGA-90-7766,-0.06578711831787405,-0.2292664711005046,1.1041000612216327,-0.40461882863770227,-0.07338584741962133,-0.40267759043570195,LUSC,I,Lung Squamous Cell Carcinoma- Not Otherwise Specified (NOS),Primary Tumor,30.0,,1
TCGA-90-7767,0.12262875993637193,0.4357245874277013,-0.5675014236497407,-0.017683879836815693,0.10593055221120744,0.005127109700897257,LUSC,II,Lung Squamous Cell Carcinoma- Not Otherwise Specified (NOS),Primary Tumor,25.0,,1
TCGA-90-7769,0.16223265524231728,-0.0627653328911643,0.47748515690151194,-0.15424421767556296,0.17785508416374438,-0.15952937830492128,LUSC,II,Lung Squamous Cell Carcinoma- Not Otherwise Specified (NOS),Primary Tumor,36.0,,1
TCGA-90-7964,0.3291189574537815,-0.11923192775464568,-0.3552419034827979,0.13236104050180147,0.361095994969037,0.12481540850494939,LUSC,I,Lung Squamous Cell Carcinoma- Not Otherwise Specified (NOS),Primary Tumor,180.0,,1
TCGA-90-A4ED,-0.27554577874349795,-0.1580259939109507,0.9726353422970754,-0.19865393849574786,-0.32546641913890556,-0.18074291345204602,LUSC,I,Lung Squamous Cell Carcinoma- Not Otherwise Specified (NOS),Primary Tumor,30.0,,1
TCGA-90-A4EE,0.04776965346029333,-0.03924575008840029,-0.7628602046055987,-0.06991791152981292,0.08913190634531427,-0.06871353343772445,LUSC,II,Lung Squamous Cell Carcinoma- Not Otherwise Specified (NOS),Primary Tumor,68.0,,1
TCGA-90-A59Q,-0.25720198236846553,-0.13958105578132354,-0.4248393654737499,-0.16324776830207996,-0.27332277952238726,-0.16606959765751655,LUSC,II,Lung Squamous Cell Carcinoma- Not Otherwise Specified (NOS),Primary Tumor,80.0,,1
TCGA-92-7340,-0.1124721477373232,0.03858733069157989,-0.8004601784685826,-0.07921449229510145,-0.13516794421501382,-0.07815794957832052,LUSC,II,Lung Squamous Cell Carcinoma- Not Otherwise Specified (NOS),Primary Tumor,15.0,,1
TCGA-92-7341,0.31086012472939706,-0.13735621714147098,-1.3577033055500953,0.12568236745801595,0.40820958183735,0.11220228874546564,LUSC,I,Lung Squamous Cell Carcinoma- Not Otherwise Specified (NOS),Primary Tumor,50.0,,1
TCGA-92-8063,0.3622814235887753,0.08311267730946806,-0.7954478345072449,0.004993943658814531,0.38489199784235156,0.003656534835980879,LUSC,III,Lung Squamous Cell Carcinoma- Not Otherwise Specified (NOS),Primary Tumor,74.0,,1
TCGA-92-8064,0.3064914200785149,-0.08254610659300804,-0.7635050185287225,0.019598108682028027,0.34524999319227817,-0.0024515281587986697,LUSC,unknown,Lung Squamous Cell Carcinoma- Not Otherwise Specified (NOS),Primary Tumor,30.0,,1
TCGA-92-8065,-0.04828039521763272,-0.13162547620497236,0.5911918983745081,-0.3733997558093186,-0.04480725589932361,-0.36451035547134614,LUSC,II,Lung Squamous Cell Carcinoma- Not Otherwise Specified (NOS),Primary Tumor,14.0,,1
TCGA-94-7033,-0.24701073926953387,-0.4922210700723672,0.6427441040778316,-0.17071625535515456,-0.3384115520247661,-0.17720333843709196,LUSC,I,Lung Squamous Cell Carcinoma- Not Otherwise Specified (NOS),Primary Tumor,30.0,,1
TCGA-94-7557,0.6178860829819314,-0.010990945304938797,-1.050578531461555,-0.0744290306010474,0.7063123132006297,-0.075918906360128,LUSC,I,Lung Squamous Cell Carcinoma- Not Otherwise Specified (NOS),Primary Tumor,,,1
TCGA-94-7943,0.171943177137588,-0.009584139592784816,0.21037463853989,-0.11547305836209679,0.17023510784825008,-0.11114353287589053,LUSC,I,Lung Squamous Cell Carcinoma- Not Otherwise Specified (NOS),Primary Tumor,30.0,,1
TCGA-94-8035,-0.18907992299125437,0.016272166852684584,1.2141886456095288,-0.11876660499905167,-0.23608175619619653,-0.11530846129310457,LUSC,II,Lung Squamous Cell Carcinoma- Not Otherwise Specified (NOS),Primary Tumor,50.0,,1
TCGA-94-8490,0.1406497935406193,-0.4402945734367123,0.6610743911122005,-0.3891472658573041,0.08238678241242736,-0.38025417861856514,LUSC,II,Lung Squamous Cell Carcinoma- Not Otherwise Specified (NOS),Primary Tumor,,,1
TCGA-94-8491,-0.036052927412032684,-0.19490346636825104,0.5165818955402653,-0.2874050138221515,-0.04095778268871477,-0.28530485753823404,LUSC,II,Lung Squamous Cell Carcinoma- Not Otherwise Specified (NOS),Primary Tumor,56.0,,1
TCGA-94-A4VJ,0.10197472980467846,-0.11492093457295278,-0.17965648004338494,-0.10475721892482852,0.06285465504249237,-0.09185962873454548,LUSC,I,Lung Squamous Cell Carcinoma- Not Otherwise Specified (NOS),Primary Tumor,37.5,,1
TCGA-94-A5I4,0.03914414100228122,0.09561782051068163,-0.043234661617164015,0.1328075649763234,0.04552695762500187,0.1267436668282829,LUSC,II,Lung Squamous Cell Carcinoma- Not Otherwise Specified (NOS),Primary Tumor,80.0,,1
TCGA-94-A5I6,0.4851314557808348,-0.02398173053143374,-0.7652306045441098,0.21630966466990714,0.5436892804715344,0.20793921770729926,LUSC,II,Lung Squamous Cell Carcinoma- Not Otherwise Specified (NOS),Primary Tumor,80.0,,1
TCGA-96-7544,-0.06065592195815064,0.3353230352334958,-0.25867717428894593,-0.07148282988248378,-0.0410569444823712,-0.06255349949886294,LUSC,II,Lung Squamous Cell Carcinoma- Not Otherwise Specified (NOS),Primary Tumor,65.0,,1
TCGA-96-7545,0.17957839973428372,0.12267067278550212,0.38148355544715334,0.26695664683605885,0.20394971217083185,0.26493249778807615,LUSC,I,Lung Squamous Cell Carcinoma- Not Otherwise Specified (NOS),Primary Tumor,116.0,,1
TCGA-96-8169,0.11490361629025884,0.03645413039713307,-0.43012843914675375,0.0991773522565544,0.1318852148976586,0.10867891692949372,LUSC,I,Lung Squamous Cell Carcinoma- Not Otherwise Specified (NOS),Primary Tumor,35.0,,1
TCGA-96-8170,-0.07031022546103044,-0.06565983069899142,-0.011438725238890918,-0.13697272038893787,-0.07386748804803962,-0.1375162855091595,LUSC,II,Lung Squamous Cell Carcinoma- Not Otherwise Specified (NOS),Primary Tumor,50.0,,1
TCGA-96-A4JK,0.2792148499027139,-0.05917051862247272,-0.45393744202553954,-0.11211139788769589,0.3271569371392708,-0.11965252210117433,LUSC,II,Lung Squamous Cell Carcinoma- Not Otherwise Specified (NOS),Primary Tumor,110.0,,1
TCGA-96-A4JL,-0.01517309811233798,-0.058888702161746104,-0.028069669279604224,-0.4648694242737968,0.007641386408797917,-0.45987147977216614,LUSC,II,Lung Squamous Cell Carcinoma- Not Otherwise Specified (NOS),Primary Tumor,,,1
TCGA-98-7454,-0.1409161170501994,0.05855666445183539,-0.3392728476335993,0.03175978546603798,-0.10076951596476338,0.024893315601997944,LUSC,I,Lung Squamous Cell Carcinoma- Not Otherwise Specified (NOS),Primary Tumor,60.0,,1
TCGA-98-8020,-0.15346287567153338,0.08800180647794044,-0.13839969825114998,0.09392363987212196,-0.16861024538997527,0.09453769203968392,LUSC,III,Lung Squamous Cell Carcinoma- Not Otherwise Specified (NOS),Primary Tumor,,,1
TCGA-98-8021,0.02986681987369063,0.09257324393123453,-0.6822233190322325,0.1479075927881915,0.030119001987440257,0.14818667699593177,LUSC,I,Lung Squamous Cell Carcinoma- Not Otherwise Specified (NOS),Primary Tumor,60.0,,1
TCGA-98-8022,-0.10537023795356402,-0.40328061805887244,-0.39127569091530306,0.036174349569503855,-0.05122414968280151,0.048781382021952174,LUSC,I,Lung Squamous Cell Carcinoma- Not Otherwise Specified (NOS),Primary Tumor,117.0,,1
TCGA-98-8023,-0.02205513160249702,0.041290616238068754,-0.3321394079274063,-0.14340297749480688,-0.0327040006104486,-0.13614556624579513,LUSC,III,Lung Squamous Cell Carcinoma- Not Otherwise Specified (NOS),Primary Tumor,75.0,,1
TCGA-98-A538,-0.05406474070823034,0.4998261654301655,0.7110015484183148,-0.14434837626277375,-0.12806325960211706,-0.13827769664015513,LUSC,II,Lung Squamous Cell Carcinoma- Not Otherwise Specified (NOS),Primary Tumor,35.0,,1
TCGA-98-A539,0.2849093040994081,-0.4501356484677016,-0.9788902742756985,0.09263824854925816,0.3697622552970371,0.0814373336830827,LUSC,II,Lung Squamous Cell Carcinoma- Not Otherwise Specified (NOS),Primary Tumor,75.0,,1
TCGA-98-A53A,0.18133175238711755,0.06417977081985853,0.4869715370614893,-0.2728785634842394,0.15867760761908728,-0.26292878487215504,LUSC,I,Lung Squamous Cell Carcinoma- Not Otherwise Specified (NOS),Primary Tumor,80.0,,1
TCGA-98-A53B,0.04589600143969846,-0.10449720847271605,0.16850746796993063,-0.08241031969302845,0.05370617469431665,-0.07366477749587554,LUSC,I,Lung Squamous Cell Carcinoma- Not Otherwise Specified (NOS),Primary Tumor,40.0,,1
TCGA-98-A53C,-0.1521767527085834,-0.30076093867278836,-0.2771393945877784,0.07345965718011749,-0.07940810502288276,0.08185085725868098,LUSC,I,Lung Squamous Cell Carcinoma- Not Otherwise Specified (NOS),Primary Tumor,112.5,,1
TCGA-98-A53D,0.03893485375835882,-0.4577245804213321,-1.6215622447685394,0.2343990913998334,0.18039231310181883,0.22591101962936372,LUSC,II,Lung Squamous Cell Carcinoma- Not Otherwise Specified (NOS),Primary Tumor,90.0,,1
TCGA-98-A53H,0.005500931924972747,-0.31561800013990454,-0.8321055130289995,0.03440043239837914,0.06664404506598881,0.034480343827360115,LUSC,I,Lung Squamous Cell Carcinoma- Not Otherwise Specified (NOS),Primary Tumor,40.0,,1
TCGA-98-A53I,0.1796266127372266,-0.13567318158434596,-0.08465254143307188,-0.30658733291559487,0.20257519828958082,-0.3005651406478133,LUSC,II,Lung Squamous Cell Carcinoma- Not Otherwise Specified (NOS),Primary Tumor,70.0,,1
TCGA-98-A53J,0.41078084374192864,-0.10146851235881439,0.22014137784316237,0.22468937053361424,0.44492098331231855,0.21874207218960504,LUSC,I,Lung Squamous Cell Carcinoma- Not Otherwise Specified (NOS),Primary Tumor,100.0,,1
TCGA-J1-A4AH,0.15269938653584905,-0.19401470752717492,0.19591389072643625,-0.14872381246770522,0.18875050953625108,-0.15220402765861135,LUSC,II,Lung Squamous Cell Carcinoma- Not Otherwise Specified (NOS),Primary Tumor,100.0,,1
TCGA-L3-A4E7,-0.09307189232325877,0.2572943223247231,-0.12075863395519515,0.06450797457911801,-0.10541147208616115,0.06605824592665528,LUSC,I,Lung Squamous Cell Carcinoma- Not Otherwise Specified (NOS),Primary Tumor,25.0,,1
TCGA-L3-A524,0.11813990106194275,-0.08735568755389106,-0.5433964627968267,0.2582875614662718,0.15224702779322208,0.24977567713395663,LUSC,II,Lung Squamous Cell Carcinoma- Not Otherwise Specified (NOS),Primary Tumor,25.6,,1
TCGA-LA-A446,0.27918384728515555,-0.17057005391240784,0.5580648562418715,-0.11759888330686995,0.28156435254725887,-0.11876639270947276,LUSC,I,Lung Squamous Cell Carcinoma- Not Otherwise Specified (NOS),Primary Tumor,26.0,,1
TCGA-LA-A7SW,-0.10474788526381054,0.02279006877867485,0.23463394607717517,-0.39100300554908707,-0.11682881570286964,-0.38044983859777504,LUSC,III,Lung Squamous Cell Carcinoma- Not Otherwise Specified (NOS),Primary Tumor,37.0,,1
TCGA-MF-A522,0.4129441783353787,0.0008324378125374195,0.309488419471416,-0.28195442454141156,0.3765634537384736,-0.2868793766604044,LUSC,I,Lung Squamous Cell Carcinoma- Not Otherwise Specified (NOS),Primary Tumor,45.0,,1
TCGA-NC-A5HD,-0.05537177592644463,-0.12447336451486055,1.325311398906928,-0.06318490499969755,-0.15507827913770802,-0.0591025731106866,LUSC,II,Lung Squamous Cell Carcinoma- Not Otherwise Specified (NOS),Primary Tumor,50.0,,1
TCGA-NC-A5HE,0.32400431585263756,0.02973188327874511,-0.7570758363504728,-0.15759916697162354,0.37333952067845266,-0.1623508514803245,LUSC,II,Lung Squamous Cell Carcinoma- Not Otherwise Specified (NOS),Primary Tumor,30.0,,1
TCGA-NC-A5HF,0.10030360391326229,-0.029557962541165928,1.0797756174451425,0.24214230349133034,0.011254477931264367,0.25297128244124123,LUSC,III,Lung Squamous Cell Carcinoma- Not Otherwise Specified (NOS),Primary Tumor,,,1
TCGA-NC-A5HG,-0.566429600826755,-0.025088281339340164,1.4994291305703245,-0.5369928715803386,-0.6889219193940914,-0.5262240529194677,LUSC,III,Lung Basaloid Squamous Cell Carcinoma,Primary Tumor,80.0,,1
TCGA-NC-A5HH,-0.6486473316203464,0.09439441411029655,1.7414545543122353,-0.19165713217248262,-0.745030952615783,-0.18695686110168905,LUSC,I,Lung Basaloid Squamous Cell Carcinoma,Primary Tumor,60.0,,1
TCGA-NC-A5HI,-0.4136795241936574,0.13930393662753124,1.7327785214228515,-0.38031428298646097,-0.5379674920837657,-0.3699547113049443,LUSC,I,Lung Squamous Cell Carcinoma- Not Otherwise Specified (NOS),Primary Tumor,60.0,,1
TCGA-NC-A5HJ,-0.042807020730031016,-0.18622364077598128,0.6389055449974093,-0.07893241283758978,0.015607318038031318,-0.07245251876110409,LUSC,II,Lung Squamous Cell Carcinoma- Not Otherwise Specified (NOS),Primary Tumor,78.0,,1
TCGA-NC-A5HK,-0.12786647336505153,-0.3399259356307171,0.5222121111117076,-0.3292691051085912,-0.2248569263823223,-0.3255800643695813,LUSC,II,Lung Squamous Cell Carcinoma- Not Otherwise Specified (NOS),Primary Tumor,40.0,,1
TCGA-NC-A5HL,0.22827041692996472,-0.18496718811496024,0.38507824092925996,-0.057706512501015494,0.2684236800746554,-0.06283581871666294,LUSC,II,Lung Squamous Cell Carcinoma- Not Otherwise Specified (NOS),Primary Tumor,40.0,,1
TCGA-NC-A5HM,-0.20703680385908027,0.1574970809664587,0.3939154962888081,0.1103186455822867,-0.25784962324516997,0.10556030385090592,LUSC,I,Lung Squamous Cell Carcinoma- Not Otherwise Specified (NOS),Primary Tumor,50.0,,1
TCGA-NC-A5HN,-0.1162664384697388,-0.1051980446814586,1.2961882149414998,-0.39344832460448,-0.16230101807289318,-0.397358191949557,LUSC,II,Lung Squamous Cell Carcinoma- Not Otherwise Specified (NOS),Primary Tumor,100.0,,1
TCGA-NC-A5HO,-0.05808088457296253,0.19775290498062317,1.2478582391255613,-0.34874729676723665,-0.16725371505366263,-0.3421691876484191,LUSC,III,Lung Squamous Cell Carcinoma- Not Otherwise Specified (NOS),Primary Tumor,30.0,,1
TCGA-NC-A5HP,-0.1291960036889015,-0.26247486696013256,-1.0269124524031665,0.03091612914777612,-0.12687963859223084,0.04240839287967537,LUSC,IV,Lung Squamous Cell Carcinoma- Not Otherwise Specified (NOS),Primary Tumor,50.0,,1
TCGA-NC-A5HQ,0.01391604780641799,0.09960362593740935,0.5791049221178005,0.041823152690286754,-0.02313885559532949,0.04768452492199718,LUSC,III,Lung Squamous Cell Carcinoma- Not Otherwise Specified (NOS),Primary Tumor,,,1
TCGA-NC-A5HR,0.2666453759235833,-0.06308210306596229,0.9911471933914417,-0.37597667527425005,0.24626280163967243,-0.3737152284701223,LUSC,II,Lung Basaloid Squamous Cell Carcinoma,Primary Tumor,35.0,,1
TCGA-NC-A5HT,0.07279909673042995,-0.1104592009110371,1.3714859340894432,-0.19576858577492623,-0.05831412130361599,-0.18232937343420058,LUSC,III,Lung Squamous Cell Carcinoma- Not Otherwise Specified (NOS),Primary Tumor,50.0,,1
TCGA-NK-A5CR,0.21223799011186825,-0.018033242910871605,0.44081196283580776,-0.05724080508156429,0.24961797890227563,-0.04698207963299978,LUSC,I,Lung Squamous Cell Carcinoma- Not Otherwise Specified (NOS),Primary Tumor,40.0,,1
TCGA-NK-A5CT,-0.15215857273429265,-0.10607955425532346,1.2937011723200518,0.3111289752451598,-0.2069566497726027,0.3071291173346613,LUSC,I,Lung Squamous Cell Carcinoma- Not Otherwise Specified (NOS),Primary Tumor,80.0,,1
TCGA-NK-A5CX,-0.11719358297330307,0.21938171030729964,-0.3875233610722231,0.25574194643330556,-0.1671433103975302,0.2643789447846926,LUSC,II,Lung Squamous Cell Carcinoma- Not Otherwise Specified (NOS),Primary Tumor,40.0,,1
TCGA-NK-A5D1,-0.23160267273544982,0.14196478239789856,0.41849499543695395,-0.033216727892221035,-0.30519165848261864,-0.02352257580331488,LUSC,II,Lung Basaloid Squamous Cell Carcinoma,Primary Tumor,90.0,,1
TCGA-NK-A7XE,-0.11980618997976208,-0.22783072615633657,0.21147582426645117,-0.33950714700251255,-0.11362073136161407,-0.33910085187400735,LUSC,III,Lung Squamous Cell Carcinoma- Not Otherwise Specified (NOS),Primary Tumor,80.0,,1
TCGA-O2-A52N,-0.024828465523948663,0.008172744358867723,-0.23458030050570233,0.36181398971956147,-0.016235751411732023,0.37135911101028984,LUSC,I,Lung Squamous Cell Carcinoma- Not Otherwise Specified (NOS),Primary Tumor,4.125,,1
TCGA-O2-A52Q,0.08104493417814046,-0.023603274799553584,-0.5351611311601943,0.43905263514698056,0.11293124544990413,0.4237635090870253,LUSC,III,Lung Squamous Cell Carcinoma- Not Otherwise Specified (NOS),Primary Tumor,1.0,,1
TCGA-O2-A52S,0.4677678458399578,-0.14207994349507921,-0.6587867059254493,-0.3476716506776677,0.5230476177376008,-0.36049946467225746,LUSC,III,Lung Squamous Cell Carcinoma- Not Otherwise Specified (NOS),Primary Tumor,3.0,,1
TCGA-O2-A52V,0.2190042441161647,0.16437135922262847,-0.024130026538330223,0.1827239765154762,0.18794131409403936,0.1862642067669333,LUSC,II,Lung Squamous Cell Carcinoma- Not Otherwise Specified (NOS),Primary Tumor,1.0,,1
TCGA-O2-A52W,-0.20290745437857996,0.13463366865371787,1.4973000434740988,0.032900516786003864,-0.2395578013529195,0.03903975889712862,LUSC,I,Lung Squamous Cell Carcinoma- Not Otherwise Specified (NOS),Primary Tumor,2.5,,1
TCGA-O2-A5IB,-0.06897462819813072,0.04219994799539819,1.2782339889464767,-0.30585565696083095,-0.16241952552361374,-0.2942578383437273,LUSC,III,Lung Squamous Cell Carcinoma- Not Otherwise Specified (NOS),Primary Tumor,2.5,,1
TCGA-XC-AA0X,0.34459525301439364,-0.1743271914610954,-0.45120876107007923,0.2357326658247063,0.42047861781349183,0.23814089655807236,LUSC,I,Lung Squamous Cell Carcinoma- Not Otherwise Specified (NOS),Primary Tumor,30.0,,1
