gene,pearson_r_with_BACH1
NEAT1,0.14072545053600724
LMO7,0.13662540364027592
SKIL,0.13610330824604056
ITPR1,0.13026037823247555
RAB11FIP1,0.12772818192894347
TACC2,0.12763100122923227
MALAT1,0.12719879561439607
IQGAP1,0.12639662644775707
MAFK,0.12427952819725084
WSB1,0.12268390991638412
DDX17,0.12198212710299224
MYOF,0.12183401650759491
IL6R,0.12147537989057315
SPTBN1,0.11799782366593421
SAT1,0.11792902154512865
KDM6B,0.1178091077883072
SGMS2,0.11762748965109682
OSMR,0.11667196338644378
TPCN1,0.11596984637663586
MIR100HG,0.11561638999860921
YOD1,0.11548294181184064
NEDD9,0.11473409778371062
ERN1,0.11448417165267748
ABHD2,0.1141637113595037
LAMB3,0.11376000206062464
CLIP1,0.11361424019628306
PDE4D,0.11259336706561694
F11R,0.11162236310846069
SFN,0.11149477444344101
EIF3A,0.1106653739679797
LINC00571,0.11022186851561139
RRBP1,0.10873135029271737
RIMKLB,0.10840510395029461
LPIN2,0.108088085905006
CHD2,0.10787835668867549
ATP1B1,0.10715585766162444
IL6ST,0.10701328465764219
RBM47,0.10688306554489738
TMC5,0.10666756170885644
BRD2,0.10640849535883933
SLC34A2,0.10585708329434461
GPRC5A,0.10585582292004805
CD46,0.10561068114133865
CHST15,0.10534695795252977
CAPN2,0.10483082748634118
MACF1,0.10458028914654408
EZR,0.10439664295769664
ETS2,0.10434951402372458
PLEC,0.10422733203484576
SYNE1,0.10420097062498748
SYNE2,0.10419788417810369
ZNF165,0.10338820041005072
AC130456.2,0.10333325189491008
AKAP13,0.10212457105544309
SEC31A,0.1020616418400424
TAX1BP1,0.10181354152546612
NRP1,0.10156048836920817
SRPK1,0.10146821845778065
RNF19A,0.10140655479043355
TACSTD2,0.10095128814315522
PELI1,0.10090457866957177
YWHAZ,0.10082189083024666
MACC1,0.10065916410450088
SEC62,0.10013079270651545
KDM5B,0.09987613528641116
HUWE1,0.0992867545594992
CHD7,0.09924852594230243
KIAA1217,0.09923969787684733
EMP2,0.0991488990668558
MEF2D,0.09873539401001331
AREG,0.09807102487855543
CHML,0.097973924186342
ASPH,0.09737778022973702
ALCAM,0.09668847106161703
PATJ,0.09647180304353128
SUN1,0.09644153731461226
DIAPH1,0.09624280679126504
ACADVL,0.09620061923996343
ZBTB43,0.09608398901985733
TMPRSS4,0.09598023307212544
TJP1,0.09585140622343412
LUCAT1,0.09569158280235823
JMJD1C,0.09568973934013916
EPHA2,0.09564289035364268
MIR22HG,0.09516913769271218
CLDN7,0.09515959160501138
CD55,0.0948697665533816
GFPT1,0.09472735005089958
SHROOM3,0.09468005659668387
MT-ND5,0.09467368882186439
SYTL3,0.09444782761019793
EPAS1,0.09429555528435775
GLA,0.09421870922157523
CNST,0.09409748426943357
PCNX4,0.09389493613265176
CEP350,0.09378888377728105
CSPP1,0.09375070454691131
LINC02474,0.09321691689444632
MISP,0.09316572279676735
TRIM55,0.09304784726814341
MGLL,0.09285482565001357
CSNK1A1,0.09284177969713006
MPP7,0.0925297426187002
GPBP1,0.09251777163646292
QSOX1,0.09240861802616566
ICAM1,0.09239819212178998
MDM2,0.09238956967431095
ATP2A2,0.0922053496638907
CDH1,0.09199020929540848
AGR2,0.09196441505241722
WASHC4,0.09186019476334531
KLF5,0.09162872039466805
MUC1,0.09160865955164808
KIAA0556,0.09158008476184892
ELF3,0.09156381262527509
SLC26A9,0.09152929074184357
RNF213,0.09122290860324625
MT-ND6,0.09110486172314664
FNIP1,0.0910955529477618
CREBBP,0.09106722188286998
MT-CYB,0.09100459652027955
UGDH,0.09081852345238942
TAOK1,0.09071025854126279
CANX,0.090659198390915
ZNF281,0.09039092237767446
HCG18,0.09032171388094648
MT-ATP6,0.09030443916516759
WDR26,0.0900832452909713
MT-CO2,0.0897923012586193
TRIM27,0.08968913254705724
LYN,0.08964967654334811
COBL,0.08953388053928052
SLC38A8,0.08953073110571376
DNAH11,0.08945116559808641
OCLN,0.08910446550468976
CFAP54,0.08899150260743853
AL033397.1,0.08897752166725123
NUMB,0.08880312013141878
DNAH5,0.0888022315028595
NUFIP2,0.08870619603306037
LDLR,0.08864638643259372
ANKRD28,0.0885883165687479
CFLAR,0.08841597354567846
AC016831.1,0.08818433667407055
TNFRSF12A,0.08810088829995154
LIMCH1,0.08808569322679717
PRRC2C,0.08799586427626652
CD38,0.08796909706412873
MT-ND3,0.08787191911762175
OSBPL3,0.08763637546467765
MTDH,0.08744680067002555
EVA1C,0.08739236395064973
ZFAND5,0.08731612566005591
ATXN1,0.08724958427105471
DYNC1H1,0.08724451317761629
GOLGA4,0.0872383243969279
ASH1L,0.08721529370599714
CRYBG3,0.08718862004753343
AFF4,0.08714709248797313
MCU,0.08708347160214772
MUC21,0.08704533096581162
DNAH7,0.08701611176382913
TMF1,0.08699430048216177
ILRUN,0.08692680554781576
HIPK1,0.08668241669249738
MVP,0.08653121441967325
EDEM3,0.08652420824100497
MT-CO1,0.08640724356662048
ADGRE5,0.08638926078939345
KHDC4,0.08620247321643279
F3,0.08599819130011316
SON,0.08575540875367181
LMNA,0.08561428694839414
KCNK1,0.0855845346634324
SLC44A4,0.08553142847408518
PPP4R1,0.08548420891700133
MCL1,0.08543297331110042
SLC6A6,0.08542781388412611
TRIM2,0.08527553638403579
CYB561D1,0.08520110352752577
CDKN1A,0.08518579976927346
ELL2,0.08514335538773801
PDCD6IP,0.08504766878219062
ZNF454,0.08482691305365511
ARGLU1,0.08476713177165354
TRAM1,0.08469686775009512
ANKFY1,0.08464993641181852
CEACAM6,0.08464598662339062
ARFGAP3,0.084615111947742
CAST,0.08451425523300915
SLC22A31,0.08436974171098963
TRAPPC9,0.08435273893088567
SETD5,0.08434855443846896
HLA-E,0.08429528408878292
SPAG17,0.08414477645894247
SECISBP2L,0.08410093305885614
ARHGAP5,0.08382132236620521
MECOM,0.08381480031847277
STEAP4,0.08369292350461115
USP34,0.08363105563770028
PLAUR,0.08362788934360747
SMURF1,0.08354120525739114
MTHFR,0.08328939751272901
CPLANE1,0.08324940678263874
SLMAP,0.0830902634809684
MAOA,0.08302367808138891
ANKS1A,0.08301933381215373
PHC3,0.08296367259608028
DNALI1,0.0827763369134269
EPPK1,0.08258982316095308
RB1CC1,0.08239202191003431
FOXA2,0.08236323256604802
NR4A3,0.0822582663431964
RAB5A,0.08221827719398044
MT-ND2,0.08214356338911048
GPR160,0.08214310099920531
ARIH1,0.08213208654215819
CLCN6,0.08198967296282955
CHD1,0.081925639956457
SMG1,0.08186529514569595
IER3,0.0818634228468998
ODF2L,0.08182548328309389
AGR3,0.08182158126969638
PTGR1,0.08162416361410353
GOLGB1,0.08160301606692223
KMT2A,0.0815570627194956
EXPH5,0.08153143815518012
POLR2A,0.0814848053975001
PACSIN2,0.08139397677701565
CARD14,0.08137742068569583
REL,0.08128618535591546
CCR4,0.08119426361351376
EIF4G3,0.08112642137367057
PFKFB2,0.08111319435999166
CGN,0.08100920701787902
CPM,0.08090705639511934
SERTAD2,0.08082357627688908
MBNL1,0.08076311833914013
SHTN1,0.08070375244856194
TXNRD1,0.08069027165421651
LPP,0.08062504353266625
ITPKC,0.08050794302827464
MIA3,0.08049016960667782
U47924.3,0.08048829442416926
RBM39,0.0804628723744866
FOSB,0.08043760740479726
IGKV1D-8,0.0802637293103276
AL590666.5,0.08025927161022545
NFKBIA,0.08020239938216894
ARMC3,0.08019366664764647
MLPH,0.08018916810828482
ERBB3,0.08017746948024679
MOK,0.08006498696092937
CTNNA1,0.08004150546459463
MT-ND4,0.07986888878161948
ADGRV1,0.07965133074465941
FOSL2,0.07935847803578264
TSPAN1,0.07912220055140602
GEM,0.07899375053768894
PLAU,0.0789937441463524
KLF6,0.07893492745083498
DAPP1,0.07893022352542294
SMARCA1,0.07888535425612657
DMKN,0.07873710657687463
FOXP1,0.07867026654261108
TNRC6B,0.07864161957695107
NEK10,0.0785972940252573
CIT,0.07850391837118854
TTC17,0.07849774361453958
MX2,0.07839183487058907
CDS1,0.0782716119012137
ARHGAP42,0.07807201509923029
ATF3,0.07806097802997929
TTC3,0.07801228305273694
SOX6,0.07799270637646145
PPP1R10,0.07792900987744407
ZNF229,0.07790633867559914
FOSL1,0.07780805954671413
LCAL1,0.07780399692827089
ZFYVE16,0.07780071590741566
CES1,0.07778518164122121
SZT2,0.0777623190491131
SARAF,0.07775460463331442
SLC7A2,0.07770435403613692
MBTPS1,0.07764417329418626
PLIN3,0.07759922240130375
BRDT,0.07758605303069914
CA13,0.07755299877714268
ZNFX1,0.07753247932595997
BCLAF1,0.07748424968417343
SNX13,0.07743661365478993
PPL,0.0773365785836163
RFTN1,0.07718801664311498
SIK1B,0.07713351659775788
AL009177.1,0.07695898202509258
FTX,0.07694701508532055
DYNC2H1,0.076923080117589
PGM2L1,0.076870413761962
HKDC1,0.07681821009745769
CPEB2,0.0768128966605927
MIR222HG,0.07674787871984189
HYOU1,0.07672708308384803
SFTA3,0.07659508102263599
SPAG1,0.07653868651208176
PPP1R12B,0.0765202467935818
LRRFIP1,0.07647986972870754
ZBBX,0.0764391244855077
TANC1,0.07631807047823337
OPHN1,0.07629909815060963
HMGXB3,0.07628717852242929
RRP12,0.07626818726740685
MSLN,0.07617007167910039
DDX3X,0.07616850833058812
NCOA2,0.07615197686844348
MUC4,0.07613137546537554
F2RL1,0.07610300171609437
VPS13B,0.07606137048534074
TCF25,0.07593729489761407
NCOR1,0.07591782654470818
PRKDC,0.0758432778494146
AP1G1,0.07577169313027642
NUP98,0.07572450202802637
DLGAP1-AS2,0.07557641649339754
BHLHE40,0.0754506588025335
MAP3K19,0.07543044862842253
RBBP6,0.07532464937767133
SCNN1A,0.07515402276296053
GABARAPL1,0.07513030435802742
LAMC1,0.0750512205969693
DDX21,0.07503931907941282
DNAH3,0.07503279849198392
BAIAP2,0.07502186940750878
CCSER2,0.07501003090598427
ATP11A,0.07484644559922525
SERPINB1,0.0747935284726298
MBNL2,0.07474482458732055
VPS13D,0.0746742979682597
TAPBP,0.07454489298022614
NCEH1,0.0745230456741511
CCDC186,0.07450046183524427
APLP2,0.07445876227699899
SPATA18,0.07445738918730782
PCBP3,0.074456967558465
NECTIN4,0.0744259099786074
FAM227A,0.0744189137492132
CREBRF,0.07439770764186326
ELAVL2,0.07438904060761692
DYRK3,0.07438014576201359
XPR1,0.0743527531717005
NF1,0.07430457934171564
S100P,0.07428051325673263
HGSNAT,0.07420780631651504
CFAP157,0.07419313269958587
GRM5,0.07416840688654293
ALPK2,0.07414126986511048
NPEPPS,0.07412471445148945
TIPARP,0.07408132577378797
TRIP12,0.0740440389763843
PPP1R15B,0.0738973700793693
FAM83H,0.07378995650522804
ALDH3B1,0.07374849867397626
CEMIP2,0.07372600583224358
MAFF,0.07368848671855414
PSEN1,0.07365856603693272
AL353801.3,0.07363405582805327
RRM2B,0.07356611489235405
MON2,0.07354682214769293
SYT1,0.0734870995190967
CCDC30,0.07345675328599993
EFHC1,0.0732437720746983
SOD2,0.0732188822938938
SQSTM1,0.073077397347503
ANKRD42,0.07302070978417013
AKR1C1,0.07301834969425666
GSR,0.07297752454803046
SFTPB,0.07287341684360256
TMEM63A,0.072765216822261
ATL2,0.07275749770067652
ZNF677,0.07269998544798889
PIP5K1A,0.07260853399146096
MAP2,0.07260160031743644
MYNN,0.07232768658158091
HOPX,0.07226688485182979
GNS,0.07222875541994495
PROB1,0.07221105216309556
ADAM32,0.0722038414081685
ZFPM2-AS1,0.07215350632711569
LACTB2,0.07214599941581111
SESN3,0.07205821078641753
SPATA6,0.07204363165674056
ISG20,0.07200421021755347
RAPGEF6,0.07198907418216804
BTBD9,0.07178402376046067
PARP4,0.07172277008893849
CEP95,0.07171417251708184
LINC02340,0.07170393976032512
YTHDF3,0.07168877064775302
ZBTB47,0.07167876457861645
LARP1,0.0716632315597744
PLCB1,0.07157264369442046
AHNAK2,0.07136377824758183
SRPRA,0.07126905589846158
MT-ND1,0.0712369851451914
SDCBP,0.07115879338602876
TMEM217,0.07114738604940919
NPLOC4,0.0711328350045059
COBLL1,0.07109312450881505
SCIN,0.07104885874926817
MSH5,0.07103532227630384
OPN3,0.0709824115987352
NBEA,0.0709803451112431
CD2AP,0.07091181683079484
GCLC,0.07087849130208917
CDHR3,0.07085302554959944
CXCL16,0.07083943309548159
AL138828.1,0.0707498620534422
CMTM6,0.07068153118292743
ATP6V0D1,0.07052181436666236
GPX3,0.0704720367447791
SNX29,0.07043203603529613
SLC19A2,0.07042250436087183
RFX2,0.07035814069398634
DNAJB13,0.07029231660689142
AC092756.1,0.07028388459169278
DDX39B,0.07027769646254885
VPS13A,0.07024298427763509
AP003327.2,0.0702354943810297
UHRF1BP1,0.07021604239676689
PAFAH1B1,0.07017761703113722
SLC5A3,0.07012863028153671
SLC16A7,0.07011454673074854
TYW1,0.07006420290851881
IRF1,0.0700547093326762
CTNND1,0.07001913294185423
IQCK,0.07001690649661864
NRP2,0.06999583180898224
SLK,0.06996702856334272
AC092279.1,0.06990543926940282
ZFP36L1,0.06990179565801798
ENPP4,0.06989845859496584
DNAH6,0.06988675719703286
RBPMS,0.06986579157728474
DNAJC3,0.06967831749108143
NIPBL,0.06965538697089041
SERPINB6,0.0696515688163389
AC068205.2,0.06960409608055738
EPC1,0.06959124264543784
NR4A2,0.06955970806857875
MTRNR2L12,0.069525797309325
REEP3,0.06948882559326887
CDKN2B,0.06940663721935761
COL25A1,0.06940422452527693
POU6F2,0.0693890621572195
CSRNP1,0.06935110414780991
BMP2K,0.06930474990989897
URB1,0.06924437118701972
UBR5,0.06922940375278655
CASC1,0.06921906014225207
N4BP2L2,0.06921499795452216
SH3BGRL2,0.06917313753904661
PAM,0.06916382627590356
CHD4,0.06914731108318896
AHR,0.0691227670072106
COG1,0.06906140280376191
PGM3,0.06905655912723213
LARP4B,0.06896922501500168
TCF20,0.06890532831645058
TMED4,0.06887266235690884
CFAP70,0.06885003030302358
SETD2,0.0688286954786421
CWC25,0.06882838507216535
CPEB4,0.06882096928276667
TMEM50B,0.06873851150649124
CAVIN1,0.06870194081581284
MRPS18B,0.06863479355965979
NR4A1,0.0686334678719643
FAM177A1,0.06862409701769075
HSPA9,0.06855969538837081
AL022068.1,0.06855130157534287
PTK2,0.06853244642256538
IRF2BP2,0.06852310151613013
ZBED4,0.06842088075125168
CABIN1,0.06842026293300889
S100A11,0.06839633606771003
NAPSA,0.06835253955568106
AC020916.2,0.06830682987582111
IDS,0.06824138268626948
TARBP1,0.0682373831359422
ZNF706,0.06821366947938154
ICA1,0.06814314024258841
STK3,0.06804901980478598
SPTAN1,0.068017707061108
PER1,0.06800568675331033
C6orf89,0.06791133952595037
DUSP1,0.06781169733329173
DHX9,0.06779505581250561
C6orf62,0.06778277555796627
CCDC40,0.06774265990991864
SRXN1,0.0676758219380748
SGPP2,0.06767537830040608
CU633967.1,0.06767305159270504
PTPRU,0.06764976386781338
PLK3,0.06764010975563908
CFAP74,0.06750441531810392
ELF1,0.06750197482857952
VCPIP1,0.06744143760116607
MT-CO3,0.06741999802973403
DCLRE1C,0.06738511303390311
AC004231.1,0.06734793450460057
RP1,0.0673435195484264
ASH1L-AS1,0.06731517458619293
DDR1,0.06728452777298934
KMO,0.06725364030014429
TOR1AIP2,0.06721086875726595
MAML2,0.06719432174472553
CBR3-AS1,0.06717065688050067
TOX4,0.06716011118017064
LINC01348,0.06712875808408256
ADK,0.0670435571879641
ENDOG,0.06701455018812522
LIF,0.06699616086429612
AHCYL2,0.06699166057926796
LYSMD3,0.06698977679891703
TCEA1,0.06698495742230703
AC017002.1,0.06685926634526045
SLC38A2,0.06683134283007898
AP001053.1,0.06674116312976987
NKX2-1,0.06671874685064766
APC,0.06671221969575807
EIF1B-AS1,0.06670712627604218
ITGA9,0.06655305011482822
PDGFA,0.06653851926736573
ZNF440,0.06650044238301676
TOR1AIP1,0.06646354887690946
CBR1,0.06642277124951636
DUSP6,0.06636276239394989
ANKRD18A,0.0663342327491421
DRAM1,0.06630938292769331
C1GALT1,0.06622777364941429
SYNRG,0.06620550853837456
TRA2A,0.06615328509788891
MUC20,0.06613844624420709
DCAF8,0.06613029821364236
RANBP9,0.06612315558930602
QPRT,0.06611962627718812
SPEF2,0.06607030614393246
WDR49,0.06606767050869443
RUNX1,0.0660643852064979
PLCE1,0.06605474667967304
WDR93,0.06601929169169792
TM9SF2,0.06590602695385268
NIPAL1,0.06584703404979271
RTL9,0.06582066442766445
LLGL2,0.06575485615359
HNRNPU,0.06572505487953931
HSP90B1,0.06567906938332664
LONRF3,0.06567434132547693
BRAF,0.06565711208273937
POGZ,0.06560064535043392
GLCCI1,0.06559618012912898
YAP1,0.06559076951115995
ZNF736,0.06558019972630579
MYRFL,0.06556840236124716
SNX20,0.06554507403396517
PDE3B,0.06552176359328733
EDN1,0.06549817319719566
FLCN,0.06543974409741259
RGL3,0.06541419227222929
AQP3,0.06540669918267943
CFAP44,0.06536157228744427
HYDIN,0.06533644212999445
GLUL,0.06533060876618528
AC008875.3,0.06532399706541824
AC025171.2,0.06531544107092961
HTT,0.06529642288934241
TNRC18,0.06529356364738917
ACOD1,0.0652840360852034
SAMD15,0.06525661577464557
ZC3H13,0.0652406079819787
CAVIN2,0.06520489015413405
SLC9A8,0.06518625556672843
MT-ND4L,0.06515818828611153
EHD1,0.06514186546920023
SORBS2,0.0651243853159833
FOXJ3,0.06511589745599242
SEC16A,0.06500338778742672
VWA7,0.06500230735650388
TMEM41B,0.06499831601165935
ELF3-AS1,0.06499594625307144
KTN1,0.06497690450611078
TREM1,0.06493322410866495
FAM83A,0.06493099486367669
SAT2,0.06492674428075076
TOGARAM1,0.06488190675878518
ATF7IP,0.06488038932299599
CFAP99,0.06486459070763614
CTTN,0.06476687478851781
CREM,0.06476009985106888
ZNF217,0.06475925177761953
DROSHA,0.0647571141796249
TP53INP1,0.0647335908764957
ARFGEF1,0.06473015185785716
ANKRD17,0.06465838084259364
FNDC3A,0.06465203840280329
CEP126,0.06457048416803078
P4HA1,0.06454975738341355
VEGFA,0.06453461154008801
PJA2,0.06452059285965615
LNX2,0.06448985477721175
GCNT2,0.06443365494561758
CHCHD7,0.06441848684082246
RAB27B,0.06434376774375736
TM4SF1,0.06433226972259679
SHOC2,0.0643268165754838
ENKUR,0.06431808548378164
ANKRD12,0.06427110956204976
SRRM2,0.0642638585904927
STAT2,0.06424356695170198
BNC1,0.06421734605585161
TUG1,0.06421091162839171
ZFY,0.0641958890961723
CCDC190,0.06418849801031522
UGCG,0.06417382477059735
PLEKHN1,0.06417347423564244
CXCL2,0.06413912642788858
CLDN23,0.06413772795940514
TBL1X,0.06411315136623028
PARD6B,0.06409425947698498
TRMT1L,0.06408399884367634
CTSS,0.06407785371093837
CRY1,0.06405454647132504
IRS2,0.06402889546927823
INF2,0.06402255176866578
FKBP14,0.06401378677436163
CAPN8,0.06401095661504043
ATXN2,0.06396568027605799
PARP8,0.06393752235429621
EPHX1,0.06392989211653147
PHKB,0.0639244382851851
KIF21A,0.06388671472300803
WDFY3,0.06384073826851762
TRGV4,0.0638243324740843
CCND1,0.0638141171793923
SCN1B,0.06380739557307008
WEE2-AS1,0.0637596929228043
XIAP,0.06373216132855213
LINC00960,0.0637106068581228
PLEKHB2,0.06369287594298334
VCL,0.06361628380429737
BBOF1,0.0636143216281534
ALMS1,0.06359500251313081
AL137018.1,0.06349885157482354
CALR,0.06349561504600093
SRCAP,0.06340725626964017
TRIM8,0.06340140825612643
TMEM63B,0.06338000667427979
ITFG1,0.06337926952164298
RAB3IP,0.06332453243920184
ATAD1,0.06325328471749397
TRIM38,0.06325298805474606
LINC02241,0.06323784928517388
CXCL8,0.06320622566983215
RAB9A,0.06319567077973613
AAK1,0.06318886292439665
GLIS3,0.06318562306312946
HIVEP1,0.06318363391263743
PLXNA2,0.0631824255797331
ZNF91,0.06316461460673678
EPB41L5,0.06315263677249026
AC016542.1,0.0631195764719285
RAB2A,0.06311873369431527
ZNF598,0.06307570665700123
A2M,0.06305508633813305
TMEM231,0.0629282588877507
C3orf52,0.06288121897772365
TOM1,0.06287092696227525
ZNF443,0.06283398718310931
DDX43,0.06281445119258373
SRPX2,0.06281293937865054
MTMR12,0.06281091187999598
NORAD,0.06279447783853824
RANBP17,0.062790459136738
CDH26,0.06275345300122984
BIRC3,0.06270157387518817
NPNT,0.06267702655768122
SBDS,0.06267672767537114
DYNC1LI2,0.06261984217287134
BTG2,0.06261227993338957
TMEM68,0.06259703416739007
SRF,0.06256886283795887
PLEKHA7,0.06255938692210944
SEC24D,0.06254033062808843
AL445430.2,0.06251930791561344
RAP1GAP2,0.06251866519577394
XBP1,0.06249706409344348
NCOA7,0.06243296176929482
PPRC1,0.0623643045874531
DHCR24,0.06235593938862389
ZC3HAV1,0.06235081243939488
SLC39A7,0.06229908936963824
MIDN,0.062295526617030375
GDE1,0.06227491961601182
CNOT1,0.06226100892659158
PPARD,0.06220696087137441
RORC,0.062188568216900594
PFDN6,0.062182613001540876
ERN2,0.06213770842999264
MAN2A1,0.062115937984187276
SLC38A10,0.06201707566842249
UBR4,0.061986187582890935
CEACAM5,0.06193275300518302
SLC12A7,0.0619260486001587
IFT140,0.061922449011100736
TOB1,0.06191655258648732
NOSTRIN,0.06191309051039563
EIF3B,0.06190413395975605
GAK,0.061881528272442136
GMDS-DT,0.061879153305117104
CCDC66,0.06186495907035177
SUMF2,0.06180689780524254
CEP170B,0.06179795014126857
STK33,0.061780091089856465
RNH1,0.061762289603047
PCDHGB2,0.06172142989794406
LONP2,0.0617042124650265
KRT7,0.06168133894964735
ADAM17,0.061644140880617676
LINC01091,0.06160124341173523
NCALD,0.06159536157812771
NR0B1,0.061578133992802556
ZBTB4,0.06157733744101157
GON4L,0.061555264096325966
DNAAF1,0.06152461848752092
WWP1,0.06152347280198371
SIPA1L2,0.06151307708345314
ACACA,0.06146895424792714
HECTD4,0.06143557276101763
MYO9A,0.061424838069239804
SPIDR,0.06138495533864606
AL353138.1,0.06137431114962403
FAM157C,0.06135859772289043
FLII,0.061299827323788296
AC093904.2,0.061221529872211064
KCNE1,0.061202664714985075
ACBD3,0.06118447910449138
BCAS1,0.06115048710813511
KDM2A,0.06113393837607654
ACKR1,0.06108371291449398
NPC1,0.06100872167730988
AHNAK,0.061006180791130626
FGD6,0.060996023659957835
HAUS4,0.06095782057330176
PARM1,0.060955213219900474
LAMA5,0.06093316977977157
AC079062.1,0.060894936564927234
JUN,0.060881606298115246
TMED7,0.06085192207524893
KIF3A,0.06084815772582239
NFKBID,0.06077829273123204
TNFAIP8L1,0.060716003647746576
DPP9,0.060643661026360464
SMIM14,0.06063821345742968
SFTA2,0.06062846353067878
CLIC5,0.06060836321720384
SIPA1L1,0.06059554362034655
PIP5KL1,0.060501879091403636
DNAAF4,0.06049497289810164
UBE2D1,0.06049454745496884
PLXNB2,0.06048736322034957
PABPC1,0.06045673094992412
C1orf116,0.060452503802468645
VWA3A,0.06045076125901273
PLEKHG2,0.060439763110726435
AC004982.2,0.06041578193335028
CCDC144A,0.06039969827068589
EFNA5,0.06036565380285278
KIF1C,0.060349254319300646
EVI5,0.06034222883819953
ADGRD1,0.060339440945783605
DRC3,0.06033415756771898
SLC7A11,0.060321624548056826
LIMD1,0.06028492876573562
ODF3B,0.06024736669323078
ADAMTS10,0.060219066471428204
FAN1,0.0602134084235363
ITM2B,0.06019188691189775
ATP2C2,0.06019016860445959
AC023481.1,0.06009707464301324
NR3C1,0.06008078062838414
CELSR1,0.060023004879623525
MTOR,0.060015210103985625
EP300,0.06000342141762926
NRDC,0.06000010066979671
GABPB1-AS1,0.059998552555544975
NEU1,0.059988143160110495
BICDL2,0.05994440316131727
VMP1,0.059935718349280034
NPHP1,0.05992270470369883
ADGRF5,0.05988783162544183
SRGAP3-AS2,0.05987726144768031
FRYL,0.05986755453312331
WWP2,0.059842726386476426
NAALADL2,0.05976349763755913
LINC01564,0.059759564554952994
SLC16A5,0.05974704457026854
BORCS7,0.05973195007931925
AL359962.3,0.05970934726746021
STAT3,0.059690011416746264
NT5C2,0.05965163849195146
DAAM2,0.0595829580684361
ZMYND10,0.05957462464659866
CFAP45,0.059573697273211525
SPEN,0.059571680711857936
STOM,0.05956508179622014
SMIM31,0.05955817444459801
OTUD6B-AS1,0.05952430374954226
FBXL19-AS1,0.05951227962567133
ANXA2,0.05949391031556606
IK,0.059399239060919026
CAMTA2,0.05939244600162432
PISD,0.059356305760802
AC083880.1,0.059336934469766726
REEP5,0.0593185663082402
FOXN3,0.05930777060887972
PDLIM5,0.05929780602454084
UBQLN2,0.05928715818674822
DNMBP,0.05926997114555715
LRRIQ1,0.05923780346466715
SAR1B,0.05923690003356347
PWWP3B,0.05922065435424029
PBXIP1,0.059195002582637796
DIP2B,0.05918211388502383
RAB11FIP2,0.05917603893747747
GOLGA8H,0.05916572497480413
GBF1,0.059149313425534485
RSPH1,0.05914505653314316
ARF4,0.05911834371876018
TEAD1,0.05910153834704631
PARD6G-AS1,0.0590902851971624
PRPF8,0.059073331419723284
CYSTM1,0.059065390635782394
PLPP5,0.05905562882993901
CLIC1,0.05905137011125456
CCNL1,0.05903438259353317
AL451042.2,0.0590248023437098
IFT27,0.05901837316624674
RNF145,0.05900520855676646
RGS22,0.05899935513667955
COL4A5,0.058984705028924965
SDC4,0.05898132636117146
GDF15,0.05892121338439926
SPPL2A,0.0588916493208016
TRAK1,0.05887517481019174
PNMA2,0.058830617685914
NEK5,0.058760238449975306
UBE2Q1,0.05875753562630489
PLS3,0.058755138266119604
BROX,0.05875126620196102
AF131215.4,0.05874338421022345
AZIN1-AS1,0.05873323926694728
AC109347.2,0.05866921675019926
TDRD1,0.058661900351462765
TNFRSF21,0.05864415733690171
CAPS,0.05864057944151952
FAM160A2,0.05862013646240728
AL132801.1,0.05860229142924174
GPATCH8,0.05860024680071705
MED13L,0.058594464975540085
ANKUB1,0.05857021323287331
ARL8B,0.05853649698171427
ANGPT1,0.05853510676593865
CFAP52,0.05852543852873554
CFAP47,0.0585184860071721
TNFRSF10B,0.05851587011599802
ARL5B,0.05849569938361465
ARID5B,0.058494220417910484
AC048341.1,0.05848966380206029
EGR1,0.05843152544577102
HSPG2,0.05840470554923655
ARHGEF12,0.0584000237961224
CEACAM19,0.058392788020569714
ATP6V1D,0.05838830596912094
SFXN3,0.0583803986874618
KMT2D,0.058376407548025165
SLC25A16,0.058332136214843615
AC104248.1,0.058317435575780986
ETNK1,0.05827723222102159
S100A6,0.05824966262206814
LRP10,0.058230997288828835
PARP10,0.058204063072501575
ZBTB16,0.058178898238530764
DCAF6,0.058156934678663105
IGFBP5,0.05814033496472899
COPA,0.05812210991727149
IL1RAP,0.058113147370967844
USP9X,0.0581127444039468
MAPRE3,0.05811076744357965
IMPAD1,0.058108413189566104
RNF6,0.05809924204811526
AL121839.2,0.05808764754130725
ATG2B,0.058015227183291385
TM9SF3,0.05798942140824492
THUMPD3-AS1,0.05798185117215814
FAM13A,0.057981249764138106
IBTK,0.05797196583484808
SNRK,0.057965967540831054
UNC93B1,0.0579350880563849
ZNRF3-AS1,0.05793094031457542
PRKAR1A,0.05787991831472475
LRRC6,0.05781636596782184
ANKRD10,0.05778534128825091
B4GALNT2,0.057783656068594993
BTN2A1,0.05776277786457185
ATP6V1C1,0.05771509088281336
CDK13,0.0577066144804003
GPAA1,0.057689129702653975
KIAA1549,0.05764505449371137
CLTC,0.057614774204526875
CTH,0.05760419683285586
IPO11,0.057574474659625736
S100A10,0.05754771650725751
HS3ST1,0.05751298853675333
TMEM67,0.05750891107417474
TTLL5,0.05750466182602467
AC215522.2,0.05749726646119424
MAP3K8,0.05745359846197691
C6orf118,0.05744182793446027
C2orf50,0.057429563562081
S100A4,0.05742872516042417
AGAP1,0.057419923452758585
GPHN,0.05741708302921077
AC106028.2,0.05740775012796238
KCTD20,0.057403806303574924
UBA6,0.057386544564560056
BDP1,0.05735851117455216
SHOC1,0.05735439975529342
PPP1R15A,0.05731551675119147
PUM1,0.057284777905003435
MTMR3,0.05727527414093698
MPDU1,0.057253566879069025
SIRT1,0.05724372091646824
SPTLC2,0.05723473708282857
CTNNB1,0.05723019738139788
MT-ATP8,0.05722968053998375
ZNF285,0.0572229993506919
TRIOBP,0.057216745118463176
TBC1D2,0.057204922876573264
CYTH1,0.057196690818534984
MAPK10,0.0571887023283503
SLC20A1,0.057165813535236684
RB1,0.05715255879684187
PLTP,0.057149563657484206
ROCK2,0.05712886496637916
PCNX1,0.05712463660059292
MPRIP,0.05709657384135707
AC240274.1,0.05708794214995742
FA2H,0.057071282719851284
ALDH5A1,0.05702724400849071
CEBPD,0.05701624908410269
IL4R,0.057011222445673075
FLNA,0.057003541316014684
HLA-DRB5,0.056998209555793745
TMEM265,0.05699706297836767
GPR108,0.05699137313283712
PPP2R3C,0.05697226815773778
DNAH1,0.05691896905881591
SLC16A4,0.05691320482618883
LRRC23,0.056895979025008786
TRIB1,0.05688563504720087
CCND3,0.0568688281031669
SRSF5,0.05685673208695015
GNAQ,0.056825643984047436
SEC24A,0.056806207532980504
LRRC34,0.056775829911932925
DRC7,0.05676213934323066
MIA2,0.056759012897549255
PSAP,0.05675339912706731
ACVR1B,0.05674539850717325
NUTM2A-AS1,0.056744730601200714
ABL2,0.056729796880456804
CHD8,0.056710229371764696
GOLGA3,0.0566885264359273
RALGAPA1,0.05667968934332076
ASIP,0.056677978493595044
AC008875.1,0.0566521397656296
CLOCK,0.05663079362373008
PPP1R3B,0.05662809656331922
TMCC1,0.056620228930887674
KRT19,0.056541958744707015
SPEF1,0.05653445246822876
LINC01924,0.0565333448240076
PRSS22,0.05646229477779953
NEDD4L,0.056454364242228695
FLOT1,0.056452599976859516
MEF2A,0.05642056278582202
TAP1,0.05639703802693908
PRKAR2A,0.05639653266175987
FBXW7,0.056367355023916293
C11orf16,0.056361776785120485
EPRS,0.05633821822249892
SAMD12,0.056309485517481064
ZNF555,0.056306734026871724
EXOC8,0.0562931990067295
ZNF638,0.05626898353457002
DGAT1,0.05624613612933239
AGRN,0.056236497053036294
SPATA17,0.05620861617548078
IARS2,0.05619305873732313
TNFAIP3,0.05616969256537404
TCTN1,0.056163373144782404
MPP5,0.05614938333046231
CERS1,0.05613871313523204
SUPT20H,0.05611052770305203
LINC01697,0.05610105820547387
SERPINA1,0.05606229244522619
ARHGDIB,0.05605668048235921
GK,0.05603953360143497
WIF1,0.05603105513362096
SLC41A2,0.056023330073557295
WAC,0.056022776118143554
GPR162,0.05600425044252416
BAG6,0.056003005801562984
LRIG1,0.055976773372958644
AK7,0.05596913059375073
NRBF2,0.05596251652196506
CLDN4,0.05595864716859613
GTF2F1,0.0559577816691494
GULP1,0.05593287590235936
CCDC150,0.05592914949079379
FARS2,0.05592813560253181
DDX5,0.055928090041307506
PRKAB1,0.05589980117766389
UTY,0.05589124579494726
PDZD2,0.055882051634699094
KIAA0319,0.05586676902565798
B3GALNT2,0.05583372542945604
TUSC2,0.05581200630952382
MDM4,0.055785149628004335
NFKBIZ,0.055768298670619665
LINC00598,0.05572920091432909
CTSK,0.055714990175089504
RANBP2,0.055704299815130295
AC078795.1,0.05561853515132241
SPAG9,0.055604094491695094
OGA,0.05551920771626664
LRRC74B,0.05551305704159412
CHMP2B,0.055508961955165685
JPT2,0.05547734812449606
CRISPLD1,0.05547690559844582
H6PD,0.055465797366419406
AC089983.1,0.05541547388905091
STMND1,0.05540752069778101
SAV1,0.05539713256797023
SMOC1,0.05537868378576253
IGLON5,0.05537686846984663
NAV2,0.05537494947404787
SIN3A,0.05533631291615605
BTRC,0.055332327929083325
DAG1,0.05530382326700162
HSD17B11,0.05528057877710494
LINC02605,0.05526913707065678
KLB,0.055266577128047174
AC021321.1,0.05526335434748331
LYPLA1,0.055213991823957
POLR3E,0.05521335799311529
AL137127.1,0.055170613635070344
PLCH1,0.05515875045058607
KIF27,0.05514760151821896
C3,0.05513309226712672
HBEGF,0.055128045121073915
CLIP4,0.0551155927038173
B3GNT6,0.05507018604740239
PPP1R42,0.05506813136075546
C9orf24,0.05503222920201197
NPIPB5,0.05503149176899657
CRY2,0.05501352300172899
SAXO2,0.05495001741169076
HCN4,0.05492803693420917
EID3,0.05492223240678349
SGMS1,0.05489375212624995
ZZEF1,0.054892543715508356
RASEF,0.054888887898320866
PRRC2A,0.05487750889524129
HLA-C,0.05487027930175952
NFAT5,0.05481731496878711
STK17A,0.05480381302083592
MAN1A1,0.054798464628760486
BHMT2,0.054778854942576616
MSRB1,0.05476527025213883
ANTXR2,0.05475757257109615
TMEM87A,0.054738366112173954
LRP6,0.05472473007164059
SLC25A32,0.05472172504204797
ARHGAP29,0.054673901422484204
USP3,0.05466115114441973
LINC01267,0.0546458551481327
C1QA,0.054640627116794856
RNF111,0.054634854816337716
ECPAS,0.05462788854626765
CCDC173,0.054621890055545665
CSF2RA,0.054568619994275175
DDRGK1,0.05455245444714826
BBS9,0.054541985498164296
AC159540.2,0.05453887599821367
CFAP57,0.054489677947135655
ARL4A,0.05448800802700559
TNKS2,0.054472138752394296
ASB1,0.05445590689440638
POM121,0.0544354093844439
AC092468.1,0.054424308894782086
RYBP,0.05438297211249991
RELB,0.054379345508075785
DNAJC10,0.05437625162704345
OGT,0.054373697291218076
ZMYND8,0.05435610150112358
AC068580.3,0.05430990179466351
HSPA5,0.054303372886877525
PIFO,0.05429751368478168
MAGI3,0.05429666150804279
MUC13,0.05424078637432182
PER2,0.05423841054987688
LAMC2,0.05423078813010727
ACOT13,0.054218277045787126
POLM,0.05417095648217457
PPP6R3,0.054163146146114755
PACRG,0.0541451684711624
RORB,0.054139015754380855
CXCL3,0.05413690468047886
LEMD3,0.054120454944061945
KMT2B,0.054116887218132695
NIBAN2,0.05410974655827002
TMEM165,0.05408897458395188
CHP1,0.054056353994269835
KDM6A,0.05404497265935175
LINC02328,0.054027782503706816
GALM,0.053967221894844424
GPR135,0.05396083668117711
TMEM87B,0.053948726848633964
USP22,0.053945774071352266
FAM183A,0.05393566230589847
ARID4B,0.05392754443527333
AL583810.1,0.053902880656680204
OTUD5,0.05389772951273883
EFR3A,0.05388478536889409
ZFP42,0.05386317350049526
SSH1,0.053851669464966924
OSGIN1,0.053851120802225476
LY6G5C,0.05380458174058694
RAD51-AS1,0.05380056987846477
APOBEC4,0.05379682755367775
TPPP3,0.053794520228446566
MDC1,0.05378381049400114
PTTG1IP,0.05378320281881419
L3HYPDH,0.053776347629276425
USP9Y,0.05377608971249853
KMT2C,0.053768094743109854
TMBIM6,0.05375263990915388
OSBP,0.05369705465099548
INAVA,0.05367566037177163
EVPL,0.053636302441608205
LGALS3,0.05359458071295662
ABCC3,0.05359337302076311
ABLIM1,0.053559125740973004
NDEL1,0.053557699695879736
AC244197.2,0.05355735426177978
DSP,0.05351485964851247
CYSLTR1,0.053502110738262006
ATP10B,0.053492586665675905
RRAD,0.053471024941645566
C9orf135,0.05346599319263324
USP32,0.053459063495378066
CFAP69,0.053452320035074864
LTC4S,0.053449130470856164
CCDC170,0.053433194023106374
IGFBP7,0.05338519090511997
DGKH,0.05335851036815258
SRD5A3,0.05334240214132599
PTPRE,0.053303855152663476
PITPNA,0.053297341258437395
DESI1,0.05329242567295953
HOXB-AS3,0.05328718771391625
ATF6B,0.0532815770517753
CLASP2,0.053280979571445626
JOSD1,0.05327997617358725
MAPK9,0.05327740803312951
ERRFI1,0.053268437652006215
IPMK,0.05326343566113292
CCNYL1,0.05324484790141266
DOCK5,0.053227762147870505
KHDRBS3,0.05322358858779396
ULK4,0.05322218925377911
AL138756.1,0.05320176619867844
VGLL4,0.05319100690519546
ADORA3,0.05318694728625004
CLCN3,0.0531861821704277
PTPRF,0.05317565964012854
TANC2,0.05315746160247579
DNAH12,0.053125789278855265
IFT88,0.05312070639600916
SNTB1,0.05310650371295454
KIAA1109,0.05309103106685954
PDIA3,0.05309017120239034
AC011472.1,0.05308017471277318
SRGAP2,0.05302886314521861
RIT1,0.0530080681462079
RSPH14,0.05300576618513248
ZNF644,0.05297475545659944
SGK3,0.05295706700710967
PHKA1,0.05294977230212944
ELK3,0.052945741257820034
YIPF3,0.05293740874634572
TTC23L,0.052924577240673024
AC079834.2,0.05291887991121688
TUBGCP5,0.05289264015782279
IGLV3-25,0.05288835066018076
FAM193B,0.052839549468910306
GTPBP2,0.05283916453553908
PLAGL2,0.05283088678822121
FAM160A1,0.052824712249158204
CLN3,0.052817168174279394
ARHGEF3,0.052813821149457846
WWC3,0.052803617492723685
TTC29,0.052801519177352915
CT70,0.052798934422102366
SH3RF1,0.052791957569712236
HIST1H2BD,0.05276250631076737
CIRBP,0.05273566393487266
TAB3,0.0526805192436394
SLC8B1,0.05265805378962709
PRUNE2,0.05260661297866781
ROPN1L,0.05259517302099193
LRP2BP,0.05258764488526439
MAP4,0.05256137498975666
DYNLRB2,0.05254846276490584
FAM13B,0.052541739165964337
AC022893.1,0.05254131369892365
AC027117.1,0.05254006024141585
SPATA33,0.05253403090246532
ATXN7,0.05252881754696529
CCPG1,0.05252024578699116
AC005562.1,0.05247049421888079
ERBIN,0.05245744018655616
SPINK1,0.052452130896636556
AC027117.2,0.052451827278664945
RSPH9,0.05245166264943266
UGGT1,0.052412072587669035
NOVA1,0.05239787093808435
CDC37,0.052369107405327145
LPIN3,0.05236208731249301
AC127537.1,0.05233464997586131
IL5RA,0.05233441928091804
CCNL2,0.052329128258641035
GPRC5C,0.05231425492942289
SERINC3,0.05231420391727297
SLC22A23,0.05230126446477746
ALAS1,0.05229235313879512
UBP1,0.052242661862891275
HEXIM1,0.052239341448921006
KIAA0100,0.052217075665460584
ZBED6,0.052188308031295406
AL391832.2,0.052186343938670464
C11orf88,0.052179967206515646
MST1R,0.052126590424905604
AL445430.1,0.0521150383353876
GPAT3,0.05210255719895979
CRELD2,0.0520854515589423
DLG5,0.05206486558225704
SMG7,0.05205403550545659
CDC42BPA,0.05205357745948396
TMEM147-AS1,0.05205335953371529
NCOA3,0.05204328468289203
FRK,0.05203009852246309
ANKRD11,0.052024164724110915
CFAP73,0.05202285508930896
GAPVD1,0.052020978318901186
TNRC6A,0.05200339166603538
CCDC151,0.05197829320978305
LRG1,0.05197361069539417
IGF1R,0.05197059425575243
ZNF382,0.05196147631106612
UBAP1,0.05194962464718514
PHF1,0.05194683102926411
LINC02604,0.05194395023496663
SLC6A9,0.05194253020146195
MAGI1,0.051938859295239725
TMEM259,0.05191202571020071
ZNF20,0.05191189372310785
FNDC3B,0.05190620542746649
AC006064.5,0.051881863669250135
SDR16C5,0.05187243629725994
SYTL1,0.051859405005860615
DUSP16,0.05185731336190353
PARP14,0.05183184042129303
STT3B,0.05183016540300357
C19orf18,0.05182097112217821
CCDC78,0.05180673010685541
BRWD1,0.0518048840445148
RNF14,0.05178648908371218
SERPINI2,0.051775052773622536
COL6A1,0.05176879276134336
AP005329.3,0.05176121700536887
TRADD,0.05175260646555869
TLR10,0.05175116502847501
LDLRAD1,0.051727506670259604
INTS6,0.051722265700255586
KIAA0040,0.0517119706573897
TBC1D8,0.05170716617392137
VPS13C,0.05170218172522014
ZNF300,0.05168466069578997
KIF19,0.051680954356796024
FXYD3,0.05167396002939964
RPGR,0.05165926786377542
AC092422.1,0.05164324443764272
AKR1C3,0.05164315921505465
SLC11A1,0.051632270850436486
CABP4,0.051617915447502626
SCAF11,0.05158538140965422
GGNBP2,0.0515477342124453
GLYR1,0.05153106993526948
IGHV1-24,0.05150770205330236
SLC35E3,0.0514819804583185
ITPRIPL2,0.05147111991620467
SLC50A1,0.05146865834244841
TRIM31,0.05145954811440126
DNAH2,0.05144309312035003
DNAJC27,0.051433848691025005
CCDC69,0.05142347827606155
SEPHS2,0.05141468473066707
RPS6KA3,0.05139205600145525
PPFIA1,0.05137518331051514
LINC00665,0.05134203981427623
NEK4,0.051317150359696924
BCL9L,0.05131009586973227
RNF44,0.05130704661660126
FBP1,0.05130148857437506
CFAP126,0.051291955637629796
AC026202.2,0.05125875532201568
SCAMP2,0.051242507491620966
AC090739.1,0.05123390830158111
GSE1,0.05122978765013588
EBLN2,0.051195625559735634
HTR3B,0.05117549873016786
GCC2,0.051171657312091064
EFCAB14,0.051168213535148374
FYCO1,0.05116698817271963
VAPA,0.05116494570415312
ABI1,0.0511528269705956
NRIP1,0.05114933829570102
CYB561,0.051130453402119344
TYROBP,0.05112666249322733
PCDHA11,0.05112417508668425
RCAN1,0.05111659011855566
C5orf47,0.05110805709785879
TMIGD2,0.05110645689350705
JUNB,0.05110058547067122
TM9SF1,0.0510930290829517
ANO3,0.05109090458372592
ITGB1,0.0510787351553061
SNTN,0.051048137515332256
ZNF207,0.05104536853631441
DUSP10,0.051002456082868325
TEKT1,0.050987149311966906
CCDC187,0.0509868556054583
ANGPTL4,0.050977175249315776
NSMAF,0.05097348727634738
MAPK15,0.05096878872101152
ARRDC3-AS1,0.05096675945805344
GARS-DT,0.05096485070696564
CYP7B1,0.05094323222284121
NRAV,0.05093638019218836
SHROOM4,0.05090559702048928
SAPCD1-AS1,0.050903551577525644
OTUD7B,0.050902027212234434
ZNF720,0.05088497545188167
FOXN4,0.05087736873838849
CCDC84,0.050876638596127614
TOP1,0.0508748894990504
NABP1,0.050868469516226596
KRT8,0.0508508226880763
RPH3AL,0.050835266928915095
EFHC2,0.0508165689767251
UVRAG,0.05081427518417353
KLHL21,0.050812831156801144
ARID1A,0.0507853168752713
THEM6,0.05078526155878265
GRHL2,0.050783668790877735
WDR11,0.05077443179439463
ATM,0.05077338113869144
AL009179.2,0.05076246102659707
BTAF1,0.05075181393389662
STX16,0.050670051819840745
LCA5L,0.05066918824308621
IFNAR2,0.05066758420102679
P4HTM,0.0506663066348427
FSIP1,0.05065145098008866
FAM160B1,0.05064968549482054
CPD,0.050626535960438555
DCUN1D4,0.05061819358396887
CTDSPL,0.05058570044581466
LINC01269,0.05054467038827815
SCRIB,0.050529568409802945
ZBTB41,0.050501823280671834
PTPRM,0.05049673213471992
VPS53,0.05048493151877475
FOXP4,0.0504756936612818
BCLAF3,0.05044925558461493
UPP1,0.05044871822359806
APPBP2,0.05041722883097574
TMEM125,0.05041052570775636
ZNF433-AS1,0.05041045905171322
C1QTNF12,0.05040457926452144
C9orf116,0.05039595307842309
KIAA0319L,0.05039480519489921
PCAT6,0.05038116408619002
GAS6-AS1,0.050375498202867866
CLCNKB,0.0503528740736024
GOLGA8O,0.05031679332772158
SAFB,0.05031486622114427
CUL7,0.050274206662284174
TRIM39,0.05027099067230245
KCNQ3,0.05026825744490661
NBPF12,0.05025279564418248
CC2D2A,0.05025153052501966
NEIL1,0.05025124069597555
FCHO2,0.050242953817780704
DICER1,0.05022511998633247
UPF2,0.050219055685836816
FER,0.050218665847959046
IFT57,0.050203670325551716
ZDHHC9,0.05019047273529211
UNC13B,0.05016783745933432
CHL1,0.050157200141476344
AC123595.1,0.05014301164114275
ATP6V0A1,0.05013866579967719
RLF,0.05013858238113223
ZDHHC7,0.050130799682844986
MTF1,0.05012362514003368
AGO4,0.05010142533552709
FUT8-AS1,0.05009785205568037
SFSWAP,0.0500836823930137
AC106712.1,0.05008103794263508
GCNT3,0.05006950211794686
DLEC1,0.05005986437532775
FAM47E,0.05004459709267599
ABCC9,0.0500153668113592
SIDT2,0.05000906429692399
MPZL2,0.049997648110958984
Z97192.3,0.04998450935585002
UBE2H,0.049982020980129535
FOXK1,0.04995281648464724
FOLR1,0.04994720588753731
STK38,0.04993775340719375
PLEKHS1,0.04993605351860317
SMAD7,0.04993562079079364
AC006017.1,0.049929694690505934
AC006008.1,0.04991422465454893
CDC42BPB,0.04989529809185583
HEATR5A,0.04987429331259182
PRSS8,0.049868768346604336
UGDH-AS1,0.049863749950717365
MAST4,0.049834555735560816
RBM26,0.04979944263529216
ITGA3,0.04977349627527732
ZFHX3,0.049772532145006
CFAP206,0.04976163132004811
MTURN,0.04973528302814505
MAVS,0.049732952227984316
VPS52,0.049722112103898
SPRED2,0.04971061227772092
CTSD,0.04970741965962324
PTBP3,0.04970354049527722
CFAP43,0.049700269899068755
LGALS3BP,0.04967643030157748
IER2,0.049624673013991934
SLC26A2,0.04960425637884814
NBAS,0.04960329509735665
ABO,0.049600351455692214
CDS2,0.049588245250535755
ABCF1,0.04955753898745598
CCDC6,0.04954804814878948
NUP58,0.049546176286916085
LINC00342,0.049545917403491575
MGAT2,0.04954251617027785
USP6NL,0.04954246664600052
RALYL,0.049526235417841326
DAW1,0.04951655326468286
JUP,0.04951438776709775
FBXO9,0.04949500297552167
AP3D1,0.04948253170067151
ZNF609,0.049478095668676475
FHL2,0.04947375957570924
CXCL17,0.049443947303812685
HIVEP2,0.049442536916298956
IDE,0.049432514010044476
STAC3,0.04941659813302132
RBM12,0.04940110962960679
DLGAP1-AS1,0.04940022539053624
MAF,0.04932410470214433
ANKRD50,0.04931437408636462
AL589863.2,0.04930519328054468
RBM5-AS1,0.04930497042792391
ZNF646,0.04929803358031194
UTRN,0.049292422892067166
CDC20B,0.04929202385142128
DNAI2,0.04928472427736906
AL021368.2,0.04928054021016395
AC008622.2,0.04927149324746542
WDR63,0.049270667079637995
SLFN5,0.04924069275661121
CYBB,0.049233744275475826
SEMA3C,0.04923179528239645
CES2,0.04923032239628277
RIIAD1,0.04922879158481795
ARFGEF2,0.049227844459569875
GCLM,0.04922530004775542
TFCP2L1,0.04921211067574938
AC006525.1,0.0491991794628506
MORC2,0.04919667813026725
CATSPERD,0.049172181614680247
STK19,0.04915046357243193
AC136475.3,0.049137566130869774
MIER3,0.04912929376056273
NQO1,0.04910098432254087
KSR1,0.04909098236313147
PRDM16,0.04908083211493302
ABCD4,0.04906705225857822
AC016355.1,0.04906675972199628
CMIP,0.049060473186170746
IRF6,0.04904936618438647
DDX3Y,0.049004059990043924
TAPT1,0.048992264179846465
AL365203.2,0.04898548221902472
TRAV26-1,0.04895871096820624
CYP4B1,0.048924454358906265
EHD4,0.04891771863375099
C6orf132,0.04891658732585025
UCA1,0.04890871898038912
BAG2,0.04889433126296497
SCEL,0.04889429981951249
GPR157,0.04887532964972592
AC011511.5,0.04887409246105526
BCR,0.0488420021512438
ACTR2,0.04884145795484038
BPIFB1,0.048829901432400534
NEO1,0.048811487327608316
KIAA1522,0.0488109290383845
TMED9,0.048805760521898375
FANK1,0.048791088304700345
PHLDA2,0.04877277794188943
MFSD10,0.04877125475997691
EFCAB13,0.0487685572515542
NPIPA1,0.04875449413752042
SREBF2,0.04874854263867467
TOP2B,0.04873992387032345
ARL15,0.04871946441697394
ASL,0.048703819976211635
TMEM232,0.048695958864599834
LIPH,0.048695425197020775
FAM107B,0.048686897268026386
RNF207,0.04867617681835499
NOTCH3,0.04866835909219796
LINC00174,0.048626461576691773
KLHL3,0.048621196526555145
NISCH,0.04861578534672982
TXLNA,0.0486038133717982
C9orf50,0.04858742450661431
FAF2,0.04853427946266342
AL158152.1,0.04853266982142144
PDIA4,0.04852769145213102
NBEAL1,0.048517655575984364
SRP19,0.04846325991566211
HOMER1,0.0484595429505646
CFAP300,0.0484563634360462
ZNF224,0.04844900506815814
ACKR2,0.048444689502835314
AC015912.3,0.048429944037296904
KIF9,0.04842096839269453
LRRFIP2,0.048387671796382044
TNFAIP1,0.04837007110839608
MIR29B2CHG,0.04836540752749871
SREK1,0.04835918491265989
ODR4,0.04831710860001513
PPP3CB,0.04830021188075144
KANSL1L,0.048299183668321026
GNA14,0.048296446703346714
STK17B,0.04826566626986432
FBXO34,0.04826263947064621
ZFYVE27,0.04824533354852039
OFD1,0.048206155775669945
ERLEC1,0.04820038572985018
Z97055.2,0.048188810254735814
RNF180,0.04817919670672269
DUSP18,0.0481771752623933
PPP2R5E,0.048170210764036735
LRRC63,0.048165072043250795
LRRC10B,0.0481529488578503
GOLGA2,0.04814152106900572
C1orf194,0.04813897791019279
SNTB2,0.04810200736202246
ZBTB7A,0.04809562772360041
GGA3,0.048045947309755165
NPAS2,0.048042837650202036
TET3,0.04802389003302368
AC005609.3,0.04801734365158821
OSBPL9,0.048016388320968766
CFAP77,0.04800159392577694
DRC1,0.04800072115650553
SLC7A6,0.04797557236729686
RBMS2,0.047973076771051816
AP1G2,0.047969610294292364
ZFP3,0.04796323288516686
PITPNB,0.047962717005008454
AC024560.1,0.04794172364121321
PRKCZ-AS1,0.04791194580362889
GRAMD2B,0.047891359245244805
ATP2B4,0.047885121636497184
IL18,0.04788325984664843
TUBA4B,0.04787694230102391
RC3H1,0.04787653115876575
VEZT,0.047863668422154164
PTCH2,0.047851373924464535
LMTK2,0.04782889407652954
CAPN9,0.047825411080715745
TSPAN3,0.04780728722431437
DLEU1,0.04780602953039425
FBXW11,0.04780303399192761
FASN,0.04779787443621244
KPNA7,0.04774872662126298
DHX29,0.04774440206467223
C4orf47,0.047743956933522055
SMIM29,0.0477327162162248
Z83843.1,0.04773163483022056
DOC2B,0.04772350189355878
SDHC,0.04772332791467285
ATG12,0.047723029894069194
VAMP5,0.04770797621082933
DENND3,0.04769556604193376
IL1R1,0.047686674854770406
CBX5,0.04766249823888397
KCNQ1OT1,0.047649938148550605
DENND10,0.04763905379185167
FAM27C,0.04763877690604007
TGOLN2,0.04762969120800255
ANKRD37,0.04762695873726356
CCAR1,0.04760517154220625
C7orf57,0.04759623214300085
HIST1H1C,0.04756911262366695
NUP50,0.047541675251622346
TTLL9,0.0475307456896731
C2,0.04750679137457771
LTN1,0.04750093622046613
NOS3,0.047497411076073845
AC007743.1,0.04749209957943253
ACSL5,0.047472910472903064
ZBTB18,0.047466014274444954
DIP2A,0.04744216943281331
MRPL32,0.04743063196195736
SMAP2,0.047429802017055975
PRMT8,0.0474258370534979
SLC22A4,0.047419949164344555
BPTF,0.0474155398376759
MICALL2,0.04740400842752114
PTPN4,0.04736265793053436
CT83,0.04736196166216921
CASD1,0.0473524109464609
CCDC17,0.04734878126946753
FAM174A,0.047346056411415795
KIR3DL1,0.04733550842740628
AL390728.5,0.04733444020090025
CACNG4,0.0473144557222874
CD81,0.0472947448145394
ASXL2,0.04727877328997179
ZMYM2,0.04727778857464625
ZNF608,0.04727665501401917
FMN1,0.047271166172787954
FAM120A,0.04726591260386158
ZNF260,0.04726574751713425
CATSPER1,0.04725202586806448
IQUB,0.04723698359574991
PELO,0.04723488066797119
PIP4K2C,0.04721640556910622
TG,0.04721546257059001
AC111149.2,0.04719370238916763
TEKT2,0.047162822404939894
POLK,0.04714802053515757
SOWAHB,0.04714792925189458
AC107959.2,0.04712076220180782
NUTM2B-AS1,0.04708270611535125
CD302,0.047077607295785605
FILIP1,0.047068906677380465
IQCH,0.04705434539694432
C5orf49,0.04705067592380029
ABHD12B,0.047040761299006105
NECTIN2,0.04703815339435779
PCM1,0.04702773871451311
CDHR4,0.047022812827271915
MTUS1,0.04701586839358064
TGFBR2,0.04701573061796204
FBXW4,0.04701288321752289
STIM1,0.04698285969210049
AC147651.4,0.04696599518596014
RAB36,0.0469274645351213
CSGALNACT1,0.046926631550733594
SPG7,0.046914412223231484
AC006504.1,0.04691260752557801
ZFC3H1,0.04691234488032102
ADGRG6,0.04688852757722058
PURPL,0.046878696336585056
STK32C,0.04687588743608293
RSRP1,0.04687306289836897
IGLV6-57,0.04687204664964051
DPYD,0.04685881766422822
DYDC2,0.046843073558402906
NQO2,0.04684081004838699
LRRC43,0.04683925981366625
JMY,0.046824985202612926
AC022210.2,0.04680728201002309
LRBA,0.046788226414316
MAPKAPK2,0.04678213676805979
AKAP1,0.046779798220101435
MDN1,0.04676289992675313
SSR1,0.04675744027948936
LBX2-AS1,0.04675578832504787
TBRG1,0.04672384458494091
IQCG,0.04671739462333076
ICOSLG,0.04670148076763643
MIB1,0.04669478952532368
APEH,0.046677726506259946
ZNF710,0.04667452419356749
CYP4F11,0.04667086410473079
C10orf95,0.04664754892090692
TMEM173,0.04664392836842763
PCDH1,0.046633182536977597
TRIP11,0.04662025178704697
CIB1,0.04661422633753408
KYNU,0.046604583136285925
LINC02680,0.0465949256643347
LONRF2,0.04658671479122976
AXDND1,0.04658243356507942
ZNF274,0.04657340836133772
PCDHA10,0.04657094548774435
TNS3,0.04656361709981149
DHX57,0.0465583285367653
RSPH4A,0.04653643121999562
C1orf189,0.04652397873195614
PIGA,0.046520503920724474
ALDH3A1,0.04651506052777436
CRLF2,0.04651054696472295
PSMA3-AS1,0.04650805823836776
PUM2,0.04650515578124663
HECTD1,0.046495203054347775
AC013264.1,0.04648452091325889
VPS35L,0.04648053741879588
AKR1B10,0.04647510116691704
EFNA1,0.04644111285190264
AL645608.7,0.04643493623114478
ZSCAN31,0.046427918032926355
HELZ,0.046421118516834836
IGFBP3,0.04641498951491373
RABGEF1,0.04641237882929256
ENO3,0.04638086749677194
LINC02588,0.04636572291692087
VDR,0.04635178808183442
DLC1,0.04634875604022533
LCP1,0.04633255842679831
RYR3,0.046330485161664305
TP53BP1,0.046327065927718424
RIPOR2,0.046324269291849386
ZFP36,0.04632224289411776
LINC01708,0.046315300141686375
SFTPC,0.04631169495194793
CCDC93,0.046306152315200105
ZNF121,0.04630611963158093
SEC24C,0.046293775408047654
RING1,0.04627011946929973
RAI1,0.046269379409453575
NOLC1,0.046268855007484316
TMC4,0.04625992160077062
PRKCD,0.04625429518646431
SMCR8,0.04625201704964008
ATXN2L,0.046198468335560676
PDZK1,0.046196984633930516
ANKMY1,0.04619404214932786
SEMA4G,0.04619133539406628
MRPS25,0.04616940302671774
TMEM219,0.04615926989077267
SOAT1,0.046148468435500335
AC008763.1,0.04613708425185778
ANXA11,0.04613262383009794
BCL10,0.046129859212415136
NLGN3,0.04612927127955181
AP000757.1,0.046124187004674175
TMED1,0.04611618933977915
ICAM4,0.046108160351208655
PRKAB2,0.046095841645576195
NCOA6,0.046084489434414073
DDI2,0.04608240820603445
ERICH3,0.04607088243900473
SULT1A1,0.04602202101514065
TAF7,0.045983234252149
LETM2,0.04597867331635475
BX470102.1,0.04597302056096131
NR1D2,0.04594769320102805
IGHA1,0.0459220452707861
CLIC6,0.0459098495622973
TUBGCP2,0.04588605843699548
MYO7A,0.04587829004374038
GJC2,0.045872181845775496
TCF7L2,0.045871981960892844
MEG3,0.045851838104860015
HIST1H4H,0.045849172567781385
SDCCAG8,0.04584836504039357
LINC02055,0.04584149321884885
ELMSAN1,0.045834067520957804
SPA17,0.045826669169334526
NME5,0.045806151588646066
NCBP3,0.04580440582939195
PDPR,0.045785446809235894
DUSP4,0.045785428484602694
GSEC,0.045777754267460606
RFX1,0.04576475207991746
GHRLOS,0.04572381550205809
BCL6,0.045720510059941134
SCYL2,0.04570353309384919
PITPNM1,0.04569851806134805
MEGF9,0.04567633575326755
CHST12,0.04565609101072694
FBXL6,0.0456408705914096
LURAP1L,0.04563072352140035
ALG2,0.04560404587054606
DENND6B,0.045588014630677305
VWA3B,0.04556445184722681
TDRP,0.045549185713712734
LUC7L3,0.04553612784020095
DPAGT1,0.04553237059512377
DICER1-AS1,0.045507306252793596
CRK,0.04549340501767624
PEX13,0.04548371700687005
TC2N,0.045457046317255
SLC37A1,0.04545223561703387
MAP3K9,0.04545016774196375
MALL,0.04545003128124005
AP2B1,0.04544576802052729
PTCHD1,0.04543938015728888
AC025062.3,0.04542971031681438
EOGT,0.04540956552570712
PLA2G4A,0.04539173586563439
GALC,0.04537069571344463
GOLIM4,0.04536352648881786
STPG1,0.045344099478806604
AC080112.4,0.04534171986784202
PCDHA12,0.045337493993225196
NOTCH2NLC,0.04533325617224842
FAM209A,0.045329838669812134
POLR3A,0.04532701270672561
TYMP,0.04532569573297735
USP43,0.04531562430538968
PDS5A,0.045309927794284034
SCRN1,0.04530370361891181
TMEM208,0.04530047879613976
MFSD6,0.04529853718853963
GALNT4,0.04529528452830996
AC084375.1,0.04529281877804047
MYH9,0.045286555266102195
MUC3A,0.045244663990560346
AC123512.1,0.04524404712309699
TGS1,0.045234414698718944
RAD51B,0.04522705575723684
COL28A1,0.04522366800829924
PPIL6,0.04521079723484792
CUL9,0.04519780546447169
ENAH,0.0451927260639333
PCMTD1,0.04518562762349344
ALS2CL,0.0451845247109278
GGA1,0.04517598535230242
LGMN,0.045173620324637655
TMEM43,0.0451598327115968
DCDC1,0.04513376937955966
ANKRD45,0.04512224852526779
RORA,0.045115608374656446
RBL2,0.04511054605352232
NACC2,0.04510618010401293
ZNF76,0.045103654497347004
SEMA4A,0.04509965485112661
GANC,0.04508241149401196
TAF1A,0.045056981505251434
MAP2K3,0.04504340714710076
FBXO15,0.0450358475306414
ARHGEF2,0.04502246657324929
AC016394.2,0.045005362742050414
CAB39,0.04498807083259377
SF1,0.04498146266061776
BAZ1A,0.0449804812452075
SERPINB4,0.04496165109147326
CFI,0.04494416742246512
LGSN,0.04494254519643702
YPEL2,0.04492949232007916
FAM20A,0.044924413311039794
ABHD16A,0.04492066205180151
PICALM,0.04492028218751498
PDCD10,0.04490660709725113
AL117327.1,0.04487949074095152
TCHP,0.044877912853006616
ZNF704,0.04487126103891982
AFAP1-AS1,0.04487005091047264
AC022182.1,0.04486571321498824
CYB5D1,0.04485775104729989
AC009996.1,0.044856250911730594
WDR7,0.04484695768816144
IST1,0.04484408175819961
MINDY2,0.04484386360357492
ZDHHC11,0.04484166518698283
UFM1,0.04483721770749138
IGKV4-1,0.0448304902285824
CARD11,0.04481522320697726
POF1B,0.044775509000414444
STAT6,0.04477159197750876
C6orf47,0.044768321761022634
DCAF5,0.04476656023494242
SC5D,0.04476101325980616
USP15,0.04475010175315824
ADAM15,0.044745368600983625
USP25,0.04474513824764769
CITED2,0.044736661132964796
KAT6B,0.04472183492725031
CELF2-AS2,0.044698901875856546
ZBTB1,0.044679154415334627
BCL2L15,0.044674780316967276
NOS1AP,0.04467123796365397
SUMF1,0.044670183711643205
NRDE2,0.044668970139644555
WNK1,0.044648647014942075
BIRC6,0.04464725857047241
NAA30,0.044644823518636106
STK36,0.04464287850914287
KCNH4,0.044631682601179154
DNAL1,0.0446016513970356
BLZF1,0.04458535948970453
FLNC,0.04458522435318843
USO1,0.04458433556117315
YPEL5,0.04457938094640893
ACBD6,0.04457582171879276
AC002128.1,0.04455720478058491
SPART,0.044553681499182644
TNRC6C,0.04454952454198518
GAS2,0.04454734346415886
TMEM161B,0.04454329841948522
LCOR,0.044530860008500865
LINC02777,0.04452767130122493
ZFP91,0.044513956066964
CERT1,0.04450765264213758
EFCAB6,0.04448538718178795
C20orf194,0.04448044247610694
AC099518.1,0.044476116607969185
DOCK9,0.04447279377765768
C1orf87,0.0444675021158274
MS4A8,0.04446715480777726
PHLDA3,0.04446445698189231
PPWD1,0.044461133260761246
ST3GAL2,0.04444480384769327
KDM7A-DT,0.04443054281459987
ACTR3C,0.044424884198985465
SCARB2,0.044418451139461725
PDK4,0.044405641066193643
CEP83,0.04439591128804561
TJP3,0.04439470147018984
IPO7,0.04437707641542435
ESYT2,0.04437301566483781
CCNO,0.04434620509757396
AZIN2,0.044341187378073396
SCAPER,0.04431755277232487
SEC13,0.044299399391516676
JHY,0.04429861708898537
AL441883.1,0.044277556501517136
FAAH2,0.04426774039248
SCAMP3,0.04424491769273078
SPATA4,0.044238928363026536
AC093582.1,0.04421926833029626
AMT,0.04421265199269553
WNT9A,0.04419227138947835
LINC02246,0.04415903693671539
USP8,0.044149810461659854
HSPA12A,0.04414822874729015
GSDMB,0.04414328798478051
CD44,0.044135236909331424
SLC35D1,0.0441350305244884
PRPF4B,0.04412831135887058
SLC2A12,0.04412768516193023
THOC2,0.04412217180220187
AC023509.2,0.0441055504534764
AKAP9,0.04408725252363097
PPP1R16A,0.04407847043570923
GLUD1,0.04407528867287976
CABCOCO1,0.04407359876518402
NKTR,0.04405703661022484
PRR29-AS1,0.044053293564003976
HIBADH,0.04404462047265056
GPN2,0.04401575705910756
DPP10,0.04401224749015868
GABRR2,0.043999805532064895
HOOK2,0.0439916130879409
LINC00482,0.04397709092535391
MCPH1,0.043972587276956715
ZNF461,0.04395967423197288
SNX27,0.04395178262621959
TMED10,0.043937106602926226
MBIP,0.043931208917277365
PCOLCE,0.043913199596384754
PLXNB1,0.04391004929285732
EXOC4,0.043902539080835565
TMBIM1,0.043901363496589595
SYNGAP1-AS1,0.0438960297414147
LIFR-AS1,0.04388844102768641
IQCD,0.04388479981109263
PHIP,0.043852056931528556
AC010422.7,0.043850707023076196
PRKCI,0.04382497643929627
CACNA2D2,0.043797502167246156
C16orf71,0.04379190981205505
SEMA6B,0.043768604445352105
AC125603.2,0.04374008041626817
ZNF462,0.04370903214494103
SPCS3,0.043699053593562284
HSDL1,0.043681569309675664
ARHGEF18,0.043664827042507966
MYO1E,0.04366468015501269
FRMD4B,0.043656916639309845
AL589843.1,0.04364255747606609
RAB3GAP2,0.043640631700121245
PCF11,0.04363683878330178
AL035701.1,0.04361808480524423
HOXA3,0.043612700171725374
CFAP221,0.04360992937173402
DNM1L,0.04360828274208208
RGS14,0.043607024202931055
HCFC1,0.04358360004251486
RPL36AL,0.043581975002750836
NUP153,0.043578794689782756
BCL3,0.04357576268189479
KIAA1841,0.043569017545212925
TFEC,0.043567319308270805
B9D1,0.043562210599593594
AC007529.2,0.04356188406391333
CCDC82,0.0435369862937345
PACS1,0.04352170865739827
MARCH10,0.04351899642876813
LMBR1L,0.043517383107344265
PSMD1,0.04351129989543131
ATP9A,0.043509292482974554
CLINT1,0.04350831604271421
LNX1-AS2,0.04350619425906277
CPNE8,0.04348880161492328
SPATA13,0.04348023300209405
SMC5-AS1,0.043470948821926085
MYL12B,0.04346514107829531
CFTR,0.04345747398744013
TMOD3,0.04339305486329954
MSH4,0.04338490509365873
AC027601.1,0.0433790902735364
CCDC113,0.04337503887055104
SEMA3B,0.04337242009103774
GNL1,0.04337218469263708
ARRB1,0.043361522892015586
WDR97,0.04335671437878242
SLC25A37,0.04333571196576392
ALS2,0.04332387036205751
SLC3A2,0.043308537728371566
RALGPS2,0.04329296826606147
FZD6,0.04327455831390517
NFKB2,0.0432566113082784
NPIPB9,0.0432544378438057
JAKMIP3,0.04325096806310649
RND1,0.04324288210156595
AC010624.1,0.04323554601222695
AC017083.1,0.04322886241150175
SCN1A,0.04321925460396918
CCNT2,0.04321305946353348
CCDC12,0.04320144595627566
AC006213.2,0.04320036307787662
ANKLE2,0.043193084712839905
DMGDH,0.043177560718356656
ITGB8,0.04315492080353265
THADA,0.04313874389957664
FCAR,0.04313685728797158
PLB1,0.04313546050366677
UBR5-AS1,0.04313264622999631
SH2D3A,0.04312679848247043
CREB3L2,0.04312423117922453
MED13,0.043105205031719655
DDIT4L,0.043098291506299645
COL4A4,0.04309763501383882
SLC30A7,0.04309690243458144
EPB41L4B,0.04308583706725338
MAP1B,0.04308098375058571
LINC00662,0.04308002815240206
METRNL,0.043066407755787434
CST3,0.043041600303475175
TAF3,0.043039905519772104
SYNE4,0.04302509962878573
SLC10A7,0.04301789114711584
AL355076.2,0.043003627554242696
ODC1-DT,0.042999952362365035
MAN2B1,0.042998307079565805
B4GALT7,0.042995153075819754
ITPR3,0.0429911690122507
LINC02166,0.04297228628328875
RETSAT,0.042941464428259496
AL356599.1,0.042928856585414295
C3orf67,0.04292263707982133
AC073332.1,0.04291839964753874
AL355802.3,0.04290857576481236
SDK1,0.04290349945570796
USP31,0.042901800176665165
USP16,0.042899687886916775
GPATCH4,0.042891039925670574
CCDC47,0.04289064192576415
PKP4,0.04285130943318968
CCDC200,0.04285093423075442
TDRD9,0.04285056594168239
AC006252.1,0.04284385063056231
ZNF16,0.042836299115130705
TLR5,0.04283234758167784
HIST1H2BC,0.04283231114174657
ECI2,0.042819532436029276
ARHGEF38,0.0428139046966477
IGFBP1,0.04280922696978201
HELLPAR,0.04278406962975896
TTC21A,0.042768615955227914
HAUS7,0.042728847936761086
ZC3H6,0.04272573850079919
AL022069.1,0.042722024642589514
EXOSC4,0.042718247479916066
KLF9,0.04270055040861175
RBM5,0.04268623353354422
SELENOS,0.042686074222889094
TSPAN15,0.04268084106874699
AC013470.2,0.04268051378513631
POP1,0.042669468896194905
AC004974.1,0.042662426567604744
TMED5,0.04264966815995934
AC073046.1,0.042647635160950215
IKZF2,0.04263422757988436
VPS37B,0.04263230296926021
AC090772.3,0.04262434077227833
ABHD5,0.04261331328077091
NAMPT,0.042606970670735426
TMEM30A,0.04255223569667478
ITPR2,0.04255200640711437
PLEKHM2,0.04254296035303521
R3HDM2,0.042541157294247164
BMP3,0.0425309358481919
ACP6,0.042525477276468424
TVP23C,0.042496387456516266
PNMA8B,0.04246199055832926
KDM5D,0.0424598326471599
FCGR1B,0.042453503136921235
AC093249.6,0.04245228048670267
RASGRP1,0.04245137929851038
CCDC157,0.04244534195897313
FOXJ1,0.042429569541379566
DUSP5,0.042427784212875276
COG8,0.04242417060066676
CRB3,0.042418933829033306
MROH1,0.0424067959480605
AL391095.1,0.04238963520051092
MYDGF,0.04238408024139971
TCTN2,0.0423840783385885
COL21A1,0.04237980528700246
SLC44A3,0.0423781087517104
BMP2,0.042362405501334216
CDYL,0.0423536232050254
TTC25,0.0423516442629773
PALMD,0.04235053088739912
CHMP1B,0.042343478403074
ABHD14B,0.04233018962818196
TP53BP2,0.04231257026778832
CEP57,0.042307028878749466
SRGAP2B,0.042304666364779434
MAX,0.04230408726133228
AL359878.1,0.04228306615575838
DNAJB9,0.04227996507150364
LEPROT,0.04227467563815373
CNOT6,0.042274349934720734
ALG5,0.0422710641333743
TUBB2A,0.042265880165389805
ZNF474,0.04226257138122303
PLPP3,0.04226034012413472
LINC01513,0.04224843667621508
AC121338.2,0.04224747799776113
CBR3,0.042232216280294776
SPTSSA,0.042230837671690266
CFAP299,0.04222384819928285
PRSS23,0.04219867640165231
OXR1,0.042172665259753696
SVIL,0.04216735470414011
ARIH2,0.042164169333693866
CEP290,0.04214605394869649
FBXO36,0.042138309054775856
CLCNKA,0.042129438298413244
AL512353.1,0.042127581258926156
N4BP1,0.042108019224246014
ETV3,0.04210312042537778
TUFM,0.04209250765337236
AC006064.4,0.04208366672604611
DZIP3,0.04208266708109634
BTBD6,0.04207054265973542
DZIP1L,0.04205834155091756
CYTOR,0.04205483565389084
ADAM9,0.04204320632396798
FEM1B,0.042042660022542956
AC092614.1,0.04202952903377095
FUT2,0.0420156170835591
COL9A2,0.042005047430986216
DSG2,0.04199897874687319
TTC21B,0.041983320613607385
LMAN2,0.04197223675377844
GOLM1,0.04194887034648381
HIST4H4,0.04194166903304482
HLA-A,0.04193914965178955
GPX4,0.041926952726704166
CRYZL1,0.04192265080373001
SERTAD1,0.041913639165233225
MIR99AHG,0.04191297622935191
TPR,0.04191190807305142
RILPL2,0.04190291631718249
LUC7L,0.04190214602157614
ERBB2,0.04188778009798382
CDKL1,0.0418801278841118
ARMCX3,0.04185901611595992
EFCAB12,0.04185664458077366
AC010754.1,0.04185017614195891
CCDC114,0.04184945188771507
ZNF248,0.041828235734573185
STIM2,0.041825883894943884
C17orf97,0.04182445348562422
FAM122A,0.04181960979649326
SHLD2,0.04180670524873765
Z93943.1,0.04180306252473319
TTC9,0.04178876265167469
RNASEH1,0.04178842648688446
ZNF606,0.04177891149779598
CERKL,0.04176847214370729
SIL1,0.04176564673133992
CD47,0.041743168182737676
DPH6-DT,0.041742883534734376
NKAIN1,0.041729909124710855
CALML4,0.04172481208967252
ANKFN1,0.041724513648929755
LINC02615,0.04172229303859186
TOGARAM2,0.04171943656267856
RUNX2,0.04171073709251693
TCIM,0.04169887718752044
GIGYF2,0.04169513592873627
TCIRG1,0.04169183387880116
LY96,0.04168573741627097
GGT6,0.04167961975776144
CLNK,0.04167505682082768
RICTOR,0.041663450285738486
CHSY1,0.04165551523746764
ARHGAP39,0.041653034507984514
AL359834.1,0.04163055528759814
FZD5,0.0416222629079331
LAPTM4B,0.041612175741153154
NAGLU,0.04158808514363645
SMCHD1,0.04158737217294195
SUPT6H,0.04157936493066021
PDE1C,0.04156301932538011
FGF1,0.04154763059456797
AC092268.2,0.04154689019271917
KRT13,0.04151629969157103
LINC01136,0.04151066426182093
EDEM1,0.041478743565450615
AL359979.2,0.04147859011000454
AC004076.2,0.041471872641367626
NOCT,0.04146838538959958
AC027288.1,0.04146627840819567
AL442125.1,0.04145407493058045
AL356441.1,0.041452124051225954
AF117829.1,0.04144267341754621
SNCG,0.041433065815337386
GJB7,0.04142260936114072
RNF103,0.04141156851642606
DGCR6,0.04141087234115199
DHX16,0.0413957169501873
ANXA7,0.04138189508519757
GPAM,0.04137978806931193
ICK,0.04136992844321888
DALRD3,0.041369396290272635
KCNH6,0.041365684738528946
LINC00970,0.041365684738528946
WDR60,0.04136243530562464
CCDC92,0.04136002116492182
GDA,0.041345642697373515
LINC00893,0.041338395756589943
THSD4,0.04132480642604786
AGER,0.04131862045491083
TAX1BP3,0.041317905151624736
CMTM4,0.04131591768580667
LINC01392,0.041310976234650895
ZNF587,0.04127067265770076
AC008915.2,0.04125625036493007
XRCC6,0.041255914916454854
AC096921.2,0.041245973966091115
CD164L2,0.04124349291623761
RBM27,0.04123899707643311
VNN1,0.04123182370827177
AL137786.1,0.04123180309016606
AC048382.5,0.041222027770332854
ADAM12,0.041189508380121864
GAS8,0.04118448334098362
LAMB2,0.041151359787689794
IRAK2,0.04114307814300647
TCTE1,0.04113953396569398
AC144652.1,0.041119164810343695
TSC2,0.04110755790823701
MAN1A2,0.0410973379760034
SHH,0.04108647794571701
MAML3,0.041084347236451
NCF2,0.04108401146007621
AL139317.5,0.04107827588671528
CD63,0.04107801369505339
YIPF5,0.041073678462385424
BTC,0.04105686205412536
OCEL1,0.04105054377558823
ZNF562,0.041047731048609926
GPR132,0.041030607279892356
KIAA0513,0.04102400684841898
HARS2,0.04101937956324124
ATP6V0A4,0.04101420249325136
APPL2,0.04100324409146728
SPNS2,0.04099939559404819
AC079305.3,0.040999288012936515
PPARGC1A,0.04099577855422031
NOL12,0.04098725607535852
BTBD2,0.040980549595839924
MOBP,0.040978600278088174
HIST1H2BL,0.040970704204965167
KIAA1211L,0.04097064641633825
TLE2,0.04095239554921409
PAK6,0.040936616447358305
SLC45A4,0.04093026614308318
TDP2,0.040922394710524314
TMEM205,0.04092164695387055
TAF1D,0.04091505452654198
ZRANB1,0.040913749093226384
MAP1A,0.04091148491431424
AC016831.5,0.040889453655993946
ZCCHC3,0.040885963047337805
AL445685.1,0.04088138525935512
SMIM15,0.040864780401139125
SDC1,0.040834422900652693
SPATA7,0.04083070298568502
TCP11,0.04083044744549073
C4orf33,0.04082893254113189
ARMC4,0.040820166681743666
XPO4,0.04080826523138415
MTMR10,0.0408073215169594
BRD8,0.04080110939835286
SELENBP1,0.040788746322316764
SLC26A11,0.04078378181531841
ZNF621,0.04077217229315633
NLRC4,0.040763625326370984
OPLAH,0.04076204056798332
KATNAL2,0.04074799523301927
BACH1-IT2,0.04072787749781999
FKBP15,0.0407245450235475
CCN1,0.040714630779905274
TBX15,0.040711346742635574
CLCF1,0.040708509890270625
ANKEF1,0.040695793697521604
NPTXR,0.04069282794433663
SP1,0.04066823881698051
TST,0.040661516931952316
GUSB,0.04065678538954804
LIFR,0.04064864539743598
PRNCR1,0.040638430492208694
ABAT,0.04063559936171873
CLDN5,0.04062783513297362
TUBA1C,0.04062359467558248
IKZF4,0.040620472856104026
AC023421.1,0.04061582973826466
TPPP,0.04061531083414286
TMBIM4,0.04061205704838936
DDAH2,0.04061097644611655
ELK4,0.04060870601505824
KIF13A,0.040606644215919904
SPDYA,0.040589024793299275
KCND2,0.04056847151729028
LINC02163,0.040545360691844695
SETD4,0.040544126114825815
AC009948.2,0.040523115477746854
RRS1,0.04049860441028321
PCYOX1,0.040497610060487896
AC010761.1,0.040493104527486
ANG,0.04048690022051432
SFTA1P,0.04048621040366049
PTP4A2,0.040472229210519954
CCP110,0.040470802782051556
AC092683.1,0.040467651892467434
PCDHA13,0.040459007309388194
SLC39A4,0.04045317410961565
PRR32,0.04044277123357012
TAOK3,0.04042919765464767
MAGT1,0.04042823791472428
RBMS3,0.04042077920759681
TMEM17,0.04041575370570384
AL358232.2,0.040407960454537595
AC023355.1,0.040401666549881615
RESF1,0.040393095521431284
WDR66,0.040366310477672515
VTI1A,0.0403596883269792
SLTM,0.04035855730747294
AL138963.4,0.0403579036617275
LINC00346,0.04035592843062578
HLA-DPB1,0.04033676921835162
CLUAP1,0.040330581652141866
AC025580.2,0.04030983233973737
MICA,0.04030902456383798
AC112907.3,0.04030112351203156
NFIL3,0.04029970206829457
VMO1,0.04029796512881937
NFIA,0.040297061764448076
RRP36,0.04029679156672401
FAM214A,0.04029375311492075
C2orf73,0.04028589577411139
TVP23B,0.04028544050397397
SYNGAP1,0.04028169793873285
CCDC88B,0.040271983362814484
DMXL2,0.04026991188775582
CLSTN3,0.04026848914946774
CABYR,0.040268011733885396
SHANK2,0.04025937041790574
DNAH9,0.04025895240320514
CC2D1B,0.04025564728730199
NACC1,0.04025356591038174
AL021155.5,0.04024707237580338
LMF1,0.04024432649151173
HIST1H2AC,0.040236542252140635
ERLIN2,0.04023631564171897
AC007952.4,0.04022392205131975
TEP1,0.040215434649864226
MYCBPAP,0.040207657000768025
USP24,0.04018750497813412
ANGEL2,0.04018234309301756
NXF1,0.04018180788925596
AC007906.2,0.04018096936621446
UFL1,0.040178896490302284
THRB,0.040172575550928284
CCDC96,0.040170825397296106
PNISR,0.040162155135964286
ADCY9,0.040160692782194266
ATF6,0.0401590477329059
PBRM1,0.040147632090810334
CYP2D6,0.04014305552603596
ZC3H12A,0.04013176045360298
AC008906.1,0.04012906201932211
SH3D21,0.04012168498236443
ECM1,0.040098302009645405
CNTN3,0.04009559111601433
SPAG5-AS1,0.040089499955398
STXBP2,0.04007913272002812
MAK,0.040069216713505905
ANKDD1B,0.04006723760664752
HRH1,0.040066929766128696
MEIS2,0.0400653506623696
AC093297.2,0.04005888401256768
AC124947.1,0.040045679213613995
ARHGAP24,0.040037755108848334
NFIC,0.04003712932630841
CCNA1,0.040033454354113984
TMPRSS2,0.040026735410199216
FAM189A2,0.04002310929127547
ARL6IP1,0.040022784594074524
DCDC2,0.040012838870017144
ABCC10,0.04000880278442743
LGALS8,0.04000460212760781
TGIF1,0.04000442583474968
DSTN,0.039996631564545054
ANK3,0.039995781027042626
LINC01108,0.03999227006911556
AC121757.2,0.03999021106010208
HK1,0.039988921404417684
LYST,0.03998735614695268
DDX6,0.03998592254132209
LINC02754,0.03997940958390861
POU5F1B,0.03997284516212073
PARD3,0.03997279270560623
LCA5,0.039935480344593766
PLS1,0.03993276105940223
JUND,0.03993040721444567
ATG2A,0.0399269948145002
FAM216B,0.03991252710729158
SCO2,0.03987577053109045
FCGR2A,0.03986659447547989
CD2BP2,0.039858725027526326
ATP7A,0.039858201802632644
AC118469.2,0.03984754846164212
USP40,0.039842593618852264
TTC13,0.039841540470373825
LINC00958,0.03982995248114629
FAM153A,0.039828432506273784
AC124016.1,0.03981746012340752
TEKT3,0.03981340865626562
AL121899.1,0.03980207116240937
DHX8,0.0398010498877196
MARF1,0.039781664414214504
RCAN2,0.039779981998897936
AC020978.5,0.03977973464463876
UBL3,0.03974764651199845
NMUR1,0.039711162194413764
GHITM,0.0397068475585422
CYLD,0.03970679258608467
CFH,0.03970282198224272
NARF-IT1,0.0396923767762513
IGHV2-5,0.03968235425628371
CFAP46,0.03967572677374497
PDE4DIP,0.03967339301594213
ZNF529,0.03966831392585326
LPCAT3,0.03966671888674596
FAM92B,0.039666170746031196
MAATS1,0.03966496357536152
H1F0,0.039649527268435104
SAMD4A,0.039639887472632994
C16orf89,0.03963542915395711
SLC36A4,0.03963402861387069
CCDC39,0.03963019599525888
ZDHHC17,0.039621633801387515
RUFY3,0.039618543551872255
AC005261.1,0.03960667930159286
RANGRF,0.03960602004627389
TMEM135,0.03959854918240599
RAB10,0.03959785960591339
TMEM120B,0.03959248041993061
NAGA,0.03958561018927531
AC023509.3,0.0395786718458986
EML2,0.03957507951348468
ACSL1,0.03957262682283967
HNF4G,0.039560351589018904
LINC01285,0.039558746609717456
LINC01376,0.03955795256293831
RAB3GAP1,0.03955535179878504
LINC02159,0.039553709575885894
PNN,0.03955281877660599
NCOA1,0.03954846993361693
LTBP4,0.03954229186663493
ZNF316,0.039539732820890815
STS,0.03952469225063335
VARS,0.03951282807280499
HIST3H2A,0.039508752402654265
CBLB,0.03950823506165331
BRAP,0.039501942906193584
H2AFJ,0.0394953781562895
NOP56,0.03948715717852333
DNAJB12,0.03948487686469216
CCNJL,0.03945717144717025
KIAA0895,0.03945117008314503
SMIM41,0.039450917224738424
PTPRK,0.03944549425060786
C9orf152,0.03944016259728743
ECT2L,0.039438986941098875
GALNT5,0.039433344315843985
ALDH3A2,0.039395967845843136
KHNYN,0.03939557699863867
TMEM175,0.03939147952972347
ENO4,0.03938657719104128
AKNA,0.03938625260627999
SHC1,0.03937832803882248
RHBDF1,0.03936714567830195
MRLN,0.03936135384689203
C12orf54,0.039348278099039125
IGKV2D-24,0.03934606943037533
CLHC1,0.03933053145517413
ATF7IP2,0.03932863266123306
ZNF283,0.03931985348799377
EAPP,0.03931279407523491
KIAA2012,0.03930617552569183
PPP3CA,0.03930191306807996
SLC26A6,0.039301883159651316
C4orf54,0.03929741250360142
RBM25,0.03929586982390521
TM4SF1-AS1,0.03928465419953747
WDR78,0.03928288414706414
LINP1,0.039271279290807336
POMT2,0.03926850320288073
GATAD1,0.03926160350864254
ADSS,0.0392402516908235
GPX2,0.03923077187607908
USP54,0.03922970276178422
GADD45B,0.039226477895370905
KDELR2,0.03921676578866016
AHDC1,0.03920264642609326
RDH10,0.03919340764694417
PTPN13,0.03919037780900851
AC005914.1,0.039186077363014396
ZNF492,0.03916929189757185
CEP135,0.03916088174309078
AL391335.1,0.03915548615060376
TXNL4B,0.039155306630884824
TRAF3,0.039124392192104375
UBXN11,0.03912367900313856
HSD17B3,0.039079353087158125
TFAP2E,0.039070054748669925
TMEM62,0.03906868633881637
TRGC1,0.039067081765084104
IL7,0.03905982331826262
LINC00963,0.03905047004802838
DZANK1,0.03900680694287913
PLEKHH2,0.039001977344809806
AC004816.1,0.038995200576526036
RP11-47L3.1,0.03897412600921047
NCOA4,0.03896693536797326
FGF9,0.038963355354100705
CALCOCO2,0.03895482089967281
DPP8,0.03894542520002559
LNPEP,0.03893517212996906
PTPN14,0.03893516818956717
PDE6B,0.03891731278441698
AC073389.1,0.03890466151286919
GBP3,0.03889124182590723
MYCBP2,0.038889547864813793
AC062028.1,0.03888461106093953
IL36RN,0.03886515663935916
AC093484.3,0.03886197878672832
AL138966.2,0.03885470736523596
FGL1,0.038851535827437375
DDX19A,0.03885116783979845
TTC28,0.03884158693481331
AC124016.2,0.03883268336507075
EEA1,0.03881979401298891
NME8,0.03881854290529784
BOK,0.038805733716656396
RAP1B,0.038775711910130926
UBR1,0.03876712557847304
LINC02175,0.03876003158649781
WFDC3,0.0387584628564421
GATD3A,0.038745879204043605
AC009962.1,0.038738943860760044
TNKS1BP1,0.03873016220766115
MROH9,0.03872543452083581
TMEM33,0.03872250592442282
ZEB2,0.038718934322836365
OGDH,0.03871717872677198
TSPAN13,0.0387087818012731
GRIN1,0.03870769532378423
FAT1,0.03870412012134323
HOXB7,0.03870245829320495
HEATR6,0.038678195620116325
AC090617.10,0.03867659995476434
RBM33,0.0386702899789007
NEK9,0.03866775921232518
AL590064.1,0.038655190767312886
CD74,0.03865414013678337
AC008105.3,0.038644851675004366
DNAJC6,0.038637069419109084
KLHDC9,0.03863620512596745
PDPK1,0.03863433419876431
DNAJC12,0.0386213121040548
ZBTB37,0.03861767494604312
KLHDC8B,0.03861278842702697
FLRT3,0.038610119032377946
TBC1D9B,0.038600792102677944
EFNB3,0.03859217259362357
NICN1,0.03858714011215722
DAB2,0.03858264470439171
USP11,0.03857276095508688
FAM83G,0.03857216013649707
FMO4,0.03856780266559097
CYP1B1,0.038557798417140424
SMN1,0.03855286409389381
SPATA16,0.038541876614855995
VSTM4,0.03853178283656157
C8B,0.038507677539390106
RNF216,0.03850585199909685
AC092418.2,0.038499583592921265
CNN2,0.03848642746146646
AL354707.1,0.03847463114567845
WDR38,0.03847300541495367
OTUD6B,0.03846933445263716
B4GALNT3,0.03846424133912538
FNBP4,0.038456971220667796
CDK17,0.038445217088591076
MTM1,0.03844167782254951
AFDN,0.038431163582145565
NUMA1,0.03841490358408134
AFF3,0.03841150854434552
TEX2,0.038410838010195014
ZC3H7B,0.038408391692360155
MTG1,0.03837442623424971
CPSF1,0.038368872960811366
RPAP1,0.038366485880336705
LINC02015,0.038364495591604195
SRSF11,0.03836270432883563
SRSF10,0.03836171980198516
COQ10B,0.03835862239303402
ZMYND12,0.038357074535496305
LRRC46,0.03833219171082851
ZNF888,0.03833077768872586
VPS35,0.03832686276215416
RASD1,0.038320823201561195
KLF10,0.038315783392566485
ARCN1,0.038309323195560185
ERCC5,0.03830291785483942
AL161431.1,0.03830267532024499
ZNF774,0.0382771874467723
TECPR2,0.03827393023109726
PCF11-AS1,0.03826723685969638
AC016240.1,0.03824287389285884
EFHB,0.03824128621762804
DAAM1,0.03823281074190572
TNPO1,0.03822678775717065
VPS9D1,0.03822486539037487
ZNF502,0.0382189323835877
RNASEK,0.03821511131356385
ZFYVE26,0.03820878654414189
CTR9,0.03820876376393482
MET,0.038200288106470644
OSCP1,0.03819599973521242
TAF1,0.038169390579965344
MYO1D,0.03816383861636119
DDIT4-AS1,0.038155963311630264
AGAP3,0.03814815486836873
PLP2,0.03813219731508237
HAGH,0.03812946531330904
WIPI1,0.038127614851716646
PRICKLE2,0.038103725354065116
PPP2CB,0.03809518741873683
USP38,0.03808528295719408
AZI2,0.03807310418939542
IL13RA2,0.03807262460452461
SH3RF3,0.038060919472986635
UEVLD,0.03804343174400228
EIF3D,0.03803484953326251
HLA-F,0.03803031886774068
IFT80,0.03802187950732309
UTP3,0.038021431021379795
ASXL1,0.03801934375387099
NT5DC3,0.03801778721513618
FUT8,0.03801462153127187
MSH3,0.038012459119153005
AL136531.1,0.03800918820164122
ATG10,0.037982492475000566
ARHGAP21,0.03797219152722066
CALCOCO1,0.03796978782839073
DCTN1,0.0379663584814559
PRORP,0.03796289601002841
CAPS2,0.037945517957364915
LZTFL1,0.037943186530979424
PPP1R11,0.03793779287669906
SMAD4,0.037935586332228224
AC092794.1,0.03793207103526763
KIAA1671,0.03792698558470347
LINC02693,0.03792216053655932
BTG3,0.03791985575715726
TREM2,0.03791332293482471
PMM1,0.0379104388748442
CEP170,0.03791032083278621
BAIAP2-DT,0.03790840205935388
LINC00857,0.037894888301841796
PCSK1N,0.03789230134428207
FGD2,0.037883372854356244
ABCA10,0.03787833395398368
FNIP2,0.03787818685592832
SNHG32,0.03786246539304214
DCAF13,0.03786121417966591
IL13RA1,0.037851270158674996
SIPA1L3,0.03785089521150039
POLR1C,0.03784133529069468
CDKL2,0.03783833676865672
POFUT2,0.037831215637644945
MTX3,0.037830713692346696
MINDY4,0.03783062419502145
PLD3,0.03782572488013369
EHBP1,0.03781161746530182
AL021396.1,0.03781109316746642
LINC00271,0.03780505294397989
MAPK1IP1L,0.03778737879444495
PURA,0.037749510584910544
RAB6A,0.03774774590218099
MACO1,0.037743511761121826
GALNT3,0.037729128419414455
ITPR1-DT,0.03772881965140185
CRCP,0.03772813275346624
ZBTB10,0.03772202743315203
SPATA6L,0.03771556865137214
KLHL5,0.03770958191299741
AGPAT1,0.037698281847976495
ABCC5,0.037692056928942834
PIP4K2A,0.037682320288966474
AKAP11,0.03768203028640487
FRAT1,0.03767183523407459
DYRK1A,0.03765255781875203
AC007684.2,0.03764709225490531
TBC1D25,0.03763878599010311
ANKRD6,0.0376303090579115
SETX,0.03762794040506501
DPP4,0.03762784805912785
GNPTG,0.03762562613251069
GNA13,0.03761553669340807
FSTL3,0.037612766489461213
FBXL19,0.037594272651814135
DDX59,0.03758943494051692
KMT5A,0.037584696266757305
LBR,0.03758314397761856
PIP5K1C,0.037575898685713684
SH3BP5,0.03756649187944619
CIPC,0.03756636563683271
COL4A3,0.03756482373685453
TRAFD1,0.03756381702119088
CEP120,0.03755915316879533
LRRC39,0.03754786531927379
COQ9,0.03753179269779809
YIPF6,0.037531431277759236
WDR86-AS1,0.03752641922940593
GNG3,0.03751916808603713
NFATC4,0.037508954098662825
LYVE1,0.03750584144323527
SKI,0.0375053359423576
MED6,0.037505229723977046
WDR90,0.03750366931116985
RP11-727F15.9,0.03748941822460338
ZNF672,0.037482755242583085
SMIM1,0.0374573631358677
SCAMP4,0.03743718958486782
MYBBP1A,0.037434505314483967
ECI1,0.037420229401773523
KATNAL1,0.03741759426733968
SHISAL1,0.037411728912878
RRAS,0.03741048869010843
PPOX,0.0374053223526852
SUCLG2-AS1,0.03738049201136932
AC084198.2,0.037378888938296946
AC008543.1,0.03735613435735689
MYO18A,0.03735508807490295
AC092802.3,0.03735228969844107
TLE4,0.037346071872770184
EPN2,0.03734196632842116
SLC41A1,0.037326590979679705
PABPN1,0.037317092431116874
PLPP1,0.03731494232444033
LINC02550,0.03730944069714418
GALNT10,0.037300127969860375
RNPC3,0.037295283120175104
AC005332.6,0.03729422998665524
ACAD11,0.03728847217531359
CDK12,0.037287096846417185
CTSH,0.03727799442177261
TPM3,0.03727483426184194
AC015802.4,0.03727035852865529
ARHGAP32,0.03726163948860314
HCG11,0.03726099061514107
AC011503.1,0.03724890138852784
AGFG1,0.03724353521527278
SLC66A3,0.03724321235841394
AC079160.1,0.03723125309223042
ADAR,0.0372202092493181
MGA,0.03721272868007422
INTS3,0.03720605161639875
NCF1,0.03720010137015116
TK2,0.03719626847759513
PIK3R6,0.03719231690135681
AGO2,0.03719188273797204
TUT7,0.037190767025414996
LINC00205,0.03719046058422864
ARID1B,0.03717923187955899
LINC01137,0.037174430275121684
AC020651.2,0.03714952981883048
AL158071.3,0.037138125509308624
AHI1,0.037129546745680524
SESTD1,0.03712706128780653
IFRD1,0.03712357420921592
RAB31,0.03712302331998578
MYO6,0.037117709577006545
RHOF,0.03711738152174294
SKIV2L,0.037109363182407956
STUM,0.037104205175197
MROH2A,0.03710178578878661
HOXB6,0.03710062141477194
ID1,0.03709775677748884
SQOR,0.03709627001461186
ADORA2B,0.037089761720208815
AL035071.1,0.03708264368772035
LINC01515,0.037079838052107794
PIEZO1,0.03706325371716323
ZNF879,0.03705509400104012
SMIM6,0.037048472438014804
PFKFB3,0.03702916697218574
CARMIL1,0.03702290655296582
NCKAP1,0.037013159626407985
RAB7B,0.0370027511237815
FAM91A1,0.036991452166686825
CRLF1,0.03698885194379822
ZBTB34,0.03698719756477704
CFAP53,0.03698549742464593
LMO3,0.03698207083824953
ASB11,0.036967199497189115
DAPK1,0.036955772582957964
IGLV2-18,0.0369549141722942
HIST1H2BN,0.03695141849013588
MIOS,0.03693866318464288
APOL6,0.03693711918748417
PSENEN,0.03693699773525071
C15orf65,0.036934863516164124
CARD8-AS1,0.036925646659254366
TENT5A,0.036923727717659366
RAET1L,0.036916355166317104
AC026310.2,0.03691260377582704
SEC24B,0.036908550915550994
CAMSAP2,0.03689518350723877
RASSF8,0.036894797993723125
PLXDC1,0.036891922711657664
AC005081.1,0.036870991356871954
DND1,0.036852438479856246
SLC6A12,0.03684950918641618
TTC6,0.03684156829252646
EPS15,0.03683673090974042
ISM1,0.036835425616476014
LINC02345,0.036831479377918655
DNAAF3,0.03682671434451311
UGP2,0.036826537577334305
CABP7,0.036821299651283286
DYRK2,0.03681652611830013
SUCO,0.036809139178078744
ZNF615,0.03680231971897504
ABCB8,0.03679533383972288
MOSPD2,0.0367856999367117
AC005355.1,0.03678414121816049
ENKD1,0.03678231703657045
PIK3CB,0.03678179044716654
IFT81,0.036767093623558095
ZNF878,0.03675443122392104
GBGT1,0.036748350351485826
GRHL3,0.03674536067646988
MGAT1,0.036741469801654485
MARVELD2,0.03673387683262432
CDR2L,0.03670718081607847
PAG1,0.03670169192285283
MPP3,0.0367005336375092
ZNF230,0.03669162483952997
ASAH1,0.036678831639662166
MUC15,0.03666744535150791
POLR1A,0.036664407601634585
PTEN,0.03664474419390605
KCNE1B,0.0366355784239232
AC137630.1,0.0365931563108211
AC005091.1,0.03658148503780046
BCL2L1,0.03657835489493467
TMEM119,0.03657622764849404
RPP14,0.03657319008238037
ZFHX2,0.036570807449634465
ZSWIM6,0.036567603158096505
HMOX2,0.03656424010344958
WFS1,0.03655710561005925
SMYD3,0.03654901272902852
CBX6,0.0365444673285676
GOLPH3L,0.03653429346312758
STX3,0.0365315518694028
SMPDL3B,0.036531035596993014
MDH1B,0.0365264659892675
NEXN,0.0365256556737236
ZBTB20,0.036519116841464826
BNIP2,0.03650941708637934
AC004832.1,0.03650829192087698
EDEM2,0.0365013307128151
PRRC2B,0.03649027768741595
AC091152.2,0.03646799838407353
DNAJB14,0.03646548285861414
AP006222.2,0.036458053892182436
ST6GALNAC2,0.03645413584846672
WIPF2,0.036448802723387734
CPSF2,0.03644378010961631
FAM20B,0.03642629044658362
ASNSD1,0.03642592650080625
DHDDS,0.03642302972852846
DVL1,0.036414357922988465
STARD10,0.03641277538540752
UGT1A6,0.03641094566862242
CDRT1,0.03640844010755062
MOSPD1,0.036402999243824875
POU2F1,0.03640250605043487
AC073342.1,0.03639125031571778
LNPK,0.0363906001612509
AD000090.1,0.036378163009224966
ITSN2,0.036373095761317
ZBTB22,0.036361141925802955
S100A16,0.03635241442856769
ITSN1,0.0363466271189449
ZNF106,0.03634202218903116
FAM83E,0.036340198082829664
KANSL1,0.036324095902358106
SELENOH,0.03631858506001681
PALLD,0.03631829120907133
MYO1H,0.03630784296702865
ARHGAP35,0.03630438017847461
C17orf107,0.03629958731969786
AL133243.2,0.03628340821393664
DUSP22,0.03628331648949212
NCKAP5L,0.03627831777871652
JKAMP,0.036270177153163746
TMEM163,0.03626654537945507
RPS6KA2,0.03626524722679992
CMTR1,0.036248512711645905
CNTRL,0.03624472821043925
RAD50,0.03623171707238563
PSMC6,0.03623056614271742
COL1A1,0.03623026597583173
GLRX,0.03622942379879768
TACC1,0.03621176772228012
C21orf58,0.03621070720894863
AK8,0.03619679906191417
DDX52,0.03618807203028333
AL357093.2,0.03618623727373909
SNAPC4,0.03614662139699221
RBM6,0.036137196738503394
MSMB,0.03613669125986665
AC099541.1,0.03613636353209939
SERPINF1,0.036135101491318516
LAPTM4A,0.03612914311860921
ZNF318,0.036128226088035946
IQSEC1,0.0361277181183873
NUCB2,0.03611803205272519
CLUH,0.03611075659359868
CBL,0.036110442030867336
SLC35F5,0.03609870837698894
SNX6,0.036097991777433884
PTPN11,0.036097991385331915
ZNF83,0.03609564685265868
TCF12,0.03607599056330332
AF196972.1,0.03606775187519774
RP4-583P15.10,0.03606473899618825
KLHDC10,0.0360558080991303
GPR35,0.03604296750919191
CCDC65,0.03603893828388702
TBC1D10A,0.036031551964529666
ZC2HC1A,0.03602440384305757
ARHGEF5,0.03602300708019543
CFAP298,0.036015238514918876
ATP1A1,0.03601305734474985
ANKRD13D,0.036006255036356766
PPP4R3A,0.03599678678386736
COG3,0.03598997481015295
NIP7,0.03598794248187602
PLPP2,0.035974240058785585
ZBTB38,0.03597384576257431
EPS8,0.035959147259017006
ZDHHC3,0.03594702018642773
PTGES,0.03594259018494955
ARHGEF11,0.03593124822023556
LRRC73,0.03592169369171697
ARHGAP17,0.03590003955495865
ENSA,0.035879984067715094
CAPN7,0.03587243787773527
FLNB,0.0358683409623298
EIF4E3,0.0358670671226611
MAP3K2,0.03585537419704021
PHACTR2,0.03584970676303016
LATS2,0.03584562024341708
FURIN,0.035833943220687704
KCNJ2-AS1,0.0358266433162027
DDAH1,0.0358212547477242
BAZ2B,0.035817448669509
TMEM116,0.03581669085235788
LINC01765,0.0358148384099226
C11orf97,0.03578663690730444
DNAI1,0.03578153599453408
PWWP2B,0.035775991742227585
AASDH,0.03577551512275114
SF3B1,0.03577542232963602
WWC2,0.035774370700347204
DYNC1LI1,0.03577397779189064
TPRG1L,0.03577131334044192
GRINA,0.03576741640910899
MAD1L1,0.03574929441175728
PPIP5K2,0.035724960813968996
MCFD2,0.035724351936500566
SUZ12,0.035722298342665215
FGA,0.035694480932820044
MBOAT1,0.03568549088536008
IER5,0.035672997132456405
CERS2,0.035667478075920175
IQGAP2,0.03566166515746302
DCHS1,0.03566118407823011
NSD1,0.03565358303417656
SLAMF7,0.03564899677172281
PHKA2-AS1,0.03564490373847882
SMARCC2,0.03563639218067332
ENOX1,0.035634672764348
AL139424.2,0.035615151371304526
NFX1,0.03561294820108974
AL135978.2,0.03560035827711343
TNFSF9,0.03559592367511241
MFSD13A,0.03559467624315371
CNTF,0.03557469852606833
CSNK1G2,0.03555229186565681
ATP13A4,0.03554715386109508
LMBR1,0.03554645761194694
UBE4B,0.03554246442877688
TRPM7,0.035536757422439516
TSGA10,0.03553266466753841
KLHL11,0.03552839151480523
AC008429.3,0.035522113574039234
NECAB2,0.035511503266204655
DTHD1,0.03549847810736724
ATF4,0.03549664702044742
CTDNEP1,0.03549606103094295
CCNT1,0.03549240468291969
SLC12A5-AS1,0.035490881227516674
SUPT5H,0.035478182732532136
RABL2B,0.03547812835502552
SYT7,0.03547532392765246
AC092068.3,0.035458220635915375
RHOB,0.035446341055836494
DNM3,0.035438262468449035
NGLY1,0.035432775233186733
EIF4B,0.035414866893595916
RNFT1,0.03541110934580116
NXN,0.035400698829592965
TOB2,0.0353985881616154
GRM5-AS1,0.03539699331507152
ARID4A,0.03539676324148148
ZNF507,0.035390756122703246
RAB5B,0.0353801565608814
PDP1,0.03538010321084033
CMTR2,0.035379728182264404
SLC16A12,0.03537516632475949
AC092053.4,0.03536748193433256
MID1,0.03536310048992934
PTAR1,0.035361853782184746
RNU12,0.0353585224862868
AGRP,0.035351627458382
KIF5B,0.03534775232766915
PYGO1,0.03534671260400904
LGR4,0.035345078540961986
SPRYD7,0.03532635828180842
SH3RF2,0.03530297136164138
GAMT,0.03530039315029472
SOWAHC,0.03529917765047231
CROCC2,0.03529779551596458
CCDC180,0.0352905915014579
TMEM81,0.03528900341487483
PHKG2,0.03528814498163605
DPCD,0.03528394540895513
WDR6,0.03528366191086028
RPS19BP1,0.035277680107218656
TAP2,0.03526519077768445
EPG5,0.03526166529852846
TLN1,0.03525818502382441
FABP6,0.03525222053019034
GASK1B,0.03524595158768915
HSBP1,0.03524279456323669
PAPOLG,0.03523490329326003
TJP2,0.03522941447105329
NAV1,0.035226278864080175
AC092139.1,0.03521208331118569
EEPD1,0.03520835839574778
NUDT4,0.03520545179874958
MFSD8,0.03518611006925475
KIFC3,0.0351859906871898
BLVRA,0.03517548624464941
STARD3NL,0.03516888202257375
ARAP2,0.035164036541909846
SH3PXD2A,0.035155358829064225
NIBAN1,0.03514924077769629
AC009690.2,0.03514447751601099
PPP2R5C,0.035140728274615805
ATG16L2,0.03512161270276193
KPNA6,0.03511171109334964
PLEKHH1,0.03510754472276161
KCNRG,0.0351052288510741
ZRANB2,0.03509494726507268
CCDC146,0.035091807032162116
AC004837.4,0.03509037637946345
VARS2,0.03508513780154125
ZMPSTE24,0.03507039565365195
TMEM115,0.03504880912098674
CCL20,0.03504715426497452
IQANK1,0.035046627833392525
FAM98A,0.03503764260615659
PLA2G10,0.03503463161589642
CBY1,0.03502641018230907
BAALC,0.03501968097040096
CASC2,0.035017640150833605
LINC00467,0.03501624576792753
SIK2,0.03500412754056222
BEST4,0.03499958408383061
MAML1,0.034993085719540074
SLC23A2,0.034980100970136596
RAD17,0.0349759711422299
HTR7,0.03497272907235605
N4BP2L2-IT2,0.03496857750304601
TIMM44,0.0349677484998814
PPP2R2D,0.03496366834025381
SYDE1,0.034962128107067274
NME7,0.03494419095187899
QARS,0.034929698132586826
CFAP58,0.0349220601413091
NDNF,0.034920710082859
LEKR1,0.03491015213404215
IL4,0.034900938170881794
SACM1L,0.034896753396335474
C2orf66,0.03488689415075784
ZNF790-AS1,0.03488549571351807
EFEMP1,0.03488493640045902
FEM1C,0.03487787645251261
DISP1,0.034874321609615636
XAGE2,0.034870652250684586
LGALS1,0.03486323046132912
TVP23A,0.03483933990704318
CCL15,0.03483881449621322
AC116362.1,0.034834565851956906
MIER1,0.034830328541666414
KIF12,0.03481343748993917
WDR20,0.034806942996215694
MPZL3,0.034806696922178706
WDFY2,0.03480375635252233
CREBZF,0.03480289461722546
NAA16,0.03479878659801338
AC092040.1,0.03479192212639583
METTL27,0.034776062409913544
ADNP,0.03477375371187624
GP1BB,0.034768472658748696
FOXD4L1,0.034765736650807795
DUSP8,0.03476450750282378
RAB27A,0.0347499319680662
ZNF891,0.03474761988963815
UBXN10,0.03473550571441616
BYSL,0.034733686756331136
GRAP,0.03472011767296831
ZNF302,0.03471115127160971
KLF3,0.03470984106387084
PLEKHG1,0.03470790399816371
GNA11,0.034704682569277855
CDH3,0.03469116584687932
SHISA5,0.034687204084733754
LINC01772,0.03468570826816071
PDE4B,0.03468183564144152
RFLNB,0.034672548259493986
ZNF503-AS1,0.03466995359133754
LINC00543,0.03466569651186199
LINC00393,0.03466237480143528
AC008462.1,0.03466184922247444
FBXL15,0.034648258709256814
NCLN,0.034647941476936776
P2RY11,0.03464328241034318
HSD17B8,0.034642881822945684
BCL2L2,0.03464243607573347
HSF4,0.03464060656112041
AL592071.1,0.03463686690646747
AFTPH,0.03463174291060186
VNN3,0.03462702434602595
AC003965.1,0.0346172725010528
CFAP61,0.034612823516773715
SYVN1,0.03461189219999402
BPIFB4,0.03460614180458
NRG2,0.03460527804386982
AC092338.1,0.034602483824268206
MANEAL,0.03460156968215162
HOOK3,0.03460046613214162
COQ6,0.034591230108199325
CLK1,0.034575175285914944
BTN3A1,0.034573869085539354
AC234582.1,0.034572786551454335
AL136984.1,0.03457050462830476
RUBCNL,0.034568707007267795
EFCAB3,0.034560867269734966
ZC3H7A,0.03455043991061533
CAPSL,0.03452739307307591
ERAP1,0.034526493128295005
BDKRB2,0.03451359925304077
MBOAT7,0.03451011008089406
PPARG,0.03450706700049327
WDR44,0.03449306236208251
CDK3,0.03449051755739933
PPME1,0.03449035277515691
PRSS16,0.03448903097021443
PIK3R3,0.03447983483994294
AMACR,0.034470995165820084
HOMEZ,0.03446860243803294
HOXA-AS2,0.034465462381032
ZBTB49,0.034463337658143564
PHC2,0.03445679514960262
GADD45A,0.034442240251083535
FAM27E3,0.03442649296123291
NEURL3,0.034423062980869744
DOP1B,0.03441030457352523
NELL1,0.0344096675620553
BAALC-AS1,0.03440721071350713
HIPK2,0.034405523195917234
AC068790.5,0.03440162904223058
GTF2H2C,0.03439175436121678
RNASE1,0.03438263089523758
KLF4,0.03437171412797632
CEP70,0.03437119120594595
ESCO1,0.03436385213837188
ABCA7,0.034361396069293566
AC023906.5,0.03436107294743355
ATXN1L,0.034347544463400076
LEXM,0.034345286114965665
WEE1,0.034300209997872866
ZNF750,0.03429589697289645
MTHFSD,0.034292428816206005
AC138150.2,0.03428589044911161
ARNT,0.034271664378910376
PVR,0.03427035214866652
PCNX3,0.0342595496503575
AC104041.1,0.034258345915136344
MIR34AHG,0.03425519207053959
TRMT13,0.03425142474788384
NAB2,0.034241324979474894
SOCS2,0.03424113501393728
TWF1,0.034236656622922725
ABHD18,0.03423426789789857
AC139887.2,0.03423424508317773
CYHR1,0.03422665169897132
CAMKMT,0.03422379835553251
ZNF254,0.03421488164104177
SAYSD1,0.03421429945480722
LPGAT1,0.034212620533106135
YTHDC1,0.03420977521242481
CHD9,0.034196631485191455
SUSD1,0.034185532050929245
GGPS1,0.0341817189996272
LRRC66,0.03417960728439223
FAM81B,0.034177164833703616
RAPGEF1,0.03416682407591206
CHTF18,0.03416634147072339
OSBPL6,0.034166092571281975
CNGB1,0.034164023412090724
ADAMTSL1,0.034161703518539505
AL683813.1,0.03415756982109468
RHOBTB2,0.03414916747596412
ITGAV,0.03414811402933588
ST14,0.03414796803831361
PAXBP1,0.0341390928515281
CTXN1,0.03413164221781812
LINC02580,0.034120703003202336
SHISA4,0.03411015556534092
SRP54,0.03408356299477316
COMTD1,0.0340763964570776
PLEKHM1,0.03405479138674063
ACIN1,0.03404922097044121
TMEM263,0.034043569825046666
AC090136.3,0.03404130087093556
ZNF19,0.03403591525528001
ZKSCAN8,0.03402338833955467
PSD3,0.03401532349382749
RAPGEF3,0.03401491800540008
PCDHB5,0.0339950247528321
BTD,0.03399178093170496
CAMK2G,0.03397638944849115
LINC01014,0.03397274896786528
NIN,0.03397124072865127
HECW2,0.03396917790770904
TEKT4,0.03396633990227721
AC025265.1,0.03395919529576289
AC242426.2,0.03395817180461191
HM13-AS1,0.033948246521182675
ZFP82,0.03394394894596507
MKLN1,0.033940423446066084
PROM2,0.03393195552545188
GIMAP8,0.03392801856962895
TSC1,0.033924798147140355
ST3GAL1,0.03390969667988418
IL31RA,0.03390331381131238
AC012063.1,0.0339006779634748
ZNF487,0.03389548242484006
TBC1D16,0.03388651339343424
CCDC107,0.03388255202658546
KAT2B,0.033877051755008845
FBXL8,0.03383491219606434
EVI2B,0.0338321711905058
HMGN3-AS1,0.033829951989309
C2CD4D-AS1,0.03381932917334454
ZNF518A,0.03380989334365891
B4GALT5,0.03380197288758392
FAM193A,0.033797788962599
EGFL7,0.03378268903814336
AL121944.1,0.03376731417241453
TGFA,0.03376717538411387
PRMT3,0.03375346680000613
AIFM2,0.03375274216786694
MINAR1,0.03374328268294315
ENDOD1,0.03374164013210885
UBXN4,0.03373356659598494
EMC3,0.03373225325699935
NUDCD3,0.03371925465037228
EVC,0.033714967409253574
C2CD6,0.03371347211932036
BBS1,0.033709557169209065
RPS6KC1,0.03370593625878128
TMSB4X,0.03370104725158443
SCD,0.033695820713935024
TRNT1,0.03368958187333635
LIMS1,0.033688668888101035
IFNAR1,0.03368639233028399
AL662797.1,0.033675354590189645
XPNPEP3,0.03366540203118769
CLDN9,0.0336639706136602
SLC25A23,0.03365138484675605
YPEL3,0.03364997163642234
DYNC2LI1,0.033649343063561536
ZNRF1,0.03364213918320588
ZNF684,0.03363571855178295
AC087893.2,0.033630443984593576
AC015813.1,0.03362895557219599
ASPN,0.03361769186718361
PPM1B,0.03361546596522371
HS6ST1,0.03361035444271841
IGHV2-70,0.033601136611955455
UFC1,0.03359244923815558
TM9SF4,0.0335918517015344
MGMT,0.03357102637085493
PLD1,0.033550294262993684
CCDC148,0.03354796569384259
PLXNA3,0.03354343164172988
RAF1,0.03352650257633281
TRIM41,0.03351328464385726
PON2,0.033512834036104236
HIPK3,0.03351200593222969
AC138305.1,0.03350668285496298
CADM1,0.033505596414805494
TANK,0.03350474159482938
TSPYL4,0.0335045332155227
SGSM3,0.03349941164115073
RGL1,0.033489510012242873
PIK3C2A,0.03347448679662434
TNNC2,0.03347175198718831
SECISBP2,0.033467491858757394
AC073349.1,0.03346448074184385
SNX14,0.03346150424770426
TSC22D1,0.03345661119532818
STK4,0.033438104741241745
GPR89A,0.03342557506970427
KATNBL1,0.03342323240591096
PWWP3A,0.03342234243253124
AL445253.1,0.03341682960652426
ARFGEF3,0.03341180240597745
AC004584.3,0.03341058724707259
EXOC7,0.033402339341697417
ATP6V1H,0.03338598890204476
TMEM250,0.03335733315528442
AC130650.2,0.033350523281453076
AC020763.1,0.03332337233805888
PPP1R36,0.033319120696334775
EIF3C,0.03331857665157033
AVPI1,0.03331617418996618
KCNH3,0.03331576377936159
CUL3,0.03331143288642418
MED31,0.03330556206520474
OAT,0.033304842244534144
RPGRIP1L,0.03329965148499843
SYBU,0.033298792196761955
AL445228.2,0.033291228764252834
MLLT3,0.03328108722731092
AC012368.1,0.03327738291956965
UBE4A,0.03327311865516867
ADAMTS1,0.03327194506483057
SPSB2,0.03326880537338149
PTPRH,0.03326649455733551
KCTD2,0.033251618774831855
NFKB1,0.033235479978095485
ZNF114,0.03322572813841495
TRIM17,0.03321542412786776
CEMIP,0.03321331865876661
WASHC2A,0.03320892698052424
MNAT1,0.03320495960802818
TMEM170A,0.033199630448303805
PHF2,0.033193555168978296
ZC3H14,0.033190718718825035
FAM135A,0.033190249812596044
ICMT,0.03318915149681731
MTREX,0.03318165978416331
PCCA,0.03317622946527559
SLC5A1,0.033171203262139244
AC058791.1,0.03316596008027099
AC253572.1,0.03316039665796769
CRTC2,0.033158707249783
PDGFC,0.033157829381875246
LIN7C,0.03313735918268102
RECQL5,0.033124906507586496
AL031848.2,0.033116476514287195
SPOP,0.03311493938628747
AC107375.1,0.03311422285471177
COL12A1,0.033101871410090154
NCBP2-AS1,0.03310015230826125
NDFIP1,0.03308783124291964
PIGL,0.03307982665236505
SERF1B,0.03307764922322139
EPHX3,0.03307548774065292
CHRNA10,0.03307046867751649
ARHGEF25,0.033063032546639844
ENTPD5,0.03305917601437072
ACTR10,0.03305047469916569
EFCAB10,0.03302916643098667
TMEM91,0.03302757626295814
AC067930.8,0.03302225727048233
MGARP,0.03301049459081322
MAZ,0.03300736417107938
RGL2,0.032995815691251776
FHOD1,0.03299434030977625
IFFO2,0.032983710678591675
Z68871.1,0.03297807426313255
MPPE1,0.03297017312974244
FSD1L,0.03294632494326641
RAB3IL1,0.032939310488156716
HTRA4,0.03293544532132557
DCTN4,0.03293390201810204
PGAM2,0.03293173220877288
GBA,0.03292898380344222
INPP4B,0.03292657493144004
AC008119.1,0.0329192607495982
FBXL13,0.03291736514126243
PAPD7,0.03290773895396044
NAT9,0.03290689085091628
AZU1,0.03290336567192327
LRP5,0.03289327273983462
DCUN1D3,0.03289219631924031
ATP1B2,0.03288782721588733
SAPCD1,0.032886074267092495
SP2,0.03287544856549396
SCUBE3,0.03287481044882029
AC024060.2,0.0328737102756081
MYO1C,0.03287025471580092
METTL7A,0.032867551277509274
AC007541.1,0.03286224072485067
MARC2,0.032857056168181145
FGG,0.032851712439926774
MTERF2,0.03284828656562747
SEC11A,0.03284783008808835
TYK2,0.03284337830509254
TMPRSS13,0.032839636645546344
AC104461.1,0.03283639365437747
Z82244.2,0.03283403204198652
C8orf34,0.03282177913499783
FBXO11,0.03282045333502511
TBC1D8-AS1,0.03281826679750532
ZNF813,0.03281723147087346
EMP1,0.032815410337093544
CERS6,0.03281268301040968
AL022313.2,0.03281003245501359
TXNDC5,0.03280990479578227
ANKRD54,0.03279808645001106
ABHD3,0.03278747043750118
PCCA-DT,0.03278543096001956
RAC1,0.03278275413696454
GLG1,0.032782590821798706
VWCE,0.03278104718488631
BNIPL,0.03278019996086628
PPP6R2,0.032776445115991655
PLCXD3,0.0327682437874872
HAPLN1,0.0327682437874872
CCDC189,0.03276729162769429
ZBTB40,0.03276632089740987
DNTTIP2,0.032759764385312466
CAPN10,0.03275238606787811
POM121C,0.03275039234893861
NEURL2,0.03273735067343004
RSPRY1,0.032733358404506585
AL109614.1,0.03272285194092139
ZNF607,0.03272282080363933
TUBGCP6,0.032722076442861
FBXO10,0.03272033747193911
AL358115.1,0.03271960776462421
Z93930.2,0.032715875334210616
CLBA1,0.03271484690905181
ATP2B1,0.03270319048197599
GLB1L,0.03269919565116049
TMEM236,0.03269106800430711
TRIM3,0.032690558743027585
HDAC10,0.032685684827986713
TNS1,0.03268395725845941
AFF1,0.03267484968642455
AC097105.1,0.03266380396619246
PARD3B,0.03266055104657381
PIAS1,0.032659358914196183
HLA-DQA1,0.032647501912588583
TWSG1,0.032646150496292894
RBPJ,0.0326420662514351
DENND1C,0.03264047204007595
PPP2R5A,0.032639498796851484
NADSYN1,0.03263263791140865
BPIFA1,0.032608181362999034
SAMD8,0.03259972436517414
ZNF292,0.03259765979274322
CLEC4C,0.03259526992199698
AC006001.2,0.03259439738526941
LRRC9,0.03259067979742192
TRIM33,0.0325902391329017
MNDA,0.03258681417820846
ULK1,0.03258651707273231
HFE,0.032583034508237615
VPS28,0.03257791639270405
DMXL1,0.032570538008174686
IFT43,0.03256768366780682
THOP1,0.032565591285399126
TGM2,0.03255769008390942
LRRC37A2,0.03255166381707951
PITPNM3,0.032551409765239056
LDB1,0.032547831195319114
RRNAD1,0.032529473671296195
PHOX2B,0.03252900757674149
SELENOW,0.03252374686749342
OR10H1,0.032520004174152885
DERL3,0.03250528986589945
PTPRN2,0.0324991730549507
SYTL4,0.03248887555296992
RHOQ,0.03248300265755222
AP5Z1,0.032479727185472596
MKX,0.03247800963889478
P3H2,0.032477007372190364
DNM3OS,0.03247229379337068
RASGEF1B,0.0324681786927498
ABHD17B,0.03246426023154413
LINC00622,0.03245746501704152
CSNK1G3,0.03245634830643939
STAM-AS1,0.03245484773174888
TMEM82,0.03242515857468411
HEYL,0.032422289266525545
SORL1,0.03241753352835365
MINK1,0.032411043594517915
KIAA0232,0.03240656750276601
RHBDL2,0.032399509541905125
AMPH,0.03238604896142023
SCNN1B,0.03238398395687609
PSD4,0.03237811722856321
ARHGAP12,0.032364433768747286
VIM-AS1,0.03235038591686488
MBTPS2,0.03234667065375421
CYP4V2,0.03233797972801373
SRGAP3,0.032335914454952805
ATL3,0.03233533422095246
C1orf210,0.032334834646255875
YTHDC2,0.032324013475684275
MIR583HG,0.032319556721319434
OXA1L,0.03231916522623379
SSTR2,0.03231827889201927
SDE2,0.03229223587354492
FAM122C,0.032285210769548996
SH3KBP1,0.03228453367499832
RIOK3,0.03226479723475843
GORASP1,0.032257896234989494
TTC5,0.032245534098259455
AL136221.1,0.032240646372454475
NLRX1,0.03221150702522182
SLC52A3,0.03221043946246355
RPAP2,0.0322019911313749
PPP1R9A,0.03219357467997153
AMDHD2,0.03218959761463522
C22orf23,0.03218627715322432
AL591848.3,0.03218525992493578
DNM2,0.03218289911466833
MAP3K10,0.03217261631059092
PCNT,0.03217012123372965
PSD2,0.032161267865969144
PHACTR1,0.03216125081452072
DNAH8,0.03215834260762346
MS4A4A,0.03215759100482803
ABCB1,0.0321530462781172
ZNF727,0.032151218147090856
SYTL2,0.032147164697385704
LINC01629,0.03214113389595516
NUDT12,0.0321407352724088
LATS1,0.03213161270956137
NIM1K,0.03212845097696132
GLCE,0.03212166590960086
USP53,0.03211453593435294
DOCK4,0.03210777042294332
AC016747.1,0.03210516786270511
HYI,0.03209864490418381
AC087289.5,0.0320966727724587
IKZF5,0.03209081284232403
VIM,0.03208582072555761
PPM1N,0.03208543658395322
VWA2,0.03206700137088992
HPN,0.03206440749616807
TSPAN4,0.032058416795704994
PHACTR4,0.032057857443577496
LINC01578,0.032056957562602226
PDZD8,0.032056579877159604
NPHP3,0.03204320982216324
FMO5,0.03203653782797899
SEC23A,0.03203560375765138
RRS1-AS1,0.03203439790316848
HGD,0.032032272528849555
PDE5A,0.0320196610503928
BEST1,0.03201301385742642
BCORL1,0.03201019321606194
SYT2,0.03200958405031037
CDH15,0.032007822881694084
MALT1,0.032002829495629895
HS6ST2,0.031998576416908314
COG6,0.031993388669629044
MOB1B,0.03199314805123365
HIF1A-AS3,0.03199217663373336
AL031666.3,0.03198936578229905
MMP15,0.03198257562139397
EDRF1,0.03198041675902462
SLAIN2,0.03197527529209331
ERI2,0.031974822226416205
NCOR2,0.031968337472018625
SBNO2,0.03196724271843745
ETF1,0.03196203840470077
SPTLC3,0.03196202582874079
SKAP2,0.03195438096769433
MRPS16,0.03194630976450654
AC019117.1,0.03194453387782165
PTPN21,0.031940039773274455
DCP2,0.03192882819171738
COG4,0.031912579336985415
AC025181.2,0.03190139743865755
VLDLR,0.031895433151047974
FAM107A,0.031875819400994584
SIK3,0.03187099042427664
LRPPRC,0.03186916716252872
PRPF38B,0.031868637398793094
LINC00930,0.0318608843683686
CDAN1,0.031848710977613624
CYP39A1,0.03184346678543195
TTLL3,0.03183336640672048
PRRC1,0.03182104676730626
CLN8,0.0318207114571049
ZNRF2,0.03182023368477188
PHRF1,0.031817483422478726
ZNF275,0.031805041347864965
ZNF620,0.03178687009891622
PITRM1,0.031786441825154006
KRBA2,0.03178128303609627
LMO4,0.03177860818338923
SNAP25-AS1,0.031776089735414334
NADK,0.03177102716065927
LZTS2,0.03176530584088515
NCCRP1,0.031763546530871094
TWISTNB,0.03175433534393747
BTBD19,0.03174804216733615
ZGLP1,0.03173945484707535
TENT5C,0.031728762640645315
MALRD1,0.03172721228131514
AC079949.2,0.03172191311474819
VCP,0.03169898316601617
SETD6,0.031691156061680575
PBX2,0.031689018236605325
RBM23,0.031687233398345185
KIF13B,0.03166963717347606
ST6GALNAC1,0.03166961717868896
VKORC1L1,0.03166611499955332
RNF10,0.031660501647348425
POU5F2,0.03165939115398042
THEM4,0.031658217502971105
COPB1,0.031654847042792485
FASTKD1,0.03165050858168
CAPNS1,0.03164511334112907
APOOL,0.03163428321393201
CASP4,0.03163050624510318
P2RY12,0.031629391751071066
AL391840.3,0.03161685292309726
AC113414.1,0.03161509269377192
PTPRR,0.0316126049275942
AC083837.1,0.03160966542242617
AL731568.1,0.03160524739399333
SRGAP1,0.03160061945483928
TMIGD3,0.03159221300268017
LRGUK,0.03159201014188489
VEGFB,0.03159134865234309
MNS1,0.03159125672352658
ATP6V0E1,0.03158697499849816
STOX1,0.031584745347597615
AF305872.2,0.031582157286361524
PRR22,0.03158049852498135
ZCCHC10,0.03155895026732443
IKBKE,0.03154672974745777
AC096637.2,0.03154120814251403
LONP1,0.03153154268211196
NAPG,0.03152073712023667
FAM126A,0.03151760560150475
SYNPO,0.03151266644458417
DAB2IP,0.03151029515489068
UNKL,0.031504169467234826
KDR,0.0314983385619185
AMPD1,0.03149593983661673
FAM53C,0.03149219039514657
ISM2,0.0314884557293076
E4F1,0.03148359189584367
CLK4,0.03147749206488716
TNFSF13,0.03147499867937134
PGGT1B,0.03147455356898141
TAF5L,0.031472214321233864
PXK,0.03147105523034139
PRSS12,0.031457519980475177
SLC28A2,0.03144611169353442
TUFT1,0.03144197304601689
CDH13,0.031439410274413444
ARHGAP18,0.03142821722628669
SUSD2,0.03142135524856557
MAP6,0.031413383829172394
BATF2,0.0313880997803316
TAS1R3,0.03137847418961671
DHX40,0.03137800798491344
LEAP2,0.03137772091598114
BX539320.1,0.03137625971168431
ACY1,0.03136729828810502
ENPP5,0.031361234657039876
ACMSD,0.031359891176933545
UMAD1,0.031351732575354015
ITGB1-DT,0.03134207730991782
IGLV2-14,0.031338671451516385
DAGLB,0.03132270544311732
FAM166B,0.03132268437075282
GCN1,0.03132091220169557
KLF2,0.03130319591366422
ZFX,0.03129703063564894
AL355075.4,0.03128920941451952
ZNF827,0.03128562365629064
MAP3K3,0.0312849452535227
FRAT2,0.03128088193929053
CACNB2,0.031278432097972104
SLCO1B3,0.03127561179852234
RIPK1,0.031269900123195395
MFSD4B,0.031269635010250124
SLC25A29,0.0312648306340267
KBTBD2,0.03125255637066871
ARL4C,0.03124327592714048
NFATC2IP,0.03124201879107895
DENND6A,0.03123637969131842
ZNF391,0.03123425792536726
LRRC8C,0.03122761274608064
RBM15B,0.031216586366100706
AHCYL1,0.031213695774026495
AL591846.2,0.0312032467863714
AC007216.3,0.031199358902330457
AC007262.2,0.03119909248630098
FBXL2,0.03119740822034999
METTL6,0.031166204360719478
LHX2,0.031165221826362267
C1RL-AS1,0.031152809802716782
HNRNPD,0.031149504448874876
CAP1,0.03114218974301226
UBQLN1,0.031131515696270734
BCAR1,0.03112212414582765
PWWP2A,0.03112211792798783
SNX25,0.031121241889092748
DCLRE1A,0.031118077812157374
THUMPD1,0.03111443291415889
RNASE6,0.03111058985509418
ATG14,0.031106836212913644
AC010761.6,0.031105261312930677
DENND4A,0.03109936041313155
SYNJ2BP,0.031087277300182008
WDR13,0.03106837525266924
GFM2,0.031068242144271046
ARL6IP5,0.031060931043911975
SCGB3A2,0.03105825543586806
ZC3H3,0.03104205583895274
TMCO1,0.031039342554155233
AP000253.1,0.03103532410909277
SSBP2,0.03102860707769828
AF213884.3,0.031026726763298453
SLC37A3,0.031023672688709935
CHKB,0.03101698108480498
MYL12A,0.03101579896365207
GPR107,0.031007319074569648
CYP2C8,0.031001399061537475
FMO1,0.03099936257552119
AC127521.1,0.030999310542335293
IFNGR1,0.030990361689973576
LEPROTL1,0.030986784446587687
STK40,0.030977831753327006
PIGR,0.03096463258088598
DHX32,0.03096328815291411
AC025423.1,0.030959968629263
MAPK8IP3,0.030957552327454337
AC008149.2,0.03095013749277658
CRISP2,0.030944319535952936
SLC25A45,0.03094332309473662
CGGBP1,0.03092550548276505
IDI2-AS1,0.030921933112010466
SERINC5,0.030920711181828472
SPINT1,0.030907874864573307
CDHR2,0.03090668820544497
AC080038.1,0.030892376665518622
ZNF775,0.030891069820826907
MRPS28,0.03088821596970713
KIF6,0.030884270334273347
AC090198.1,0.030868853068179363
ZSCAN32,0.03086509540660785
AC060780.1,0.030850351515922362
AC034193.1,0.030847772404170852
AC026356.2,0.030832006490762898
GPC5,0.030830553045468553
ORM1,0.030827092598329775
AL353150.1,0.030826921644944206
GRAMD1A,0.030818280119832685
FTO,0.030814003833669446
STXBP4,0.03081118029464997
CNNM2,0.030806672049865293
AC006460.1,0.030791571568867273
AL009179.1,0.030791343441768537
HMGCR,0.030790739846383714
WTIP,0.03079020270797956
WASHC1,0.030788240564775967
AP000569.1,0.030788074834355764
AC060766.4,0.030788074834355764
GXYLT1,0.030781000136776433
GSTM1,0.030778059240285514
FAM226B,0.030777363062971946
LACTB2-AS1,0.030776124311562007
AL929091.1,0.03077506444829245
IGSF9B,0.030766545914213912
CCDC85C,0.030766078801243293
AC010197.1,0.03076484286317295
CNR1,0.030759871667315215
PTER,0.030759847539686285
MFHAS1,0.030758981880132565
AC015922.3,0.03075632831246493
TCTA,0.030751201540161675
CTD-2341M24.1,0.030748175415530647
NSD3,0.030737420229780932
CFB,0.03073467473226593
CU633906.1,0.03073341657208783
APBB1IP,0.030732491959022838
ANKRD36C,0.03072213404052085
ZNF446,0.03071923338042866
SELENON,0.030717531371815324
ADRA2A,0.03071572277898517
NPTN,0.030706845769565942
SSH2,0.030701847055778747
AL445985.1,0.030699435343427464
AC025171.1,0.030682924868775194
KDM1B,0.03067511938319035
USP42,0.03067343003864038
SHANK3,0.030671559594593674
FXN,0.03066316874396325
VMAC,0.03066045195932645
ABCC1,0.030659516155739402
CTSE,0.030656795383911393
PMM2,0.03065034818272792
IGLV1-44,0.03064666311908112
RAB11FIP5,0.030641575626193907
HNF1A-AS1,0.030638382020097055
CATIP,0.030629406606387816
MRPL52,0.03062558833159632
TNFRSF11B,0.030618675365135406
RNF213-AS1,0.03061296974393918
CDC42SE2,0.030602830682200575
TRNAU1AP,0.03060004177648754
NIPAL2,0.030598973786884243
B3GNT3,0.030596065304840367
TASP1,0.03057984840903232
INO80D,0.030570636521154892
RBM34,0.03056155477945897
PANK1,0.030550756881192184
SULT1A3,0.03054328855749654
SRA1,0.03054074258706457
NBPF15,0.030540255101868575
HIF1AN,0.03053873069633773
ZDHHC4,0.030532418712856953
ZNF707,0.03050313472168195
PSORS1C1,0.030499257045892375
ATP11B,0.030495915570716105
DHRS7B,0.030489723388270357
VPS41,0.030489614334218505
NBR1,0.030481084584725444
CDC5L,0.030480683333849855
FYB2,0.030475995453341634
DUSP3,0.030475805530891832
TMEM132A,0.030474025746191864
TRAF1,0.030469592559719223
AC123595.2,0.030468316775541966
SOD3,0.030456403681279085
CLEC3B,0.030443798720859803
MIF4GD,0.03044174846835232
SEL1L3,0.03043721386844647
AZIN1,0.03043587695444897
COL23A1,0.03043276387599673
IGLV3-10,0.030430053518242708
ANKRD44,0.03042018596909955
FAM160B2,0.03041816796053698
ZNF470,0.03040278523413507
KDM3B,0.03040103150404995
BHLHE40-AS1,0.030396595430898222
ZNF597,0.030392893088524133
RIN2,0.030387648061666057
HLA-G,0.030383601798596966
ADGRG1,0.030379736081756065
SAMD4B,0.030377204137633677
HGS,0.030376207994084782
CENPJ,0.03037415662564484
AC005072.1,0.030367858776286318
EFCAB2,0.03034062013862316
RREB1,0.03033561508851059
RTN2,0.030312973081212228
KCTD13,0.030307785479709578
NUP188,0.030299143964630484
FXYD5,0.030297364536300293
LINC01635,0.03029011650041747
ERP44,0.030288071849351672
SERPINI1,0.030260044889109657
SDAD1,0.03025915968838947
JPT1,0.03025572011564585
TRIM16L,0.030251407892864526
FOS,0.030239342816129562
IGKV1D-17,0.0302382978758121
AL135744.1,0.030235533518893395
ZNF438,0.030230409026666526
POP4,0.030223207526712516
CXCL1,0.030218500514587455
HMCN2,0.03021810011165771
RALGAPA2,0.030214994156712312
AC125611.4,0.03021201225976568
EGF,0.03021033403436201
CEP192,0.030204364131763566
LINC02132,0.030199502412788355
AL139260.1,0.030199364381069422
PUS10,0.0301922422352452
HPGDS,0.030187074651355266
AC008549.2,0.030182924130381376
TTLL11,0.03016472086716829
ZC3H12C,0.030158964045317566
LINC02848,0.03015867266028634
CASC9,0.030157633063998053
A4GALT,0.030143933437868305
MANF,0.030143342456696014
GLS,0.030141994640179432
ZNF490,0.030139413238600813
C8orf44,0.0301356175173305
URB2,0.03011004169625118
AK1,0.03010919451957704
MX1,0.030099727416825598
CDADC1,0.030097823965230835
METRN,0.030092558980390833
TMEM131L,0.03008594779856601
PCSK9,0.03007847332502166
YLPM1,0.030073490223944174
UBE2G1,0.03006341676746966
C16orf46,0.03003997092816298
LINC01504,0.03003697824478061
TNFRSF1A,0.030036596883493128
HS3ST3A1,0.03003254486634174
AC022007.1,0.03002699467369103
SLC35A2,0.030023763375176555
ARID3A,0.030022973094908475
CYB561D2,0.030014196852224173
MAP4K4,0.030011945842377465
USH1C,0.030011767996921075
PLK2,0.03000139180271762
SSTR1,0.030000745179041586
TSPAN17,0.02999680083459317
EXOSC10,0.029993091573065876
ELOVL5,0.0299887599586834
NIPAL3,0.029987599284838268
SMG5,0.029983923751151113
IL23R,0.02998227562510258
PPTC7,0.029980234043441332
CYP20A1,0.029979390566186693
NFRKB,0.02997644595908419
AC110597.3,0.029967779049366247
OS9,0.02996396462573147
RASA2,0.029956461697212326
DSEL,0.029955910928134048
ACAD10,0.029949321290451546
FZD1,0.02993821162947214
CCL13,0.029931657571655456
PYGL,0.02992892931455192
OVOL3,0.029925980388981033
TRIM56,0.029921241129478793
CDON,0.02992061001130177
RBM42,0.029917372670071964
FBRS,0.029901720452281733
CHPF2,0.029900806845906795
NUDT13,0.029896110276144066
SAP30L,0.029893865483515657
C15orf39,0.029893382394102937
AL133415.1,0.029886878562667446
ELMO1,0.02986262279172217
AL049830.3,0.029858674816546086
CCDC153,0.029850589352713664
EXOC6B,0.029850128297302707
TMEM45B,0.029841021085900893
XPO6,0.029833925293641997
MMP28,0.029810179527966687
AC107884.1,0.029809257232385283
RAPGEFL1,0.02980858924871481
FAM102A,0.029807214211581508
ZBTB7B,0.02980664346746149
SUCLA2-AS1,0.029806095249036022
NTS,0.02980092450496528
GPCPD1,0.029795453145031268
DYNLRB1,0.029785484151920463
GSAP,0.029778974311838038
EFNA2,0.029778446248444695
LILRB1,0.029776993748412625
SLC9A4,0.029775969403050193
LINC00707,0.02977481899804282
LOX,0.029738586832079923
GOLT1B,0.029737989826769028
METTL16,0.029736745823258418
TTC14,0.029735689897735566
LINC00539,0.02972574392422347
TTC16,0.02970605547960052
CSNK1D,0.02970412749635455
HELZ2,0.02970286369199096
USP4,0.02970074508750199
ZNRF3,0.02968697728525588
CEP112,0.02968105621450385
NINL,0.02966783150220305
CNPPD1,0.029666572548728423
AC007066.2,0.029663112435430943
LINC02851,0.02966082791392439
LINC00239,0.029658471873445905
MREG,0.029657281848301673
TFPI,0.029655939492719167
SNHG14,0.029654822202641127
TENT4B,0.029651319954112274
HLA-B,0.02964782614672713
FUT3,0.029644223043573666
MON1B,0.029641199713549036
CD5,0.029640911597297006
OMG,0.029640823597228475
WNK4,0.029625437845391005
SLC39A1,0.029624226634223188
PEAK1,0.02961405326572049
TP73,0.029609314666955336
IWS1,0.02959737957999007
KDM4B,0.029596432184469102
HERPUD2,0.029595907443852834
ENC1,0.029592250363593118
ZNF451,0.02957681148200378
UBE2O,0.029576540494610955
DLGAP1,0.029572831417165924
ADIRF,0.02955861474578938
DGKA,0.029553663005071014
FAM192A,0.029551837264830128
RILP,0.02954957369933114
PLAC9,0.029546410266302964
AC246787.2,0.02953275995926863
AC092868.2,0.029528382547101818
AF131215.6,0.02952101094957722
RBSN,0.02951969288643974
AP000829.1,0.029517385746321557
AC020661.3,0.02950755303120166
WAPL,0.029504593596312776
HTR3A,0.02949012506976421
VEZF1,0.029487515574221388
DNAL4,0.02948740616799528
C16orf72,0.02948635571803945
DLST,0.02948456073351448
CTTNBP2NL,0.029484502815032846
BBIP1,0.02948296241285797
GALNT2,0.02947959013817492
SPAG7,0.029476356489610434
SPATS2L,0.029476094298218392
CTCF,0.02947498235454649
C19orf33,0.029472597782300262
SIX5,0.029467098659423083
STAP1,0.02946373221814877
HECA,0.029456605955208298
MTMR9,0.029454781262104695
AC008703.1,0.029454329899103158
C6orf136,0.02944822619157691
MYO5C,0.029439964993631638
DDIT3,0.029432592911300706
SCAMP1,0.029427538709799174
PAQR7,0.029423625924701435
CTSL,0.02941571493681433
ZXDB,0.02941180544526466
KCTD9,0.029397338080700858
CACUL1,0.02939470755090752
KLC1,0.029389175318983694
AL024498.1,0.029386337946668176
AATK,0.029383987673996206
GFPT2,0.029370851715030857
ZNF513,0.029364201817765233
FAM172A,0.029358802139140414
AC007614.1,0.029355892242764893
ZIC5,0.029353123249766213
TBC1D19,0.029348847550862308
GNAO1,0.029332313760912346
HPGD,0.029330598676653424
MRPS6,0.029324607022907324
RP11-234K24.6,0.029324284935846285
RP11-635N19.1,0.029324284935846285
CTA-384D8.36,0.029324284935846285
GS1-259H13.2,0.029324284935846285
RP11-119B16.2,0.029324284935846285
RP11-415F23.4,0.029324284935846285
AC004556.1,0.029324284935846285
RP11-112L6.3,0.029324284935846285
AC005523.3,0.029324284935846285
RP11-225B17.2,0.029324284935846285
TPSG1,0.029324284935846285
C11orf24,0.02932304267662543
APH1B,0.029317517369580662
XRRA1,0.02931051173007632
HSDL2,0.029308518588946796
ZNF514,0.029303549942242137
NAPRT,0.029300666649276753
AC234031.1,0.029293325084711743
RAP2B,0.029286767654623996
MCTP2,0.029278157299570805
MUC22,0.02927495992048106
TIGD6,0.02927160213953342
CYTH2,0.02926181649633662
DOP1A,0.02924664940683281
NOP14-AS1,0.02924607181370381
RGS1,0.029240656247522215
DDX42,0.029239443603765403
PSME4,0.02923622962742374
C19orf67,0.02922369816169611
TGFBR3L,0.029204425339134376
PRR29,0.02919842394151502
ZP1,0.029196164593572927
CD151,0.029193753325826473
MARCO,0.029191708286019948
AP002478.1,0.029188824853428465
AC004466.1,0.02918527908782141
AC114980.1,0.029182588838101018
DDX47,0.02917974689662968
SPPL3,0.029159339580616277
AL138824.1,0.02914462704157881
ADGRF1,0.02914386893705555
STRIP2,0.02914217975416038
MYOM1,0.02914105758429646
MAP4K5,0.029133176535913897
PFKFB1,0.029127910229681354
PSMD4,0.029112402107714562
ZBTB12,0.029107422586063438
CAVIN3,0.029092650152784328
UBE2Z,0.029087891036415802
ZNF468,0.029072781100033435
SIPA1,0.029072542921009945
RNF32,0.029068779620541465
AC093382.1,0.029061259726177766
DSCAM-AS1,0.02904512927982887
HEXD,0.029036787561282692
RAPH1,0.02903531381752455
LSR,0.029033790177742186
GSTM2,0.029022813228276986
SREBF1,0.029021936942916486
RHOU,0.0290126734468702
DIO1,0.028999626925441186
GAL3ST4,0.028998447634025287
CALHM3,0.028996595983766468
MTRNR2L8,0.028988297016882218
TEAD3,0.028981182314607248
ZNF232,0.02897097716783102
MED14,0.028962293207065004
AC234917.3,0.028954658053046665
ADAM10,0.028945099492568616
CDR2,0.028944272640722222
TSC22D2,0.028943585099592117
CARD10,0.02892913888894648
PALB2,0.02891579917790908
SEMA6C,0.028910862630624375
AC074099.1,0.028909576322563715
TAF10,0.028897224892135524
MGRN1,0.028895808210563124
GRAPL,0.0288941301423149
PCDHB4,0.0288941301423149
SDCBP2-AS1,0.028891417923648147
SESN1,0.028886050789378417
TMEM127,0.028876787561627922
PRR14L,0.028865783195375045
UBE3D,0.028865413938403833
PSMG3,0.028863196878340942
PIK3C2G,0.028845713189189586
GRIPAP1,0.028837327637637692
ZBTB21,0.028823137390598687
NUDT9,0.02881858685117172
GLMP,0.028809204022707886
SGCA,0.028807658942049123
AC137932.3,0.028804787220347267
TRPV4,0.028801878224607076
LMBRD2,0.028798735869811153
ALPG,0.028797350110250235
LINC01234,0.028795070026773423
MPHOSPH8,0.028788428201597865
DKK2,0.028779209248098844
AL450344.3,0.028772691192456467
URGCP,0.02876098895268535
AL022069.3,0.02875653755013828
ZNF623,0.02875618579826818
FOXQ1,0.02875578049414697
AP000688.2,0.02874748745141284
STON1,0.02874583635535354
RALGAPB,0.02874443791867282
SAMHD1,0.02874276957779016
C6orf99,0.028725696701601716
TTYH3,0.02872303406604508
USP36,0.028720207273058903
CALCRL,0.028719875259798036
AC010273.3,0.028715009997768756
SP100,0.028703091866407397
AP001893.1,0.028687678565062456
FN1,0.0286807679172081
GCH1,0.028678130906338042
ZNF140,0.02867613248891947
RNF8,0.028670313390894056
AC005329.1,0.02866158030408728
PSPN,0.028659325442571465
CBWD3,0.028652131783394
FAM76B,0.028644878666301346
MED9,0.028644186297812867
EIF4ENIF1,0.028636967393444717
WLS,0.02862645186698221
SRGN,0.028623657137007708
AC010503.4,0.028621584589387423
PAPLN,0.028620381465157805
POLRMT,0.02861738243123901
SCML1,0.02861090142260702
AC016831.7,0.028608280422285026
ATF2,0.02860815340268661
HDAC9,0.028599107950481754
HERC1,0.028596794282954408
ZMAT2,0.028596414298127208
NKAP,0.02859518201420667
AC104699.1,0.02859039470213806
C14orf119,0.02859032478150819
EGLN2,0.02858600663003695
MAP4K3,0.028579562164706602
JRK,0.028574746602716465
SEMA4B,0.028562692026978642
TXNDC17,0.02855387388407325
IQCE,0.02855276472498572
GNPNAT1,0.028550740674914556
MAD2L1BP,0.028550705386898922
RNF39,0.02854842995589916
HIST2H2BE,0.028545989729426804
EDN2,0.028541276419772714
AC106707.1,0.02854069214340714
GBP2,0.028534037588587073
CAMK2D,0.02852856835779175
SNRNP200,0.02852291580751122
SERPINB9,0.028521457197990294
PLEKHA6,0.02851993934806758
C16orf58,0.0285171033929148
AL117382.1,0.02850954010312579
GOT1,0.02849476454576806
STON2,0.028491377212595724
PLCG2,0.028490144681021432
RPS20,0.028484653002063095
STK32B,0.028472130967957508
RNF144B,0.028471277309188584
NRF1,0.028470831083418628
AL157936.1,0.02845886185381121
NBPF9,0.028458415409291574
KIF5A,0.028454751778739573
MS4A15,0.02845014746895292
NOP16,0.028445044640089456
INTS1,0.028444024300419715
SLC35B3,0.02844220337935892
MAP4K3-DT,0.028438418722927954
IRX3,0.028437594764993603
MIEF2,0.028425045149384525
EEF1AKMT1,0.028420634278168797
MED4,0.028410702814348564
INPP4A,0.028410229198219394
SQLE,0.028404459322982648
MIGA2,0.02840340713218405
ENTPD3-AS1,0.02839394332082723
GP5,0.028391773244357835
ZMYND15,0.0283888851183989
HEG1,0.02838762830482168
B3GNT7,0.02838594616229892
FHDC1,0.028384295609822897
SERINC2,0.02838285036522316
ADHFE1,0.028380735123127984
KIAA1257,0.02838045966343434
AC107021.2,0.028372707971878547
GTF3C1,0.028366828688410232
B4GALT1,0.02836028468738512
PCGF3,0.028357432403997893
POC5,0.028345459131725034
NFIA-AS2,0.028340771552433235
NFXL1,0.028335535295909015
ZNF268,0.02832806367736312
CCNDBP1,0.02832116165876929
SKP1,0.02830517891684115
LRFN3,0.028301727056677283
COPS5,0.02829781758871932
RBM3,0.028294078517691983
RP11-841O20.2,0.02829165038486882
MAST3,0.028281553601187493
SIX4,0.02826557651086707
SLC16A14,0.02825672137839833
TRRAP,0.02825464863115723
RP11-373D23.3,0.028246543085602687
DST,0.028242601710739865
SDCBP2,0.028236261402568484
FSD2,0.02822816695813219
DNAH10,0.028213246796632077
CADM3,0.02821306759446427
FCER1G,0.028211747753873983
PHC1,0.02819022050129466
LPAR1,0.028190103001221965
IDNK,0.02818226277250686
NPSR1,0.028179082624009005
TASOR2,0.028175365496188993
AC005162.3,0.028168582638433703
AC116158.3,0.028168220667700885
ZNF135,0.028167244139925454
C14orf28,0.028166085837424925
AR,0.028162606418944972
CUL5,0.028159505714498663
COL27A1,0.02814771341188431
S100A2,0.028146801898794586
ALDH6A1,0.02814323857095458
PCP4L1,0.028141761017545563
TBC1D8B,0.028141089744977095
CSPG4,0.028138636097994628
AL513534.2,0.02813486307572849
DANT2,0.028133968545722223
HNF4A,0.02813392199422116
LINC00106,0.028132707894802045
COX6C,0.02811843742111694
FCHSD1,0.028114915748767323
NEFM,0.028110297784838235
KLC4,0.0280973251677849
SCYL3,0.028094485576699156
AMBRA1,0.028094375394058638
LPCAT2,0.02809346701425286
CHI3L2,0.028093346595583366
DIAPH2,0.02809232848179761
ANO1,0.028080232717908216
TMEM176A,0.02807693677281317
AP1B1,0.028072058276406627
SART3,0.02806752864667701
VSIG10L,0.028067090673573877
PDXK,0.028055918627427536
PRDX5,0.02805234848014244
CATSPERB,0.0280486283606872
GPATCH2,0.02804698629581549
PCSK2,0.028043270757164805
LINC00115,0.028040315965005648
TBC1D22A,0.02803374773348582
AP4S1,0.028033534697999782
PLEKHG3,0.028030855042536964
TNFRSF10D,0.02802717674644198
PLIN5,0.028027173544154998
CD79A,0.028024154315952433
CCDC141,0.028014528432032015
NEMF,0.02800711239410531
RP11-98D18.9,0.02800175632886627
SLC25A25,0.027998577798767774
ZDHHC20,0.027998079095295874
GNA15,0.02799696754846603
CLU,0.027995023509474234
SAR1A,0.027994964719211556
ZSWIM8,0.02799185092690203
PPP4R4,0.027991393736208636
UHRF1BP1L,0.027985965234970357
AMHR2,0.02798331833894287
BMPR2,0.027982441714049837
ELOVL1,0.027975848723019486
PP7080,0.027966337713468622
ZNF33A,0.027965655560037092
FNDC11,0.02796545515807137
FOXP1-IT1,0.027950095217783227
FAM199X,0.02794964841299732
PROSER3,0.02794765038850194
FMNL3,0.027944431708423555
MMP23B,0.027938453010884493
DOT1L,0.027935341638160475
ENTPD3,0.027933822033140078
TNFRSF10C,0.027921963677447162
AL499602.1,0.027920895291041928
PAN2,0.027918979806842405
ANKRD36B,0.02791158017441516
PCGF1,0.027904714729832313
AL109761.1,0.02790060484188652
AC118758.3,0.027897900306011504
ENOSF1,0.027895711983003255
RIOK2,0.027894131074985236
TPM1-AS,0.02789315687770707
AC108449.2,0.027889829539745767
CCDC24,0.027884268298107143
PTDSS2,0.027880283201365794
CCL3,0.02787971348670763
FAM3C,0.02787172468472663
ZNF862,0.027868620214899272
PIH1D2,0.027865863439984827
DNER,0.027863743518081338
STK31,0.027848724944720918
ACAP3,0.02784812700254183
ZNF618,0.027844350991039806
ALDH2,0.02783792392686572
AXIN1,0.02783590855665268
HERPUD1,0.027833605052182037
ZNF770,0.02782545428814669
CPNE3,0.027824048661725064
KIDINS220,0.027822618187400474
XPO1,0.027819575869686683
AC025423.4,0.027818496275103622
SLC39A8,0.027811719643595734
CCDC7,0.027809571814157625
SPPL2B,0.027807047953056007
AC091982.3,0.027802875095012475
COL22A1,0.027800021277999368
SIRT3,0.027795479661181746
ZNF10,0.027794970126259543
FAM13C,0.02779420442951034
TRPT1,0.02779304514457897
CENPB,0.02779068224570102
TOB1-AS1,0.027790346882681997
ATAT1,0.027781119242091458
CSNK1E,0.02777683259552574
ATXN7L3B,0.027774635415624627
AC244090.1,0.027770781972777953
TRAPPC6B,0.0277642552891288
SLC35E1,0.027762991357763934
SHARPIN,0.027762821512042058
FABP3,0.027757756656954062
ZNF791,0.02775728548705771
RNF128,0.027754002064312805
FAM3A,0.027751144076193713
NEDD4,0.02774878818725781
SLC9A7,0.027743543456651462
AC104472.5,0.027739807212455544
IL3RA,0.02773211293687294
SLC35A1,0.02772633368398283
WDR47,0.027717853756927556
LTBR,0.027715520324555994
TERF1,0.02770594971725847
GDF9,0.027703875493302443
BOLA2,0.027700786659649382
PCDHB8,0.027696582287961263
NTN5,0.027696582287961263
NRXN3,0.02769525621949949
ATXN7L3,0.027694929327541452
BCAP29,0.02769205810798632
AC112722.1,0.02767728001367774
LHFPL5,0.027673373780655545
MORN2,0.027673262192176782
UXS1,0.02766948629200348
CACNB3,0.0276682902684439
CDC42EP3,0.027665025304237593
ANKRD44-IT1,0.027664155111916784
DGLUCY,0.02765995820080372
YES1,0.027650558668856646
WDR11-AS1,0.02764930809275562
FOXO1,0.027648730934137607
GMPPB,0.027645141043645086
AL627422.2,0.027641698105319138
POLR2M,0.027639558306494273
ABCA13,0.027634216759714243
CDK19,0.02763302429585347
FAM180A,0.027632608400378966
SLC4A8,0.027631453518852905
AGBL4,0.02762328932771139
WDR55,0.027620602319037135
ARHGAP23,0.027619267136457758
MED7,0.02760941144832732
VEGFC,0.027606182410592445
INTS2,0.027600763491430102
RFX3,0.0276004745200759
ACER3,0.027593075329542326
OOEP,0.027592554603490815
HECTD2,0.027592501283121833
AC091153.3,0.027590112434292817
CKMT1B,0.027589536190732084
AC016717.2,0.027586543206003865
AC010255.1,0.027583250064254144
COX6B2,0.027576870855030293
PDCD7,0.027572548964662012
TTC39C,0.027558940081308346
DRAIC,0.027554249952869685
TNFRSF10A,0.027551656895812494
CELF1,0.02754511167463834
C4orf48,0.027531900378151068
LIG4,0.027528172807809184
ZMYND11,0.02751814658058722
MRPS31,0.02751534179258661
LSM11,0.027512240327755327
TAGLN2,0.027494557300555424
PIGN,0.027490548267916123
IRX5,0.027486192986297966
MARCH5,0.027480057271896303
VWA1,0.027472513862416295
CASC4,0.027470543815794154
ETV4,0.0274631098423704
CU638689.5,0.02746101924996638
SLC6A16,0.027454955163241947
BMPR1A,0.027452540615651725
TM7SF2,0.027450498306206075
TRAPPC1,0.027448165875950965
GPR37,0.027434182677400994
IFT46,0.027434129070673864
LINC00278,0.02743334819396232
SCAMP1-AS1,0.027425155429999622
UBE2W,0.02742249464664505
STX18,0.027395724808341574
ACTN4,0.02738914622335108
KMT5B,0.02738779554119762
LCLAT1,0.027384608663047497
UBE2A,0.02738345438622344
BRD4,0.02738162693346485
WNT2B,0.027376688220770794
FAM204A,0.027364150364872133
FAM53B,0.027351781725929242
CTAGE15,0.02734399415229975
AC104667.3,0.02733994240120442
GRHL1,0.027335705573567872
TMEM8A,0.027332970347953837
XDH,0.02733178388737028
PPP1R13B,0.027330711758199865
FAM89A,0.027325866688483757
OTUD3,0.027320046175418097
CTBS,0.027319022025548853
STAG1,0.027310848966900336
AC108519.1,0.027308604929938404
RAD54L2,0.02729748295950311
SH3GLB1,0.027293518428405772
PGC,0.02728190380409478
ABITRAM,0.027273805824897725
MRS2,0.027269681392938512
NAA15,0.027267228823839154
AL035661.1,0.02725855790309752
RNF217-AS1,0.02725633081837376
RIMS1,0.027251920185429292
AMPD2,0.027239452723000927
C6orf120,0.02723867269941859
STXBP1,0.027237750186588753
AL138820.1,0.02723363454036057
TULP4,0.027230671598477762
MYO5B,0.027230251958358053
RABGAP1,0.02722497578338843
PAN3,0.027194644659444236
LINC01932,0.027186086073781483
WNT5A,0.027170435893182795
NNT,0.02716493388222929
GPS2,0.027162317544239516
GRM4,0.02716040004618309
CDC42,0.027148852556588863
BICD2,0.02714772250409847
MIR205HG,0.027146444130079238
CCDC191,0.027142256976487835
CYBRD1,0.02712949553422061
SNRNP35,0.027109078884787117
TPT1-AS1,0.027095927314440087
CEP250,0.027094594485624172
RP5-965G21.3,0.027084707099815513
VWA5A,0.02708342936837803
NCSTN,0.02707727351718082
SELL,0.027075622603864116
ZNF681,0.027075472500364683
OPA3,0.027072442998475735
AP001412.1,0.02706796876315542
TAF13,0.027064379695149965
LRIG3,0.02706063259080128
ANKRD13C,0.02705859201376332
GOLGA1,0.027053625673474194
AP004608.1,0.02705020243365003
MYL9,0.02704367225822482
LTA4H,0.02703515221043938
ZNF765,0.027029928398495953
MAP9,0.027023335562919713
MIR4435-2HG,0.02701875399340181
BSCL2,0.02701330644735363
METTL17,0.027012971983625435
KITLG,0.027011713445703748
BHLHA15,0.027009439286592083
AC133528.1,0.027005671215279674
PARN,0.027002211960821754
NAB1,0.026981767681016466
ZNF737,0.026965508331411526
NPIPB6,0.026927118064949778
RNF19B,0.02690931859947686
AL132780.1,0.02690779036168369
ADGRL2,0.026903547831037808
OTUD4,0.026900512155196805
AL109615.4,0.026897573753170628
ADCY7,0.02689263080093362
MATR3-1,0.026889393724408094
NNMT,0.026886009969096198
FAM84A,0.026873889355346996
ZNF526,0.02687336401798338
PRKCE,0.026872085793320944
TP53I3,0.02687190580454886
VPS36,0.02686539500401243
IFT20,0.026862042284905126
IL4I1,0.02685804329397812
TRAF3IP1,0.02685256608119132
EPM2AIP1,0.026840125692747862
TIMM29,0.026837045078860682
CFAP161,0.026827427888458846
NFKBIE,0.026826737806345674
AC109322.2,0.02682439600487632
STARD4,0.026819586129852874
ABCC2,0.02681290005160287
NUBPL,0.02680943118726365
BASP1,0.02680869466189991
CCDC68,0.026795087539901875
CD58,0.0267850919444358
AC097376.3,0.026761859894328652
CERS4,0.02675339025731003
ALDH18A1,0.026752378168733125
CEP41,0.026746937537880332
RNF40,0.02674418262202438
LINC00649,0.026738517435310236
TSPAN14,0.026715368097111752
LASP1,0.026709502203713934
CPT1A,0.026706211425475135
LINC01395,0.026704615469036002
AC137630.4,0.02669924817895899
LIN52,0.026698660216896174
FLYWCH1,0.026695476500045102
MRRF,0.026695350378518
POLR2K,0.02669189347637642
PAX5,0.02669171460948218
PSMA6,0.026676153612689223
EHMT2-AS1,0.026670917638318536
IQCC,0.026666594016219916
ZFYVE28,0.026663705778775637
LINC00910,0.026654478946660082
KLHL7,0.02663944837639978
DOK7,0.02663813666744298
TMEM129,0.026630388294348044
MAMDC2,0.026622836147130766
ARL13B,0.026621374952433045
SPECC1L,0.02662010237125997
TLR3,0.026617212163500714
MSL1,0.026612409073094416
TOMM6,0.026611440503685014
ZNF175,0.026608199559183393
HYAL1,0.02660705769677193
AP001351.1,0.026605415259619764
GALE,0.02659884036759002
LRRC59,0.026595087762731555
CBS,0.026589454561652865
OTUD7A,0.026585840209747594
CYP2B6,0.02658526386195538
DCP1A,0.02658006015895152
SPTB,0.026574750799314446
CGRRF1,0.02657191801927302
MRPS5,0.026561915230460444
DUOX1,0.026559095336289282
LINC00534,0.0265559348585785
ERICH5,0.026545302524897858
CXorf38,0.026545194279616244
ZDBF2,0.026542650702237408
NTN1,0.026540040880369185
HHIPL1,0.02653280331933457
GPD2,0.026509859512003412
MT1M,0.026509628615132636
TMEM40,0.026505287351972943
MGC32805,0.026503517271342286
AC127024.6,0.026502506376787194
ASH1L-IT1,0.026498219166198777
MPV17L,0.026495408237204594
ZFPM2,0.026488248608845077
NATD1,0.026485053927368968
ADM5,0.026477242053269696
ZDHHC5,0.02647325367405766
LUZP1,0.026472551418039073
AL355490.1,0.026468066366638583
DNAJC3-DT,0.026461912564043275
TEFM,0.02646005573818776
EPOR,0.026458208511264056
THEMIS2,0.02644412378843527
NEFH,0.02643998449820484
ZSCAN1,0.026439772348142408
TLCD2,0.026439020229680216
AC100821.2,0.026417299010198507
PDCD1LG2,0.026411225096508884
CDK5RAP1,0.026406492598094123
RETREG3,0.026393795215026612
DGKI,0.02638045026862944
TLK1,0.026377699722812682
AC130895.1,0.026375773886183264
EGFR,0.02637072787354918
STRN3,0.026362686878178075
PECAM1,0.02636135537625373
CCL18,0.02635836879245057
SLC17A8,0.026354010950086437
HINT3,0.026353683551460904
CES3,0.026350319171624743
LENG9,0.026349415332404987
JADE1,0.02634329046169756
SGK1,0.026338536474175122
ABCB11,0.02633404269894026
NUP88,0.026330304263305897
AC137894.3,0.02632846778453042
CCDC125,0.02632778467333477
AC009951.6,0.026322060832749593
AP006248.4,0.026321027269125753
NRK,0.02631809401474876
RBM10,0.026315496528237708
C4BPA,0.02631329594248231
SOX21,0.026312763145845422
VAMP2,0.026304534369404727
SYNPO2L,0.026302838368378382
RAB21,0.02630240564896541
PHPT1,0.02629823362029753
TMEM268,0.02629169702251291
LINC02635,0.026280988405487607
F12,0.02628058457240755
JAK3,0.026278846038389155
AL121992.1,0.02627377242184394
RP11-108M9.4,0.02626809728316519
CCDC160,0.02625882266395617
UBE2V2,0.0262546178594906
SMIM33,0.02625064154960472
PCA3,0.026249433025372276
PTCHD4,0.026248281455591434
GSTA1,0.02624400463936238
AFAP1L1,0.02624227182750775
AC020916.1,0.02623948164815306
ZNF561,0.026222143236332107
USP47,0.02622132351141685
PSMG3-AS1,0.026219936749158478
TENM1,0.02621380081625785
MYZAP,0.026208606150332155
FLVCR1,0.02619579540909051
AC005393.1,0.02619225854586579
AL078459.1,0.026191365960632446
MAFG,0.026181385618842815
PPEF1,0.02617964411133819
UBC,0.02617392797107858
RERE,0.02616441142570005
INPPL1,0.026163330205480024
PHKA2,0.026161381700800387
EXOSC1,0.026155155213084265
NDRG1,0.02614913374057905
FAM103A1,0.026139268814925874
SERPINC1,0.026131263925340913
ATP5IF1,0.026129281738347415
NMNAT2,0.02612782031462148
PEX2,0.02611494013291972
HERC3,0.02611447826975226
USP14,0.026110566307584182
UCP3,0.026109589904236365
ATP2A3,0.026102351935666977
SEH1L,0.026071460445980372
IL33,0.026058612408833965
ST5,0.026057997869692557
MTFR1,0.026046864409290243
TCN2,0.026040315405649227
OSBPL8,0.026035889493938955
SPATA24,0.02602946266518737
AC121757.1,0.02602559130757022
CRLS1,0.026020401224048136
MYLK3,0.02601970683723189
KDM5A,0.02601604021659282
HSPB9,0.026014611363416176
NOMO1,0.026013483937745694
CRELD1,0.02600947212655586
SEC23B,0.026008077799744244
UGGT2,0.026004287493495343
IGHV3-72,0.026000412092529016
USF3,0.025995316102583186
TNFRSF14-AS1,0.025992985117441095
SLCO2A1,0.025989397156259732
E2F3-IT1,0.025987592320688372
COL18A1,0.025985182275952104
MBD2,0.025976218697671548
CATSPERG,0.025974792087177585
CBLN3,0.025972211954420555
HMGXB4,0.025970254522458498
TDRD3,0.025967557805083533
PTPN1,0.025961971670679436
ITCH,0.025951719467124743
SYNPR-AS1,0.025948329645643017
RSAD2,0.025945336234142656
NOL7,0.02593875182106928
WDR73,0.025937931186523207
TENT2,0.02593525143335845
BCL2L10,0.02592480180249418
AL157700.1,0.025920746527474794
KLHDC7A,0.02591703936513897
PIK3CD,0.02590028467306436
THAP2,0.025898586123488963
ARMC9,0.025896610078313176
NUBP1,0.025895696570295303
MAN2B2,0.02589119784000294
AL662844.4,0.025877724842738488
DVL2,0.0258738475060414
CAPN5,0.025873612604273174
HDAC8,0.02586800107476199
GLB1L2,0.02586375487747249
COX10,0.025863258432018785
ZNF616,0.0258564704153109
POGK,0.02585307447830665
MMP24,0.02583977710137363
ILF3-DT,0.025838789158706386
TMEM212,0.025827214393319635
MCM3AP,0.02582561714732705
PBDC1,0.025824913905474242
RBM12B,0.025818076358948335
GCKR,0.025817796435350364
ZNF451-AS1,0.025817434791650037
TSG101,0.025815910141176807
ALKBH7,0.02581576015950103
EIF2AK4,0.02581059741092349
C5orf15,0.02580756701640351
MCAT,0.02580186877016871
AC099522.2,0.025787495454954002
RAPGEF2,0.02578636905646179
FLJ31104,0.025785943736448397
BPNT1,0.025780489419602082
RP11-285E9.6,0.0257762977528033
XX-C2158C12.2,0.0257762977528033
RP13-1032I1.11,0.0257762977528033
RP13-131K19.1,0.0257762977528033
CTA-384D8.35,0.0257762977528033
RP4-539M6.22,0.0257762977528033
RP11-156K13.1,0.0257762977528033
RP11-59C5.3,0.0257762977528033
MAN1B1-AS1,0.0257762977528033
CTB-193M12.5,0.0257762977528033
CTB-13F3.1,0.0257762977528033
RP11-286N22.8,0.0257762977528033
CTD-2588E21.1,0.0257762977528033
BICDL1,0.02577568482493225
CFAP100,0.02577126059854754
SETDB2,0.025771215728874013
LINC00265,0.025756713369333065
TYW1B,0.02574664949376077
CYTH3,0.025743018680963698
CALM1,0.025736125387819
HMCN1,0.025729237414536525
AC104958.2,0.02572847288546172
SLC35B4,0.02572718551080099
HEXB,0.025725539600633715
CTNS,0.025719722107939262
HSD17B12,0.025719662792118222
USP2-AS1,0.025719200664447116
DNAJC21,0.02571850768826568
CERK,0.025716260030660965
LINC01002,0.025708949767427387
AC026202.3,0.02570862864968573
RNASE4,0.025705991365496676
CREB1,0.025700285503922744
CAP2,0.025699657407533636
BCAR3,0.025697764045950564
TMEM61,0.025697239116138686
CTXN2,0.025693992915049417
MS4A7,0.02568484122025635
AC108066.2,0.02568481505838436
UFSP1,0.025683280011220496
AC099661.1,0.02567872421348804
CXorf56,0.02567785194795853
COA6,0.025673501529103235
LINC02367,0.025672881707389798
TMC7,0.025668081948467526
SMPD3,0.0256636977100445
EBF1,0.025659231107681885
CD109,0.025652006776047977
DHRS9,0.025651813073073383
FPR1,0.025649563137152356
HACD1,0.025646888357313605
RBM4B,0.025646119934232343
RP2,0.02564250395760966
PDP2,0.025641503653359703
TERF2,0.025638949672305383
RPP30,0.02563779088805614
MIEF1,0.025636553319422998
GTF2E1,0.025634530271352082
SMDT1,0.025629673460464485
BX890604.2,0.025629014163991326
SLC2A6,0.02561124653676232
AC006504.5,0.025608263509812882
SEMA6D,0.025607641171698337
MMAA,0.02559538046889063
CHIA,0.025594615707185648
NBPF10,0.025590051737294797
SRP68,0.025589243841004146
AL645933.2,0.0255799821458958
ADAMTS14,0.025578844951287344
UBR2,0.025575791299795373
DIMT1,0.025568967340150014
ZNF689,0.025567768470138325
FGFR3,0.02556546871408564
AC090948.4,0.02556357969815773
AL139246.5,0.025562622537314516
RABL2A,0.025556264417520666
C11orf49,0.025554103819508282
C22orf29,0.02554994705760802
ZNF569,0.025543720261791573
TRAF3IP2-AS1,0.025536255130679503
SMURF2,0.025518673688525697
A1BG-AS1,0.025517762495139346
MAP7D2,0.025512976096416593
DPEP1,0.02549826466965631
IARS,0.025492589210590676
AC027682.3,0.025491741844108323
AP001057.1,0.025490955970253817
ITGB6,0.025483324818866046
C15orf41,0.02548250825735991
MYOM2,0.025475734396100073
C10orf91,0.025473332921073573
L3MBTL2,0.02547212949851289
NUDT3,0.025471774404180112
ST3GAL5,0.025463791191932827
SOX12,0.02545838959122582
GSKIP,0.02545325049817323
ERCC6L2,0.025443240291304858
TMCC3,0.02544269548742825
RAB15,0.025440472819340084
BCOR,0.025437499934541082
TMCO4,0.02543543972899567
GPR156,0.02543477916750785
SH3GLB2,0.025434345612406355
AC100793.2,0.025429564125070293
AC104035.1,0.025427323126472393
BAIAP3,0.02541953193473965
AL022328.2,0.02540683739168328
ATP2B1-AS1,0.02540523318291514
CENPO,0.025404970333529026
RGS13,0.025404488606341497
SNX19,0.025404228159897894
SLC30A6,0.025389536881500054
FAM71F1,0.025389328947728423
ZNF252P-AS1,0.025387420865193664
ZNF676,0.025380302710119162
CETN2,0.025379939774543774
IDH1,0.025376806674089963
TMEM184A,0.02537671401753858
TNS2,0.02537371742896619
TRGV9,0.025369385774892065
IGKV3-11,0.025368472573728713
JARID2,0.025366742586803884
SLC45A3,0.025363921215352747
NINJ2,0.025359750061975033
FNBP1L,0.025352241417083213
SPATA2L,0.025352125426921997
SATB1,0.025333865132913955
TMEM107,0.025328419295180697
FNDC4,0.02531538124203545
MAP1LC3B,0.02531486850259807
HAUS2,0.02531266274434203
HCAR2,0.02531233883754778
UBLCP1,0.025303962205781436
UFSP2,0.025299278967779257
NHLRC3,0.02529905577671762
AC106739.1,0.025298874628134044
AC084262.1,0.02529557892297398
CRACR2B,0.025293820261959546
PPP4R2,0.025290020179412523
SEZ6L2,0.02528999372948306
TAL1,0.025285110516933534
ZKSCAN4,0.025273858560960392
ERO1A,0.02526609105960033
TRPM1,0.02526315750727778
NLRP7,0.02526315750727778
FAM219A,0.025261832804336283
RIPK2,0.02524722023759117
TDRKH-AS1,0.02524524085137359
RAB30-DT,0.025239005382358543
AC105052.4,0.025231005689573826
ZIC2,0.025226837159407003
PRRT3,0.02522491099671853
HNF1B,0.02522024740691525
RABIF,0.02521340851969078
USP7,0.025209835239855715
ADIPOR2,0.025205773210808243
BRPF1,0.025197644861426713
CDC73,0.02518784911343682
LINC01510,0.025184698267393606
CNTD2,0.025182280441750218
EVL,0.025181585629626576
LINC02256,0.02518125846892229
DNAJC1,0.025177769615980183
SOWAHA,0.025171792176514815
CELF2,0.025169762224270715
PDXDC1,0.025162190580190796
CCNJ,0.025159804403535917
ZGPAT,0.025158788714964797
LRP8,0.025149543335187468
AL512662.2,0.025138458631629255
MIPOL1,0.025137819432186074
KRT80,0.025137386213445592
DBT,0.025136638271044415
AC104819.3,0.025133696290430448
ADD1,0.02512736587568801
AC087294.1,0.025123538494816803
CBARP,0.02512302922065413
AC020663.3,0.02512028463320886
CDK11A,0.02511898729649428
CD99L2,0.025116430798623784
RAB8B,0.025115722571719557
DPH7,0.025114765864115755
TMC8,0.025113138708113356
AL121985.1,0.025110810967354943
CASS4,0.02511074245755417
ACHE,0.025107735411098335
FSCN3,0.025104163009337935
CHADL,0.025089428324852184
CHIC2,0.025088560692023663
AC097359.2,0.025087697208222945
INSL4,0.025084069301076022
PLXND1,0.025078620778804225
NSUN4,0.02507809256483465
ZDHHC11B,0.02507545329919477
HSPH1,0.02507478093091487
SHE,0.0250727431268404
STAM2,0.025065687521213232
CTBP2,0.02506483663215874
IL18R1,0.025063275543885256
AC004706.3,0.025044920407960792
INKA2,0.02504388716902137
ZNF214,0.025035492709225535
ARMH3,0.025032501772518232
IGHV3-33,0.025030488486450155
ETNPPL,0.0250247144840551
RP11-345P4.9,0.025021780202056188
CCDC174,0.025017272401161916
NMT1,0.025008318723445867
ERGIC1,0.025007133669788222
MAPK6,0.02500226487442198
AP000424.2,0.02500027179370012
WHAMM,0.02499423944851773
C2orf74,0.02499189269441993
AL450384.2,0.024988254486116235
ABCB10,0.02497632816393365
RLN3,0.024974649639959424
ENGASE,0.024967561606559215
MAPK3,0.02496660346861225
ADCK5,0.024945571557323545
ZDHHC21,0.02493935771692003
TRIM72,0.024933582201321972
WBP2NL,0.024932252534404023
ARPIN,0.02493142885621992
Z99127.4,0.02492376682671962
UQCC1,0.02491967749042477
NR2F6,0.02491894537584276
HIST1H3E,0.024915552989121265
LMX1B,0.024915306199434713
SLITRK6,0.024914282175213805
KIF20B,0.02490983432393229
AL157392.3,0.02490790595938555
THAP6,0.024900663998236042
LINC02076,0.02489731429790608
SMIM5,0.024896331110373204
PHF12,0.024895983945409594
INSR,0.02488931064128358
C2orf47,0.02488854232796073
LINC01783,0.02488387077715113
P4HA2,0.024873731973015723
DNASE1,0.02487201406576064
TPP2,0.024869634527343358
TMEM220,0.024867887732660274
TRIM71,0.024866348927334726
DOHH,0.024860425010565283
SLC38A6,0.024860336485559915
MAP1LC3A,0.024854738594736143
ADAT3,0.024852554536508406
ATN1,0.024843287883131546
AC005062.1,0.02483578123958272
PEX26,0.024833231499302208
TIMP2,0.024831422102326008
AC090152.1,0.02482836106518372
DAGLA,0.024825082043594467
RNF38,0.02481874331329449
AC027682.4,0.02481411700890426
LINC02158,0.0248116003587477
ANKRD66,0.02480030526952526
PLEKHM3,0.024776132221410976
SEPTIN4-AS1,0.024774418697664655
MED11,0.024763923154828813
UBR3,0.02476262946930567
METTL2A,0.024758627704322803
APBA1,0.024755011458892254
TMEM31,0.024748114832030415
ANKRD13A,0.02474791381503854
TBC1D9,0.02474356593101261
LMLN,0.02473274704088602
ZNF280D,0.02472892362771413
MARCH6,0.024726585438702688
SORCS2,0.02472638032962267
ANKHD1-EIF4EBP3,0.024709996166127124
FAM129A,0.024705668854511587
ZFP36L2,0.02470490963678171
BICRAL,0.02470151749128298
ABCA9-AS1,0.024699971749497875
TELO2,0.024680693154273497
ITGB5,0.024676284273866658
RHOV,0.024675989279605532
ANKHD1,0.02467353748612068
ETHE1,0.024665814082850956
AL589182.1,0.024665523182037068
LINC02265,0.024662302365699936
SASH1,0.02466159259874255
MYSM1,0.024658050504467705
SLC4A5,0.02464138002369194
SLC6A14,0.02463843543839681
MAP2K4,0.02463277247540418
MSTO1,0.024632210429547476
TMEM138,0.024630788007019244
NOL6,0.02462878884904291
LAPTM5,0.024627640950927013
SFI1,0.024626992630478062
LRIG2,0.024621978538517875
DIAPH3,0.02461581830157019
MAP3K5,0.024612730972291854
CFL2,0.024611314633855373
ELOVL3,0.024605629916905642
AVL9,0.02459815477721845
AC009054.2,0.024590111873422978
MPC2,0.024586755458827825
AC010789.1,0.024583096551784547
RAB24,0.02458214592688928
TCTEX1D4,0.02455681034843449
AC245140.3,0.024549925136575324
LTB4R,0.02454848526008469
ACSL3,0.024527944027527327
SLC36A1,0.02452437773737133
PGBD5,0.024513541524222398
AL121906.2,0.024511172210117223
COX10-AS1,0.024510447752662347
AC068305.2,0.024489837195622133
GARS,0.024488949806161096
USP48,0.024478959818523112
RMDN1,0.02447575435892607
HEXD-IT1,0.02446241010407198
DAPK3,0.02445807481875357
L1CAM,0.024455064979372807
GSTA3,0.02445384111587071
C2orf88,0.02445045592767512
AL049557.1,0.024445752996248325
AC004825.2,0.024441786324464167
SFTPD,0.02444078178044218
AC016995.1,0.02443793943956773
EPHX2,0.02443470224335863
SYAP1,0.024431873401846122
EDC4,0.024419044096451698
HINFP,0.024417015416819104
NT5C3A,0.024416541756936656
AC005899.8,0.02441393244951732
SPIRE1,0.024412396745289836
AC018362.1,0.02440342203971711
GPRC5D,0.024397422701222728
MXRA8,0.0243954983229447
NUP62CL,0.02439326528158901
CYP2U1,0.0243883774221479
ERG28,0.024384742712546842
CARD6,0.02438044939706701
FBXO38,0.024379276638447925
ADCY3,0.0243773319312919
LRPAP1,0.02437698739291261
MAPKAPK5,0.024366193948140047
CENPC,0.02436317661520141
PAPPA,0.02436089694189446
ATRIP,0.024353411626165465
AC092117.1,0.02435144353542844
VWA8,0.024341831948661345
ELMOD2,0.02433635462070957
LINC01220,0.024326967008249142
ABTB2,0.024325793229351255
PSMB4,0.02432524622346677
RIPOR1,0.024324335704927983
IGKV1-39,0.024321453293249282
MYO15B,0.02432049194107936
GDPD1,0.024320361652786
TRIM52-AS1,0.02431858280881019
SEMA5A,0.02431769574285995
RMDN3,0.02430093651451526
ZNF582,0.02429881395552265
FBXO42,0.024291498666654348
LINC02832,0.02428745388159472
STX12,0.02428188146800904
AL109811.2,0.024275553465512658
EML5,0.024264881856690554
CHAC1,0.02426414918938315
TPRN,0.024264129977212716
LINC01186,0.024262066722487804
RASSF4,0.024260122642451233
MZB1,0.02425850483902336
AP5B1,0.02425439331165919
ZDHHC19,0.02425119431316331
GEMIN5,0.02424629882755882
CCL25,0.024242090569458235
SLC30A5,0.02423989645261785
AC008496.3,0.02423939054835095
OSBPL2,0.024231836619183465
TNR,0.024221935878869512
ANO5,0.02422145680224794
AC096647.1,0.024212557994400672
SLC45A2,0.024210089028664093
PRICKLE4,0.02420893488441452
KIAA0101,0.024206854784465402
PSMB5,0.024204344118485637
HPS4,0.024202428838159904
XYLT1,0.02419592966019228
KREMEN1,0.024193556215231806
METTL14-DT,0.024191479760034596
NAA60,0.024183666610500854
ADAT1,0.024182764577577842
ZNF566,0.024180267089059213
UQCRQ,0.02418002936906835
AL355336.1,0.024174767322443107
RAMP3,0.024174084346497888
SPTY2D1,0.024170001801297823
CCNK,0.024167240440129308
TAF4B,0.024166556175180483
TRAPPC4,0.024165888035727875
NOXA1,0.02416544679247769
SAP30BP,0.024153661384476235
CD4,0.024149616259046044
AC064807.1,0.02414667165224405
JOSD2,0.02414341232119499
EDNRB,0.024143373327366865
PDE8A,0.024135115430338406
NT5E,0.02413486941030015
SELENOK,0.02413305531956197
SMG6,0.0241326083485754
SPAG8,0.024129889054201412
LINC02617,0.024128722969839513
VPS26A,0.024120629504195294
BECN1,0.02411802956550587
STBD1,0.02411499772225071
MAPRE2,0.02411360906763911
GOT2,0.024109299054943023
CEMP1,0.024106589806081758
RBBP9,0.02410529539329907
LINC01301,0.024102323500369716
CLDN3,0.024100711355354243
TMEM170B,0.024098145247242832
IL1B,0.024090603942449686
TMEM104,0.024084018874501695
AC087286.4,0.02407323191405507
AC138696.2,0.024063076204167907
AC009133.1,0.024058302394046015
AC092803.1,0.024055181804988782
PRKCZ,0.024053315757155996
TRBV18,0.02405314290263893
LRRK2,0.02405234194015846
TRIP10,0.024050706111341448
SSBP3,0.024046588345169585
KLHL38,0.02404083038872921
IRF5,0.02403434880080103
CRNDE,0.024032695431538232
ARL10,0.024016622962715707
MYCBP,0.02401509733279126
AL359697.1,0.02401105358691362
MLLT6,0.024009272726150076
U2AF1L4,0.02400693527985619
KIF3B,0.023999274345050933
AC018645.3,0.023996696637009943
FAM89B,0.023995052659600207
SCAF4,0.02399324458466889
GAA,0.023987241374566842
HIST1H1E,0.023985552538992524
KDM7A,0.023985295751569692
RHBDD3,0.023980045426872966
ADAMTSL5,0.023979873797318824
SREK1IP1,0.023970742033577172
GTF2E2,0.023968596465774726
HLCS,0.023967394882363602
ZNF154,0.023960574302109423
IFITM2,0.02395905648314191
DHRS7,0.02395819784404548
ZNF469,0.02395474823556365
NEK8,0.023948620588059792
ADPGK,0.02394556442692158
AL022157.1,0.02393995219672796
KIAA1324,0.02393823706349989
MRPL14,0.023934496052695473
AC118553.1,0.0239326121874836
MGAT4C,0.023929291778110644
PCBP1-AS1,0.023928910193524566
CHST11,0.023928129928745132
TIGD2,0.023914744413028124
TRNP1,0.023912533200928517
LYRM4,0.023911991534351865
PABPC1L,0.023910245020366133
WDR43,0.023905636909346755
PI4KB,0.023905243363509077
FAM160A1-DT,0.0239027319158047
SNIP1,0.02389369213655021
CIZ1,0.02388671855733273
ZDHHC1,0.02388576898211218
AC009501.3,0.02388517698908537
KIF24,0.02387509174331702
HIST2H3PS2,0.023870433998757424
AP003119.2,0.02386621106725959
MIA,0.02386579230367805
CCZ1,0.02386286128839001
CXCL14,0.023861258957343236
EVPLL,0.023857631204205094
AC007032.1,0.023852327524368687
CAMLG,0.02384663290481476
TTLL6,0.02384233506402875
DNAJC5,0.023840044706461963
RIPK4,0.02383025917892613
C9orf106,0.023828241479493
CABLES1,0.02382737265329394
ZFAT,0.023826751714997582
TLE5,0.02381359426417737
MRTFA,0.023811564924112866
CBWD5,0.023806557799347733
AC008063.1,0.023797703231917502
KCND3,0.023784944188742888
CHFR,0.023779526387672927
LRRC71,0.02377391104848055
ANLN,0.023770352275675997
SPECC1,0.0237589297622802
SPINK9,0.023754868123632977
SNW1,0.023746926763412415
ACSF2,0.023740627341614768
ZBTB7C,0.0237401874894523
PPARA,0.023737546868830957
SLC46A3,0.02373681379806286
ARHGAP26,0.0237263520667426
ZNF30-AS1,0.023724282700641
ARHGAP44,0.023719194245710267
FZD9,0.023711822661725248
AP005329.1,0.023709440149604563
LBHD1,0.02370144417407851
BLVRB,0.023693527810687218
THBS1,0.02368872199643133
WNT7B,0.023686373217498828
FCRL5,0.023671031609798637
PTK6,0.023670368159977834
TMEM92,0.023666808196758784
WASF2,0.023664523335697615
MPP6,0.023663384004488613
THAP9-AS1,0.02365759959330306
PRKCSH,0.023645219996068237
AC107419.1,0.02363669329253163
KCNMB2-AS1,0.023632046992427557
AC087741.1,0.023631215994759806
PADI3,0.023626197086820195
STX10,0.023616621949530438
MYCBP2-AS1,0.023609614865365162
TSPAN7,0.0235961409608847
C3orf38,0.023591222763552713
TMEM176B,0.023590882555616786
CCDC13,0.023589070803258214
SPOPL,0.023583573026822246
LAMA2,0.0235826922814599
CGNL1,0.02358259639685703
SRR,0.023570209179001603
DGKQ,0.023568521870812306
NBPF19,0.023567741183270246
LINC01135,0.023564394367171088
GOLGA8B,0.02356188651505917
AL121899.4,0.023548841069557243
HAVCR1,0.02353735080888056
MORF4L2,0.0235345051770907
GNMT,0.023532141005659063
PLD2,0.023530076896861457
FUCA1,0.023529040546998805
IL10RB,0.0235269264795983
AC004982.1,0.02352277808621994
ADAM11,0.023521517026830065
SLURP2,0.02352076985560145
CDK2AP2,0.023517723914525123
EAF1,0.0235121069373165
DHX30,0.023506247448300453
RP11-1275H24.2,0.023495934781799725
RP11-401F2.3,0.023495933426865675
FAM19A2,0.023495933426865675
RP5-1136G13.2,0.023495933426865675
RP13-726E6.2,0.023495933426865675
FAM184B,0.023494750905719262
AL691482.3,0.023491932606417847
RTL6,0.023480238524140842
NAT2,0.02347387976375916
UBN2,0.02347263929354644
GAS7,0.02346811393717181
DERL2,0.023465620515970585
AL139243.1,0.023445150106197042
ERC1,0.023440776538298815
TLE6,0.023432864795053663
ZNF124,0.02343280578737343
LYPLAL1,0.023427397121922395
TMEM94,0.023417448343266537
CASK,0.023416714867493776
IP6K1,0.02341636956260288
IL17RB,0.023415926429556214
ATP8A1,0.023406321796203052
TBC1D5,0.02340143131295687
AL121672.3,0.023393605647277976
AC073957.3,0.023392387671995033
IGKV3-15,0.023387598302986076
TLR6,0.023386726946118055
RAP2C,0.023386489907820513
ZNF658,0.023383275807600235
ZNF180,0.023381642356489585
TCHH,0.023381499106201315
VPS8,0.023380764752213956
USHBP1,0.023378345305551936
WRAP53,0.023367212703932678
KIAA0391,0.023364179072325082
FO538757.2,0.02336294962580712
AP001258.4,0.02335733697713869
NCF4,0.023354294194300095
ASGR1,0.023354150191992797
AL162511.1,0.02335371292838047
ELMO3,0.023353348181177826
WDFY1,0.02334913707253296
CNRIP1,0.023343323235090297
AC069234.2,0.02333770276040489
RIBC1,0.02333437987394811
ALOX12-AS1,0.023331492480073688
ATP13A3,0.023330858354447093
BTK,0.0233294860214747
SIDT1-AS1,0.02332686979263985
AC236972.3,0.023324877754957705
AC008691.1,0.023324217553158333
RHOXF1,0.023321855821314845
CALML6,0.023321855821314845
SLC7A10,0.023321390576006056
HIRA,0.023320735633266844
PAX8,0.02331020664394755
AQR,0.023307963360835553
NPIPB13,0.023304329940457263
DMWD,0.02330042285284431
SCIMP,0.02329528279493477
CAV2,0.023294957859866246
USP13,0.023292911805728202
CD93,0.023291956587043465
FOXJ2,0.023287042436796485
SUSD6,0.02328409208878768
AP000240.1,0.023282538209116386
SPRY4-AS1,0.02327736910252901
INO80,0.023275618623559986
EPSTI1,0.023273496059176585
MSI2,0.02327280673959144
GRAMD1B,0.023267346308980405
AGTRAP,0.02326468340209056
AC105411.1,0.02326343926743573
HIP1R,0.023259478479619032
VGLL3,0.023255987746388228
ZDHHC6,0.02325591909446833
AC022211.2,0.023253954823071542
CD59,0.023250960692201113
MEGF11,0.023247315946912567
KPNB1,0.023246835589132174
ZCCHC14,0.02323150394682316
TGFBI,0.023227248526080043
AL022323.1,0.023223496660905476
AL391244.2,0.023208089082842043
ZSCAN9,0.02320394040539695
RTEL1,0.023203124929714665
XPOT,0.023202256655721953
ATP6V0C,0.02318285940730022
MEF2C,0.023182620067323335
PRSS53,0.023181224275234343
MAP2K7,0.023178103423895435
PEX6,0.02317439561831273
RP1-122P22.4,0.023171918009618313
KLHL18,0.023170658613954502
NEK1,0.02317049399943258
CFAP65,0.023169294373788105
GRK4,0.023167914793441827
C7,0.023165250618295614
AL358781.1,0.023163553534333428
ACTN1,0.02315638904391751
CD68,0.02314968209738408
CBX7,0.023147393372777603
TADA2B,0.02314638141142585
SLIT2,0.02314349221112081
CCDC9B,0.023141883761257226
FHAD1,0.023136437427126805
SEPTIN7,0.023133440013218383
GABPA,0.023127763480958335
ARSA,0.023125471893795654
UBASH3B,0.02312150688429723
GREB1,0.02311983024772427
HPCAL4,0.023119737077659935
SNX18,0.02311724192531108
AC010136.1,0.0231106221890714
IL6R-AS1,0.02309767243819112
PRDM4,0.023094999077602166
TBC1D2B,0.02309459094137718
MNT,0.023091565262842454
GSTCD,0.02309047648431287
MED17,0.023081568737199146
TMPRSS7,0.023074388156500137
INAFM2,0.023074151544067358
JAK2,0.023052378845247145
KNL1,0.023051938494076076
BTN3A2,0.02304697202204223
ATP13A1,0.02303772412308566
TIMM23B,0.02303769911827293
AL031666.2,0.02303603912866591
AL031123.2,0.02302437179690571
TMEM245,0.023020720563253202
TCTN3,0.023019194898306096
MEPCE,0.023014112699087406
MPZL1,0.023010457863798166
CRAT,0.023010290533206475
DDX60L,0.02300701450128377
AC013565.3,0.023004072547392986
AMOTL2,0.022998807451429425
AL590434.1,0.022997388390629262
GRIK2,0.022997388390629262
NHLRC2,0.0229969632017881
LINC00862,0.022995837473652685
RPRD2,0.022994880502971535
ABCB6,0.02299175180305964
CRPPA,0.022991528570164767
MRPL27,0.02298524016237821
AC007950.2,0.02298393186854447
DYNC1I2,0.0229835612966125
DIS3,0.02297701110544844
PIAS3,0.022973633852598492
AL356277.3,0.02296921236511841
AKNAD1,0.022967408286725284
TTLL7,0.02296336841011876
FCHO1,0.022954012136665106
NRG1,0.02295142882693585
AL136038.5,0.022950109509541693
AC018557.3,0.022945245969659158
PPP6R1,0.02294178232060928
AL627171.2,0.022939058383672613
RP4-758J18.13,0.022931473364175958
RP11-15A1.3,0.022931473364175958
CTD-3185P2.1,0.022931473364175958
IL27RA,0.022931267065300125
JMJD1C-AS1,0.022925725414994467
HADHB,0.022924444679908076
RP11-98I9.4,0.022923242969996854
AC004231.2,0.022923242969996854
TMEM55A,0.022923242969996854
SEMA6A,0.022920820575722884
GPER1,0.022912889505534828
STXBP6,0.02288483674415898
PRR14,0.022883870432101928
ZNF326,0.022882807666419407
NSFL1C,0.02287907706159388
STAC,0.02287893902295459
LINC02694,0.0228727427579392
CCL4L2,0.022868499390553503
NBR2,0.022866531213248026
KPNA4,0.022856632327236077
KDM2B,0.022852674690351387
CREB3L1,0.022849575108484507
PSMD6-AS1,0.02284787296071004
AC007546.1,0.02284741463057396
TSNAXIP1,0.022843418784872022
VSIG1,0.022838287611017777
MICU2,0.02283747696279585
IGSF1,0.022829512765257364
GAS6-DT,0.022829459786229418
DYNLL2,0.02281778912630999
CR1,0.022817121412750347
LDLRAD4,0.022813843752913218
EIF2AK3,0.02280920561834015
FUT11,0.022806537476737037
WASL,0.022804439486172567
AC004494.1,0.02280144551472146
DHX38,0.022800604868537713
FKBP11,0.02278925139897718
NDUFAF7,0.02278691710899025
AP000331.1,0.022780514779447276
ADD3,0.022775687966378272
KLC3,0.022763934967188242
AC005840.2,0.022759957572369507
SLC43A2,0.022758479109298554
KHSRP,0.02275779966558542
AC008771.1,0.02275396455439451
ARSK,0.022753019734339953
MYLIP,0.02274924820866415
GMEB1,0.022746691601328913
ANKRD10-IT1,0.02273668308559044
AC125611.3,0.022733448787391454
PTGES3L,0.022731594892572468
CCDC184,0.022728784449230502
AC087482.1,0.022722647584944515
STK32A-AS1,0.02271914471682103
AC022413.2,0.022714621921390548
ZBTB20-AS5,0.022696693849670414
AC021752.1,0.0226916818305471
TRAV14DV4,0.0226904414401247
C9orf72,0.02269034598204178
ENO1-AS1,0.02268715317934137
USP45,0.02268302580732897
STOX2,0.02268256005033786
AL049828.1,0.02268141205213545
AC125603.1,0.022677898603807124
CD79B,0.022669191575342605
EPHA10,0.022668368066678192
ITGA4,0.02266590112686121
ZNF717,0.022665263087318893
ITGB3,0.022663904970056162
COP1,0.022657273968219004
ISG20L2,0.02265317571680248
RHOBTB3,0.02265261666266461
CDC42BPG,0.022648075307377367
RELL1,0.022645873069740318
EP400,0.022641715379922562
CH17-340M24.3,0.022635658134915373
TET2,0.022626529637394862
NPHP4,0.02262101858223954
AC073343.2,0.02261490889037479
AC012184.4,0.022610469640731885
MAN1B1,0.022602841337843217
AC096564.1,0.0226023398737928
SNHG15,0.022597676087464654
CYFIP2,0.022586494027497326
GON7,0.022586013234085923
MUC5B,0.022585753036934372
PRKRIP1,0.022582625633920043
POU2F2,0.022565443519561926
SLFNL1,0.02255262656469591
EHD3,0.02254618903060481
BZW1,0.022545823379636704
AL121603.2,0.022531177878183834
LBX2,0.022530151675453965
RBFOX2,0.02252233846786006
FOXF1,0.022511455336878785
TNXB,0.022509872650667315
TMEM181,0.022501751443386325
TERC,0.022501428061265698
RPP38,0.022499459948082848
TJAP1,0.02249499475589589
TSC22D3,0.02249412626207545
ATOH8,0.022491193971629554
MAFTRR,0.02249058310258038
ZNF184,0.022489516701888302
PARP3,0.02248283645368991
ZNF567,0.022482158472230385
TM2D2,0.02247590244719036
ZNF570,0.02247554124099027
MSMP,0.02247043646988784
FAM114A1,0.022469788652630013
IRGQ,0.02246869289839664
SPARCL1,0.02246179758655199
DCAF7,0.022459688166573018
AC020907.1,0.022459592998058484
GABBR1,0.022457902287679896
PIP5K1B,0.02245517804908564
CNGA1,0.022454467290564484
BX004807.1,0.022449175878350786
CDC14B,0.022446715186906108
AC008014.1,0.022444207713303826
ASMTL-AS1,0.022429472942198558
HIP1,0.0224198263699372
TRIO,0.022413932629078395
SOGA1,0.02241239295910124
LINC00520,0.022412160993438783
BTBD3,0.022404881568192134
TUBB6,0.02240080837122659
CEPT1,0.022400783633489383
METTL14,0.022396893540612778
RNLS,0.022392272857440495
AC008397.1,0.0223916887254173
PHYHIP,0.022390444307259064
AL591895.1,0.022384015889348477
ATP8B1,0.022379482024604807
PDHX,0.022376613078401313
CELSR3,0.02237388827284583
SENP3,0.022373751408981547
AL035446.2,0.022372315816920566
STX2,0.02236976531479573
UQCRFS1,0.022368433167444086
PRPF39,0.022368202117054217
ST6GAL1,0.02236813131002949
AL358472.4,0.022362192951340665
AC026471.3,0.022361559783921337
PSMD9,0.022355838256272974
WWC1,0.022353738242383885
ATG16L1,0.02235273344010074
FCN1,0.022347767389479925
FBXL18,0.02233940180568713
RBM44,0.02233911444999283
RALGPS1,0.0223369393551946
AP002784.1,0.022327546070107337
IGKV1-6,0.022324832042978866
BATF,0.02232346497050822
POLG,0.02232295268566364
RHBDF2,0.022320004268094697
ENTPD8,0.022317680608109177
AL583722.1,0.022314462796551495
DYDC1,0.02231328711308939
ZNF483,0.022304926642544475
ST7,0.022300051854360545
MAP3K21,0.022298405762249975
C1orf158,0.022290545575693328
U91328.1,0.022284461247787497
SLC39A11,0.022279933603783785
LINC01588,0.02227953995718725
VAMP8,0.02227890399135108
AC011815.1,0.02227758493208428
ULBP2,0.022273553568103146
SLC35C1,0.02227326547044408
MBTD1,0.022270892445019484
ZNF829,0.022270402338402474
MAPKBP1,0.02226768486194795
CNKSR1,0.02226590968451316
GRTP1-AS1,0.022261878430989472
AL035587.2,0.022260448326612833
TRAV36DV7,0.02225914330663651
LINC02649,0.022250289080365793
PCDH20,0.022242383946476495
GPLD1,0.022237683211315033
KIAA0825,0.0222360662268458
EIF1AD,0.02222560243138503
AL118511.1,0.022222741619076267
PET100,0.022219665723884726
ZNF564,0.02221328620591681
KANSL3,0.0222123655137033
PPA1,0.022209043504906465
NAA35,0.02220807538076078
HELB,0.02220769577069533
CDC27,0.022207183948983782
ZNF211,0.022203998355167086
ATG101,0.022200696287971205
AC034139.1,0.0221994808559627
RO60,0.022197631591058774
CTA-363E6.2,0.02218036251189801
NR2F2,0.022180065654836264
RC3H1-IT1,0.02217027018495272
PDE12,0.02216535738736545
GABRB3,0.022165042677098193
SOX5,0.022162863148903478
ING1,0.022158688025230397
ARHGEF1,0.02215712564770844
G3BP1,0.022155089815356473
TSPYL2,0.02215345350721286
CCDC88C,0.022152322844028346
TMEM88,0.02215212595747786
FAR1,0.022152102157731546
AK5,0.022148615562456987
LY9,0.022147746104163795
MRPL43,0.02214538517142942
KLF12,0.02214455197298453
VIL1,0.02214416140098962
PBX1,0.02212496542164824
AC005083.1,0.022123921189932727
ZNF785,0.022117155738837147
SLC30A9,0.02211057489729289
SWAP70,0.02210535271367193
RAI2,0.02209783523989041
EHMT2,0.022096452628416818
EPB41L1,0.022086141659035892
AC006504.7,0.022081016276148686
JMJD7,0.022075440949314164
ECM2,0.02207470089683691
MYH10,0.02206129507131517
RHPN1,0.022060979306470104
NAA25,0.02205999288424931
KATNB1,0.02205889288512362
C1orf141,0.02205655147141455
AC005498.3,0.0220501865963893
SEC22A,0.022041626004982107
TXNRD2,0.02204162032336975
DDX24,0.022040771823053987
NR2F1,0.022038206973778854
UBE2G2,0.022033557913365035
ZNF619,0.022029143787853513
XRN1,0.0220267822540745
FAM224B,0.022018760476754832
C2orf92,0.02201343851485145
PPP1R3F,0.022012824968342108
F8A1,0.02201180552982777
ATRX,0.022009215057867147
SBK1,0.022004997223180407
AC092058.1,0.02199783496974859
IPO4,0.021991794369439634
HTR1D,0.021989471200432383
AL033523.1,0.021982205503299743
MORN5,0.021977523034002227
GPANK1,0.021974579930656244
IPPK,0.021971850461781506
ATOX1,0.02196947693033873
ADCY6-DT,0.021969309862261362
SUSD4,0.021959445225335238
HAUS3,0.021958032843425006
TMEM248,0.021957081697164718
MKNK2,0.021954744384126333
DIPK2B,0.021950520664503266
IGHV6-1,0.02194932577297914
AMMECR1,0.02194926882619963
GM2A,0.021948836363333724
SLC40A1,0.021945651513254727
TMEM200C,0.021941245756294463
FGGY,0.021934179080526365
SLFN12,0.0219294308052156
AC087269.1,0.021928568529602288
SNX33,0.021908587307091935
HHAT,0.0219069397961896
MCF2L2,0.021904849973265025
RP11-800A3.2,0.021899012448593564
ZSWIM7,0.021898147125177382
HLA-DOA,0.021893830126274702
FGFBP1,0.02189229974621397
TMEM190,0.02189193603105766
AC069287.2,0.021888366511483466
UACA,0.021884909211049075
AL161891.1,0.021884682290780492
KRTAP2-3,0.021880850373356173
QKI,0.021880782761545713
ACVR1,0.02187792169843399
PIH1D3,0.021877565796069625
DDHD2,0.0218735622079731
AC015871.7,0.021872347254148695
NAIP,0.021870678220890262
PRDM1,0.021867675036453822
CAPN15,0.021855229124273977
CLIC2,0.021854575257498295
VAMP3,0.0218495531771081
AC007569.1,0.021847936378143175
AC020656.2,0.0218455267381529
VPS33A,0.021843641344654
CBX8,0.02184291365605256
NRSN2,0.02184038845854039
USF1,0.02183351764536107
NPEPL1,0.021829943917955136
ACBD3-AS1,0.02182709696391846
PTPN12,0.021821954341763365
FADS3,0.021821943474177638
RADIL,0.021819558055884838
KIAA0355,0.021817409763775397
ATP8B2,0.02181734364402505
AC010896.1,0.021815960176413907
FBXL5,0.0218104580361008
DHH,0.021810304688607982
NID2,0.021795123183309794
GDNF,0.021782781285131232
IGLL1,0.021777958391984376
SSR2,0.02177607283791788
C19orf84,0.021774125297923656
CLSTN1,0.021770790719213385
HEATR3,0.0217705055359788
SHISA8,0.02176090799972277
SPDYE16,0.0217578550780598
FBXO8,0.02175579601568385
PSKH1,0.021754100285601558
TBCC,0.021749004383621567
PAGR1,0.02174608720114137
RP11-175O19.4,0.021745969739988807
AP001020.2,0.021744919932465537
CPAMD8,0.021741106849120097
ZNF354B,0.021740734007404866
ATR,0.021737494276441723
PSMD7,0.021735733309813824
SLX1B,0.02173529949783157
NUP214,0.02172969255948449
C1orf229,0.021729681705588044
PAEP,0.02172162053919616
PLA2G4E-AS1,0.021719938711069652
THBD,0.02171909210787642
TMEM41A,0.021711028430280943
INSYN2A,0.021709775573583664
LINC00654,0.02170394748442665
RNF212,0.02170199632802134
HAGHL,0.021697800610144344
SMIM34B,0.021694020873788283
AL353770.4,0.021690448962320412
OXCT2,0.021689007099713286
KCTD10,0.021687333607385444
CLASP1,0.021683982307482627
R3HCC1L,0.02168352270817742
HDLBP,0.021674729545354578
AP001029.2,0.021674450001261256
KLLN,0.021669963075896085
ZNF141,0.021669083023772826
SNHG16,0.021666091124722776
MCIDAS,0.02166590519893745
IGHV3-23,0.021658051359033547
ZNF44,0.021652319527906905
NELFE,0.021648268037860442
TSPYL1,0.021647880119108318
LINC00460,0.021632936919441948
AC021504.1,0.0216201548622351
BBS4,0.021617895070642896
INPP5K,0.021617242013523243
DNAAF2,0.021611331278499523
LHFPL6,0.021609016716765586
SELENOT,0.021605427066203747
PKI55,0.021601588942729063
AC005944.2,0.021601588942729063
SOX17,0.02159144930239443
ERV3-1,0.02158284036941981
TMEM167A,0.021576882235385373
OSGIN2,0.021576213410831248
AC243562.3,0.02157528891454782
AC242022.1,0.02157374731177466
GMFB,0.02157102100199496
TAF1B,0.021568005340595088
AC078802.1,0.021557942745244797
WFDC6,0.021554198138852156
IGIP,0.021544599799452512
BTBD7,0.021539871765937586
AC083843.3,0.021539273703911035
FARSA,0.021538952555474885
CAPRIN1,0.021538531697680847
CHD3,0.02153409378700734
CXXC5,0.021532176287396506
DISC1,0.021521436073423734
RGS16,0.021518999692990693
CLEC2B,0.021517408419105856
USP2,0.021516237454293815
PRDM2,0.021505507153025544
LINC00689,0.021495762837978202
CAPN1,0.02149131514749917
VSTM2L,0.021489385665225166
AC104695.2,0.021485988872134345
GBP4,0.02148533528549429
AGPAT4,0.021485103160663144
MAK16,0.021484791426992045
ARHGEF35,0.021481571317060275
CD226,0.021480339783881832
AC087239.1,0.02147854749512694
GTPBP4,0.021478328744008936
BOLA2B,0.021477069811974038
IGHV4-59,0.021465294953773518
LINC00668,0.0214556733906595
AP000254.2,0.021455627515705313
AL034417.2,0.02145316323725464
EFCAB11,0.02144427657010821
LTBP1,0.021433960272231364
HLA-DPA1,0.021432522847899104
LARP1B,0.02142296170434165
AP5M1,0.02142180221577958
CWC22,0.021408654558941843
TAOK2,0.021404898207438076
ODF2,0.02140402086299354
NECAB3,0.02139903566669891
SCYGR4,0.021398359854382987
PANX2,0.02139559390976963
MON1A,0.021394017041725954
ARID2,0.021387618018162066
AOC1,0.02137991414911879
AC112770.1,0.021364529151495473
AC129926.1,0.021360495260046845
TLE1,0.021355499658807304
C11orf52,0.021355214818769043
KRT18,0.02135460344389088
METTL10,0.02135112380153929
SEC22C,0.021347058223797094
FLACC1,0.021346650018412003
PYGB,0.02134464671585805
ECHDC2,0.021343325215778777
ZNF267,0.021342377487443148
AL109976.1,0.021337655533366872
VPS37A,0.021331957055534097
RAB11FIP4,0.021331150150305976
PRKAA1,0.02132446229052421
RP11-809O17.1,0.021322445783229414
PDE10A,0.021318679753031637
AC109587.1,0.021305605951836802
USP50,0.02129694859775662
BLOC1S6,0.021296319464626734
DHRS1,0.021289970532778674
ABHD17A,0.02128899724076704
ARSJ,0.021286747245101663
CRTAP,0.02127831165813126
AC005972.3,0.02127525904456483
AC005842.1,0.021268962159621926
RP1-8B1.4,0.021265916126259665
HOXC13-AS,0.021264116493798575
FRS2,0.02126336204927955
MED23,0.021255069483569613
DNPH1,0.02125458879428276
MAPK13,0.02124991962154497
CPT1C,0.021242752887837234
AKTIP,0.021242016198565247
ABHD4,0.0212417762420595
WDPCP,0.021240668151305975
RP11-468E2.4,0.021240513599058625
MTF2,0.02123287864879418
HYAL3,0.021232376941309746
PPP2CA,0.02123158900569675
SOHLH1,0.021224089457084924
PPP1R26,0.02121441579846362
BDH2,0.021213572250000555
TSR1,0.021212556363543845
AP003419.16,0.021211147673861622
AC106786.2,0.021208691304948412
AC021016.2,0.02120484137965318
KB-1732A1.1,0.021203193322796635
RASSF10-DT,0.02120253037178973
FUT10,0.021196224115020805
CAV1,0.02119447019455221
LTB,0.021190271867074773
AC009495.1,0.021185773646525446
HIST2H2BF,0.021185700753743486
GSPT1,0.02118526436693401
PDE4A,0.0211819924274305
AL021707.6,0.02117259627857041
EPHB2,0.021171315409254415
IL17RA,0.021169252517726125
AP003469.4,0.021166535843876018
SMIM22,0.021163783200764813
SF3A1,0.021162888655135177
MASP1,0.021161956126173994
AL355388.3,0.02116103939575733
RPS6KL1,0.02116025691030444
LILRA5,0.02115888082163292
MAU2,0.021153792283098383
FANCE,0.021152658061088764
PPP4R3B,0.021150111322309206
EML4,0.021146082696974305
SEPTIN10,0.021141401684057638
LINC02418,0.02114120827232527
AC112496.1,0.021136881141368535
LINC-PINT,0.021135659962016523
USP10,0.021129445050233276
AL121761.1,0.02112689776217137
RASGRP2,0.0211194244930786
KRTAP5-7,0.021109255679032785
MIR503HG,0.02110736470810309
RUNX1T1,0.021106903943502148
RP5-884M6.1,0.02109877818854117
KRT86,0.02109214436441575
ZNF37A,0.021084721705221222
UNC5CL,0.02108140468330036
GOLGA8A,0.021079368865472216
SEC14L4,0.02107926307151963
KNDC1,0.021079110049237244
UBD,0.02107185047609915
KIFC2,0.021068837640587545
ARSD,0.021055069095836737
FBLL1,0.021052523902602188
LILRB3,0.021050852729094453
TMEM151A,0.021049107095029065
CASP7,0.021046528724178254
FOXD2-AS1,0.021045481250249354
AGAP4,0.021044108127658157
ATP8B4,0.021038459506362024
ANKRD53,0.02103691111066533
ZNF780A,0.02103550782081637
CDC34,0.02103391531791096
UBASH3A,0.021030201016046884
AC099521.3,0.021027063712250244
CPEB3,0.021018524887532794
CHAMP1,0.02101810476819177
B3GNTL1,0.02101755356485043
TIE1,0.021016178159633643
CXCL5,0.02101613445823174
IL15,0.02101586187957649
ABHD14A,0.021001024336482946
NCS1,0.021001011414062
CTD-2302E22.6,0.02099061268422807
CTD-2555O16.4,0.02099061268422807
RP11-160E2.6,0.02099061268422807
RP11-160H22.3,0.02099061268422807
RP11-23P13.6,0.02099061268422807
RP11-727F15.11,0.02099061268422807
RP11-6J21.2,0.02099061268422807
RP11-173M1.4,0.02099061268422807
RP5-851M4.1,0.02099061268422807
RP11-225H22.7,0.02099061268422807
RP11-219B4.7,0.02099061268422807
RP11-544A12.8,0.02099061268422807
AC006273.5,0.02099061268422807
AP000688.29,0.02099061268422807
RP11-1148L6.9,0.02099061268422807
AC137932.5,0.02099061268422807
KIAA1683,0.02099061268422807
GVQW1,0.02099061268422807
RP11-59N23.3,0.02099061268422807
AC013264.2,0.02099061268422807
RP11-1277A3.3,0.02099061268422807
KB-1592A4.15,0.02099061268422807
RP11-421L21.3,0.020990611958253184
MDP1,0.02098957503336135
ACTBL2,0.02098949272356807
TMEM30B,0.020988179691497286
RBM41,0.020973108598802418
AC018638.7,0.020973092163351963
CCDC134,0.020969399918443776
FANCA,0.020960746840356644
ZNF626,0.020953322066571835
CYP27A1,0.02094227863726099
AL352979.4,0.020938390713808666
AP000439.2,0.020932037550159235
SAFB2,0.020930242646630366
BLOC1S4,0.020926359858328043
PRAF2,0.02092565232798945
BCL9,0.020924576296661297
EHD2,0.020924416945154692
KIAA0586,0.020923271865107996
C4A,0.020923167372499083
AC010834.2,0.020919814763960792
HM13,0.020916524629345692
NCKAP1L,0.02090521519496504
C5AR1,0.020902354629331935
GAS2L2,0.02089797882266263
NBPF1,0.02089503531492639
SFTPA1,0.020891246572603415
ARMC5,0.02088843167281178
CAPN14,0.020888199579223322
WDR45,0.02088783275409539
OSBPL10,0.02088514991712535
TTL,0.02088173276995752
MMP17,0.02088118454934892
INPP5A,0.020875068813842768
LINC02356,0.020873704451689387
ONECUT1,0.020863104319123835
FBXW9,0.0208595459600138
ANKZF1,0.02085898980185181
POMT1,0.020858536447518356
LINC01215,0.020858375639888464
CCDC103,0.020853720920476777
ZNF654,0.020853510291677663
TRIM26,0.020848759029026255
HDAC11-AS1,0.02084522293992441
ACSBG1,0.02084484338597076
AC090617.3,0.02084471079665048
NFE2L1,0.020841900317240564
GATSL3,0.02084144191223067
BCAT1,0.02083943480870106
ZNF365,0.02082867468174259
AC020765.2,0.020826950321238383
CD160,0.02082427094292628
NOL4L,0.020816518171830396
ALDH1L2,0.02080837131993794
ERICH1,0.020808366329630814
MORN3,0.020805400158642136
TFE3,0.020802020184209253
MINDY1,0.020796652736269104
AL133331.1,0.020796245672772197
AC011479.4,0.020792237648751686
DSE,0.020791861688974105
MECP2,0.020789701086485413
ATRN,0.020786825230002973
CNOT6L,0.02078650837986407
COLCA1,0.020782572662485062
NRBP1,0.02077844364141983
PGAP3,0.020774381713692773
TRIM37,0.020755774017706022
FOXK2,0.020754983511829812
DENND1B,0.020748306574968522
MUCL1,0.020745040638221704
MS4A6A,0.020744013667687917
ACSM1,0.020739211214978997
WDR37,0.02073529764416059
LINC01705,0.02073376505499826
PCDHB12,0.020733215781533504
FAM241B,0.02071838647854189
AL137003.1,0.02070890584860759
SCG2,0.02069848072957369
DDX51,0.02069198177975614
PHYKPL,0.02068919050726569
PPP1R8,0.020687992888538953
WDR82,0.020686661463085156
NPIPB7,0.02067969578879303
FAM182A,0.020674426725293776
TMEM53,0.02067310046953488
CTC1,0.02067013606006385
DDHD1,0.02065984464992974
PXN,0.020655836437494482
ABR,0.02065439142237028
TTBK2,0.020649434901823645
AC159540.1,0.02064506264032081
AC034236.2,0.020640335332006148
PTPN23,0.020638691571750065
AFAP1L2,0.020635567988520738
UBE2M,0.020622149119849546
DCAF17,0.020617958627299475
ME3,0.020617504227268706
LINC02274,0.020615066862135954
ATF7,0.020611498549079246
TNFSF12,0.020606859431361712
MPST,0.02059636530427008
NKAIN3,0.02059362276111125
HNRNPA0,0.020589266237924623
TNFRSF19,0.020587151205346366
SDR42E2,0.020585476679394248
CCRL2,0.020584248092215186
CPSF7,0.02058145841336695
ID2-AS1,0.020578443481659166
CCDC71,0.020571675669526997
NEK11,0.02056959503227527
SGK223,0.0205686952455908
PLEKHH3,0.020564415186294475
VCAM1,0.020557959636314172
MIGA1,0.02055663674568095
SLCO4C1,0.02055487733319446
NAA20,0.020551111232031797
AL645939.5,0.02055024285285638
AC099343.3,0.020547080894165404
CDH16,0.020544623295703075
AC008870.3,0.020541656955244764
PCDHB9,0.020539920332686642
ZDHHC18,0.02053630083817014
BMS1,0.02053507751860531
AL513550.1,0.020533943332360433
MAPK8IP1,0.02053065819693321
ZCCHC24,0.02052931706009407
MFSD2A,0.020526141400316614
WWTR1,0.02052519682170366
TMED2-DT,0.020523022548646717
PTGFRN,0.02052262290140422
RPS10,0.020514735969475
APOBEC3A,0.020503932677482285
BPHL,0.020495205646559822
ZNF678,0.02049013747038077
ARFGAP1,0.020487116574466318
CDIPT-AS1,0.02048313712620834
RP11-91G21.1,0.02048313712620834
RP11-666O2.2,0.02048313712620834
CTA-292E10.6,0.02048313712620834
PRR5-ARHGAP8,0.02048313712620834
CTB-50L17.14,0.02048313712620834
LLNLR-268E12.1,0.02048313712620834
HRASLS5,0.02048313712620834
NEURL4,0.020480619094920462
CD37,0.020479084824512453
PPHLN1,0.020474514854956175
RIN1,0.020473800644172632
ZBED5-AS1,0.02047333102061299
GAB1,0.020471200842767195
SLC9A1,0.0204680524842299
PDLIM2,0.020461373039160437
RP3-522J7.7,0.020457089003617528
PGS1,0.020449754347361463
LCN10,0.0204482332437813
ISPD,0.020445219396079496
PFDN1,0.02044399106312425
TRPC3,0.02044111118276897
OSTM1,0.02044029298496988
GCM1,0.02043942897375377
STX11,0.020427312289784415
ERLIN1,0.020416445931509753
REEP6,0.02041585303841683
ABCA1,0.0204133067123743
AKAP6,0.020409846536777732
COL15A1,0.020407751848837693
IGHV3-49,0.020403436275864717
AC036103.1,0.020402209585621427
EIF5B,0.020399125013146276
LINC01748,0.020398234090132448
RFT1,0.020395050273533777
GK5,0.02039385752883899
C21orf2,0.02038242633914466
BANP,0.020381773290374862
CYP4F3,0.02037472426529851
FAM197Y6,0.020373888880961498
IL1RN,0.020369951036577256
AL157834.1,0.020367373427655665
TRPV1,0.020366231851338124
AC018553.1,0.020362323873054942
MRTFB,0.020358383118176917
AL355334.2,0.020357930878238326
AL355312.4,0.02035134526444152
MGAM,0.020348094588552586
ZNF350,0.020347202138758225
AC011379.2,0.02034670059164831
NYAP2,0.020345190809750936
CCHCR1,0.020342006705752806
OLR1,0.020339405186546918
NPTN-IT1,0.02033921467135894
DENND4C,0.02033894938415314
MYEF2,0.020333506193013853
RNASEL,0.020327310657241405
RSPH3,0.020322157770601035
C1QC,0.020320876129543548
DHCR24-DT,0.02031142739453975
RARB,0.02031113331335489
GSTT2B,0.02031108164662979
COG2,0.020303363270649494
CLDN12,0.02030128042244456
MFSD14B,0.02029734516912047
CYBA,0.020292278414293523
TMC6,0.02028101907947343
CPS1,0.02028032110903057
GNPAT,0.02027736128183324
TIAM2,0.020275067528497157
MLEC,0.020267783928279097
ZNF234,0.020266497831882155
PRDM15,0.0202538556916271
RNF223,0.020253304824137536
PVRIG,0.020246542414685043
RBIS,0.02024264780690869
ZNF667,0.020242598736371967
KIF14,0.020236680582213385
STN1,0.02022986424973797
ARHGAP30,0.020221937301900934
AL138826.1,0.020220766627561962
GET3,0.020214737140095255
JAZF1,0.02020895593796372
RP11-496H1.2,0.02020750833921923
SMIM10L2A,0.02020617603239102
VIRMA,0.020206148182330227
AC035140.1,0.02020466419549472
WWTR1-AS1,0.020203790079866897
C2CD2L,0.02020186336433685
PELP1,0.020198659916402496
SEC63,0.020196374764709115
EHMT1,0.020192362584418436
AC104031.1,0.02019231000836714
CIR1,0.02019124519092686
ERCC6,0.020189741625856978
AC083973.1,0.02018709358471033
RPS6KA4,0.02018556796669308
TBCK,0.020184456150530074
TRAPPC11,0.020181185786399887
EZH1,0.020177967123766797
GRAMD4,0.020169679782868984
SIGIRR,0.020163942053675832
AC116366.1,0.02016274752089493
PLAC1,0.020162105773845643
DLGAP3,0.020161904304784067
CNEP1R1,0.020160960988159744
SLC52A2,0.020150308642789008
CHUK,0.02014771013838578
TMEM106B,0.020145635067595088
ZNF484,0.020145031939824403
AP005717.1,0.02014461457938638
PIK3IP1,0.020138557834732805
AC010538.1,0.02013717082576832
APOBEC2,0.02013244241695367
AP002026.1,0.020131202888887846
AC004889.1,0.02012449052677267
TUBG2,0.020123030366393027
FER1L5,0.020121283421280778
LAMP2,0.02012080332386082
CLEC16A,0.020120422511092844
CAND1,0.02011663040974752
SLF1,0.020116190980322378
MEX3D,0.020106767799752394
LINC02300,0.02010648182365185
AC009403.2,0.020102566753820425
SYK,0.020100611954399224
MLLT1,0.020098262386703813
SHC2,0.02009681020158325
ISCU,0.020092594398143433
JCAD,0.020090641489835057
ICAM3,0.020090490727116495
FDXR,0.020090397395181453
SLC35A3,0.020082230007737602
TP53I11,0.02007580318076948
Z82195.3,0.020074458620088796
SNHG31,0.020062441460473954
AC010595.1,0.020058110633399875
ZNF573,0.02005441632189706
AP000766.1,0.020045531918106856
ACVR2A,0.02003956544890775
BTBD8,0.02003943044184382
TRAF4,0.020033553023426055
LYPD2,0.020019916082875316
SLC31A2,0.02001991538846476
PAPPA-AS1,0.020019442250791344
GBA2,0.019999415718257696
RGS5,0.019998499632822707
HERC2,0.019997897979519973
DHRS4-AS1,0.019994228907358462
LCN2,0.01998508955424541
FSTL4,0.01998464834109282
SLC5A8,0.019984392447881257
HIST2H4A,0.01998223967086087
TAT,0.01997769422635406
AC068888.1,0.01996432944489465
SLA,0.019963965500829663
IRGM,0.019961904540574567
AC009119.1,0.019961591080607074
PQBP1,0.019959988163238067
LINC00921,0.019959850360105925
AC138466.1,0.019956242351362393
LRRN4,0.019956183957338766
LINC00607,0.019953215336540122
RANBP3,0.019952355409842887
AC011374.2,0.01995188459647994
HLA-DQA2,0.01994908233367602
AC053503.2,0.019948926410676304
SRC,0.019943933343308802
JRKL,0.019943802978481515
AC005618.6,0.019942018564887948
AC007823.1,0.019941666687208807
DDX50,0.019941475250751517
OMA1,0.019937116544639918
ELL3,0.01992304518573397
COG5,0.019922904941454316
TMEM200A,0.01992273281878305
DDX54,0.01992159529944504
CHST5,0.019918874288385263
INTS5,0.01991730926916984
LTBP3,0.019916572061770783
TTC37,0.019908400506959287
BLK,0.019907833055700236
RNF149,0.01990544452222427
FCER1A,0.01990004661996985
C1orf43,0.019898172926731513
MEAK7,0.01989450321467608
PRKAG1,0.019893549547913048
ADCK3,0.019891743114077515
DHFRL1,0.019881001482774847
AL442663.3,0.019880803613249395
ATG9B,0.01987959898493906
CIAO3,0.019878981587992728
ETFBKMT,0.019878841247471572
AC084125.2,0.019878642581519806
AL161910.1,0.01987762166176574
NOTCH2,0.019864549275325074
AC000068.1,0.01985958006634066
IQCA1,0.019859508995368688
RGS20,0.019857605881561546
RFX3-AS1,0.019854608193885032
NFYA,0.019840523643663954
HOXA1,0.01984017139721308
SOCS3,0.01983974286491847
KHDC1L,0.019839664312243148
EREG,0.019835159095506382
AC099314.1,0.019834059491105206
PAF1,0.019830789294934186
GLRA3,0.019829760362197194
RP11-545E17.3,0.019829239131370576
YIPF2,0.01982804310714692
PPIB,0.01982332768001078
AL390957.1,0.019821233346822006
CAD,0.01981196008980732
FUBP1,0.019807218666890825
ZNF726,0.019804840832022826
NPIPB15,0.01979754322822258
AL161665.1,0.019797367965161468
ZDHHC24,0.019797325000872442
C6orf226,0.019794612714078296
TMEM216,0.019792898359135364
ZNF582-AS1,0.019773627023825117
AC037459.2,0.019769868227969074
DTX2,0.019765454464412555
AC104794.3,0.019763002785790226
ATP6V1G2,0.01975785500826376
PQLC2L,0.019747532489779892
NFIB,0.019742052658459016
TRAPPC5,0.019735049670180298
CHORDC1,0.019731442416973707
AC128687.2,0.0197232062067889
WDR59,0.01971541278108136
DDX20,0.019705568322468652
KNOP1,0.019698739782574297
AL732437.2,0.019695109723620402
AGBL2,0.0196907812227051
PHF7,0.019685449564919716
AC092903.2,0.019680646338903627
GP6,0.019677142100071023
DNAJC11,0.01966886432795148
MFSD5,0.01966691778592095
MGP,0.01966495040806867
PARS2,0.019660978864798197
ZBTB8A,0.019655152344858002
MLKL,0.01964804975969148
PTPRB,0.01964795667180377
AC000032.1,0.01964794563322167
LINC02435,0.019646003032123976
PPP1CB,0.019645015802989108
GPR137B,0.01964498758149822
AC087645.2,0.0196447459126788
FLVCR2,0.01964229294958335
ZNF449,0.019633399265803073
FZR1,0.019630594539376833
IL32,0.019626272481737147
IRF7,0.019623652561696105
LINC01843,0.019623122698183185
NUP210L,0.019622128583186352
AP4E1,0.019621922760999073
GMPR2,0.019617296464857145
AL512274.1,0.019613848578312578
PDIK1L,0.01961276172902268
RAMACL,0.019609445290656585
LINC01806,0.019601821892647798
PEBP4,0.019597965792293053
ATP5A1,0.01959734613770515
PEG13,0.019595334714011425
C2orf49,0.019590453491350343
FMR1,0.019589900277312965
SEL1L,0.019588094343978027
NAGPA,0.01958193565083039
SLC11A2,0.019581559702523114
AQP4,0.01958117063468929
SHC4,0.019581153056355695
PDE7B,0.019579500974900008
CCDC51,0.019576777378868964
OSGEP,0.019574121544096535
TRABD,0.019573288090785766
UBE2D4,0.019571241609368555
HIF3A,0.019567301754704263
AJ011932.1,0.019566258378483855
USP37,0.019565096020712866
AC023510.2,0.019559236147877135
KIAA0895L,0.019558600151960478
MHENCR,0.01955830337296553
SIAE,0.01954806460055712
ADGRA3,0.01954051665426692
CCDC33,0.019538357164880362
FBXO27,0.019538282734283537
AC015917.2,0.01953696252587746
AC068338.2,0.019536455505008862
AC091488.1,0.01952710879175854
HSPA14-1,0.01952523619254083
CCDC198,0.019519378662204896
MST1,0.01951725280525893
SNX2,0.01951506549573504
AC135782.1,0.01950864124100652
DPY19L3,0.019502164069081257
CARD16,0.019501418391322755
AL160313.1,0.019498084920828763
PTPRT,0.019496098908034182
IGKV1D-39,0.019494273298599776
RP5-1120P11.1,0.01949134992189928
KLRG1,0.01949059320804389
FBXO43,0.01949026027275373
IGBP1,0.01948905563351445
BBS2,0.019484993609529676
CCDC112,0.01947907934293863
GLO1,0.0194754203553536
ZMYM6,0.01947443682275605
P2RY2,0.019473526369878702
SLC22A5,0.019462309059849962
CNTNAP3C,0.01946110411611497
MTMR2,0.019460056081123
PIP4K2B,0.019458613528396645
AC022101.1,0.019455041246946535
RP11-1114A5.4,0.019452831061499472
AC002451.3,0.01944738505233714
RP11-7O11.3,0.01944738505233714
RP11-989E6.10,0.01944738505233714
RP11-195B3.1,0.01944738505233714
USPL1,0.019440108504776343
TRPC4AP,0.019438199130479367
MAP3K14-AS1,0.0194347716232588
KAT7,0.019433721177945992
PAPSS2,0.019433478703084386
DCDC2B,0.01942945551574883
ZBTB8B,0.019426807668262703
ZNF501,0.01942469201262502
HSPB8,0.019408625679097145
TM4SF4,0.019404863435006334
OARD1,0.019402830759017425
CSGALNACT2,0.01939913556326451
AC004803.1,0.019387771758573695
IL1R2,0.019376693974543564
SBNO1,0.019373959583160256
METTL23,0.01936881661762048
ARID5A,0.01936796149042111
FBXO7,0.019363026302454515
STYK1,0.019358876284946872
ZNF23,0.01935538253953197
LINC02257,0.019354254392604228
ARFIP1,0.019349215910114993
CNGA4,0.019347256286734373
UCHL5,0.019341190831653195
AC005753.3,0.01934075794822169
AP3B1,0.019340103058642387
AC024560.2,0.019339566461149652
AL160171.1,0.01933940601372347
AC024257.3,0.019338389124165793
LINC01572,0.01932220518345933
PSD,0.0193198580186195
SERGEF,0.01931835040062088
INCA1,0.01931654576236231
ARHGAP31,0.01931567366955631
ARF6,0.019311642007563908
NANS,0.019310579462275372
PLAG1,0.01930753149064911
DOCK2,0.019306683357604246
SLC5A2,0.019293323982131384
AL031432.4,0.01928976974976728
P2RY1,0.01928891617358168
AC011416.3,0.01928868009879029
BMF,0.019287058208348803
MOB1A,0.01928385749790833
AC083862.2,0.01928214542559401
VMA21,0.019281798005685594
TRIM23,0.01927763141932686
FKBPL,0.019271935675714613
LINC02535,0.019266042927922073
CHST8,0.019255387502336314
NSA2,0.019254108937438254
PCSK6,0.0192497581702418
P3H3,0.019244898592642425
AC078909.1,0.01924020038694308
AL731684.1,0.019234206064110596
BRD1,0.019233269023122224
SEMA4C,0.019230178684703485
SERPINB3,0.019227305860194922
FAM185A,0.01922652336788773
GOLGA5,0.01922639254632146
AC004707.1,0.019221061727872014
CHP2,0.01922011925506108
ZNF433,0.019215344920976096
PTGDS,0.019210666679421316
CNTNAP1,0.019210551114667154
AC138969.1,0.0192090358086812
CNOT4,0.019204800702988065
AC100827.4,0.01920452403088201
DBNDD1,0.019203395727525968
CSKMT,0.019200066452376683
ATP8B3,0.01919679876752307
ZNF75A,0.01918935684204091
TAGAP,0.019182198134533538
LINC02582,0.019177867227327866
ATP6AP1,0.019176097586004442
CSNK1G1,0.019172219389647555
LURAP1L-AS1,0.019164210404428127
Z92544.2,0.019160575167100242
RASSF1,0.019159647189719416
SH3BP2,0.01915809707854229
AQP1,0.019154159517883563
MTMR8,0.019152085736622217
SPAG5,0.019146696770203635
NEK7,0.01914144572150283
GLRB,0.019140315911798485
ANKRD34B,0.01913913306904394
SRPK3,0.019136882000147112
CEP44,0.019134072736864835
SCARF2,0.019133028279603597
RBKS,0.019128137802564425
DRAM2,0.019126021518354533
CBLN1,0.01912041880025768
DBNL,0.019117255832017947
ZIK1,0.01911722810875044
MLH1,0.019117102267879674
KALRN,0.019115258924201926
TIMP3,0.019113363788795103
ASB6,0.019111633935625018
POLR3C,0.01910955889981287
PIGQ,0.019102592824749243
AL137847.1,0.0190950852348058
UHMK1,0.01909455550869251
JMJD4,0.019094354892783494
CLMP,0.01908879437328576
ZNHIT2,0.01907178903284335
HSD17B7,0.019070971298660817
SGSH,0.01907011176351791
GGT1-1,0.019066675687668795
PASK,0.019064306557487823
HECTD3,0.0190639098045673
AL354793.1,0.019058552169331864
AL592430.1,0.019055668776230054
NDFIP2,0.019052427472878115
CLMN,0.019049054306251045
AL451085.1,0.019048737309263444
GLMN,0.019046124492182598
MROH6,0.01904370518306314
ALOX15,0.019041308818135132
TSPO2,0.019035313863746156
CPE,0.0190346433367631
NUTM2D,0.019027303846331948
TMEM45A,0.019026915135348463
CTSZ,0.019022761863283513
CPA6,0.01902260765519148
CCDC91,0.01901228393803156
C11orf86,0.01900741714986713
PHYHIPL,0.01900139368006223
NIT1,0.018994885622342982
ACP5,0.01898756483383959
YY1AP1,0.018985838391409042
RABAC1,0.01898171761415054
EXOC3-AS1,0.018981028644437386
C1orf226,0.018974969462594977
MAP1S,0.018972295325921075
FBXO46,0.018971656661180777
ST6GALNAC4,0.018958100080944985
AC092745.4,0.018957765348087952
MBNL1-AS1,0.0189524789503089
SLAMF1,0.018949121772365646
APOBEC1,0.018945793371386164
ISG15,0.018943874835243846
TTC7A,0.01894110538916341
DENND5A,0.018939726853951837
PURB,0.018936869369581246
NOTO,0.01893391773033893
AMY1B,0.018932993551235823
Z99572.1,0.01893293135557271
PLBD2,0.01892917672792606
ZNF157,0.018926611324235166
AL359258.2,0.01892373650537403
HOXB3,0.018922479817520967
BISPR,0.018915275516521043
GJA1,0.01891432769891505
CEP85L,0.01891323156671681
ZNF529-AS1,0.01891170647039605
ECSCR,0.01890788196183027
SEMA3F,0.018905860534413448
MIR137HG,0.01890558551672043
MED14OS,0.01890295959567556
GALNT11,0.018900281937388883
TADA3,0.018898418363626854
AC036214.2,0.01889774687055864
AC084018.2,0.01889760849031998
ARHGEF6,0.01889623592601252
C1orf167,0.018895752026925526
ARHGEF9,0.018888709921777137
CHN2,0.01888686419797666
LAMA1,0.01888659418908966
DDO,0.018881378936086525
MAG,0.018876136467555298
STK39,0.018872311611481386
TAPBPL,0.018860638002713363
CXCL11,0.01886049714823681
AC002558.3,0.01885709498632121
ABCB7,0.01884442715302611
ADRB2,0.018839163121500694
AC012485.2,0.018837213283542917
SLC39A14,0.018833702581127938
AC097625.1,0.018830479018038464
EMCN,0.01882827579293368
IL6,0.0188268214396651
LINC02798,0.01882510268770998
SUFU,0.0188171245843635
AL161772.1,0.01881632147172284
RECQL4,0.018814479420987556
TENT5B,0.01881128157139079
SPG11,0.01881025349555079
RP11-160H22.5,0.018809792870499546
CTD-2288F12.1,0.018809792870499546
RP11-218M22.1,0.018809792870499546
AP000487.5,0.018809792870499546
RP5-1112D6.8,0.018809792870499546
RP11-166B2.1,0.018809792870499546
AC007292.3,0.018809792870499546
RP11-336K24.12,0.018809792870499546
C10orf111,0.018809792870499546
RP11-314C16.1,0.018809792870499546
RP11-324O2.3,0.018809792870499546
RP11-295P9.13,0.018809792870499546
CTC-527H23.3,0.018809792052468566
SLC7A8,0.018803034687614562
TIMM17A,0.018799561843819458
OAS2,0.018797111168497985
PKD1L3,0.01879535339850334
AGTPBP1,0.018795009968428176
ING2,0.018792776453720437
AC024243.1,0.018790381495293478
ESR2,0.018780748443851043
ATAD2B,0.01877904560888772
AGL,0.018777440878525117
L2HGDH,0.0187668127586318
RASGRP3,0.018765006031057015
ZNF850,0.018763605465259126
ZNF276,0.018759426134476412
KCNE3,0.01875575676366399
AL392172.1,0.018752687434742073
GNG12,0.018747285875161737
CCDC73,0.01874219594728395
PHF20,0.01874206252532532
ZC4H2,0.018740596343992846
SYNGR4,0.01874055875783528
KCTD21,0.018737577676323922
WBP1L,0.018728272016876144
ANKRD26,0.018724776975071307
BX664727.3,0.0187232865325899
GALNT18,0.018714715758713557
RP11-44N21.1,0.018710384636987196
ADNP2,0.018707028397542732
BLOC1S2,0.018703589663132993
ALG10B,0.01869626295242283
USP46,0.018692990956910644
RASIP1,0.018689126475951442
SIRT5,0.018677480959591836
AFDN-DT,0.018677138593507576
AC092329.4,0.018674922201889425
BAD,0.018668530442926146
IGLV7-46,0.018667957474578053
AC104162.2,0.01866638350098186
BABAM2,0.01865206627787287
MTO1,0.018650734524594977
AC090541.1,0.018646690293567095
AC245060.5,0.018641757734018362
PREX2,0.01862386055188761
LINC02677,0.018622381834744142
GIT2,0.018617489961270318
TRIM25,0.018613926513617075
RSRC2,0.018613014028570966
L3MBTL4-AS1,0.018612985728242888
AC132192.1,0.01860593643947453
NKIRAS1,0.01860262772346292
S1PR3,0.018589356739459096
IGLC1,0.018582769384381102
CLIC3,0.018581422425811442
AC018653.3,0.018578647678787186
FBXO21,0.018573456440725843
CES4A,0.01856949090403283
GRIN3B,0.01856929512897258
PRMT9,0.01856807929911013
GJA5,0.0185679725619527
EMP3,0.018566464902343885
PPP2R5D,0.01856454049724715
TRAF5,0.018563054936894422
FCRL3,0.01856157280161963
SALL4,0.01856093625083781
AARS,0.018550318004114864
EYA4,0.01854538748999455
EMB,0.018541741377092844
EGLN1,0.018541576962377165
FAM49B,0.018540381857985937
JAKMIP2,0.01853879527717924
IGHMBP2,0.018536077674157617
AC012467.2,0.0185286793759769
ARHGEF40,0.0185280815949583
AC092071.1,0.018523443178597835
FBXO33,0.01852286032631256
TECTA,0.018515093712979633
AC012555.1,0.018514609559167682
MTSS2,0.01851365837967347
KYAT3,0.018511147611659465
KCNJ14,0.01850592414442257
CD247,0.0184966665787066
TRAV8-2,0.01849032450263014
BTBD16,0.01847536346190295
GIT1,0.01847393331158673
UCN3,0.018472061233172923
TRIM13,0.018471832108876776
KIAA0753,0.018471786274275228
PRF1,0.018462260755375763
U62317.4,0.018447464694494004
MCMDC2,0.018446620823475902
HSH2D,0.018444939497442532
BAIAP2-AS1,0.018444084781943683
EGR3,0.018442617101886893
IGLV3-21,0.018436296128187937
AL590807.1,0.01843509496165498
AL355916.1,0.018433671552118475
IPO8,0.018433236273780188
RASL10A,0.018428294863806507
CALB2,0.018425895580655702
ZC3H18,0.018418171458840175
SLC39A9,0.01841550955054196
AL513548.4,0.0184006639093707
PRR13,0.018385726027671558
AL139398.1,0.018384215362555852
DGKD,0.018377614496396872
ELP5,0.01837572165675812
OAS3,0.01837379112858766
AC011484.1,0.018370509659223922
PTAFR,0.01836909755216115
RPS6KA5,0.018362781337173572
MUC16,0.018360909221476058
MKS1,0.01835917731751143
AL078604.2,0.01835396069846297
AL591623.1,0.01834985141229399
TFIP11,0.018341808748493997
LINC00504,0.0183395409028644
SLC2A3,0.01833888820518676
CEBPZ,0.01833824069394983
NFATC3,0.01832549390456468
AC026979.4,0.018317320935899047
CCNG2,0.018315081447337782
AMDHD1,0.01831483158791338
GUF1,0.018313697635100927
PARP15,0.018312545412765287
TRIM45,0.018309754305336642
RAB11FIP3,0.01829412564584022
SLU7,0.01829190830873454
SLC33A1,0.018286694657082388
MLC1,0.018282959080584464
RAB43,0.018281679265624823
AC073320.1,0.018258341219128837
SLC39A12,0.018250336523107914
HPX,0.018237620782415774
WNT4,0.018234782181013143
LINC02724,0.018234213729530383
CDC42EP2,0.018220222251506494
OSTF1,0.018219888442300432
AC134043.2,0.01821626379393862
TRAPPC10,0.01821451630019652
DRICH1,0.01820548307826089
TMEM192,0.01820429392945091
CCDC152,0.018200048237914553
AC103739.1,0.018199054357054323
AP000265.1,0.018195979347931223
TMEM200B,0.01819575515411261
EFNB2,0.018189740782342968
CETN3,0.018188587172501543
NDST1,0.018186642783343795
C8orf34-AS1,0.018184638948573868
TRAK2,0.01817992799318224
METTL3,0.018175991472197357
CTD-2538C1.2,0.018175057109750793
RFX7,0.018169203276898943
RP11-324I22.4,0.01816543039954636
DENND2A,0.01816189587140514
GPR183,0.018161297112387606
ALG13,0.01815806407282375
PRKAG2,0.01815268901810444
F7,0.01815248954892665
YWHAH,0.018150743622655792
DUOXA1,0.01814755919473088
LINC01480,0.018143051596132543
ARHGEF10,0.018141213723867178
AC063960.1,0.01813986407803777
AC018926.3,0.018135315555295246
ZNF189,0.01813423907193859
DHDH,0.018131503762868165
SETD1A,0.018129709880278278
TRBV12-4,0.018127879396956686
VILL,0.018125311050861268
CC2D1A,0.01812388329481198
PREPL,0.0181233461266519
FASTKD5,0.018119020758986488
ATG9A,0.018118449751645376
HIST3H2BB,0.018116788174844762
COL7A1,0.018110428655567824
DOCK7,0.018106696539497005
CACNA1D,0.018105479389375265
TMEM187,0.01810536111842601
SPHK1,0.018102118756283325
CDC14A,0.018097990831621637
LZTS3,0.01809709569080781
SP8,0.018093836911578256
ATP5B,0.018092919506987305
ACOX2,0.018088250614363324
PDZD3,0.018087874666159846
EFL1,0.018085092227619212
ARMH2,0.01808226744971177
EFCAB7,0.018080288990646304
CTC-505O3.3,0.018078584489447515
C2orf81,0.018073734530355535
RBM15,0.018069446163178737
ZCCHC9,0.018068537230790955
RASGRF1,0.018066669288830755
PFAS,0.018066015112014177
PIAS4,0.018058679561663647
TONSL,0.018053407095675544
AL023284.4,0.018041667807003992
ENTPD7,0.01804106303045351
STAU2,0.01803998640307042
PI15,0.01803115103067108
UBXN2A,0.01802029740829332
TKT,0.018017350485960114
G3BP2,0.01801653866869155
DIS3L2,0.018008108555681204
AC005480.1,0.018007009026814378
COG7,0.01800359908098028
RP11-1055B8.9,0.018000310963512792
BORCS5,0.01799992351948163
AL596325.2,0.01798931344211186
AC092802.1,0.0179859325463113
DLX1,0.017984878803909598
NCK1-AS1,0.01798290423213471
PSPC1,0.017981881969424008
IGLV4-60,0.01798017593174158
AL031963.3,0.017979706196307274
TNK1,0.017978488730518626
COL17A1,0.017975454049592623
USB1,0.01796081743173107
ECHS1,0.01795152217015416
SYS1,0.017949974060577887
FAM221A,0.017943412536233036
PSMD6,0.017941145870101288
NFKBIL1,0.017940302903074516
AL158167.1,0.01793630834132301
DESI2,0.01792934428966258
HNRNPA2B1,0.017927831466758134
ILDR2,0.017921944556618562
SLC35E2B,0.017918332908249446
HCG27,0.017918147382261267
LINC01483,0.017916873384795227
SPRYD3,0.01791641990670466
KDM5C,0.017910885646316446
GRK3,0.01790901772610821
IMPA1,0.017902574181877032
MARK4,0.017900885982774544
ANKS3,0.017900233790959456
ZDHHC16,0.01789993072573951
AC078846.1,0.017895275298959422
RFTN2,0.017877210938294568
RP11-1223D19.1,0.017876801478249656
PHTF2,0.01787506194423927
KIAA0930,0.017874737596603674
LINC02035,0.017869707461749634
ALOXE3,0.017860525868161396
GALK2,0.01785985390915714
CLDN10-AS1,0.017858754266464744
FAM161A,0.01785862223067871
NPIPA5,0.017845688859733467
ZNF627,0.01784213507473821
RP4-635E18.6,0.01784105871008317
FAM179A,0.01784105871008317
RP11-867G23.8,0.01784105871008317
RP11-130L8.1,0.01784105871008317
AC093901.1,0.01784105871008317
RP11-372K14.2,0.01784105871008317
RP5-894A10.2,0.01784105871008317
HRAT92,0.01784105871008317
CYP17A1-AS1,0.01784105871008317
TTC27,0.017840596217143526
AL390728.6,0.017838908213304715
AL160272.1,0.01782981028138078
BBS5,0.017815263704054698
AC012615.1,0.017809338752832114
CTB-55O6.12,0.017808244683883766
TEKT5,0.017805365934623354
ACYP2,0.017805268714103532
MVD,0.017800910305151327
AC145124.1,0.017799762526350862
MGAM2,0.017799468212755663
CYP4F12,0.01778562441273257
UBTD2,0.017783684530351396
PKP1,0.01777938772044287
DIO3,0.017770545672352877
JHDM1D-AS1,0.017766375767812224
AC007128.2,0.017763387244258456
AL353807.5,0.017756853308973836
OXSR1,0.017755551538968812
EMG1,0.017754297640202636
KRCC1,0.017747831611847096
SERPINF2,0.017736461002969262
AP3M1,0.017732830871663434
COL11A1,0.017730860201638148
MARS,0.017726590462176506
LINC01645,0.0177250133070719
PRKX,0.01772361542237989
TMTC3,0.01772234102522691
HYAL4,0.017710564538783818
DMRTA1,0.01770961266117504
ADAMTS7,0.017708887679172256
GLT8D1,0.017704950202648586
AC136475.2,0.017704403639378457
LINC01204,0.01770152893039459
ICA1L,0.017699677685547026
KCNC3,0.017696129921819986
AL645728.1,0.01769604842881734
UVRAG-DT,0.017690912523386663
RP11-278C7.4,0.017690889139847746
KIAA2013,0.017681669149882933
IGLC2,0.017677560818890575
SEPSECS-AS1,0.017677557944815004
AC090197.1,0.01767741664784093
AC004253.1,0.01767613529280099
ANKRD24,0.01766293360614252
AC020915.2,0.017660507703343063
ERBB2IP,0.017656712305565345
EIF1B,0.017654981545150425
TAPT1-AS1,0.0176546118506245
C1GALT1C1L,0.01763860169339959
CXorf40B,0.01763729149911472
PTCSC3,0.017635176898845906
PLEKHA8,0.01763326620005456
CHRM1,0.01763077854651669
QTRT1,0.01762546920310247
SNX16,0.01762430507862553
CEBPA,0.01762331598258031
AC017002.6,0.017619923991228945
DOPEY2,0.017619597227156766
UBE2QL1,0.0176172121583635
APOD,0.01760928625688875
HMBOX1,0.017608829425582444
AL136295.17,0.0176071889713216
FAM174B,0.017605749696382608
RXRA,0.017598081072114687
AL590652.1,0.017596278378186794
EXOSC6,0.01759537679186416
PGPEP1,0.017587845917953468
RSG1,0.017584488430187162
LRRC14,0.017584212649466226
AC121761.1,0.017579045685802683
AC104211.1,0.01757595501887222
SLC12A2,0.017573978432479525
ENPP1,0.01757322521497572
MORN1,0.01756444551306958
SAMD12-AS1,0.017556248824433317
AL031005.2,0.017556061651027154
SCAT1,0.017550047723292626
ERO1B,0.017545760524092287
UPK3BL1,0.017543365650841348
LINC02284,0.017542494038363814
PLXDC2,0.017540642674401564
LINGO1,0.01753612018597789
LRRC2-AS1,0.017536068751546136
ZCCHC17,0.017535621247427646
UBE2R2,0.017534864426043534
LINC02313,0.017531738448913422
N4BP2,0.0175313038816958
ZC3H4,0.017527315324391383
JADE2,0.017526855311050128
ZBTB5,0.017525075145719306
GEMIN7-AS1,0.01751526835216323
PCSK7,0.017513511004159748
AC007622.2,0.017513499143875424
ELP1,0.01751327236011111
AP002381.2,0.017512328493675112
RABGAP1L,0.017510887032801032
AC004938.2,0.01750932949335667
CORO2A,0.01750533046981864
AP001596.1,0.017485096741964322
AC004943.2,0.017481236398767197
FGF14-AS2,0.017471445322813427
RASA1,0.017467526525857428
SYT5,0.01746111970058274
IGHV3-11,0.01745896815058013
DTX1,0.01745167582995518
DPYS,0.01745167582995518
CDK14,0.017449666958962214
AL355377.3,0.017436586757939947
CDV3,0.01743586470481925
SARM1,0.01743519735469701
GP1BA,0.017433140532840178
GDAP2,0.017431327331555727
SCN9A,0.017430947005694728
PRKG1,0.01742921679618711
IFIT2,0.017426335445343832
HOXB9,0.01742396062430076
ZNF185,0.01741419768050711
HUNK,0.017412497119092013
PTRH1,0.017412020208513162
AC004990.1,0.01741185591041203
SSH3,0.017410183161167443
IGLV4-69,0.017409651983802992
DPY19L2,0.017406029282015754
LINC01612,0.01740582440830309
CLEC10A,0.017395530899128653
AC011586.2,0.017393988847343174
AC092123.1,0.017380685583320718
RNF139,0.017370939877219903
NDUFB10,0.017370429027301154
RUFY2,0.017365626695980376
AC034102.6,0.017364688420612177
GPR39,0.017353319754076217
CCDC60,0.01734678325701355
LTK,0.017346203990110113
FAM175B,0.01734616865277686
PHTF1,0.017332869126040956
ITGBL1,0.01733015005868682
GKN2,0.01732925952776026
YIF1A,0.017319266983023735
FOXC1,0.017316771594601106
RXRB,0.017313974785275448
MICAL2,0.017310302778611078
NBPF11,0.017309697264725567
TAFA5,0.017308268947414274
AL392046.1,0.017305616141839907
ATP6AP2,0.01730331408743057
DTX3,0.017289857981451558
TXNDC11,0.017287727653246696
LYPD3,0.017285452246976404
PLXNC1,0.01728421369277082
AL049569.1,0.01728410051506151
FBXO25,0.0172811481906955
RIC1,0.017279015017113188
ZNF331,0.017277894370109636
SEPTIN7-AS1,0.017271151246920913
ANKRD29,0.017266073978744734
SPINK4,0.017260480326576608
AL109840.2,0.01725147274351135
AC004797.1,0.017248403718708467
GAS2L1,0.01724292790057512
LINC01001,0.017241869240204544
CYB5R3,0.017240544043447856
KLF16,0.017239874168931222
GABRE,0.017233797176413688
OGFOD2,0.017233106807004597
RBP4,0.017229876743575574
BRMS1L,0.017229582535781367
MMGT1,0.01722854437246098
PIK3R1,0.017220297424290616
C11orf54,0.017216598996377397
SOD2-OT1,0.017215856740093283
ARHGAP45,0.01721491279978496
PYCR2,0.017202636774064816
PHAX,0.017196774265513238
CNTROB,0.017195448729275156
POLH,0.0171880968863799
LANCL1-AS1,0.017185800860613602
TAF9B,0.017185316560677948
ARHGEF26-AS1,0.017180854324702535
KAT8,0.017180389091241453
ISOC2,0.017179174759204097
AL355816.2,0.01717484852030319
SLC4A7,0.01716976536607976
CIITA,0.017169389192384452
AC005993.1,0.017168702202326955
NUDT17,0.017168493720740287
RBM22,0.01716515274396993
TEC,0.01715917279673523
TIMM10B,0.017157298809952832
FAM110D,0.017146164507566158
AL451085.2,0.017144907959529995
PRB3,0.017143125901220923
GRM8,0.017140983731545573
CHTOP,0.01714052209207029
IKBKG,0.017138801939503314
FAT4,0.01713475124668697
CLLU1OS,0.017134693264987316
TDRD10,0.017124619288246358
DNAH10OS,0.017119649579410715
OGFOD1,0.01711639778004665
GPR61,0.017112246766053097
SLPI,0.017109180711023683
RAD9A,0.01710877977038839
C3orf62,0.017097507645307465
ZNF880,0.017096672032745393
APOL1,0.017092990125881422
AC023300.2,0.017091639240328756
GPR68,0.01708926597905869
GALNT1,0.017088878835714135
BCL2A1,0.01708769079023427
RASAL2,0.017086095065156574
CDCP1,0.017085874844197557
XPO5,0.017082544059594362
WNT3,0.017081243950075674
POLR2B,0.017081076763869683
TBC1D12,0.017073107791704668
SYCE3,0.01707272606134538
AC023590.1,0.017063096516360732
PCSK4,0.017061046992362352
GAS5-AS1,0.017057316486769447
UTF1,0.01705613548770813
MYD88,0.017051360901524436
BRAT1,0.017040137501612262
DPY19L1,0.017036240650418557
NTN4,0.0170357728708713
TTC30B,0.01703325462598718
QPCTL,0.017032616603697565
AC023908.3,0.017031589998305296
AC069368.2,0.01702514687581749
DEPTOR,0.01702500300261257
RP11-1152H14.1,0.017024390169234977
SUN2,0.017022844121374607
CBFA2T2,0.01701900230618554
SMC4,0.017017175072947737
SNX30,0.017014621681895725
FAM72A,0.017010594118320073
RELT,0.017008808396254786
GATC,0.017007983387120337
SPRY4,0.017007652722028567
RP11-176H8.1,0.017001726787405042
SLC26A5,0.01700084876942956
ZBED3-AS1,0.016998215409591427
RBBP5,0.01699712059895702
AP003392.3,0.01699578663592741
ADH6,0.016991545783509924
AC010883.3,0.01699024452211072
DOLK,0.01698578176594226
FOXP2,0.016985416123637034
C1orf162,0.016985378423013044
LINC00511,0.016983300620614438
AL450998.2,0.016983113360274853
CTD-3138B18.5,0.016976692559959282
RPS27L,0.016973351854418384
SMIM4,0.016971292612702648
ZKSCAN5,0.016967200686205542
BTN3A3,0.016963082893201257
AL158206.1,0.016962014554767427
NAT1,0.016961184364277362
CRISP3,0.016960235946944756
LINC02062,0.01696006877999954
ZMIZ2,0.016952858951071924
CARNS1,0.016952585957437333
PIGV,0.016950662096870576
NCK2,0.016950318323634993
RAD52,0.016948816250940205
ZNF746,0.016947627048262293
GLRX3,0.01694506878618256
CHEK2,0.01693820124588559
RP11-22C11.2,0.016937483336807297
SLC2A11,0.016936261931280963
ZNF506,0.01693606644960649
CTD-2012J19.3,0.016930430005719768
AC010969.2,0.016928832139412354
NDOR1,0.0169269388494562
KIAA0368,0.016924433827133663
MTMR11,0.016924136225723748
ZNF691,0.016918207183998217
EIF3J-DT,0.01691684562489478
RP11-294J22.6,0.01691287698737536
SLC15A3,0.01691119071581812
WRN,0.016907484753836608
CLDN22,0.01690649805220007
CCDC18-AS1,0.016902267021654142
ZNF286A,0.01689954317597147
ZNF264,0.016896729357312942
FRY,0.016896676028561097
AC022613.3,0.016893903960092212
RAB29,0.016892235631444326
MRPS36,0.01688807094392978
EDA,0.016886075963108912
DIRAS1,0.016884186774850887
AC022916.1,0.016880065480221806
MRPS18A,0.016875664381606766
AL132712.2,0.01686652796145116
MAGIX,0.016856585443048487
AC005523.2,0.016855982740836346
ILF3,0.01685471262482502
RP4-533D7.5,0.016849652058666884
ZKSCAN2-DT,0.01684724462657152
AC007365.1,0.01684370968012699
IRAIN,0.016843535306852
AC103858.3,0.016843121145463203
ANOS1,0.016839218050557457
MTIF3,0.01683858527666351
USP33,0.01683475304511069
S1PR4,0.016834607966592422
GS1-124K5.4,0.01683060947356621
BOD1L1,0.016824409076893452
ELF4,0.01681812669480137
TARDBP,0.016818079027514064
CEP295,0.01681691247951777
TMED8,0.016810292725131314
PRAM1,0.016806650040040418
SLAMF8,0.01680529868415586
TTF1,0.016804383684713927
MGAT4A,0.016804226285615703
TBX3,0.016798854223599727
AMD1,0.016793889236946528
C2CD4A,0.0167917498078589
HDAC11,0.016791243740412697
PI4KA,0.016781836621560055
TAF5,0.016778855040357955
UBFD1,0.016775227187497577
ZNF235,0.016772104216134644
SLC52A1,0.016770222138569803
RP11-214N9.1,0.016766920305655405
PRTG,0.016764603812672293
FGD4,0.0167625391459683
CASKIN1,0.0167585252495539
AL137186.2,0.016755591585590212
MGAT3,0.01674956888148745
MPEG1,0.01674314399385832
AC090192.2,0.016741240241705677
FOLH1,0.016740864755153247
ZNF688,0.016735061189344334
UBAP2L,0.01673233245231115
CNIH1,0.01673132837372459
TMEM214,0.016727515800674435
AL513314.2,0.016727327170853814
GALK1,0.016722847789962695
GIPR,0.016719665630748132
AP000688.1,0.01671926002947383
AP002840.2,0.016718098081935334
SULT1A2,0.016717789882116307
ACAA1,0.01670285633279369
TSPAN6,0.016702650093558237
PRRG1,0.016702132201199503
SDF2,0.01669644359745741
HOGA1,0.016695143545689985
AC135457.1,0.016692175345606172
MIR194-2HG,0.016687307478663243
CHD6,0.016686373573536365
LSAMP,0.016682837356511236
FLT4,0.01668024086752896
LPAR3,0.016677828867741912
PLVAP,0.01667146759771517
CAMSAP1,0.016667834875533086
TSPO,0.01666601241761174
AGGF1,0.016664325078609103
VCPKMT,0.016661944257402268
TMEM184B,0.016644388783532083
RP11-513M16.7,0.016639037423766514
TH,0.016638131248774092
LRTOMT,0.016637971449647307
PROSER1,0.016633105737121377
SRGAP2C,0.01663137484076198
AC010168.2,0.016627094599937303
TBC1D30,0.01661731594595701
RAPSN,0.016614310771514023
C2CD4B,0.016610781970544008
DGCR2,0.01661071545162381
AL031058.1,0.01660990032040228
SLC2A1,0.01660511421376229
TPP1,0.016596035846792423
ATRAID,0.01659019232568157
AC009262.1,0.01658548098217079
MBD1,0.01658193940850391
IL21,0.016581874903415082
HIST1H4J,0.016581749920351503
FAM127A,0.016580804323058716
TRIM24,0.016574774228138554
SLC12A4,0.016573223767448297
CH507-42P11.7,0.016572212151993396
AL034417.3,0.016572033224853466
ACBD4,0.016569231779700096
RASGEF1C,0.016567021495569198
ANO10,0.01656645821881643
TIPRL,0.016559477826470992
AC109347.1,0.016555865042076484
AC020909.2,0.016553674854851257
CCDC149,0.016544887330532033
IGKV3D-15,0.016537347796764534
CD163,0.016530693179636412
CLN5,0.01652311962204236
PDZK1IP1,0.016520848212319115
AC010536.1,0.016517512067201645
PNPT1,0.01651677044796545
LINC02542,0.016514800508483977
CNMD,0.01650900034608301
NPC2,0.01650278756583383
ACTA2-AS1,0.01650258233802217
TTLL10,0.016501610104503663
REV3L,0.016500581292035008
DNAJC15,0.01649974542349824
BRWD3,0.01649593315659458
TTC9B,0.016495101225259323
WASHC3,0.01649238722051176
ZFP2,0.016484162386914542
MLLT10,0.01648264478474587
LINC02019,0.016482102164626023
LPCAT1,0.016475093861738087
AC116667.1,0.016474601481059264
CNOT10,0.01647348135177799
PCDHB13,0.01647079510611558
ADAMTS19,0.016469958594776464
STKLD1,0.016463646893339467
GATS,0.016461179965245498
EXOC3L1,0.01646089262528785
OSBP2,0.016459688067555853
PRMT5,0.016459486857475333
CNKSR2,0.016445955019801995
AL390067.1,0.0164294070087115
AL117336.2,0.016428760598157732
PARP6,0.01642772157108522
AL359220.1,0.016425188244599796
AP001269.4,0.016424402224639766
PHF20L1,0.016422080181146596
PET117,0.016420241426304164
HCP5,0.01641259383107229
CNTN4,0.01640910002182761
BCL2L14,0.016408000497561113
CCDC130,0.01640585423499972
AC022733.1,0.01640530869895252
SH2B1,0.016400849484945718
ITPRID2,0.016397310260916866
S100Z,0.01639721363366271
ITIH4,0.016394097464183684
FDCSP,0.016390783461599338
RCSD1,0.016390092197562878
ZNF708,0.01638769608283434
PLEKHD1,0.01638687148238518
HEATR5B,0.016375212180628766
AC092757.2,0.016374117666806916
LGALS4,0.01637008593089146
FP565260.6,0.016367797079491063
NUDCD2,0.0163600981838716
RUFY1,0.0163600776223469
STOML3,0.016358737585713334
ARHGAP20,0.01635208610149595
MXD4,0.016347932927312236
NDUFAF2,0.016344782267048993
RNF167,0.016338697690727034
SFMBT1,0.016338208012575656
MED25,0.01633810661886871
ZNF317,0.016336260260784177
FLJ20021,0.016329842494184104
ATXN10,0.016329721238763133
FLNB-AS1,0.016318582857015238
FAM161B,0.01631494237503864
SLC7A4,0.016311766893604727
FRMD6,0.016303919504727163
AL135925.1,0.016301892713979933
LRRC27,0.016297939260887583
AC027279.1,0.016297458898322573
PSME2,0.016294030995653894
AP003680.1,0.016290840205961856
AC005482.1,0.016275109952516267
HAAO,0.016274775950989785
L3MBTL1,0.016271434166279405
POP5,0.016269916535810985
KY,0.016269428831758127
COL4A6,0.01626607637375153
AC074050.4,0.016257679920990413
AC087752.4,0.01625413339430331
ZBTB11,0.016240831822283065
LINC02057,0.016240821777802728
GYG2,0.0162396419895798
MAN2C1,0.01623712938501492
NR1H4,0.016236648759593252
PALM,0.016235513366691687
LRATD2,0.016229048228223096
AP001033.1,0.01622746261188416
HOTAIRM1,0.01622378488158089
TM2D1,0.016223714347150534
SH3TC1,0.0162236577507778
AL135999.1,0.01621729925245811
HDGF,0.01621700896163439
CHPF,0.016216716263226055
DEC1,0.01620510746465816
AC021236.1,0.016203899343582153
ACCS,0.01620116662769931
UGT1A7,0.016200194822323388
LINC00997,0.016198602913861243
SRSF4,0.016195918258789143
AC114760.2,0.016195453086120373
AC073352.2,0.016192011846477505
AEN,0.016185678404512203
PMP22,0.016184843333066686
SH2D4A,0.016183702149429244
SRMS,0.0161808386782431
LINC01235,0.016175849530263832
MAP2K5,0.016175174248075318
RALB,0.016175072930889618
HLA-DRA,0.016168979747698743
AKAP14,0.01616484091910914
COMMD5,0.01616165408963945
SELENOI,0.016158553944533048
TRMT12,0.016156785099678574
HERC6,0.016155671234176574
AL590822.2,0.016153312662391135
FARP2,0.016148634178906173
RNPEPL1,0.016147725215384445
GNAI1,0.016146974355780462
IQGAP3,0.016142134238314742
C6orf223,0.016121726206971953
ZNF222,0.016118569236978148
BCAM,0.016114340108792456
AL049539.1,0.01611018793062406
AC008764.8,0.016103315902213422
TRIM16,0.016103247374100297
UTP25,0.016101046943808716
G2E3,0.016100589222347347
SLX4IP,0.016098471748288865
POC1B,0.01609497343604183
AC120049.1,0.01609465112595278
AC005726.1,0.016093400978509666
SLC17A5,0.016093301258544482
C1QTNF9,0.01609158410012556
HS3ST2,0.016091280310336575
PRKY,0.01608904236994049
AC005523.1,0.01608133356008091
IFT22,0.01607907389684971
AC097639.1,0.01607590431160315
PFN1,0.0160750056703061
AC011462.5,0.016074234078551367
PRKCH,0.016054031242260278
SERAC1,0.01605242302118243
AL592183.1,0.01604831895649856
EAF2,0.01604820724824503
SLC28A3,0.016045218262247404
ANAPC1,0.016043033740411113
ADAMTS12,0.016034296617082777
AP001830.1,0.01603295215397128
HOXA11-AS,0.01602946532502556
SEPT7,0.01602503757055571
SLC8A1,0.016017785317150254
AC099778.1,0.01601059285150549
AC126773.4,0.0160091264999136
RABEP1,0.01600588712124853
METTL8,0.015999586982001955
DOC2A,0.01599896274899275
LINC00621,0.0159970863094925
KCNAB3,0.015996708903551052
NGDN,0.01599343913598138
ZBTB25,0.015988234630203716
AC090587.2,0.01598501661360062
AL353693.1,0.015984679950666693
NPAS3,0.01598320523517955
SUCLG2,0.015977307216626702
EXOC6,0.01597525175002208
CYB5D2,0.015972614063048868
RP11-849H4.2,0.01597207442957568
CA8,0.015970049624285963
ATP1A3,0.015966201832003448
REC8,0.01596581395609322
HEXA,0.015960887147112
ZNF549,0.015957528734676235
CAMKK1,0.01594766968153532
APOA1BP,0.01594691631889511
AC016065.1,0.01594287368304167
LRP12,0.015939464698103294
AL117209.1,0.015938673786984162
SMC5,0.01593666312991792
CHMP7,0.01593653680238965
POPDC3,0.015933656090849627
CHMP3,0.015931788103449494
AL022151.1,0.01593011746179182
SLC16A10,0.01592471343530755
APCDD1L-DT,0.01592001419682564
THUMPD3,0.015918342087850264
IL10RA,0.015917569522607047
LMF2,0.015913637398293122
TPSAB1,0.01591351045256648
AL049747.1,0.01591262243572585
MUC5AC,0.015906452261181175
AL359644.1,0.015897072678683365
AC010331.1,0.01589476296169272
LARP7,0.015893202239362025
FAM13A-AS1,0.01589101103991372
NSMF,0.015886702191056378
ZCCHC11,0.015881587386787757
WDR41,0.015881255336812058
C12orf76,0.01587817427579626
KBTBD8,0.015877630743291724
LYPD5,0.015876903065727796
ZFP90,0.015874549414417658
SLC9B2,0.015870365927889294
CHST10,0.01586945616027275
FXYD4,0.015867786203685088
HAS2,0.015867012349466917
AC122719.3,0.015862574285361173
SNU13,0.015860178257682572
RAB40AL,0.01585612940940454
TBC1D10B,0.015853795044503412
IGHV1-69D,0.015853194207234658
EXOC3,0.015846382712273545
DTWD2,0.015842806966847117
AC010491.1,0.01583509906854488
PPM1H,0.015833846483514876
EXOC2,0.015831813987841902
IGLV2-23,0.01582212213534836
RTKN2,0.01581967880229031
LEPR,0.015814408695449828
TICAM2,0.015813463197151118
CCK,0.015810859752575356
ARMC7,0.01580808591395969
PRAG1,0.015802260032591806
NAGK,0.01580116613121102
ENAM,0.015800601524453523
RP11-10C24.1,0.015799637344860083
CCZ1B,0.01579932203030103
MORC3,0.015791346710781803
GPALPP1,0.01579132691230296
HNRNPR,0.01578787040320346
AP003498.1,0.01578562262140659
AC099518.5,0.015784735615003983
ZNF800,0.015783245571027157
TBX2,0.015773012635850566
AL359504.2,0.01576993830455085
C2CD2,0.015766429055456135
NHLH2,0.015764676305680944
REC114,0.01576462938493203
TPK1,0.015764421420026035
AC025154.2,0.01576373867840941
AP002008.1,0.015761873651932524
CEP68,0.015760788222238017
C14orf159,0.01575304468171736
MPDZ,0.015750640208764363
PIEZO2,0.015749341962130115
KRT81,0.015744361271012523
VNN2,0.015739920878140773
C1orf198,0.015738156573238397
CTSB,0.015729547075347326
BLACAT1,0.015726829454730102
IGLV3-1,0.015724113802659288
B3GALT4,0.01572085808562831
CCL3L1,0.015719569302402175
LINC02100,0.01571405826546879
OSR2,0.01571018297353052
ZNF780B,0.01570736984157711
PROSER2,0.01570542460818946
IFT172,0.01569206281375867
MTMR4,0.015690084396220164
ESM1,0.015684673705226145
NAV2-AS3,0.01568415295569643
BICC1,0.01568184996356269
IGF2R,0.01568081594560168
PCYT1B,0.015679892569839635
SCART1,0.015678652719619886
POLR3H,0.015677699361545575
C22orf15,0.015677393325008466
HIST2H2AA3,0.015675832075499514
AL731533.3,0.015674581821392825
RNF31,0.015672998645602763
GTF2H1,0.015670418826736695
RIDA,0.01566966423634946
SELPLG,0.015669660910891732
AL390778.2,0.015669630049013197
TNFAIP8L3,0.01565443646611447
HIST1H2BE,0.01565342555258199
MIATNB,0.01565325498761216
MTRF1,0.015652503519412147
PKD1,0.015649664506399437
MRC1,0.015644935642426663
C10orf88,0.015640609575742585
BICD1,0.015634781066906956
IGLV1-51,0.01563345393070928
LINC01535,0.015631606126530594
CYB5R1,0.015630353212812028
MED1,0.01562905018589673
CTD-2135D7.5,0.01562096055578177
GBP1,0.015620666702867934
LY6G5B,0.015618831659037932
CYB561A3,0.015614559929079248
PCAT19,0.015612776886452571
HAMP,0.01561065579761335
IREB2,0.015603714353599417
GUCA2B,0.01560369633466575
IL9R,0.015598080582451013
CLEC1A,0.015597599434131217
RNF123,0.01559494706369511
TMEM52B,0.015587723941654372
USP19,0.015586450827119338
FAM124A,0.015586420987105297
RP11-553L6.5,0.015586248932325106
SHFL,0.01558404281970818
AL121748.1,0.015582053102222968
AC112220.2,0.015580739489665086
ZNF652,0.01557990692827158
AKAP10,0.015573487972818347
FANCM,0.015572432660549074
RNF125,0.01557051528653586
ECE2,0.015569719065217542
IGHV3-7,0.01556711979619379
ARL1,0.015565148861077963
AC024560.3,0.01556337578511016
RP11-660L16.2,0.015561871118266896
ELP6,0.01555421851796426
FITM2,0.015554193105417311
HK2,0.015553615533106047
PSTPIP2,0.015550275494414458
EMSY,0.015547794391427528
BANK1,0.015538040521890964
WDR54,0.015532147134102609
CD300LF,0.015526945051950304
SP5,0.015526732846892334
SH3BGR,0.015526076841476789
AC063960.2,0.015523110246707232
ASAP1-IT2,0.015522247591261761
COL8A1,0.015518770793537768
AP002992.1,0.015517845624527179
STEAP3,0.015516848940913663
DUS2,0.015515390794120188
ZRANB2-AS2,0.01551378459725155
AC136475.5,0.015510171852966506
GPSM2,0.015508237485303725
AC068888.2,0.015502590524708494
FBXL17,0.015502387554152569
CCDC53,0.015501079308887278
CCL27,0.015499250935231478
EGR2,0.015492908974273693
TIMP4,0.01549012000018971
CXXC4,0.015488630345240083
SLC10A1,0.015487044443646965
AL121956.6,0.015480221218485364
AC009120.2,0.015478776520537346
MCEE,0.015471164055809236
AL049840.5,0.01546690082302574
BCL6B,0.01545408439809939
G6PD,0.015452069057252469
INAFM1,0.015449117115218352
MED12,0.015442346504934019
CCL24,0.015441302544859134
GSTO2,0.015431456446459858
AC009948.5,0.015431233907753666
AC073508.3,0.015429826810537341
UNC13D,0.015424623025507008
RP11-18H21.1,0.015424614751230786
RP11-434H6.7,0.015420998713116696
ZNF503,0.015407376656771339
ZNF592,0.015406281324435799
ATG13,0.015405697880595688
EPB41L4A-DT,0.015400101149302256
CRAMP1,0.015397521925794744
LINC02211,0.015395605465084875
PTGER4,0.015392359736552005
AC127070.2,0.015391479136962045
SNHG12,0.015386839946116263
HLA-DRB1,0.015386305472846137
ALMS1-IT1,0.01538311644789715
RNF185,0.01537567302939307
MYADM,0.015374116202603306
SLC27A5,0.015362779259761015
EPDR1,0.015361573110357893
RSBN1L,0.015352310497792376
PROM1,0.015351183719306218
HYMAI,0.0153468582622082
ZNF790,0.015341859290350215
SDF4,0.015333765057622155
RSPH10B,0.015332703570285515
PRKAA2,0.015332172124140134
DLG2,0.015325190017148004
AC147067.1,0.015324666475891122
AC005042.4,0.015321031027620268
LINC01151,0.015320322707251097
TMEM63C,0.015307622177304008
FXYD1,0.015307603983206205
FERMT2,0.015297527458097706
KAT2A,0.015279470120948846
ZNF226,0.015277948822726562
GPAT4,0.015276264351143778
NUDT6,0.015274674184069244
SCFD1,0.015274619626758669
LINC02068,0.015272449873846386
CIRBP-AS1,0.01526500864705728
FAM20C,0.015264447562295598
TRIM34,0.015261200588391189
KLRB1,0.015258606265170439
HEATR1,0.015254093138946328
KLHL25,0.015251341563564483
HLF,0.015247356207117419
INPP5B,0.015243964403154387
C15orf40,0.015243361602919708
AC012442.2,0.015243133476631329
MRPL41,0.015241035487591197
DKK1,0.015233174677065973
SFXN4,0.015232397203128776
STRIP1,0.015224499608038742
TXNIP,0.015223207286698237
PRH1,0.01521927133639112
FAM155A,0.015217313389109685
KIZ-AS1,0.01521682654056027
CTDSPL2,0.015207120922150907
TSSK3,0.015206205882665212
GPT,0.015196814406905445
CHL1-AS2,0.015194051366516657
AL365295.1,0.0151912615319312
MDS2,0.015186061805816133
DNAJC25,0.015184638633245963
ZFAND3,0.015180769574017294
TBCD,0.015179797475107506
IGHV3-53,0.0151745312311383
IGHV3-48,0.015173482043002347
TTC19,0.015169680959433027
AC104187.1,0.015167149043391016
MTR,0.015162889981682368
C12orf74,0.01515681137489943
OTOA,0.015156666888232927
PES1,0.015151298806018964
FCRL4,0.015151017336464099
CACNA1E,0.015142632529258676
ZNF319,0.015142427948338871
CDH17,0.015142270185765383
TRAV9-2,0.015133978074973749
FOXRED2,0.015130762202585694
AC009088.1,0.015127485603931097
CNIH2,0.015125534227287735
AC008569.2,0.015125502891159303
TSACC,0.015121416875860355
XXbac-B135H6.15,0.015119703659460793
MMAB,0.015118338518249503
LINC01559,0.01511344060293022
CAB39L,0.015113119837379419
DIPK1B,0.01511006419039431
AC100791.3,0.01510987375173859
MAPK14,0.015099941940330406
HNF1A,0.015095661738487741
AC100803.4,0.015094781302044367
CDCA2,0.015093190231949322
SLC25A14,0.015092857314881901
CDRT4,0.015091037679449006
EXD3,0.015086817635814525
HNMT,0.015081283878520086
SNRPD3,0.015081234603688624
ZNF664,0.015080624602238888
AC009244.2,0.015080579927952474
CEACAM8,0.015079645962577153
HYPK,0.015079291975648819
PLBD1-AS1,0.015076639634198264
TIRAP,0.015075930063723968
UBE2B,0.015074428470064438
KIF16B,0.015074369010848073
SUGP2,0.015073337279181118
WRNIP1,0.015071421244899491
AC107982.3,0.015067078881611691
CHERP,0.015066274818266114
TTC26,0.015065041677005208
ARL3,0.015063874572433179
AC007298.1,0.015053299820633774
DPH3,0.01505015337712397
AC008752.2,0.015048184287752423
CHMP4C,0.015040600736564581
LINC02471,0.015037909069622539
AC009879.4,0.015037075204469728
MUC5B-AS1,0.015035773487148699
RP11-268J15.5,0.015035554216517165
N6AMT1,0.015034698768530854
AJUBA,0.015026678197935971
PNPLA7,0.01501748908713366
AC124798.1,0.015015991481160874
NFATC2,0.015012719440328162
POLD4,0.015012450120167165
WDR31,0.015010744704535397
TLCD5,0.015006601001734706
ZNF445,0.014999905079167089
TMEM9,0.014995376606387004
SH2B3,0.014993096373829555
PICK1,0.014992761578789886
SCFD2,0.014992192715144856
C4orf26,0.014990963376565431
NBDY,0.014990074047182392
MEIS1-AS2,0.014987660388753769
AMN,0.014981137793334477
HSD11B1,0.01497898196556392
G0S2,0.014977409654899985
AC105446.1,0.014970015505661917
CNOT8,0.014963896466837542
COMT,0.014961905435553324
LINC01270,0.014959629490403388
TPSB2,0.014958009169728092
TSSC1,0.014957072075200872
STPG4,0.014956620844861948
PCDH9,0.01495589509890955
ORMDL2,0.014952349093950077
AC092153.1,0.014951245158329995
AC061975.8,0.01494867983139187
ZRANB2-AS1,0.014941348492967165
DNAJC13,0.014937970948318275
RBAK,0.014934077179962545
GLE1,0.014923641017397966
AC073284.1,0.014921685446679617
SPRED1,0.014918290913808918
FHIT,0.014916507343878204
AC010255.3,0.014916230351666011
AL355574.1,0.01491359310292722
DENND5B-AS1,0.01490646440127004
LY86,0.014906062280514595
ATP10A,0.014904988033032777
PCDHA9,0.014899300540608345
DDIAS,0.014897122387013727
NCAPH2,0.01489563654805856
LAMTOR5-AS1,0.014894940642707407
TRANK1,0.014892695817637473
RP11-215P8.3,0.014891576787522683
ARHGEF28,0.01488153970490823
TSBP1-AS1,0.014880978503183064
DDX1,0.014879549621522863
NGEF,0.014878203468875363
PPP1R32,0.014876608954786283
LMNTD1,0.014873545507722071
LRSAM1,0.014868896768180793
AL592295.4,0.014868693746001416
AP000692.1,0.014865939184244198
FKBP5,0.014865198580207977
MLYCD,0.014864800806864418
AC113349.1,0.01485549049549255
YTHDF2,0.014855102219229243
TRAPPC2P1,0.014853242387812824
PILRB,0.014851951872160608
RIC8B,0.01485139210711125
PIM1,0.014850589040517557
RPRML,0.014847931380597753
AL391056.1,0.014846674611226338
RABGGTA,0.014844000430745564
AC007285.1,0.014836343940587398
AC104134.1,0.014836210715208803
C10orf55,0.014833859386073405
MXD1,0.014827920237290277
COLEC10,0.014826948956456438
BNIP5,0.014819148557744929
GRB10,0.0148177504637116
SELENOO,0.014814751756632143
CHST13,0.01481443273156691
HOXA10,0.014803660323805371
C2orf15,0.014801158336737598
ADGRB1,0.014798360708131236
SPATA21,0.014797386006913674
SRSF6,0.014797296589952469
RCAN3,0.014791524901331048
IFIT5,0.014789862410045219
AC009113.1,0.01477748920701465
PIGB,0.014775701913065912
Z95331.1,0.014772648300375599
ELMO2,0.014771960748576498
SLFNL1-AS1,0.014771489656714142
MAP3K11,0.014771374696265641
RP11-96D1.11,0.014767456819168715
AL606834.2,0.014761872476353112
ST7-OT4,0.014760879453622982
PPIC,0.014746240476204221
UBE3A,0.014745882936399677
RP11-3B12.5,0.014741017127845113
PPP2R3A,0.014738941482991257
AL034376.1,0.014738753509625294
ZNF589,0.01473807826149046
RHOH,0.014736080292078775
BX323046.2,0.014730483846826086
TRIP6,0.014724591224826635
ELAC2,0.014721816749195343
RAPGEF4-AS1,0.014721731271918496
ENTPD2,0.014721632234654832
TSNARE1,0.014720717555046775
EDAR,0.014718475229816832
DAXX,0.014715345097600623
HRSP12,0.014712564857520365
MAMDC2-AS1,0.014700341896971114
OPTN,0.014699583023208417
ACADL,0.014699575866405332
GAR1,0.01469913746544608
CDSN,0.014691254103609813
RASSF7,0.014689063388339836
FKRP,0.014688499059776393
RAD51D,0.014685597663575547
TRIM21,0.014685124382347982
AC026979.2,0.014679635400539535
IGKC,0.014677663568003043
AC092809.2,0.014671188485459511
KLF13,0.014667433278148312
TBXA2R,0.01466729759340911
TMEM70,0.01466467622295983
GNE,0.01465753039867836
TRMT2B,0.014648927887703346
RP11-93H24.3,0.01464554311748651
SEMA3B-AS1,0.014641243172152138
SLC51B,0.014639009315270336
AOPEP,0.014635674114440307
NDUFS7,0.014631846271807717
AC012313.6,0.014631618083558855
BMP8A,0.014628314852819405
AC021739.2,0.014627223083230362
AC007952.2,0.01462218572817331
AFP,0.014610786709495442
LENG8,0.014606621867489131
SUPT16H,0.014604598121066459
METTL25,0.014600902436183422
ADAMTS3,0.014599498100558803
SLC27A4,0.014594039280142622
ITGA11,0.014592897955301129
CD70,0.01459068956350918
ATP5F1,0.01458360419054905
PITX2,0.014574410873454699
CHDH,0.014564387693538282
PNO1,0.014563507820714434
RP5-827C21.4,0.014561890439375396
KIAA1147,0.014558613029551599
TMEM42,0.014558376694019558
MZF1,0.014543901457102612
AC074194.1,0.014543878362303373
GREM1,0.014539000028400998
S100PBP,0.014538004638582881
AC009318.2,0.01453635644289729
FGD5,0.014536211994277284
AL158163.2,0.014532588541108483
SLC7A7,0.014531962926250367
BTBD11,0.01453050565964677
AL158168.1,0.014528599891162092
TSPAN12,0.0145171064918657
ZNF333,0.014515271734500308
AP2A2,0.014508540157854403
C9orf139,0.014507557798867364
AC016576.1,0.014505005070918058
CLPTM1,0.014502948381959471
MTRES1,0.014500856360107521
COQ10A,0.014498202674973934
MCCC2,0.01449448279898701
TPT1,0.014493910105633447
CISH,0.014493588419402447
AC004477.1,0.014491236829360118
PDE3A,0.014488992710100358
RELA-DT,0.014483219477867123
LINC02122,0.014477842711838884
ZNF814,0.014473649592025586
MYT1L,0.014464369300979359
ZNF793,0.014455718707441933
AC105389.1,0.014453741431926063
TREML2,0.014452205349556654
MMRN1,0.014440669262290217
NCMAP-DT,0.014437555300298935
PTCH1,0.014433912439017422
AC240565.2,0.014433515949583265
TBILA,0.014432229557077613
AC008870.2,0.014431167264384826
RHOT2,0.014429076386157492
PCDHB3,0.01442776449716243
MORN4,0.01442673390258091
ANP32E,0.014422099972684673
PIBF1,0.014421516036360367
AC099518.4,0.014420256419980529
SEPT10,0.014417147977647272
ADAMTSL3,0.014412782528321877
P2RY14,0.014412475606441964
KRTAP3-1,0.014409646172809055
NCAPD3,0.014406223830768259
CCL23,0.01440556679177972
PIGF,0.014401126415059683
CKMT2-AS1,0.014387683160100832
TMED6,0.014385742664238017
KIFAP3,0.014378394956820228
ZNF516,0.014374910120891123
FOXF2,0.014372661109032655
LINC01970,0.014371361837303908
DENND2C,0.014367589194366166
MIOX,0.014366007654152567
LINC00676,0.014365922642445161
AL356020.1,0.014365892740358452
TMEM161B-AS1,0.01436151709987304
TMEM144,0.01435537487888861
AC006064.2,0.014354824929793846
LINC00266-1,0.014353534592735305
RNF186,0.014350352034591026
AC156455.1,0.014345769408011223
TYSND1,0.014344964781330915
HPS3,0.01434415484321317
SEC23IP,0.014316406588044275
UCKL1-AS1,0.014310986617372198
ARMC2,0.014310860207569468
ETV7,0.014308075913872155
EGFL6,0.014301526215895158
AP001816.1,0.014300962034264467
AC073655.2,0.014293806218092049
ZNF337,0.014292500732821468
AL133467.1,0.014281607243838859
LINC01355,0.014280129199302553
THOC7,0.014279102725672342
SLC16A3,0.014278463951264373
AC044849.1,0.014276385626681834
STRADA,0.014274723630684086
SLC16A11,0.014271624429765196
CD34,0.014266894863952755
SPDEF,0.01426494711494989
AC027290.1,0.014264034427980781
AC139099.2,0.014252733286394944
FAM84B,0.014248057815804556
TCF3,0.014247915086496034
VAMP4,0.014245664344392386
FOXA1,0.014243227554102086
CYP26B1,0.01423620596774439
IGHV4-34,0.014236104053368677
CCDC138,0.014233928314274136
HAX1,0.014229323461654984
KRBOX4,0.014226881199636542
IGSF3,0.014226708748785072
ZFP41,0.014223011058192167
GYS1,0.014221452993782354
TMEM164,0.014220248182106886
ARHGAP40,0.014213326189105738
AC114488.1,0.014210775419865821
COL10A1,0.014208915018944437
TULP2,0.014204464042333715
SLC25A27,0.01419619827112953
LANCL2,0.014194867842678921
EMC7,0.014194507653618895
FUT4,0.014189555895110785
TRAV3,0.014187813710210204
LINC02591,0.014187503695700359
CCDC64,0.014181170239692295
GATD1,0.014179606914620257
AC012485.3,0.01417774434548802
SPANXA2-OT1,0.014176497807090136
HEMK1,0.014175502204244175
PRR12,0.014172706587036801
CROCC,0.01416893885975318
TOMM20L,0.01416312284968909
AC245014.3,0.014147992339569919
MVB12B,0.014145606237192996
MSN,0.014144391670842455
NOMO2,0.014144247781561708
ELN-AS1,0.01413816359629634
CYP2C9,0.014136423144158226
ZNF30,0.014136340201693343
SNX12,0.014135852812075257
EXT1,0.014131207054888871
TGFB2,0.014126790198978775
CSF1,0.014126138713715763
AC007114.1,0.01412521596989502
PDS5B,0.01412451904936758
DLX3,0.014116571150614737
STK16,0.014107781195750586
SPATS2,0.014094317706447269
UTP14C,0.014092416778750335
AC022098.4,0.01409118762946611
PPIP5K1,0.01408388829379128
C2orf42,0.014083666703692238
PSMB8,0.014078255962097776
FAM155B,0.014073456328693739
NUDT18,0.014072109217230528
RPL7L1,0.014069184756581182
NPR2,0.014065141244430077
AC124290.1,0.014059770009543589
CNKSR3,0.014058810204667775
AC110619.1,0.014055904596257732
AC026801.2,0.014054496561140665
NDUFAF1,0.014052607563816853
DENND6A-DT,0.014051080922284302
AMIGO2,0.014048711406414446
ZNF329,0.014045319712645976
UNC119B,0.01404434187120088
AC073283.4,0.01404092079792568
XKR8,0.014034348019737696
FBXO28,0.014034081087905237
C8orf37,0.014030651588138134
TP53RK,0.014029908671052286
ARHGEF16,0.01402571094017488
ZNF839,0.014025313688686395
AC244033.2,0.014024438975631331
AC004596.1,0.0140240572464602
GPR3,0.014021255194059357
PPM1D,0.014019401338524235
MAP3K1,0.014017112644916244
C6orf1,0.014012904701802217
FBXL3,0.014004877875920588
MYCT1,0.013997543909824188
ZNF558,0.013997371144091723
LINC00528,0.013994425093799482
CTA-293F17.1,0.013990856343973424
TCP10L,0.01398797703516021
SLC44A5,0.013985855176193428
TARS2,0.013979155769639763
JDP2,0.013975373545335549
AC005962.2,0.013975215010116176
LINC01010,0.013972717422232175
AL109811.1,0.013968524795214357
LRRC57,0.013966662082275637
AL109615.3,0.013966376700733878
IGHV3-66,0.013963018859350054
C19orf25,0.013959884092390441
NUDT22,0.013958563039881423
ESRRA,0.01395668992049209
AC007036.2,0.013951915532330172
TRIM61,0.013949001586269006
LRRC75A,0.013948456002114395
GRN,0.013947790814195437
UQCC2,0.013943455089906352
SCNN1G,0.013939508485043675
SCGB3A1,0.013933059356914508
BAZ2A,0.01393070225940293
ALKBH5,0.013924824833148792
EIF4G2,0.013923121095882993
AC002310.12,0.013922449161427326
FBLN2,0.013912931454947874
PRR15L,0.013912729764853242
ZNF674,0.013912290871577018
ACAP2,0.013911589245453096
CXorf23,0.01390561358178838
AL137800.1,0.01390497742171773
GAB2,0.013899560472047994
RP11-46H11.12,0.013893091587836776
RP11-563J2.2,0.013893091587836776
BBS12,0.013892177539506431
TIAM1,0.01388992621582678
HNRNPH3,0.013889447422736028
AC092821.3,0.01388523877845445
LINC02606,0.013880527283749482
TCP11L2,0.01387261805575944
AC129507.3,0.013869608176404185
ZBED5,0.013865485549010022
AL022322.1,0.013862505681404161
AQP7,0.013861902613510009
KCNG3,0.013855545366494965
ANAPC4,0.013850360417502778
TLK2,0.013848736886265782
TUBB4B,0.013846399797240224
GSDMC,0.013843840379243242
AL356310.1,0.013840541251940319
ANK2,0.013840080334763059
BEAN1,0.013838542211532386
MBLAC2,0.013829241654052766
NEIL2,0.013825675132509674
DEUP1,0.013823356522356322
RNF220,0.013822944826444186
ST6GALNAC5,0.013822489770271477
IDUA,0.013820938776899619
VKORC1,0.013819539079822099
MSRA,0.01381840481063925
USP27X-AS1,0.013809627481691934
NUP50-DT,0.013809177181579023
INTU,0.013802784217721617
RDH14,0.013801098302551352
BSG,0.013795927282304343
CLK2,0.01379273195342831
RUNDC1,0.013792626220049323
ITPA,0.01379193285637605
SMPD2,0.01379186586615731
SHMT1,0.01378733665878216
DDB1,0.013782655826937024
MPO,0.013781093581379703
STAG2,0.013778099740772518
STYX,0.013773359029873823
C20orf96,0.013770910720750484
PCDHA6,0.013769214927191287
FAM181B,0.013769214927191287
AKIRIN1,0.013765221049814398
AP000769.6,0.013765002507154216
CCL19,0.013764862872897164
MMP14,0.013760577003550642
TUBAL3,0.013758845858369484
KCNK13,0.013753038072606624
PLA2G7,0.013749483610895046
SNHG20,0.013746164827972094
SLC45A1,0.013744723119297612
FAM50A,0.013742440715170869
C2CD5,0.01373770104093787
NOP14,0.01372698776880313
AC105219.4,0.013721796111218659
HHLA2,0.013715396118368663
AC026992.2,0.013710785004669457
SP3,0.013710695359444419
TESC,0.013710495877006134
SPTY2D1OS,0.01370610001628656
SLC35B1,0.013699528071573513
ALG12,0.013697781587229936
KCNK15,0.01369630409031096
L3MBTL3,0.013691147477746453
SKA1,0.013688795729500927
ABCA3,0.013687773512364911
IVD,0.013669944008740477
WIZ,0.013669710453288714
AC026803.1,0.013652750006349572
HSPA12B,0.013651001085256359
CST7,0.013642234897346645
IGSF8,0.013641101972494143
AC010173.1,0.013638913543051301
ZFP37,0.013637947807475159
AC012363.2,0.013636196944761796
GFRA3,0.013635661794302941
CTD-2007H13.3,0.013627089950860241
C10orf76,0.013627023295812163
ALKBH6,0.013619978735842187
WDFY4,0.013616881057668492
AC007880.1,0.013615111215466694
AL161457.2,0.013612747226300997
TMEM51-AS1,0.013611075552589152
ZNF821,0.013603040163178167
AC006449.6,0.013602067453259084
SMIM3,0.013599900194386288
TSKU,0.01359805700111908
CLDN1,0.01359470819666452
LINC00494,0.013581928989894517
AC090498.1,0.013580582020964368
AMOTL1,0.013579739950413493
AC092718.1,0.013579581255774837
ZNF641,0.013573435226160675
SCN3A,0.01356277565982495
TENM2,0.013561105172689427
CARMN,0.013555831634043477
AC106876.1,0.013555831634043477
ZNF160,0.013552721541609601
AL365181.3,0.013552256427119257
HNRNPUL2,0.01355009008687725
EIF5,0.013549810559161471
OR2A1-AS1,0.013548902946831438
AC109322.1,0.013548388677389134
CGREF1,0.013547466960972976
ZNF485,0.013546873293225585
TRMT1,0.01353994343624083
INSC,0.013538970339348123
FLAD1,0.013538535932996879
NOL3,0.01353180350597288
MAGED2,0.013528252336333563
OGFR-AS1,0.013525236736660617
MOSMO,0.013524706419038829
AJM1,0.013522307963052687
RP11-902B17.1,0.013520747023967614
ACTR1A,0.013517608337546439
SWT1,0.013516646341726557
CPNE9,0.013509922604606678
WDR24,0.013508106158531569
AC015802.6,0.013507522307075696
TCN1,0.013507402830285916
TUT4,0.013506281456509865
AL353708.1,0.013500511886550567
NDUFS1,0.013497681990188344
OSM,0.013496236133745763
RAP2A,0.013493878438083919
AC009549.1,0.0134871119281397
TINCR,0.013486243918325938
CEP162,0.01348424577319779
TLR2,0.01348297050337627
AC012313.2,0.01348208517439059
AL031666.1,0.013480192604690603
YEATS2-AS1,0.013479664197164825
PEX1,0.01347790574920359
ARHGEF17,0.013476427065935099
SIGLEC10,0.013475439435880402
BORA,0.013473527102746984
GALR2,0.013472940710766712
PROCR,0.013472924962563172
TBCEL,0.013466977131306016
ZNF213-AS1,0.013466052463101516
C14orf178,0.013459663739539947
RP11-73E17.2,0.013457576941852829
NAALADL2-AS2,0.013457218204781306
ZNF213,0.013455651320559476
SIRPB1,0.013453234748765723
AL024507.2,0.013444163092492101
INADL,0.01343991154037041
TNNC1,0.013438735693700242
MIPEP,0.013437008357540565
IFI16,0.013436977592620108
AL391650.1,0.013436203613484028
MS4A1,0.013436182300941698
AC106820.5,0.013436040116605498
RP11-332H14.2,0.013428962638779806
ANKMY2,0.013426763810207472
PSME3,0.013423806263702315
IGHV3-13,0.01342324268711837
CCDC126,0.013422373996601745
BFAR,0.013419493346529683
CCDC117,0.013418753603767932
GTF3C4,0.013412209563643428
WDR46,0.013412031102791393
CLECL1,0.013408467340075229
ADRBK1,0.013407247222347063
KLHL26,0.013402220115919093
LRRC8A,0.013389912406203247
SLC44A2,0.013389584340470669
NGRN,0.01338370142296712
AC048344.4,0.013381522898790197
ACSS2,0.013378700108029808
AL050309.1,0.013375916154078713
TTYH2,0.013374756590877944
AC011008.1,0.01337079863063957
ATAD3B,0.013364804574952873
SLC9A9,0.013361458787685486
PAK1,0.013353985519251219
TCAP,0.01335104337000648
AP001462.1,0.01334780552513513
GALNS,0.013343205072123002
GLYCTK,0.013341835772138521
MYH15,0.013340382816371631
CLIP2,0.013337738139453669
GPR153,0.013333376194729242
SCMH1,0.013330067379936944
AC003991.1,0.013328839434959858
SPICE1,0.013323559987841786
SNRK-AS1,0.01331903333565781
TINF2,0.013318340084713448
NME9,0.013316371458278287
PCDHAC1,0.013310461996063833
AC008268.1,0.013306383885623713
MDGA1,0.013304428141982525
RARA-AS1,0.013304234117946793
LIPA,0.013302247953526702
ARL17B,0.013299424535000213
PRADC1,0.013297699096145225
GUCD1,0.013294590789134525
AL451165.2,0.013288457145764845
POGLUT3,0.013288430687114926
EPS8L1,0.013282935503156523
MAPK7,0.013280528904642357
SLC4A1AP,0.013279886074377403
ANO4,0.013278306932285006
POR,0.013271417395784607
TXNDC16,0.01326964691458189
SLC25A30-AS1,0.013268199542072631
PCAT7,0.013267420131698113
HTD2,0.013267253480010155
ZFHX4,0.013265576731613729
SNHG4,0.013262438994363211
AC092306.1,0.013261554301190475
APOL4,0.013261468305619804
ARAP1,0.013255115405142593
KIRREL3,0.013254141459672405
AP1S3,0.013248310163594006
AC120053.1,0.013247870477045311
ECD,0.013247443172332743
JAGN1,0.013244809612733704
PRRG4,0.013243146204107367
CANT1,0.013242585163954138
FCRLA,0.013236035524406817
AL031775.1,0.013232660781308457
SEMA3G,0.013232308860916428
APOC2,0.013230497891668129
UPF1,0.013230185515302256
AC136475.1,0.013230028353113862
TCF7,0.013226368563386734
NARFL,0.013220051563971779
KIAA2026,0.01321823440411432
GLIPR1L2,0.013211552322678522
XKR9,0.013210523602165753
PRICKLE1,0.013207848532286978
SEC14L6,0.013203333675383807
TDRD5,0.013197193653845855
BAHD1,0.013193208844196903
ROCK1,0.01319010783216974
ANGPTL5,0.013188867674454659
FAM76A,0.01318773041700395
TAS2R14,0.013186790104597156
VSIG2,0.013182708957804198
HABP4,0.013181763122457644
CEACAM3,0.01317990901899978
B3GNT5,0.013176699515675249
XK,0.013170484448316073
DNMT3A,0.01316925713939576
NTF4,0.013167847597981275
SHQ1,0.013163968092725357
PRKCA,0.013152292083669083
SPACA6,0.013149481747036543
FAM225A,0.013143961482143024
WBP1,0.013138746836327837
SEPT1,0.013135068707308977
RP11-109G23.3,0.013135068707308977
FANCD2,0.013124209770226028
RC3H2,0.013123368625927218
AL359704.3,0.01312202628820539
EDA2R,0.013120595672491884
FAM182B,0.013120437880637855
TGM1,0.013116630486121507
AC104695.4,0.013115156529189114
GOPC,0.013114954046064373
LRFN4,0.013106678606867718
LRRC56,0.013106186511869435
JPH3,0.01310514903421637
AC006141.1,0.013104379263077245
PPP1R35,0.013103347031705336
ZKSCAN2,0.013103203551325892
MARCH8,0.013103172138562144
EML1,0.0131000466707857
DPP6,0.013089045221581028
LINC00578,0.013088073242690599
GDPD3,0.013083176509552801
NPM2,0.01308052305110241
ESYT1,0.013078187958172314
RP11-83A24.2,0.013076533821339999
BHLHE22,0.013068101460089623
LCN6,0.013068101460089623
EPT1,0.013066813654876894
AC104459.1,0.01306599705044032
INSIG2,0.013063580323649527
AC002401.4,0.01306349709193799
AC079921.1,0.013053947116632297
IGSF6,0.013052889424463355
MCF2L,0.013052489704720355
MIAT,0.013047406968873571
ORAI3,0.013041591339536312
FAS,0.013040836349686447
RP11-894P9.1,0.01303858413319619
VPS50,0.013035927676500058
LINC00886,0.013022937736902848
AC012636.1,0.013020058344867677
GMEB2,0.013018614092192978
AC131971.1,0.013018391428629279
MTBP,0.01301822288589092
DDX56,0.013015286571508218
C1R,0.013013671370474853
ESYT3,0.01300609999171232
GIMAP7,0.013004330619705382
RNF122,0.012998997391044504
RP11-196G18.3,0.012991906310998854
FAM166C,0.012990491969865885
ULK2,0.012985012377885949
SDPR,0.012982593146091272
CD82,0.012981999749698346
CDC25C,0.012981811827953733
NOP2,0.012979311496616125
AL135818.3,0.012970666943463235
LINC00487,0.012970666943463235
DLG3,0.012970464259691823
MYL5,0.01296948699775182
ZNF385D,0.012962633835556849
CH25H,0.012960511160349035
YBEY,0.012959071000995326
FFAR3,0.012955902901932508
KLHL35,0.012953148953897077
PVRL2,0.012952374396845726
PALM2-AKAP2,0.01294800067367403
ASCL5,0.012946824348677772
ACADM,0.01294504237511251
TIMM22,0.012941070758407273
VIPR2,0.012937317691564525
ADAMTSL4,0.012931818139323906
ZNF354C,0.012926308132866937
AC093525.7,0.012926235400574387
AL132989.1,0.012921652377441414
DOCK11,0.01291690215418914
RDH11,0.012914390137398979
AK9,0.012913110396581398
LINC01715,0.012911817668471562
SEC14L3,0.012911541462197676
ARSE,0.012909604043873125
LRRC4,0.012904896052199879
FUT1,0.01290464709061365
MRPS34,0.0129044418774169
WDR64,0.012901203488057194
ACOT1,0.012899749748097714
LCMT1,0.012894749221747269
IGFBP4,0.012892419076725775
DGKE,0.01289045625065371
AC108134.4,0.012889989722811412
PAPPA2,0.01288827852478354
ITGB4,0.01288654365497862
CALU,0.012879567753505228
AL158163.1,0.012879093795843791
IGSF22,0.012878494699223388
AC113383.1,0.012878016167101472
KCNIP2,0.012877041963713564
MSANTD2,0.012876110212202486
TAZ,0.012874845401240348
JMJD8,0.012874280124008545
Z69706.1,0.012866960146533895
ETV6,0.012864962420295247
CST5,0.012853031341259171
ZNF846,0.012850938317424036
UBAC2,0.01284640351251904
FAM73A,0.012841683138784012
DHX33,0.012841167872880971
NDUFV2,0.012836153761867735
AC016738.1,0.01283224701089771
PIK3C2B,0.01283181515760062
ODF3L1,0.012830082859455071
ABL1,0.01282994685858109
CDC42EP5,0.012828507479081186
LIN37,0.012827173128469023
SMG7-AS1,0.012826293961026657
OTX1,0.01282525792281835
AC074011.1,0.012822867741122132
PCED1A,0.012820625103346436
AC146944.4,0.012820102566768271
SLC22A3,0.012819583776294188
KIF1B,0.01281846167623969
AP005131.7,0.012815116855812386
AL031767.1,0.012812762660027737
GATAD2B,0.012812568184427876
LINC02762,0.012812325553602401
TDRD15,0.012806295471639853
AP002761.4,0.01280521768247199
AC017101.1,0.01280218325035187
IL12RB1,0.012797868837067938
AIMP2,0.012791916924334843
RFESD,0.01279052934618308
AGBL3,0.012790366679874375
AC010329.1,0.012788034768372286
SAMD3,0.012787953095180772
ADGB,0.012786975282533164
OVOL1,0.012786329100082365
GTF2H2,0.012774955571341822
GAS2L3,0.012774498660116965
AC107072.2,0.012771294299926636
AC073476.3,0.012770752498579663
CTB-147N14.6,0.012769366489753483
SULT1E1,0.012767189794299945
RP11-437B10.1,0.012761239313779846
CD2BP2-DT,0.012759831643946768
HOXB5,0.012756174839096222
FBXL4,0.012755738002235542
EPHX4,0.012754430693546256
AATF,0.012753264912787537
SPATA2,0.012751770683080678
LKAAEAR1,0.012750267810937552
RP11-380N8.7,0.012748938180275036
CCDC183-AS1,0.012745784292607722
ATP5J,0.012740267768896054
AL359513.1,0.012737785628579957
IRAK4,0.012736562280935993
BCL7C,0.01273357637109339
CCL8,0.012730343644421363
RP11-457M11.5,0.012729711719709418
NAT16,0.012729711719709418
RP11-345P4.10,0.012729711719709418
KIAA2022,0.012729711719709418
RP11-84G21.1,0.012729711719709418
RP11-367G6.3,0.012729711719709418
RP11-368I7.6,0.012729711719709418
RP11-166B2.5,0.012729711719709418
ATG4B,0.012727779205230312
SNHG26,0.012726356776276296
PPFIBP2,0.012723100136021364
AC110285.2,0.012713981418935068
HSPA4L,0.01270945352855331
ADIRF-AS1,0.012706975922410352
AL590062.1,0.012706204125680007
AL513318.2,0.012702335625617983
NLK,0.012700084215108666
YME1L1,0.012699324166591594
ATAD5,0.012696464816247336
RNF17,0.012694232982837776
ITGA8,0.012692894384817516
COQ8B,0.012691734293272396
AC016549.1,0.012689656461263485
AC116407.1,0.01268433623995799
ASB7,0.012675438304807225
TEX9,0.01267509415120117
LINC01226,0.012674663848974187
AC044802.1,0.012670055436737314
AC102953.2,0.01266771790724366
KRTAP5-AS1,0.012664076100281259
SFT2D2,0.01265961576127516
ARRDC5,0.012659039886150428
PLSCR2,0.01265888722468499
PRUNE,0.012654407106676478
ZNF875,0.012650593362924822
MORF4L1,0.012650195070953716
AC097358.2,0.012648024100094725
SNX1,0.012642566158237764
AC011611.4,0.012637641898948154
AL136295.7,0.012635528701729808
CD14,0.012633632920662916
ATP5C1,0.012630399473145926
ZFPM1,0.012630207709776187
ZNF687,0.01262601380891491
APOC4,0.012618666303417715
WDR3,0.012610068187196299
RANBP10,0.012602917103206566
GALNT6,0.012602584635581136
BIRC2,0.012600294999150951
GIGYF1,0.012594890490199951
DIXDC1,0.012590768318191626
AC012076.1,0.012589700828739912
AL359715.3,0.012579188410845018
CCM2,0.012578990783841573
POLN,0.01257884362362302
WBSCR16,0.012572636287361912
THRA1/BTR,0.012567802172097851
CAPRIN2,0.012564852088525475
BRCA2,0.012559632382409116
ARMH4,0.012553341125245676
KDELR3,0.01255029407346288
C1orf220,0.012542065473433152
SLC25A35,0.012537369467592659
AL358334.2,0.012534951626697113
AC021739.4,0.012525189449315681
AC139100.1,0.012524792649320743
SHROOM2,0.012518130450723652
HIST1H4B,0.012517829121533059
B4GALT6,0.012517018851826637
NIPBL-DT,0.0125137888345199
PARP11,0.012511657148300197
VPS13B-DT,0.012510637225831497
KRT6C,0.012504702604625838
AL356019.2,0.012499231327935576
NPM3,0.012498151723954177
LINC00987,0.01249711214231886
PKN1,0.012496726023922782
AC009097.3,0.012496223036550716
FAM174C,0.012495216113377746
REST,0.012494248136099987
AC093525.4,0.012490430675451464
ZNF497,0.012488337465266753
OR5AU1,0.012488151796460867
NUDT5,0.012474013637657273
LINC02334,0.012468827426286425
AC022150.4,0.01246677074798196
AC087521.1,0.01245356105559558
KMT2E,0.012453405638964058
WASHC2C,0.01245253087024417
HMGB3,0.0124516531295836
AC074212.1,0.012447981622442646
MID2,0.012447214901262327
OASL,0.012446890800020064
AC098617.1,0.012443199083381954
PTPN22,0.01242601559828485
FEZ2,0.01242259545097363
TP53INP2,0.012418796888295839
REXO1,0.012415261405515375
DNAJC7,0.012411139629553413
TMEM5,0.012407873131698312
DGCR8,0.012401943617301443
MFSD1,0.012399221765421341
GPATCH2L,0.012399171872544015
HMGN5,0.012398449600539383
CTD-3252C9.4,0.012397151045042213
COX20,0.012395493033271724
KPNA5,0.012394247409605968
PGRMC2,0.012393117079675386
AL353593.1,0.01239248247597767
Z83847.1,0.012391403294014508
STX4,0.0123886790025213
SMIM13,0.01238457059155112
LINC02384,0.012383371780179947
CASC15,0.01238214096627536
AC007319.1,0.012381784890519653
PEX11G,0.012381510104306508
AC007611.1,0.01237009251628008
CDYL2,0.012368782246442266
AC108673.2,0.012367090666984482
AC093330.3,0.012364157005070542
KCTD21-AS1,0.01236292427940069
AC027796.1,0.012359346364368376
IBSP,0.01235199601814553
AL645568.1,0.012351952934743993
PI4K2B,0.01235106730084862
DMAC2L,0.012348887201639814
ZNF699,0.01234800112890134
LILRA6,0.012345826326789482
PM20D2,0.012344033341750325
AC090946.1,0.012343555896082893
SLF2,0.012342291379233388
ZNF79,0.012342061449927522
RAB2B,0.012340701846826245
JMJD6,0.012339828071871608
ADRB1,0.012335303035674558
GLIS3-AS1,0.01233390356501038
GOLGA8N,0.012329359428932552
STARD13,0.01232869493851758
JPX,0.01232745561273119
RNASET2,0.012322953565328252
LINC02701,0.012321458819173986
LINC00887,0.012320616588031234
RP11-152N13.5,0.01232013068798175
INTS14,0.012319489632745985
TRIM15,0.012316392079774077
RABEP2,0.012315184138882336
PPM1E,0.012312905691954973
AL391056.2,0.012308616854149825
CASP14,0.012308397805522812
SLC16A13,0.012308359644236266
AC011933.3,0.012307941452356667
CFAP97,0.01230608301587225
RP13-580F15.2,0.012304112078038703
FAM181A-AS1,0.012301909611849952
AL031595.3,0.01229261101819419
AL391684.1,0.012291493669305088
PKP4-AS1,0.012289680070874392
KRT7-AS,0.012287366474872673
AC027682.1,0.012286972944110972
PTCSC2,0.01228575887306548
C1orf109,0.012265590002574883
LRRC61,0.012264853873248932
YIPF1,0.012257735596765738
HAUS6,0.012255655656741048
SEPTIN8,0.012254931463469735
TMEM161A,0.012251150748715656
GRPEL2,0.01225101760903274
ALPP,0.012250630652247843
LY86-AS1,0.012249390248268146
ZFAND1,0.012248989193192117
AP000944.6,0.012242953175206949
GTF2H4,0.012239393123379712
LAMB1,0.012237848124997603
RAB42,0.012233838216411715
DDT,0.012233669823834625
ICOS,0.01223359063370695
SNAI2,0.012226948238429423
AC008808.2,0.01222634573992502
TTN,0.012223371294672514
TRAV8-4,0.01221934573164809
VASH1-AS1,0.012217224702052807
FZD3,0.012213297223171887
APOBEC3B,0.012211978498386455
AL391152.1,0.012211912585436933
AC022613.2,0.012209178561560561
EPM2A,0.012208969185267933
AL928768.3,0.012208327420297658
RP11-297N6.4,0.012208327420297658
POLDIP3,0.012204043475955273
MED15,0.012202333640383676
NAPB,0.012196206309207185
DOCK1,0.012194053478871432
THBS3,0.012186753950849753
GRM7,0.012185348480117382
ATXN2-AS,0.012184891038699639
ETV1,0.01218442614010743
CCL17,0.012184319933985702
AC010378.2,0.01218355836928486
AL031432.3,0.01218339984386674
CNNM4,0.012180222193129708
AL035420.3,0.012172943538837099
RMDN2,0.012169574444449072
SLC27A2,0.012169384446333796
RCAN3AS,0.012166507396878298
VIMP,0.012162908392328402
FAM149B1,0.012157140399554397
AC073314.1,0.012153621034056731
MGST2,0.012153499848547921
C7orf73,0.012151946321615377
RBCK1,0.012150828774328654
AL662890.1,0.01214573542631791
AC007695.1,0.012144044587352127
FAM126B,0.012142758080886667
AC096564.2,0.012140753343520404
AC006111.2,0.012140443854860815
ZNF571,0.012139288853869914
RHEX,0.012136931594322437
TMEM206,0.012136065815987512
TMEM65,0.012134246053638087
FES,0.01213287007804869
AC009065.2,0.012132096626195788
KLHL20,0.012125088654189205
LINC02614,0.012122567571998873
AL137060.3,0.012117368703531035
VANGL1,0.01211690109810871
CCR8,0.01211218839511531
GPR174,0.01211216726834817
PGAM4,0.012111136517253668
ZNF668,0.01210899926808856
C17orf53,0.012107388002054699
AL162386.2,0.012102879696959041
RGCC,0.012102367118095531
NIBAN3,0.012101302051218137
ACSL6,0.012101158036307666
AL096701.3,0.012098589664085127
CFHR1,0.012098471812601477
TLCD1,0.012096385778683027
RP11-110G21.1,0.012089855956528176
ROR1,0.012089734081457795
SOCS2-AS1,0.012089384254861802
LHX5,0.012088903363323513
SOCS7,0.012087925093186862
DM1-AS,0.01208142276136072
MFSD7,0.01208038009375873
ITGA2,0.012078785893318629
VASP,0.012073910413782146
C9orf114,0.012072751924436919
PTGR2,0.012071855105645863
AP001330.4,0.012064993919262237
PTK2B,0.012063675923860368
AL160314.2,0.01206209397899112
KCNK5,0.012059883036517064
TRERF1,0.012056034107665179
RP11-644F5.11,0.012055107324473586
RBM19,0.01205450679433429
NHLRC4,0.0120533275230455
TPMT,0.012049569219723654
TMEM57,0.01204943064130941
MYL4,0.01204690531959371
ST8SIA4,0.012046431891012043
MKRN2OS,0.012040024398729952
METTL15,0.012039137401731015
RP11-643M14.1,0.01203908042566789
COL4A1,0.01203847979188844
SFXN5,0.01203725616427954
WWOX,0.012033432129250947
PDE6A,0.012026383536614997
NBPF20,0.012025791060887886
CNPY3,0.012021437897778584
PXMP4,0.012019525171524588
AES,0.012013806621907952
RP11-410L14.2,0.012013507753158082
AC005332.5,0.01200582381516372
CBR4,0.012003478560817148
ZNF578,0.012002829680108577
GSTA2,0.011998932045694168
AL158212.3,0.011993541866116562
C5orf17,0.01199264938401224
BCAN,0.011982347487560507
TUBB8P12,0.01198140379009696
COIL,0.01197932570490218
ASPM,0.011976648973620127
ZNF250,0.011970282071708025
ZSWIM5,0.011967874492061329
GPR15,0.011960862875684625
SUOX,0.011960200511728983
RP11-538P18.2,0.01195624199461089
PPIL1,0.01195365302377769
FAM45A,0.011949472434466594
HMG20A,0.011943813920127241
SLC39A2,0.011939732238450528
FAM214B,0.011933752027186391
SLC4A11,0.011930683022993093
EME2,0.011926872844010897
FYB,0.011924225609071915
EPB41L4A,0.011923831161790063
RP11-598F7.3,0.011923585139391218
RP11-707M3.3,0.011920658306634767
RP11-295H24.4,0.011920658306634767
RP11-375I20.6,0.011920658306634767
GUCY1B3,0.011920658306634767
RP11-540O11.1,0.011920658306634767
RP11-646I6.5,0.011920658306634767
UNQ6494,0.011920658306634767
CTD-2013N17.7,0.011920658306634767
RP11-259K5.2,0.011920658306634767
CTD-2506P8.6,0.011920658306634767
RP11-18H7.1,0.011920658306634767
AC133528.2,0.011920658306634767
AF064858.8,0.011920658306634767
CTD-2165H16.4,0.011920658306634767
MGC16275,0.011920658306634767
RP13-582O9.7,0.011920658306634767
RP5-1180E21.4,0.011920658306634767
RP5-1198O20.4,0.011920658306634767
CACNA1F,0.011917213955897378
PALM3,0.01191491911302818
AC104964.3,0.011912775179247223
PRKCG,0.011912775179247223
LINC00311,0.011912775179247223
ASB15,0.011912775179247223
LINC01814,0.011911995156161986
CTD-2366F13.1,0.011911745333692096
EYA1,0.011907983003302997
CPEB1-AS1,0.01190625216342911
INTS8,0.011901158279418166
LBP,0.01189986467777148
RHPN1-AS1,0.01189946489583473
RHOXF1-AS1,0.011897146295007413
NPW,0.011895889000592918
MICALL1,0.011888173714250085
DLG5-AS1,0.011887193701723983
TRBC1,0.011885120766348468
HAS3,0.011883615055821998
APOL2,0.01188027772525455
Z82215.1,0.011876568748623927
PIGU,0.011874473585663193
AC008969.1,0.011871553567320605
AC008393.1,0.011863827821202452
METTL4,0.01186059485309445
UQCRC2,0.011859598017415455
LINC00861,0.01185861211645741
KARS,0.011851578629754785
AIF1,0.011851258849703917
RIN3,0.011847651316803261
NTPCR,0.01184734904062777
HIST1H4A,0.01184579355928737
ZNF431,0.011841742930773943
USP30,0.011840735549982277
PNMA8A,0.011839308581713445
EID2,0.011838981631670414
SAMD5,0.011832761999438406
RNF165,0.011819265649066938
ACLY,0.011818830057269164
TRMU,0.011818818475223498
ITM2A,0.011815985068022231
LINGO4,0.01181517469391338
KIAA0408,0.01180559805585771
LINC02595,0.011793114001295858
CHCHD1,0.011793038243230945
Z69733.1,0.011790275026823742
TMEM26,0.011785871482713097
AL596202.1,0.011785734055868868
THEGL,0.011780565755963607
SECTM1,0.011779389389258512
CAND2,0.011756329984031158
CRIP3,0.011755464334117689
LINC01281,0.011753414056691761
FAM173A,0.011753272892427384
MRPS27,0.011752823367483931
AP006621.5,0.011750979487263462
EIF1,0.011750780435759308
UBE2D3,0.011749973543475623
CARNMT1,0.011749006730090184
PPP2R1B,0.011747378780252843
AC091729.9,0.011741370790856355
AEBP1,0.011739987028105464
ZNF136,0.011739160353147537
AC005821.1,0.011738973884896475
HIST1H2BO,0.011737118882989303
LINC02324,0.011736499973361353
PKP3,0.011731226481531805
AC005280.2,0.01172833966138394
CELA1,0.011723188566918707
BX842570.1,0.011718686572844333
RAB3D,0.011718644897682354
UBXN6,0.011717619605269658
NRSN2-AS1,0.011717179333002778
KRT27,0.011713509616595636
SGSM2,0.011709839074589471
TMTC1,0.011709568345680233
CXorf40A,0.011707269745740125
STT3A,0.011703839396627625
AC011294.1,0.011702456530975675
GSTM5,0.011702076692849712
NPPC,0.011698928059520589
CEBPA-AS1,0.01169566607880567
AC096536.2,0.011694419978578122
SNX21,0.01169266738564857
TROVE2,0.01168914401266089
CPA3,0.011679255964291795
RBAK-RBAKDN,0.011675684627487295
SLC18B1,0.011666748182916471
LINC01781,0.011665841829431178
DDX58,0.011665664925016105
PC,0.011664118059425122
LRRC37B,0.011656532797232637
TNFRSF1B,0.011647197088054019
PSMD12,0.011641125812588596
FKTN,0.011639248162661972
COQ4,0.011636922972184965
CSTB,0.011635196997367724
AMPD3,0.011626762559960247
QSER1,0.011619487987236577
TCL1A,0.011611825403180847
IGF1,0.0116095968585025
PTPN3,0.01160933275263128
AC024575.1,0.011606554358254398
AC139099.1,0.011599595517002107
MSC-AS1,0.011597160380237656
CTGF,0.011595032580034062
ANKRD20A3,0.011578084136559995
GPX8,0.011577703503284633
FLJ45513,0.011577060027129969
DPM3,0.011576815251490215
RAB20,0.011575447524477745
TRMT6,0.011568188705556585
GIPC2,0.011567390260746878
AL162274.2,0.011565393801433439
KCMF1,0.01156428011256699
AC021269.3,0.01156275560899579
STAR,0.011561268955946887
RP11-532F12.5,0.011559180590759069
EIF4G1,0.011553078984577591
MCOLN1,0.011552049464869703
AC022400.4,0.011550490375392748
PREB,0.011549431691102532
PAQR6,0.011545906498085129
PITPNM2,0.011545543880053424
CXADR,0.011545252987713054
ZBTB39,0.011545204324862147
AC093827.4,0.011544842912123918
WDR27,0.011543290914749142
SMPD4,0.011536827485287924
STAT5B,0.011535016277402969
GNG12-AS1,0.011534346790378727
USMG5,0.011533720948655866
AP000487.1,0.01153142062306641
TOLLIP-AS1,0.011529619740935457
GLRX2,0.011527740520069399
DDN-AS1,0.011526920162982315
ZBED1,0.01151712394814706
PLA2R1,0.01151160414522069
RP11-299J3.8,0.01151160019268503
AC125807.2,0.011508696356928055
C19orf66,0.011505153748318366
Z94721.3,0.011505018116106755
WDR72,0.011502128324612632
GCSAM,0.011501799748556694
SPAG6,0.011498359349807018
ZEB2-AS1,0.011495775646166499
ITGAX,0.011495374675904538
LINC02029,0.011492879740029055
ZNF786,0.011489756422916093
SCAP,0.011489232343663284
RIOK1,0.0114873876185656
NLN,0.01148443322590517
MATN2,0.011483597420689357
HLA-F-AS1,0.011483129680711206
SLC18A2,0.011482668266577924
ZNF257,0.011481391633539579
LYPD6B,0.011479283459208492
UPF3B,0.011471830190070472
IFT74,0.011471731276690576
AP005205.2,0.011466442243453008
CAPZA2,0.011452933275822596
TSPAN11,0.011451066884440784
LINC01413,0.01144911640611747
ZNF721,0.011448380820700774
RAB12,0.01144803371849756
SNX5,0.011446724500954627
AC005064.1,0.011445181459190677
IL2RA,0.011444183548641029
FAM184A,0.011437263225110371
RNF139-AS1,0.011435968704744004
NME3,0.011434841199553434
FSIP2,0.011426587149247906
AL365272.1,0.011413969672857198
ARSB,0.011413768494720724
COL13A1,0.011412751204855123
DUS1L,0.011412526918769005
AC103702.1,0.011408964877650392
PPP3CC,0.011408508004949438
HGFAC,0.011406191280138641
CFD,0.01140440499171533
TSR3,0.011404160881155685
AL133268.4,0.01140325640921095
AC007998.3,0.01140230221007605
SRD5A2,0.011401199295217122
PUS3,0.011399118706292035
WARS2-AS1,0.011392307045339356
C8orf48,0.011381979407047316
NECTIN1,0.011381041310124856
ZNF528,0.011378757495740126
IGKV2-26,0.011377686121230742
RALGDS,0.011376303860398146
SMNDC1,0.011376176662755581
C6orf15,0.011374934585934655
RP1L1,0.011373730922203684
APPL1,0.011371265681272889
PI3,0.0113710689232003
AL391834.2,0.011370265534494368
PDCL,0.011362853501390314
NR2C1,0.011362148233100824
CEP128,0.011360984382282719
GNL3L,0.011359804029135558
STIMATE,0.011347586492538725
MCRS1,0.01133736196820051
DLL4,0.011337186679334503
AL009178.2,0.01133405827721155
RHPN2,0.011332231726076746
RFWD2,0.01133126434198282
BCKDK,0.011330778821159935
ZNF585B,0.011330176336526002
ARHGAP11A,0.01131706385450138
PARG,0.011316033719256548
LETMD1,0.011315179843470951
TIGD1,0.011311979024902925
AC092287.1,0.011307527941340547
TRBC2,0.011306386796768911
LRRC8E,0.011306360328844002
COL11A2,0.011305702023977115
LINC02572,0.011304793736921354
GALNT15,0.0113014996923778
DNASE1L2,0.011301127428989099
ZBTB11-AS1,0.01129234169653165
RIF1,0.011290021331277338
FAM53A,0.011289216335412048
SLC22A18,0.011286040334701975
AC024909.1,0.011284964128697702
COL4A2,0.011284449716336072
PHF3,0.011283759080026112
SUMO4,0.011280005068144461
RNASEH2B,0.011278384234816472
GPBAR1,0.011277538123828177
SLC51A,0.011273201140551017
TP53AIP1,0.011271922305578394
EID2B,0.011271717686928395
BX649632.1,0.011269103187894947
LOXL1,0.01126825507985761
ANTKMT,0.01126801377897745
LINC00847,0.011262448465296391
GEMIN6,0.011261122268082152
JAML,0.011256338349542863
ADH1C,0.011254849420742532
CTTNBP2,0.011254218565615749
DEDD2,0.011251928040021302
PCTP,0.011250951029029978
TSEN2,0.011247771990882572
TRAPPC13,0.011247669574103331
LINC02716,0.011246114968446437
AC007728.1,0.011243977075036812
CRTC3,0.011229335753777533
SPINK14,0.011229310419824366
S1PR2,0.011228231356963962
ICAM2,0.011226377482302161
TENM4,0.011224672698179469
ANKS4B,0.011222145235528808
CASZ1,0.011217405551861662
AP003486.1,0.01121371059937694
EIF2AK1,0.011212260762188607
RGS3,0.01121150431288859
TOP1MT,0.011208506526196689
MED26,0.011206962164501013
ING3,0.01120515472094455
WDR17,0.01120460394032039
SLC9A5,0.011201972772741571
AC015726.1,0.011198038986770091
TUBB3,0.011194963721384574
PRR36,0.011193957172380222
AASS,0.011191061765415728
GIMAP1,0.011180223389320074
HPSE2,0.01117822822193613
AXIN2,0.011176540394935234
TSKS,0.01117648901266754
SDHAF1,0.011176233869579033
TSPAN5,0.01116758595260318
AC040169.1,0.011163694796391219
PRKCB,0.011158605769113239
ZFAND4,0.011158407918872609
RNF5,0.011157307553473049
SRFBP1,0.011156990131843441
AL139384.2,0.011154207864670678
NOTCH2NLA,0.01115069731679261
B3GNT10,0.011150237617810416
TOMM70A,0.011147002975457976
DPEP2,0.011144460187884541
IVNS1ABP,0.01114426177832234
LINC00896,0.011142712986461082
FZD10,0.011139465433746202
AC005013.1,0.01113695563513589
APCDD1,0.011136241325149624
RP3-402G11.28,0.011135444433479705
MPV17,0.01112272514161658
LRRC29,0.01112254682008148
AC006333.2,0.01111986479785869
PPP1R9B,0.011111717233172873
BRMS1,0.01110661448791142
RP11-732A21.3,0.011101878311291094
RP11-44F21.5,0.011098805549434966
RP11-347P5.1,0.011092212539505519
AGO3,0.011091553092186658
ZNF480,0.011090506630759587
LINC02585,0.011088717596620674
WASH1,0.011084782382509421
SBSN,0.011084496092948377
CHRAC1,0.011079240178533142
KCNB1,0.011078108070307232
TBL3,0.01107187852987561
AC093495.1,0.011067708191053339
PBX4,0.011055634919483576
C9orf142,0.011054830839000279
RP11-140K17.3,0.011054284261957493
AC133644.2,0.011053984664355936
IL11RA,0.011051958321068726
PINK1,0.011050495718905375
AC068338.3,0.011050465585052035
ARHGAP22,0.011047586119477502
ECH1,0.01104242538509208
TRAF3IP2,0.011039166198499312
AL354822.1,0.011038491613087857
AC024075.2,0.011037126074214088
PTGIR,0.011036410822994887
C11orf96,0.011032687303859633
OCIAD1,0.011028730877763895
ERCC3,0.01102726152010112
CFHR4,0.01102521978357165
LINC01232,0.011021198169836616
Z98257.1,0.011018440646648479
AC067852.3,0.011014097547015421
BCAP31,0.011013128139171205
AGA,0.0110085097482544
OVGP1,0.011007879944856323
C16orf86,0.011007457763960693
SLC25A21,0.011004916242722915
C5orf22,0.011001632836341098
SLC39A3,0.010998197569360735
ERVK13-1,0.01099740671007404
CTC-425F1.4,0.010992804138224241
AL353751.1,0.010992108380201272
RP3-428L16.2,0.010984676045187646
AC093788.1,0.010983376697083677
SACS,0.010982165288316857
NDUFV2-AS1,0.010980930029671444
LINC02389,0.010978623881331423
SMCO2,0.010978445140086316
ILKAP,0.010974993169940628
HHIPL2,0.010969671685768751
KLHL36,0.010967090836112664
CTD-2256P15.2,0.010966510539317714
NUDT11,0.010962117230481759
UTS2,0.010958388039284471
AC097717.1,0.01095712757311149
ZNF831,0.010955261824373131
NEIL3,0.010955055602860062
TPRG1,0.010951325958349547
DCST2,0.010950858799394707
GOLPH3,0.010948413445451737
FAM133A,0.010945612609129147
ARHGAP8,0.010942437284092145
PELI2,0.010942210016933724
ALKBH8,0.010937982014159157
EPB41L3,0.010936837129351175
PCDHGA12,0.010935386603777693
TSPAN32,0.010935071791140071
CITF22-49E9.3,0.010934926327988965
CLIP1-AS1,0.010928785716995992
ANGPTL6,0.010925520409018842
IGFLR1,0.010920014093624808
ARMCX5,0.01091822920345674
PPM1K-DT,0.010918221768392862
AL645941.3,0.010916405613073334
HCCS,0.010915472429015294
MFSD9,0.01091501993880779
NT5C,0.010912103771400556
LRRC3,0.010906695390715215
CPNE4,0.010904097804058262
TNPO2,0.010903805971741145
FAM83F,0.010901711938249993
PDCD1,0.01090068950567584
RP3-337H4.9,0.010897408648790947
RALBP1,0.010896721713381638
AC020900.1,0.010896566003500958
NNT-AS1,0.010891836029559333
HPN-AS1,0.010887748427784812
RP11-66N24.3,0.010884743616527364
EIF5AL1,0.010882632449817535
FBXL7,0.010865403894594726
MYO1A,0.010864658621986184
UPF3A,0.01086396724486998
LINC00885,0.01085945289480673
PPP1R16B,0.010857930765896483
CR1L,0.010835747433745638
LINC00513,0.010834160106537923
SLC16A9,0.010828769470150695
AC021092.1,0.010827610966286129
MARCH4,0.010827177075115236
TIFAB,0.010824921029849234
AKIRIN2,0.010812770388280702
KCNAB2,0.010808706332751524
AC027796.4,0.010805898695834504
ZNF571-AS1,0.010802749621763448
LINC01730,0.010800758994964667
SMYD2,0.01080000627941657
AC067930.3,0.010799570352503722
ANAPC2,0.010799206268000598
AC011405.1,0.010798735089750804
SCAF8,0.010797979925844485
TTC1,0.010795115664711917
TMEM273,0.010793094749315436
GPNMB,0.01079246323360876
UGT2B7,0.0107874022517036
C9orf147,0.010785072379794067
OLAH,0.01078062087871581
EVC2,0.010778000328078227
ZACN,0.010776323549535779
ITGA2B,0.010774631269436556
C1orf106,0.010774311925570797
PANK3,0.010771015217995786
NUP50-AS1,0.010769516018002006
AC007608.3,0.010765531019003686
FAM168B,0.010761135738122044
KMT2E-AS1,0.010760787078742177
GJC1,0.010759213054405033
MRPL15,0.010757357934542522
TPM4,0.01075151280521687
MCRIP2,0.010749514112153243
CSNK2A2,0.010749482395059828
CD69,0.010747553152639477
CHURC1,0.010745043071588632
CCS,0.010744685326832579
AL035587.1,0.010741362386280992
PI16,0.010739664410823526
TTC38,0.010734530707141402
ATP6V1E1,0.010733506845433139
BRPF3,0.01072671926039602
MEIOC,0.010722239331624663
CMB9-22P13.1,0.010722189618910371
GTF2F2,0.010722151250224974
AC009315.1,0.010722078697619307
LINC01767,0.010719444899599853
FIBCD1,0.010712584487421099
NBPF26,0.010711375254340275
UBALD2,0.01071133860494597
NBEAL2,0.010707760910385371
LINC01556,0.01070768750741583
AL354953.1,0.010703398201759329
CLIC4,0.010698368565529618
IPO13,0.010695892977130885
CRHR2,0.01069541119002186
AP005131.6,0.010694518777736065
C8orf76,0.010689884944071677
USP30-AS1,0.010685991880970473
AC064836.3,0.010681902458251577
LA16c-380H5.5,0.010678552118667816
PLK4,0.010676781630053174
AP000781.1,0.01067319988669332
NEBL,0.010665464609697901
CDH11,0.010664257300043318
PSMB10,0.010659732562612028
ABHD6,0.010657992814501742
TPRG1-AS1,0.010655808549364884
ELOVL7,0.010654993372420206
GLOD5,0.010652722915837189
AC022211.3,0.010642413331532348
WDR19,0.01064079788001264
PCDH7,0.01063884895196675
PLA2G1B,0.010637145693941636
CAPN10-DT,0.010636461361882774
LRRC49,0.010636402891309162
SFRP1,0.01063430190229826
SMTN,0.010631429828814957
ZNF384,0.010630512581087865
RP11-379H18.1,0.010628503003481702
AC106818.2,0.010628101803304466
AC234775.3,0.010625392859574366
PREX1,0.010623737697321382
LINC02816,0.010619073073345288
CYP2C18,0.010618169425787968
ESRRG,0.010612864290750765
SLC22A14,0.01060350154414877
AL691432.4,0.01060142827783853
PLEKHA5,0.010600442092747797
AC009041.2,0.010595690864669442
SENP7,0.010588345004746463
SLX1A,0.010580399240202515
NUP155,0.0105800512980189
SRD5A3-AS1,0.010579265376529883
CASC8,0.010574531890689817
RNF26,0.01057087325108959
RNF208,0.01056944450848994
CYGB,0.010565778473758933
CPT1B,0.010563689256663107
SLC14A2,0.010562489627893898
AC027237.3,0.010561746446978267
DCAF1,0.010560361379499452
SETDB1,0.010555687509671214
CNTD1,0.010554933093187602
NCR3LG1,0.010552721651955158
TMEM9B,0.010551725977627945
ZNF324B,0.010545968790113299
PLAC4,0.010536052301331108
ZKSCAN1,0.010535245625010372
AC123768.2,0.010534320308890026
NAAA,0.010520917895336546
CITED4,0.010519918573355151
AC027020.2,0.010512380501109746
CEP89,0.010510177017283413
SERPINB9P1,0.010508652934769547
CARD19,0.010507514740265322
CEP63,0.010506671437984859
RPUSD4,0.010497753374764437
PLSCR3,0.010491963722624434
TMEM106A,0.010489335492414811
SPRTN,0.010485940605142406
CR2,0.010484332470628542
MRPL10,0.010483404469586953
A1BG,0.01048134011884002
CEL,0.010472554410566161
KISS1,0.010469765691490765
CENPT,0.010467654764973877
CEACAM21,0.010464423765834967
HEXDC,0.010463763949088132
AC026785.3,0.010463081081122962
ZNF568,0.010458832905086835
TMEM86B,0.010450299519126457
AC008957.1,0.010449445964600157
SORT1,0.01044940433799401
IGHV4-39,0.01044198948258973
SIX3,0.010441775372015278
OPRD1,0.01043798928022221
GPR65,0.010431171200116829
AC027702.1,0.010430343511841415
STRA13,0.01042816471663823
AC096642.1,0.010424996763094805
ZNF26,0.010424426839782766
LINC01139,0.010422938605569875
EWSR1,0.010416428039148046
DNA2,0.010415409793368672
ALKBH1,0.010412800792781184
DAPK1-IT1,0.010407194512948937
MYO7B,0.010401051982743395
AF001548.2,0.010389746201378251
ZNF605,0.010384961689386974
PARVA,0.010379547589078133
DZIP1,0.01037553611565902
RBM14,0.010372444384424495
CU638689.4,0.01037014971607688
ZNF28,0.010368710864998977
AC011511.2,0.010363099047869613
FNDC1,0.010362728976852274
AC006538.1,0.010359426564267946
SPRR1A,0.010355531223553654
CLEC7A,0.010353945333250432
AP000692.2,0.010353423927252848
HAS1,0.01035258884070021
TMEM150B,0.010351280417628615
PPP1R13L,0.010350851721269958
AL391832.4,0.010350146077401768
AL139011.1,0.010347436616482053
SPACA9,0.010347375557615193
CLPTM1L,0.010346424690735408
RP4-568C11.4,0.010344481099700768
HERC4,0.010341619635511364
PSPH,0.010341100929580935
POC1B-AS1,0.010339421065464916
FRMPD2,0.010339329193882493
PNKD,0.010337097427351725
CORO7,0.010335601837770752
DSTYK,0.01032983740811841
HUS1B,0.01032557793374079
AL080317.2,0.010323479331925836
DNMBP-AS1,0.010316481757526478
SSU72,0.010315825439172609
PATL2,0.01031560804452465
WDR5B,0.010312896100532798
AP001042.1,0.010309795412388885
SLC35D2,0.010309567267934661
PRR7,0.010308504682251907
SLC9C2,0.010308105499374241
EHF,0.010305100013412206
SMARCA5-AS1,0.010301463683479768
AP003498.2,0.010301379205587977
TPST1,0.010301032566261132
RNF112,0.01029577138710748
RBM28,0.010295222626698691
F13A1,0.010293531792246204
EPHA7,0.010290054202375887
TSHZ3,0.0102899350280662
RHCE,0.01028840503429394
CPED1,0.010288107718535531
GRIK5,0.010288096483824977
EBLN3P,0.010284511723703054
FAM83C,0.010283531914651384
SNAPC1,0.010282361266570493
RFPL1S,0.0102779356873185
RAB38,0.010276995661841901
CASC3,0.01026963800498037
PELI3,0.010268599156711942
NFE2,0.010265158412979007
ADTRP,0.010262921666744253
HES1,0.010258119027726812
VSIR,0.010253411041924357
QRICH1,0.01024606814680462
RGS17,0.010240082528391295
CCDC110,0.0102374393183631
ZNF541,0.010234621294936462
COL4A3BP,0.010234469512569672
FAM181A,0.010232780798478704
FAM120B,0.010232669837735648
AC007620.2,0.010231773777846093
MAPK6-DT,0.010227919602622437
SHISA9,0.010226737672062353
DDX19B,0.010224088016574212
CFAP410,0.010223895236595674
SP110,0.010222168651910224
TMEM59L,0.010221251394229391
AQP9,0.010219267240329021
OSER1,0.010211553815674172
PHF8,0.010210541108885054
VSIG8,0.010209847880711874
KIF1BP,0.010208736510276085
CD9,0.010202365337402325
CCR3,0.01020014115979485
NKX6-1,0.010198766543178401
NUCB1-AS1,0.010196961433417286
AC007029.1,0.01019633660103612
AC009299.3,0.010194684416996629
WHSC1L1,0.010194341685826783
ABCC4,0.010185881213456325
AC116407.2,0.01018436414548186
MTUS2-AS1,0.01018420300829632
AC092757.3,0.010183437129621196
TCEB3-AS1,0.010178664493536065
NHSL2,0.010174632436909256
DPM2,0.01017141448415002
AC068870.2,0.010169240505706783
NUDT21,0.010164447180525869
MFSD4A,0.010163886656371976
CACNA2D1,0.010158865878142256
SIGLEC12,0.010157490320129733
NOL10,0.010156259024366973
SNX7,0.010156202343607442
AAAS,0.01015334431851303
AL035530.2,0.010145068885053236
KCTD18,0.010134441353626636
TMTC2,0.010124536160587701
CPA5,0.010123595800634232
TOPORS-AS1,0.010117981231580758
CARMIL2,0.010117118760532534
HLA-DQB1,0.01011629905353209
PLPP6,0.010116210480038539
AC010680.2,0.0101160208362346
TOM1L2,0.010110871706288528
MEOX1,0.010109593913556397
ARL14EPL,0.01010956492688646
ZNF177,0.01010802621292811
OXNAD1,0.010106162986031071
RCC1L,0.010103490400181103
RP11-707G18.1,0.010102955265245833
TGFBR1,0.010102012201995409
NBPF3,0.010099671810519824
SELT,0.01009830202272708
CHRNE,0.01009733988499629
DBN1,0.010095575000591309
LINC00867,0.010094973984268854
LRRC52,0.010090801691376598
RP11-588G21.2,0.010090799760086058
SULT1C2,0.010088511054123714
THTPA,0.01008359135567036
SLC25A46,0.010083383273960682
PDE7A,0.010081831474164433
AL080276.2,0.01008158805617629
AKR7A3,0.010070475467968012
IGHV1-69,0.010066280028851772
AC090617.5,0.010065597896169242
THORLNC,0.010059803177415677
AL157786.1,0.010058277386856081
ZNF34,0.010057134715796777
ADAMTS16,0.010056056037408556
BX284668.2,0.010052431636625905
LRRC20,0.010051999028050504
LY6E-DT,0.010051427870441458
AC011939.2,0.010050053156906661
AP003307.1,0.010048953275675133
FAM127B,0.0100479684229254
NHSL1,0.010047116704652652
CMPK2,0.010046645296195807
ARPP19,0.010044316973645693
CAPN6,0.010039162929503723
LONRF1,0.010036332880872615
DPH6,0.01003338613769191
FAM167B,0.01003314605165736
CHRDL2,0.010033066363467234
CDK5R1,0.010032486777946551
PAFAH2,0.01003188163210697
AP1M2,0.010030012016614463
AC126614.1,0.010028763550791953
PLCB4,0.010026947635120317
ABRAXAS1,0.010023772117734826
PRMT7,0.010015112987559178
ZNF138,0.010012738189299897
AL022098.1,0.010012442827896283
AC018553.2,0.01001018057976952
AL138689.2,0.00999761972629809
CHRNB1,0.009994075660776616
SCLT1,0.009993408143342089
TAF11,0.009988018166054737
TMEM218,0.009986074708940801
PIK3AP1,0.009980490585725997
SLC6A4,0.009980159375674322
ATPIF1,0.009979898303034135
AL139407.1,0.009978105511515402
AGPAT3,0.009966142449197374
LARP4,0.0099655412406145
AUP1,0.009965086689303924
ZMAT1,0.009957836345415019
PTPRJ,0.00995680211105614
PLAAT3,0.009954893212551861
CCNB3,0.009954582947775268
GVQW2,0.009953285674327607
MYLK4,0.009952329439187528
CDH20,0.009946672545661332
AL590560.5,0.009939395430259188
SMG8,0.009936950796801248
LINC00642,0.009936833511160162
GRAMD2,0.009935141487472397
DCAF10,0.009931557262551356
IRAK3,0.00992949395616826
MCC,0.009927070981546028
DXO,0.009925892703290818
DSCR3,0.009924470526202735
CPSF3L,0.009922311362540669
ACOXL,0.009913890057743489
AC073957.2,0.009910348025270129
AC105219.1,0.009907376351100897
SNRNP48,0.009905370957500461
FGD1,0.009904242534236603
AL355312.2,0.009901324018779417
AC139768.1,0.009898748660430137
TNPO3,0.00989763892836329
ARFGAP2,0.009892164473128589
AC008494.3,0.00988640243314945
DOK4,0.009886035112418716
TEX41,0.009885608283585142
LCORL,0.009884344072471527
AC016596.1,0.009883872348900539
CEP164,0.009880038176101339
TICAM1,0.00987896091924602
AC106791.1,0.009878756316627034
HYLS1,0.009875961825054744
SYT17,0.009873429286680538
SPIRE2,0.009870983470353508
LINC01126,0.009868992485987426
BDNF,0.009867403050616681
CENPS,0.00986465711552922
VSIG10L2,0.009864139402588814
NUP42,0.009863817913776732
PCGF5,0.009857357633224031
TNFRSF14,0.009855932800351007
BHLHE41,0.009845091262005591
ANKRD31,0.009841094199636602
FAM198B,0.009840953055076998
LAMTOR2,0.009836851779397785
SATB2-AS1,0.009835025070548302
MBD5,0.00983432799533687
AP002851.1,0.009830384348561502
AC025682.1,0.009829803007113638
FGFRL1,0.009826945170117223
OLFM4,0.009824474538604034
MGST3,0.009820137975321903
OSMR-AS1,0.009817872397710986
TMEM59,0.009817728814492119
AC116366.2,0.00981742797154427
MCOLN3,0.009816974918360663
UBOX5,0.00981223416675971
ZCCHC8,0.009812159141418175
RP11-872J21.3,0.009811748502179517
REXO2,0.009809252808688383
JAG2,0.00980817959089944
MAST2,0.009803087243548862
NANOS1,0.00980146278685237
KCNH8,0.009797742939059707
MAP2K2,0.009796339534289327
AL590708.1,0.009795914572910154
PDLIM4,0.009794666499406569
AC087623.2,0.009793049227746528
CP,0.00979185040323977
ESRP2,0.009790541044370668
ECEL1,0.009784038131476354
RP11-65I12.1,0.009783436216062761
AC104118.1,0.009783345289004479
SPCS1,0.0097813285542922
FAM86C1,0.009779326886935768
GPR22,0.009778426211069597
ANXA5,0.009777749950565063
PGGHG,0.009776503756977886
AC096772.1,0.00977298213114402
ARRDC3,0.009767414020371736
MOGAT2,0.009762320228108832
ACKR4,0.00975763437014061
BSDC1,0.009754862890978709
OGFOD3,0.009749945348668866
CCDC57,0.009749278036678735
ERCC4,0.009749122132921176
ZNF335,0.009735765930254367
MTRF1L,0.009732374137985533
DDN,0.009725947868823729
ZMYM3,0.009722271743278835
SELENOF,0.009715576443900776
LINC01058,0.009713748286709416
VTCN1,0.009713269671262816
HIGD1A,0.00971311795962403
CENPA,0.009710778343274423
RP11-455F5.5,0.00971009288727832
AC005306.1,0.009707970134491706
LSM1,0.009707937717838563
CERCAM,0.009707421800562593
BRWD1-AS2,0.00970494839840899
TACO1,0.00969837767166005
BAG4,0.009693887787145802
IQCJ-SCHIP1,0.009690662979961503
USP27X,0.0096885241558493
TGFBR3,0.009688250339350392
PRRX2,0.009685786662808085
SAA2,0.009682778550171411
AC098487.1,0.009682336700353653
PYCARD-AS1,0.009680273729371185
RWDD2A,0.00968019813008804
FCER2,0.009676218832142215
SFTPA2,0.00967583557839013
RILPL1,0.009669057558518145
GSDMD,0.009663830132319338
AC103760.1,0.009662826356115576
HORMAD2-AS1,0.009658283881129319
PPP2R2C,0.009655929656029013
MMEL1,0.009655172379947084
AC025164.1,0.009654233261245008
HNRNPA1L2,0.009651014447536164
DHX37,0.00965079973940676
CCL14,0.009647603413109457
SNX24,0.009647235353326972
RP11-196G18.24,0.00964459933681894
DDX41,0.00963796079778249
AL020996.1,0.009630758455093032
AC011446.2,0.009630177713412997
PRX,0.009628323390271348
AL449423.1,0.009623509831511997
GRASP,0.009621171648694724
LINC00189,0.009620243754601411
GOSR1,0.009617470281760913
RABGAP1L-DT,0.009617305778406986
RETN,0.009614471686356431
HDAC5,0.009613664599818349
TEPP,0.009612977449239014
SPRY2,0.009608563480651445
GDAP1,0.009607094777346873
C6orf201,0.009602164798288237
LHB,0.009601549777704964
PRPF6,0.00960012395396387
BLID,0.009595263934912938
MMUT,0.009589198559355517
TAT-AS1,0.009580760525442126
TSHZ1,0.009575817255504228
DMPK,0.009574410085724433
PNLDC1,0.009573532250021988
ZNF117,0.009568732562838836
CHMP4A,0.009568155739327042
C11orf31,0.009567496735591763
DNAJC30,0.009567434790986432
CIAO1,0.009566737315380885
ZNF7,0.009564737421076443
FAM69A,0.009563845683861125
FAM188A,0.009562711326411672
C12orf60,0.009560242923249978
IFIT3,0.00955913957005406
AC011389.2,0.009558119588384971
ZHX2,0.00955725131425548
KIF3C,0.009556119338732265
AC007780.1,0.009552376513743214
CSRNP2,0.009551881504091175
TSPY9P,0.009548618801535966
AL121929.3,0.00954408223177115
RAB44,0.009543532561608154
D2HGDH,0.009540832293701703
PLCG1,0.009538714569593246
FRMPD3,0.009530342358302243
IL1RL1,0.009529392412996433
PSMA2,0.009527937514999597
C1orf228,0.009525845104836507
RBL1,0.009524245845211962
AC104532.2,0.009523168367833686
KDM4D,0.009516410156988113
PGM5,0.009513841495288267
AC018638.6,0.00951288726849619
WWC2-AS2,0.009505692423269367
OBP2A,0.009504884930586318
CD274,0.00950343795606003
PART1,0.009501180165199003
SLAMF9,0.009499315902643666
GSDMA,0.009498232062861238
LNCTAM34A,0.00949790477008335
ERFL,0.009496295161609884
LINC01926,0.009488135935958575
ZNRD1,0.009483910107102282
PROX1-AS1,0.00947758230628911
LINC00242,0.009476167753635372
AC009271.1,0.00947165281615959
AL513548.1,0.009464603683020285
EPCAM-DT,0.00946445175838958
PRAP1,0.009459612796141662
MTFMT,0.00945862068838674
SRBD1,0.009457871565369992
AC024933.1,0.009457350983069247
ZFP92,0.009456955774460391
CD300C,0.009450440318343929
CCDC120,0.009449808046592751
RP11-392P7.6,0.009447437249940542
AF064858.1,0.009441786155706787
AC016394.1,0.009440578565094428
IGHV3-20,0.009433826585174686
SLC34A1,0.009433725933870069
LINC01128,0.009433438336655315
PDGFD,0.00942372287252806
GABARAP,0.009419912182082123
ZNF212,0.00941374065575015
GNB5,0.009404739897249454
LINC00595,0.009402157509263482
SLC25A44,0.009401862387123192
AL109955.1,0.009394637592818712
TNK2,0.009383734866290336
S100B,0.009382343564596099
MFN1,0.009379111207050157
AL121672.1,0.0093689973375249
KLF8,0.009368146364496515
RP11-857B24.5,0.009365787716395657
PPP1R14D,0.009361149919046623
IGLV2-11,0.009359178380029611
PHLDB2,0.00935485393846396
SOS2,0.009345178592103624
LHX4,0.009343116998907169
BMPER,0.009339408810619282
CHM,0.009332692807405668
RASAL3,0.009330986820565237
LPO,0.009330665504342766
CCDC181,0.009329871620063998
RNF115,0.009327599423758028
HS3ST3B1,0.009327182481491796
USP28,0.009325533429256556
KCNQ5,0.009322538077472011
NKX2-1-AS1,0.00932221605393721
AC025259.3,0.009319321091602672
KLHL2,0.009319077288570508
NAA10,0.009317533210143492
TCTEX1D1,0.0093156313288192
AF131216.1,0.009314663983292901
SURF4,0.009314252417127845
AC016745.1,0.00931268050348029
AL121832.2,0.009310951512361474
PARL,0.009304259728795367
GABPB2,0.009303423953721354
SUPV3L1,0.009302222276484244
ZNRD1-AS1,0.009300732143470738
AC016999.1,0.009300393658023244
AC009522.1,0.009298295399801135
ZNF430,0.009297793034807074
FAM177B,0.009297602248851466
FAM134A,0.009292769697728463
RGS2,0.009290575612928027
SWSAP1,0.009286764774802597
AL672277.1,0.009285736121038682
NOXRED1,0.009283398239874221
MTFR2,0.009280258498442924
SCN7A,0.009280220927266701
RP5-1125A11.7,0.009277169887728361
SATB2,0.009272816073481599
SLC37A4,0.009271880569914091
NOD2,0.009267770107170894
FCMR,0.009267753862893259
DRD2,0.009265069355380087
LHPP,0.009263670250416136
SLC15A1,0.009262489747722735
C12orf66,0.009260744413874726
PCOTH,0.009260488616134235
C14orf1,0.009257739206524208
PTPRG,0.009257046288257879
WAS,0.009253903883903286
MLXIP,0.00925386767082153
LRRC37A3,0.00925357802371472
GORAB,0.00925080782577209
GZF1,0.009248654835630907
RAVER2,0.009243936939409723
REEP4,0.009243731208566572
SRGAP3-AS4,0.009237664153605891
LINC00336,0.009237269944883587
LAMA5-AS1,0.00923238640679365
LATS2-AS1,0.009229859849742407
AL033519.4,0.009227924610253646
HSPA4,0.009226332477670487
AL354928.1,0.009221562740988716
MRVI1-AS1,0.009221476487820252
RPTOR,0.00922067993869475
ZBTB48,0.009217945518177076
CMC2,0.009217679579198912
MROH7,0.009215334164374898
RP11-620J15.3,0.009208549522261014
C14orf79,0.009196525087643747
RP11-101E13.5,0.009195260988295031
SLC16A2,0.009192482629850342
POU6F2-AS2,0.009190228247023044
LOXL2,0.00918503894947045
FOXN3-AS1,0.009184241250637973
RP11-395A13.2,0.009181688668532683
UTP20,0.009181657158546014
CCDC102A,0.009173111138840232
C5orf24,0.009166177206948446
TRAV8-3,0.00916602440899552
HMOX1,0.009165410528313036
CDCA8,0.009163693924673155
KBTBD12,0.009158411873232138
SLC30A1,0.009155684382251568
AL365226.2,0.009155032900663282
FOXN2,0.009153249249385065
TRMO,0.009151223594450112
COASY,0.009151069193035363
CDK20,0.00915083275124227
HSD17B4,0.00914074581428893
LGALSL,0.009136756390225282
MED16,0.009130847943828844
IPO9-AS1,0.0091296995501835
S1PR1,0.009126007837281647
PIK3CG,0.009125092516244918
C7orf55,0.009121839690887526
ERICH2,0.009117428736753957
TAF4,0.009116701319152577
CD40,0.009115262049298325
MYLK,0.009112461232247428
AL035425.1,0.009109208972071438
CFAP36,0.009108274020954668
ADIPOR1,0.009105646537764009
ORMDL3,0.009104970390182196
ENTPD6,0.009101635687559914
NRG4,0.009094708815218526
RP11-435O5.2,0.009090287927851262
RP11-734K21.3,0.009090287927851262
RP11-499P20.2,0.009090287927851262
RP11-37C7.3,0.009090287927851262
TRAV13-2,0.009090005067989742
SETD1B,0.009089647260351032
FO681492.1,0.009089618557989879
DLG4,0.009088175113475414
AP002813.1,0.009082656549216757
AL627309.1,0.009080844748914896
MAL2,0.0090806031570015
KANK2,0.009078469016904565
AC073316.2,0.009077241136553024
CHST6,0.009075882374540288
CYSLTR2,0.009068050596049763
ZC3H12B,0.009067202400846701
DNAJB4,0.00906707289781257
AP000787.1,0.009066654036826957
ZNF84-DT,0.00906517969300659
PTPN6,0.009063368213284895
SMARCA4,0.00906301395138967
LRRC70,0.009061322317786134
AL354824.1,0.009060079966701948
STK32A,0.00905700853899856
MYO1B,0.009054070320731744
KLK13,0.009053589283562995
AC114488.2,0.00904434742972226
NUP107,0.00904232134713237
ELOVL2,0.00904139983941364
CCDC154,0.009036145724966511
GLYATL2,0.00903593835455107
STRN4,0.009031164230764555
LRCH3,0.009024246025481603
SLC17A9,0.009023632338612628
SYNGR2,0.00902293794581683
KIF26A,0.00902215185304734
RFXAP,0.009017156872292877
OLFML2A,0.009014045628952968
CLEC14A,0.009010976954413653
SPSB3,0.009010416556507958
KLHL28,0.009009275267162064
NWD1,0.009008533196138691
AC011444.2,0.009000174945463159
AKAP8,0.009000058113361962
TMCO5A,0.008991175713897615
ZNF675,0.008989083996214713
FGF7,0.008981708335037962
DCST1-AS1,0.008981413922642203
CCN5,0.008977820166625843
AC097713.3,0.008977401868524821
LARS2,0.008976504166391895
RAB11B-AS1,0.008975472590421227
AL356215.1,0.00897251937120423
RP11-305K5.1,0.008969146414660996
AC096751.2,0.008962819032959998
NBPF14,0.008960199619609057
AC092428.1,0.008959640453331991
OBSL1,0.008956033096333615
PPP1R1C,0.00895432463183773
LINC01607,0.008951186197630398
IGKV3-7,0.008950809642004292
CARKD,0.00895058088729766
NR2E3,0.008944386548150133
MGAT4B,0.008940154772621327
ZSWIM3,0.00893671104230996
PSMA5,0.008928123050093405
DTX4,0.008916286171362515
NDUFS8,0.00891472444909056
SPINK13,0.008911942524700872
PRLR,0.00890958751438103
ALG9,0.00890902028650774
WHSC1,0.008906022149807085
ODF3L2,0.008905368099631727
MITD1,0.008902496516094309
IRF9,0.008901139215305562
C1GALT1C1,0.008889143025683367
AC007292.2,0.008886876808064017
AC010245.2,0.008886239046122549
GYLTL1B,0.008882359804570408
TLCD3B,0.008881724676283637
NPIPA2,0.008875850049743169
IP6K2,0.008875781508130934
FAM110B,0.00886850179969019
SDR39U1,0.008867768799452764
GALNT7,0.008864977529552016
INPP5D,0.008862299737454614
BX324167.1,0.008856534160835365
PRKD3,0.008850531272664944
KLK14,0.00884906403160685
NIPA2,0.0088440505891411
ARHGAP9,0.008843102986882432
MYH7B,0.008843074784767941
LRRC32,0.00884123448756098
SCML4,0.00884092997980968
AEBP2,0.00883804844387141
AC027288.3,0.008835361916325507
CDKL5,0.00883325806279697
BARX1,0.008829554565779968
MTMR6,0.008827137580155126
IGHG3,0.008826829024382275
AC073352.1,0.00882678945808826
YY2,0.008822294579855889
PAPD5,0.00882139761968899
AL049794.1,0.008819560037061813
UPK3B,0.00881884867191818
MITF,0.008815960746608214
FPGT,0.008815461554640228
CASP2,0.00880958519150522
SLC9A3-AS1,0.008799308817010607
AC105137.2,0.008799233568345844
SLC46A1,0.008798181178905453
FAHD1,0.008796008023042277
AUXG01000058.1,0.008794881907005583
PRSS35,0.008793283014311376
NEDD8,0.008791363700326162
SPINK5,0.008786318188784888
LST1,0.008785882578926634
C3AR1,0.008785306011072714
RSBN1,0.008784850494562249
GNAI2,0.008780626691879227
ZFR,0.008779440527733875
LINC00922,0.008779126953163399
DLGAP5,0.008778756645024744
AC005586.1,0.008777054361984865
LMO7DN,0.008776083632430343
SLC1A1,0.008774848281021291
CCDC71L,0.008774096753598571
TAF15,0.008773855891993932
CLDN15,0.008772477478615119
C11orf65,0.008771890409957026
KAT5,0.008765861531250784
NSUN5,0.00876203674499847
TIGIT,0.008760577681759198
ZNF563,0.008759535538503041
CCL21,0.00875417143313924
AC021148.2,0.008753814031364222
SMPD1,0.008753346181432354
MALINC1,0.008751554858635904
EML6,0.008748990576615132
AL133482.1,0.008744722729351015
FAM134C,0.008744461209738848
WBSCR27,0.008741269588600309
TPTE2,0.008739000367774167
ZNF320,0.008734537170045738
MAP3K7CL,0.008731804952838084
AC046195.1,0.0087310540582319
DEFB1,0.008729919148841067
AP002490.1,0.008725901943806558
CELF5,0.008725554259491413
PEG3,0.00872184408461627
LINC02185,0.00871954067541422
ZNF692,0.008719486650853368
CD53,0.008709000486975108
WASIR2,0.008699328265146107
AC104806.2,0.00868906974143968
DARS2,0.008678315687373128
HARBI1,0.008677700085304774
LINC01655,0.00867408741045027
CDK5RAP2,0.008673999401868759
IL16,0.008668500741172452
SMIM8,0.00866176070172598
CSAD,0.008657918266905205
PIWIL1,0.008650410399418097
ADGRG2,0.008646587349645367
KDM8,0.008644204763817182
PAIP1,0.008642994612134317
ZNF534,0.00863907136758581
AC010226.1,0.008631670679539238
MORC4,0.008630385452560731
FAM178B,0.008628947620222606
ANGEL1,0.008626223260439537
IGHV3OR16-13,0.008623670640345618
PNMA1,0.008623578885040693
TRIM5,0.00862021056841806
SLC39A13,0.008615345720274841
ABCC6,0.008613880112970655
ASAP1,0.00860851729731758
LINC01106,0.008608068265924036
NDRG4,0.008603555961842358
LRCH1,0.008603168946662498
RAMP1,0.008602922534703216
RP11-884K10.7,0.00859920420203009
SMC1A,0.008598216617751103
AC008522.1,0.008596828774097924
AC117394.2,0.008595983780992142
FUS,0.008595528278896767
IQCH-AS1,0.008588091180346267
AC008840.1,0.008587691749339857
HIST1H2BA,0.008581202355302997
NAP1L5,0.008580253739644121
AC010336.3,0.008578321741705258
AC023906.3,0.008563525358583894
MTERF4,0.008562765888885054
SNHG25,0.00855854969990973
RBPMS-AS1,0.00855595682429488
ECT2,0.008554201210697788
AC099509.1,0.00855280139890143
AC016027.1,0.00855139356676087
LINC00330,0.008542988257339325
SNHG6,0.008538521298150862
AC145285.6,0.008534284276833207
ZNF594,0.00853272393087116
GJB3,0.00853064810878307
AL512408.1,0.008527997210358636
OBP2B,0.008521881530226202
NKAIN3-IT1,0.008520158009851805
GLI4,0.008515645609341297
C1orf74,0.008512604893983545
AL136418.1,0.008505097666914074
AC009812.4,0.008502657758576806
LCP2,0.00850262606500756
XRN2,0.008496622526879431
ZBTB9,0.008495800780250709
CACNB1,0.00849469142057723
ELP3,0.00849418794732815
C18orf25,0.008488967823491273
AMMECR1L,0.008486170110692602
TMEM8B,0.008480995565688905
AP000944.7,0.008480204872469546
ZCCHC2,0.00847956528489124
GHET1,0.008477664966934414
CASP10,0.008471203628049505
RUSC1,0.008470684335344456
HSD17B6,0.008467969957838118
DLEU7,0.008460966047419506
TTYH1,0.008459190403158578
LRRC42,0.008446566655108527
WDTC1,0.008441069191300617
FAM133B,0.008438595319808416
PNOC,0.008434623314296438
CCDC15-DT,0.008434339658288607
SYT8,0.008425219108336874
RTFDC1,0.00842288675614935
DCPS,0.00842227228993117
IRF8,0.008416016408630683
RRAGC,0.008411062352928527
CSRP2BP,0.00840949472479811
NADK2,0.008407490956872736
MYLPF,0.00840297765685773
KLHL32,0.008402256423622611
TSHZ2,0.008398736756164761
ZMIZ1,0.008394871935528656
TBKBP1,0.008393575823144183
TFB2M,0.00838471541444028
CYP11A1,0.008383667467986895
ZFP14,0.00838232153800027
RP11-242D8.1,0.008377034538417231
PHF13,0.008375070126811292
AC091978.1,0.008373241549964133
CBLC,0.008372386030110118
P2RY10,0.00836969729078235
SMIM10L2B,0.008369024034432074
SENCR,0.008366547459094178
S100A12,0.008366419220633171
WBP4,0.008365417277420769
TEX45,0.008365169740323867
AL445222.1,0.008360445873468247
ZMAT3,0.008359828987394761
PGLYRP4,0.008354906171742348
MLXIPL,0.008350946356599746
AGAP2,0.00835088906085769
TDRD7,0.008350831082299103
AL353151.2,0.008350486788601945
ZHX3,0.008350214904248218
TNFSF8,0.008349833766602848
SLC30A2,0.008341034609899914
MFSD3,0.00834080380354335
GORASP2,0.008340227922336605
LAMA3,0.008340013863209783
FBXL22,0.008337159995778345
DPF1,0.008336853927382433
PRPF3,0.008336759139745272
ZBTB33,0.0083349064577401
KCNK6,0.008334296790804012
CAMK4,0.008327312329525502
KIF26B,0.008322252648366796
AC022509.2,0.008321975821299163
PRKACB,0.008313661612551771
STAT1,0.00831300735128746
ZMAT5,0.008311271800362074
AL158835.2,0.008307578443843524
C1orf52,0.008301566970800206
UBTD1,0.008299291252473738
AC005021.1,0.008292407325266805
FAM96B,0.008291905078167388
AL096865.1,0.008291284384770295
NVL,0.008287643241102054
MCF2,0.008285216557070926
LAMP3,0.00828349793958578
GRAMD1C,0.00828212846048191
COL3A1,0.008281776097805005
IFT74-AS1,0.008280823901105658
AC026704.1,0.008273283570845327
AC105020.1,0.008270195580383544
AC012213.3,0.008261178381313579
SRCIN1,0.008260432957330827
THPO,0.00825157212113393
AC006059.1,0.008249892216224622
CD81-AS1,0.008247278021386716
PKN2-AS1,0.00824564212463807
BX255925.3,0.008243415921128094
MCUR1,0.008242143002744583
ANKRD23,0.0082339908281732
AP000442.1,0.008233015326528238
RASSF10,0.008227225842553733
CDK10,0.008226647448399172
FAM8A1,0.008226092161977045
AC012313.1,0.008214318457857445
MANEA-DT,0.00821263976525993
FILIP1L,0.008210812571051194
SBF2-AS1,0.008200893803666887
CACNG8,0.008189821760591043
AC036108.2,0.008187499377501415
ST8SIA1,0.008187180293947754
DUSP14,0.008187078459002173
MSL2,0.008183175060260792
ZNF273,0.008179490982540113
CD300E,0.008179155544307962
PIM2,0.008178811837030715
ZSCAN30,0.008172150400210836
ERG,0.008170004151795841
EXTL2,0.008169268926738953
MRNIP,0.008162817752580737
COQ2,0.008162241739087838
MINOS1,0.00816212043994664
PVRL1,0.008161069183569897
HAVCR2,0.008158934815117626
LINC01415,0.008158826125448765
PHKG1,0.008158378120207277
AC083964.1,0.008158000688533824
AL139124.1,0.008155107061251483
KC877982.1,0.008155107061251483
CEP19,0.008153332935513726
ZNF653,0.008149835000369638
PKHD1,0.008143995221525358
AC016745.2,0.008137417037380223
AGO1,0.00813698425895118
AP002498.1,0.008136175858880065
TCF7L1,0.008134373378911255
DNAJA4,0.00812837139541298
AL138760.1,0.008125102043195009
AC009226.1,0.008123371320255868
GTPBP1,0.008117198281624646
DEGS2,0.008112603289937672
TIGD5,0.008106229736870878
BRD9,0.008103065701980511
OLFML2B,0.008099731393887198
LINC00160,0.008097831034487656
AC012640.4,0.008094879596387904
ZNF77,0.008093970040737287
KDM4A-AS1,0.008086911831459976
CRYBB1,0.008085789024374426
ZNF610,0.00808563405382993
PSMD6-AS2,0.008084738261111633
HS1BP3,0.008081357639143296
OLMALINC,0.00807925462683549
ZNF844,0.008076204031762131
HIST2H4B,0.008074058401444019
COL5A3,0.008073908004659696
CYR61,0.008073514476058639
LSP1,0.008072449863027338
CASTOR1,0.00806977976622803
JPH4,0.008064016809448805
RPAP3,0.008058798096302354
KLHL12,0.00805811565049288
MRE11A,0.008056442186487262
TMEM179B,0.008054153522615423
AL358777.1,0.00805212383845309
SIDT1,0.00805095134872206
ADSSL1,0.008050049886411087
AL033527.4,0.008038934956811973
WFDC2,0.008036493186612453
NCR1,0.0080309175439258
HIF1A,0.008030624527466728
AC019197.1,0.008027816647940994
APBB3,0.008025523309990502
PRC1-AS1,0.008025406875421717
AC092171.3,0.00802107498766642
CDH8,0.008017519077025132
LINC01694,0.008013024924229239
STARD3,0.00801215368441501
OVCA2,0.008012097298674203
AOC2,0.00801167895827389
PLAC8,0.008011488069226767
MPL,0.00800917076187598
KTI12,0.008005806685658444
JPH1,0.007997760137076008
ZHX1,0.007996678858407335
GFOD2,0.007991155602472698
UBB,0.00799059073960427
FAM167A,0.007989958662746374
POLR2C,0.007989676075962791
LINC01963,0.007979955855245224
KNTC1,0.007979563357749181
DIRAS2,0.00797923606358967
ZEB1-AS1,0.007977668029954593
RP11-337C18.8,0.007977014988264386
INVS,0.007975292179007503
NOD1,0.00797337411368706
CA2,0.007972166283358862
NUB1,0.007968610558139166
TMX4,0.00796637992396173
AC104958.1,0.007964493770566086
PDIA6,0.007961245915935488
BMPR1B,0.00795857351602537
RP11-1275H24.1,0.007957958548405744
NRAD1,0.007957449091827305
FRG1-DT,0.00795560801979073
LINC02065,0.007954941180085794
C12orf49,0.007948970709338758
AL360267.2,0.007948714416172698
MMP2,0.007947002244482075
AC087854.1,0.007945841153746963
TIA1,0.007945433842817089
MAPK12,0.007944940099088749
LLPH-DT,0.007942490804554057
MAN2A2,0.007939612875169673
AGT,0.00793729477947707
AC145207.2,0.007937029480583549
SCO1,0.007932785423447495
SCARA3,0.007931754470602943
MYO5A,0.007930007753835325
PCLO,0.007928599344307377
AL451050.2,0.007928337453331484
CMYA5,0.00792803972844939
AP002748.6,0.007926019784108696
ENTPD4,0.007921724922845768
ERBB4,0.007918438170206975
PRXL2C,0.007913633255206425
PTCD3,0.00791047897001126
SLC9B1,0.007909112695677869
AL133335.2,0.007907398265450078
CLASRP,0.007905438550985295
IGHV3-74,0.007898255718929319
BNIP1,0.007891756222508187
RB1-DT,0.007891704875349705
Z82217.1,0.0078879219756751
MRVI1,0.007886157291598628
AC137834.2,0.00788603305918648
TM4SF5,0.00788457552235846
TMEM130,0.007881280913852899
PDCD11,0.007880584626162177
TFAM,0.007877801216249734
NUP210,0.007877626553994783
PRPSAP2,0.007877621749402139
C12orf75,0.007870823785253875
SKIV2L2,0.007870531889700116
ACAD8,0.007869374428000732
NPIPB3,0.007867455799856045
PAFAH1B2,0.007866142762732902
CCDC85A,0.007865673528671822
STXBP3,0.00786402228012785
NPIPB11,0.007863202084434267
IRS1,0.007862481754362329
LRRCC1,0.00785309223667258
RNF113A,0.007851986149086977
UBA7,0.00784214606410926
AC016705.2,0.00784024357788588
SQRDL,0.007839940225433243
SEMA4D,0.007836616381688226
MDC1-AS1,0.007834181060194931
MAF1,0.00782919725768339
AC139530.1,0.007828781585718668
ACY3,0.007828073838951307
INTS7,0.007827052942275606
RDH10-AS1,0.007824018670254248
AL050341.2,0.007821607024642446
GOLT1A,0.007814698066472121
MOGS,0.007813554539956202
SOCS4,0.007809819867934458
RAB34,0.007805213562643301
VWF,0.007803853058893347
MRPL50,0.007800714165502078
IFITM10,0.0078006709914123186
GCNT4,0.007794950146183296
AC137932.2,0.007794261918701186
GTF3C2-AS1,0.0077928919844794916
RIBC2,0.007788976043710534
SLC2A13,0.007783323341383964
CCDC43,0.007781845573762252
AC135050.3,0.007781204155336052
TRAT1,0.007771234608539319
CTA-276F8.1,0.007769057905041895
RER1,0.007768943158938737
TOPORS,0.007766811149198155
MFSD14A,0.0077591598848761835
TOX3,0.007751049417643843
LIPK,0.0077478143553114335
AC006262.1,0.0077478143553114335
ASB9,0.007746923014920757
GABARAPL2,0.007746301021174099
CPNE2,0.0077454540198491064
AL391840.1,0.007745423140463698
CTNNBL1,0.0077442777482523715
ZSCAN23,0.007743777867107704
TCTE3,0.007741841908503649
TRAF2,0.007740046712978323
BTN2A2,0.0077375143589571305
RGN,0.007733647946272781
ACACB,0.007714191172827513
AC022075.1,0.007712960397336314
AC073578.1,0.0077083492199823914
ISCA2,0.007708346357364159
NHLRC1,0.007707079320396969
GAL3ST1,0.007707000127164229
SLC25A24,0.007706092953299056
LXN,0.00770368471466177
KLHDC2,0.007703607220201599
MORC2-AS1,0.007702536110579556
DECR1,0.007700184791406143
CSRNP3,0.007697875611282129
AMBP,0.007694651754991346
TMEM249,0.007691964267012425
PRR3,0.007688943445150972
AC009107.2,0.00768416861961328
CYFIP1,0.007682400550335256
G6PC3,0.007682158877480159
LINC02193,0.0076819263348344895
IFRD2,0.007681140086746694
C19orf68,0.007680272110478906
CDK9,0.007680228410309207
KIAA1143,0.007678343789517895
SLC2A5,0.007675553283340253
ST3GAL4,0.007674933692462319
RHBDL1,0.007673518286402497
RTN4,0.0076725052725824085
U62317.1,0.007669477987116003
AC092069.1,0.007668577756820268
SNHG22,0.007666169219683708
ZNF799,0.007663592814905317
AC016134.1,0.0076624753031999115
LINC02223,0.007662417937066294
SPRED3,0.007661660954071287
CORO1C,0.007656480140352955
CTD-3131K8.2,0.007653038624005996
CAMK1,0.007653020080478717
ZC3H11A,0.0076468897278879604
CD1E,0.007646358308472806
LINC00682,0.00764438282583787
WDR34,0.007642706266152148
LRP1B,0.007638984927015567
GPRIN1,0.007634722616212255
AP001432.1,0.007634584082539579
SPP1,0.007628393999230298
AP000779.1,0.00762765995877208
TNK2-AS1,0.007626562516116232
UBE3C,0.007626343066838599
PIGH,0.007618984377055532
LINC01948,0.007618488988735316
CEP97,0.007618010192658022
CTSA,0.0076179862240414314
SPAST,0.007616592388003759
LINC00628,0.0076151315672145945
PIGK,0.007612227177520027
CAMSAP3,0.007606791443303406
YKT6,0.007603696877675407
AP001527.2,0.007602251478632596
KCNQ1,0.0075990419698156704
HDHD5-AS1,0.007595460752147171
HIPK1-AS1,0.007593622320694939
ASAP3,0.007591385460085211
AC093525.6,0.007590406689173114
ZNF561-AS1,0.0075890753253900056
HABP2,0.007586324767730839
MR1,0.00758442236291156
CEP76,0.007584218991901604
BIRC7,0.007582791371884927
TXNDC15,0.0075772514863404914
GOSR2,0.007565932285520138
IGHG2,0.007565683161986773
AC127502.2,0.007563856982020798
SSFA2,0.00756202779241807
ZNF771,0.007559538079332484
ARL4D,0.007555908241194157
EXT2,0.0075479591907903565
RIMBP2,0.007545965885246175
LDB2,0.0075450848990544364
CIAO2B,0.007538235309781127
EIF3J,0.0075377355342935975
ACO2,0.0075293014692726324
LINC01004,0.007528166506154836
NFE2L2,0.007520373892064588
MADD,0.0075177014679456335
AHSA2,0.007504841377240719
IGLV5-52,0.007486663850825112
GJB4,0.007486132721287812
AC099568.2,0.007485785388856743
ZNF543,0.007484141032635057
SYDE2,0.007483162957163592
NPIPB8,0.007481658278258647
FBXL12,0.0074761142346686845
CEBPZOS,0.0074715930837151116
SELK,0.007470529023945373
BTNL8,0.007467163095578997
GSPT2,0.007466428403055428
LINC00899,0.007464990428211187
PCBD1,0.007461375559380985
INO80E,0.007461205664911434
UNC50,0.007460699201656931
AP006287.2,0.007458323944711285
CILP,0.007457796478968283
SUV39H2,0.007457678669471671
LRCH4,0.007455217364689756
SLC35E4,0.0074494733249361724
RAB22A,0.007445566594807806
MTPAP,0.007445023948771776
AC124283.1,0.007444588342472851
ASCC1,0.00744402137354608
PLCB3,0.007443884648322794
XAGE1B,0.007443828823725078
UAP1L1,0.007439331520756049
SPOCK1,0.007437036403632306
COL8A2,0.007434453499462707
AC093627.10,0.007433031037048006
ST20,0.00743222024743395
TARSL2,0.007430085030172366
AC008764.7,0.007428617979644934
LINC01272,0.007427711588126109
TBC1D15,0.007427093418215684
DCLK2,0.007423188662016218
MLH3,0.007420678445516477
BCKDHB,0.007417595260190886
AL590004.3,0.007416620192175983
AL589765.4,0.007416576230809082
AIDA,0.007414819670196943
POLR3GL,0.007409003681656865
AC013461.1,0.007408234937389634
ACBD5,0.007401475724817419
CRYZ,0.007398861114214006
ARHGAP19,0.0073969991516180285
C9orf85,0.007395682837504389
LCN12,0.007395411602448876
AL162311.3,0.007394268689067206
MUC6,0.007390083998758876
SYNPO2,0.007389792823306753
CUTC,0.007389421681699319
AL356488.3,0.007389313581494537
AC009053.2,0.007388824967062195
AC100778.3,0.007385864349207926
HDAC4,0.007385292551394135
SEC22B,0.007380134846861488
AOX1,0.007378849018629252
WSB2,0.007376747643690636
HIBCH,0.007374986309794321
MIR2052HG,0.0073738538125326615
SLC6A20,0.00736990100125887
CCDC64B,0.007368961200376443
ADM,0.00736575742058927
AL136307.1,0.007365284706827598
AC140912.1,0.0073646344006613705
KRT75,0.007362181649262374
AC008592.1,0.007360824329894319
MED8,0.007356609099056725
C3orf33,0.007354557651490608
ARG2,0.007347664281878893
CASP8,0.007342517165597417
TRAV12-3,0.007341872608611058
CACNA2D3,0.007340769896735419
AC119396.1,0.0073387609473008686
KAAG1,0.00733691788081385
GLYATL1,0.007322153855822442
AC026471.1,0.007320161295717041
UBE3B,0.0073190211081833375
LIN54,0.0073089432389934
RPS4Y2,0.007307596400820957
GHDC,0.007303790804655424
FP565260.1,0.007300045624405413
SULT4A1,0.007299914000815458
AC093835.1,0.007299417087618383
CRYGS,0.007297987386226918
SOCS5,0.007294289259109367
AC133552.5,0.007292786125096999
TRIM14,0.007289214924764381
C1D,0.007288428644962061
TMEM203,0.007286904193404605
LINC01138,0.007285032807024331
SMARCD3,0.00728408254675602
SLC39A10,0.0072837493175264365
RP11-159G9.5,0.007280677295278458
ZNF143,0.0072804352495129095
CTU2,0.007278914792536729
ZNF146,0.007276538397604108
ARHGEF7,0.007271183720388359
EIF4A1,0.007270628245547284
PSMD5,0.007267018214894783
HIST1H3H,0.007266517524489415
TPTE,0.007253385067358391
AC093627.4,0.007252806540123361
PDZD7,0.007249312430723327
NOA1,0.007249138874138787
VPS26C,0.007248443712091855
TMEM11,0.007233895542743347
PINLYP,0.007230793868036807
CMC1,0.007220669603813094
LPAR2,0.007219706845098223
AC080023.1,0.007219467972468405
RNF157,0.007217887987611102
AC084082.1,0.007214146834687599
AC083855.2,0.007212222537994157
CMTM1,0.007209109513165829
ATP5SL,0.007195323685887473
POTEI,0.007194847661868402
PSMA3,0.007185185855546015
LRRC36,0.007184531915138037
HSCB,0.0071822822727250855
IKZF1,0.007182130377913032
HIC2,0.007178481137029043
AC106886.3,0.007175857194816371
PLXNB3,0.007171544238306366
TXLNG,0.007168321159179117
RP1-140K8.5,0.00716559435410231
NME6,0.007165577751482992
AC026304.1,0.007159188728629953
NANP,0.007156155151622583
ALDH1A2,0.00715498665158269
CEP83-DT,0.007153934866743145
DNAJC16,0.007153363436895285
CUTA,0.007152894094641122
SAPCD2,0.007149788033979779
SHB,0.007149228077812955
VGLL1,0.007144289446519475
TSPOAP1,0.007142470638142077
RP11-352M15.2,0.007142416112118494
ZZZ3,0.0071350194042153255
MAP3K15,0.007127001871009514
LINC02453,0.007125577778804767
XRCC2,0.0071232148109433525
SMYD4,0.007112515371702685
SUGT1,0.007109841845842967
MYBPC1,0.007108333041716199
UQCRC1,0.0071065579275028466
ZNF280C,0.007106012196566904
C4orf36,0.007101675347950842
ASMT,0.007100876787332197
AC023090.1,0.0070981457011455905
WIPF3,0.007098016913979707
PAQR3,0.007086841524565738
C1QL4,0.007083793105141797
STRADB,0.0070814423027314504
NOP9,0.007078734989801856
ATP6V1FNB,0.007072335856416897
TMEM213,0.007070148852592256
KIAA1919,0.007063881167183849
RAD51AP2,0.007063634477481514
RPS6KA1,0.0070632116172102384
SLC7A5,0.007061056388041986
AC078983.1,0.007059437716795597
ZNF395,0.007058765580531067
DPP7,0.00705789824539184
NAA38,0.007053897789121266
AC018742.1,0.007052390312544853
RP11-462G2.1,0.007049368113070805
MKL1,0.007047201569571508
AC022150.1,0.007045432356086919
TSTD1,0.007044646922925606
F2RL3,0.007044418469505916
TRIM49,0.007044160122721148
SIX1,0.007041043974832908
SLC8A2,0.007034423077914613
LIMK1,0.007031769644139286
GGT5,0.00701710138950293
AC004585.1,0.007015752222282852
AC009093.2,0.007014617242899975
NUDT16,0.007009788637733077
QRICH2,0.007006414492333052
MAP7,0.00700583122172013
AC016876.3,0.007003512063996452
ADPRHL1,0.007003114417861183
ANPEP,0.0069954427280387995
AFAP1,0.006995272856208917
Z97832.2,0.006994626151537787
RP11-156K23.3,0.006990261268903751
LINC02478,0.006988264388491321
NSMCE1-DT,0.00698745471573599
IGLC3,0.006984800822893164
ZNF439,0.006984762531847662
AC116535.1,0.006984129483692907
HCFC2,0.0069761382477236625
AATBC,0.0069733707941186445
INPP5F,0.006972547803891992
FNBP1,0.006970412249196537
SSSCA1-AS1,0.0069700384793807664
XCL2,0.006968564545608558
LINC02009,0.006966757677101557
AL136169.1,0.006966282901732588
SLC35A4,0.006965925213428785
NOL11,0.006961302153083583
ZFP1,0.006957651047847777
AC211476.2,0.006956753451272917
SLC22A18AS,0.00695538551884754
RP11-359M6.1,0.006955048079569549
ZNF398,0.00694894179120064
ACADS,0.0069468781961816144
KRT83,0.006945451167030303
LINC01927,0.0069433828875690795
ADAT2,0.006939857619032749
TMEM55B,0.006933969822923054
CLCN5,0.006927886967939307
CMC4,0.00692757599696347
ATP5J2,0.0069236146481146356
AL606491.1,0.006919521348648748
AC005899.6,0.006912335465958126
MIR497HG,0.0069120458268682695
HHEX,0.006911095235152181
AC010332.3,0.006910161824098135
MYEOV,0.006895921525037281
ABHD15,0.006895009271205452
HMHA1,0.006893487185699718
AL139353.2,0.006891849529295346
TTLL1,0.006890184128535934
PRRG3,0.006885859140114163
AL158832.2,0.006885853867030685
AC018761.2,0.006885045033474387
PKN2,0.006884428996314082
PDHB,0.0068841718868843365
TSPAN9,0.006882838601348822
AC112512.1,0.006881236290124113
ZNF493,0.006879361692160071
NMRK1,0.006873718052169921
NPC1L1,0.00686860171863707
ANXA3,0.00686836989482249
HLX,0.0068662916973630745
AC007448.5,0.006866109274565424
ZXDA,0.006864245357001311
RP11-131L23.1,0.006863131298467593
PIGW,0.006860857182757412
ZNF778,0.006859525823770839
NCBP2-AS2,0.006855728794598555
TAFA2,0.006853567132105783
CHRNB4,0.006852349528471438
GRAMD2A,0.006849277795286059
NIPAL4,0.0068477741565438
AL662884.3,0.00684682080672792
AP002008.4,0.00684586990357782
PEX16,0.006843092153132636
ZSCAN29,0.006841831301722634
AC005899.7,0.006839746428408145
AC006435.2,0.006837148312780303
ANXA8,0.006834392297376994
TSTD3,0.00683351496150471
Z95115.1,0.0068318877612745035
FNDC10,0.0068274031380931785
ZBTB32,0.006827271950843828
NACA2,0.0068271683148527235
SORBS1,0.006817348376888414
TMEM37,0.0068153846530592
WAKMAR2,0.006813805321987439
CENPE,0.006805285011026238
GRAMD3,0.0068036193078287515
ZFP57,0.006802381494996116
SLC9A3R2,0.00679872862451278
HNRNPH1,0.006792685369766207
XYLT2,0.006792177556243093
TRAM2-AS1,0.006787969542602718
URI1,0.006785371941667757
AC013400.1,0.006784948889478295
CFLAR-AS1,0.006782551869305195
SYT10,0.006781389541405162
AC144450.1,0.006779480167569486
NARS2,0.00677933756769807
C16orf91,0.006775676893390728
IL10RB-DT,0.006773374156590453
FAM114A2,0.006772610804009565
PDCD2L,0.006771239575274702
LINC01176,0.006770980325540658
IDI2,0.0067699179366195825
KLHDC4,0.006769650772985131
ST3GAL4-AS1,0.006766442071492423
LINC00152,0.006763043017787087
DCTN5,0.006761571248688688
ID3,0.006759653127647474
AC084024.3,0.006757855573408506
PIP4P1,0.00675437586877929
MYEOV2,0.006749401449173925
MICAL1,0.006748865195885332
SIRT4,0.006746955777338276
LINC01732,0.006745192539392201
WDR81,0.006742095121950178
SNX9,0.006741539393967013
COPS4,0.006740733671751746
B4GALT1-AS1,0.006740142293569893
BRE,0.006731661142643341
C1QL2,0.006731306330879464
FAM175A,0.006730401802257927
MUCL3,0.006729648611676489
CELSR2,0.006725039285542309
CNIH4,0.006719339081201475
ARFIP2,0.0067164068500579245
RGS10,0.00671454152154985
PPP2R2A,0.006714491177979738
CCDC8,0.0067070666459721606
ADRA1B,0.006705399403839171
TRIM11,0.006702371276723426
PGAM5,0.006700277808351428
C4orf50,0.006695381909490313
ARNTL2,0.006691131592811577
AC090578.1,0.00668680853637573
BX088651.4,0.0066852555935986765
IPP,0.006673506544236412
LINC01224,0.006671611353814201
CRLF3,0.006670571608026586
KAZALD1,0.006670472424173041
PCDHGA1,0.006668438810091685
AL031432.5,0.006667074229193137
ARHGAP33,0.006664828150326995
PNRC1,0.006659408945992637
FDXACB1,0.0066567093942705826
ZNF700,0.006654927432674674
AC106795.2,0.006651077182734049
AC073284.4,0.006649828781759089
CNBD2,0.006646928171068483
ZGRF1,0.006629943127462972
AC087241.2,0.0066292278592108966
AC188616.1,0.0066282110831648805
FGFR1OP2,0.006627755304296421
RP11-350J20.12,0.006622670940285503
DPP3,0.006617989926486789
KRTCAP3,0.006615496132283098
SHFM1,0.006613710285963611
LINC02026,0.006611736766499592
RP5-1065J22.8,0.006609979693844747
LINC01833,0.006609616334785475
AC023157.3,0.006606528753108111
ABCC11,0.00660369460286574
PTPRC,0.006601130531970766
TBK1,0.0066004513223677135
JCHAIN,0.006599670162312814
CCSAP,0.006598620264861855
MDFIC,0.006595772435764419
CPSF3,0.0065955352911871885
TAMM41,0.006595497568610758
FANCC,0.006594768294904866
APOLD1,0.006594733569509413
RDX,0.006593277476025581
STARD7,0.006584840343312924
KCNJ15,0.006583263438244833
ELOA-AS1,0.006583086975766926
ZADH2,0.006583047014395146
BAG3,0.006581614227704522
RP11-61K9.3,0.006577278717893816
LINC00111,0.006575457798601851
AL031283.1,0.00657270673246392
GDPD5,0.00657269729603362
TDO2,0.0065708538855808905
AC139887.4,0.006567682125640089
CADPS2,0.006566846953035339
MOB3A,0.006561880919446186
TBX2-AS1,0.006561677918040873
POMK,0.006560072692812697
DDX46,0.006558807313165758
AADAC,0.0065568401928552435
PPIL2,0.006550849945555525
MYO9B,0.006550342681388341
LINC00470,0.006547910861945518
CD52,0.00654721193620732
ZNF670,0.006541687890541812
SERPINB2,0.006539316967230938
AC016866.1,0.006539155165030381
ANAPC10,0.0065337657404363845
WWTR1-IT1,0.006526574221004532
MSS51,0.0065253324521594375
CTB-178M22.2,0.006518377586548175
MATN4,0.006517607897249748
ERMN,0.006516401137834523
MRPL30,0.006515526443476642
P2RX5,0.006514457685982753
FAM227B,0.00651272066368009
AC011297.1,0.0065117579826435654
AGPAT5,0.00650833231501314
AC018809.2,0.006508022619326435
CCDC94,0.006506782959277741
AC129507.2,0.006506366043138792
ZNF865,0.006505477349033191
ABCD1,0.00650442387883295
MEPE,0.006495009521314696
MIR378D2HG,0.006490167127421006
RNMT,0.006487852597315758
IKBIP,0.0064862698459044995
AC024940.1,0.006482247720712378
AC008280.3,0.006479488460332883
AC027097.2,0.0064770336935874254
PCDHGA7,0.006475402766274682
COX11,0.006475283429315763
B3GNT9,0.006475037093508206
IGLV1-47,0.006473217165615468
AADAT,0.006472512920364744
CD83,0.006472507535606856
GLTSCR1L,0.006471005400869538
AC092118.2,0.006468144083814245
FLJ37035,0.006464697616373378
PHF11,0.006460161220971424
ZNF69,0.006459444492262496
SLC25A41,0.0064578630358967945
ZC2HC1C,0.006457829723855007
HOMER2,0.006455467760887736
SEPW1,0.0064520996646441914
UBE2E2,0.006449052419441456
B3GALT5-AS1,0.006447503542235744
FMNL1,0.006446588275089915
GMDS,0.006446210348163896
MAB21L4,0.006443985697124408
ATP6V0D2,0.006440571672255893
GASAL1,0.0064364884498375845
PMPCA,0.006436121478219308
TIAL1,0.006435081519885929
MAPK8,0.006427651654897709
Z97056.2,0.006425438625390667
C9orf91,0.006418817371308803
SORBS3,0.006417389077938419
CYP3A5,0.006417228181091259
GDPGP1,0.0064150945308299465
C14orf169,0.006414595238412474
LNCOC1,0.006414545832735191
KL,0.006414302576794119
FAIM2,0.006413491152523158
GGT7,0.0064133349670089405
CPT2,0.006411947221261154
BRINP2,0.006411363179341175
AC011468.1,0.006410496763090418
TRIM10,0.006409417004632903
C16orf96,0.006409336042105475
FAM222B,0.006405809214075393
LINC00858,0.006400175829057764
SMIM17,0.006395955297044614
PAH,0.006394052326118824
CCDC155,0.006392933235414961
EEF2K,0.006386867619736957
LINC01993,0.006385755939220888
SELM,0.006385291681624738
CELF4,0.006384190211652591
IRAK1,0.0063830132315462335
LRRC37A,0.006382845216829473
SARS,0.0063776043960621
LRRC18,0.0063767924938439415
CYP24A1,0.006376208931147146
GNA12,0.0063734004956372235
SMOC2,0.006373055710178563
DUXAP8,0.006372195027385347
GSK3A,0.006368732910869595
AC074032.1,0.006365394054653744
JPH2,0.006365384853440641
C8orf37-AS1,0.0063619913517858374
AC010359.3,0.006359808090696532
PPIL4,0.0063567200834166344
AC118549.1,0.006354834370432135
DDX28,0.006350453320852806
IDH3G,0.006349382247870103
C11orf21,0.0063490365238201285
CENPL,0.006349032197624583
CTC-479C5.12,0.006348672035725325
PFKFB4,0.0063459905474807675
AC026355.2,0.006345918457236201
FENDRR,0.006343608902455919
TNFSF10,0.006343360807088842
AL606760.1,0.006343243431666423
DTD2,0.006340157746676189
MAEA,0.006339810829232149
C7orf31,0.006338550265971418
CTD-2371O3.2,0.006333915902474869
AC104809.2,0.006320959818422201
CAPZA1,0.0063157599377650295
MADCAM1,0.006309758105300023
IZUMO4,0.0063033257979063515
ZNF410,0.0063027914297550305
C3orf17,0.006300771275427556
LINS1,0.006300167231761601
AC055811.3,0.0062980494395079595
TMSB15B-1,0.006295436312604248
UTP14A,0.00629513529891665
AC004839.2,0.006293337884897578
BVES,0.006291487668405222
CUL2,0.0062878421110849686
IMPA2,0.006286704243395645
C21orf62,0.006284707245406711
DLX4,0.006280935002797986
SFRP2,0.006280598039145753
IGLV1-36,0.0062769654369887835
CLPX,0.006262540674825331
NPRL2,0.006260238437948059
LMO2,0.006260188640933421
CENPBD1,0.0062594419442121695
TMEM86A,0.006259302603032646
NTM,0.006258769734393788
BFSP1,0.006258358086647859
XPA,0.006255786312160493
CBWD2,0.006253970509160475
CRKL,0.00625254534066847
PKD2,0.006250588037110994
CYB561D2-1,0.006245143143188728
CKAP4,0.006245031434298947
DSN1,0.006242609661365886
ATP9B,0.006239483836121946
RNF146,0.006237181995730722
AC005838.2,0.006233882024309185
PLA2G15,0.006229990217971855
TMEM234,0.006225354943151877
ZCCHC18,0.006223517483076627
AC010809.2,0.006222183149285588
C14orf166,0.006218856718375834
AL357033.4,0.006218324635573948
PEX7,0.006218273254252325
IGHV3-73,0.006213075096297832
CHST3,0.0062094970118895055
AL133320.2,0.0062084093139669885
ITGA5,0.006204269630750299
FOXH1,0.006203981900349234
CSF2RB,0.006203980861314521
WHRN,0.006200767229287529
AC132872.2,0.006200409338916079
SEC14L1,0.006196001375424589
DRG2,0.006193788369215593
ZBTB46,0.006192590326554141
RBM7,0.006190559590399428
SOX4,0.0061854713408657225
LINC00339,0.0061796588696143104
CLCN7,0.006176379116478749
RBAKDN,0.006175532010874779
AC092353.2,0.006173194440068313
FKBP2,0.006171043638148688
CH507-9B2.5,0.006169756291861866
RBX1,0.006169619253721236
PAAF1,0.006169332597699723
ZFP64,0.006167215390724925
RP1-39G22.7,0.0061671743087223976
DNAJC2,0.006161056205370534
AL355304.1,0.006160098638800812
DDX60,0.006158969443729713
MTCP1,0.0061544497747157804
B3GNT8,0.0061509583050312604
UNC79,0.00614961981533543
CTD-3193K9.4,0.006146795727160551
NKX6-3,0.006141026337382049
LGALSL-DT,0.006140016844915555
AL358472.3,0.0061379286803006465
GGA2,0.006137928220577907
FAM25A,0.006134115532633135
IKZF3,0.006133932022811191
AL117344.2,0.006131698775578262
SELO,0.006130640815046568
EI24,0.006129187908256029
LIN9,0.006127607746874361
BHMT,0.006126474590664925
RNF25,0.006126139250411807
THRAP3,0.006122024655340756
STX17,0.006118557208916646
APOH,0.006116808414194435
NAPA-AS1,0.006114264385484698
STX5,0.006112351552853427
ZNF554,0.006110057787558068
LINC01842,0.0061081539904806375
AL008733.1,0.006102415821137265
ZNF107,0.00610225477327704
AC008537.4,0.006101700197995999
CD164,0.006099550225512823
CDIP1,0.0060957608532073125
SULT1A4,0.006094177950166099
E2F8,0.006091275154025111
TCEAL1,0.00608838629632406
ERP27,0.006087368996375131
PLAAT2,0.006078179995866164
C12orf43,0.006075717596552038
TMEM39A,0.006074891662913398
TTC39A-AS1,0.006073051731276432
LRRIQ3,0.006068564348976281
AL096854.1,0.006068529461701253
HYAL2,0.006068010373343409
ABCA6,0.00606460862059713
AC067852.5,0.006064490024238582
CD276,0.0060599394152969
NSF,0.006053954916628905
AL442128.2,0.006053419205608903
EIF3CL,0.0060514481008648435
MPP4,0.0060506696954182385
FGD5-AS1,0.006048932211655463
LINC00337,0.006047920778836299
RP1-313I6.12,0.006039543378451068
EIF2B2,0.006032868612660359
LMTK3,0.006030395757642216
GSDME,0.0060285925353367594
CCDC90B,0.006027331936351681
LACE1,0.006025484586554124
LINC01962,0.006021852143986404
ACTA2,0.006018679504784375
NEB,0.0060175527728353224
FBXO22,0.006016013194837606
MTHFD2L,0.006008248845009541
RP11-490M8.1,0.006006053596429747
MYO1G,0.0060058697995219335
ABCG8,0.006003105000886679
SLC9A6,0.006002663518120606
AL354740.1,0.005997742142934087
PCDHAC2,0.00599491797135058
INHBA,0.005993060380156627
FGF2,0.005986311158641601
HNRNPH2,0.005983809771971355
EEF1AKNMT,0.005983076321371773
MICU1,0.0059803376186190575
FYN,0.005980331803038298
FAM129B,0.00597415504408013
LINC02036,0.005971046397521629
MTFP1,0.005970167190576076
ZNF853,0.005966421094979207
CLPSL2,0.005965457362176469
SPINK6,0.005955558334916672
AL021368.5,0.005952839682922224
AC004870.2,0.005949846917124065
CHN1,0.00594949661213892
RRP15,0.005948337048293232
PPP1R37,0.00594816814788269
ZNRD2,0.005946244384175679
HCG14,0.0059457906337321694
SRSF8,0.00594306780484015
STK35,0.005942400268328077
METTL18,0.005939560950024163
PLA2G12B,0.005937549680763364
FBF1,0.005937456107828507
MICOS13,0.005936941609958014
AC008966.1,0.005936159480408627
SERF1A,0.005935103175636478
ZNF557,0.00593359891754124
AL138689.1,0.005929687129538265
RBMS1,0.0059221869608422515
KANSL1-AS1,0.005914738903733879
RP11-61J19.5,0.005914717614558324
GTF2H3,0.0059140510592048555
SYTL5,0.005913106666424065
ZNF718,0.005908162772256992
AP3B2,0.005907281718729784
OCM,0.005901451761062507
RGP1,0.005901054338806752
TRIP4,0.005900898365869047
PPP2R4,0.005898536013807372
MAP3K12,0.005898107952868035
ARX,0.005898095672296007
AC073575.2,0.005893246168247561
AC110769.2,0.005887092727377732
FKBP6,0.0058864714522300675
MARCKS,0.005885218987367584
CYC1,0.005884562597863649
AC087280.2,0.005882599759209303
TRPV2,0.0058824836216747394
AL358472.2,0.005880656691047305
NAA40,0.005879178117145594
CARD9,0.005876228974091838
AC004233.2,0.00587491194740991
AP4M1,0.0058740553811525
MRPL2,0.005872953097989529
FUBP3,0.005871470825956986
AC005400.1,0.0058679868436134226
AC009961.3,0.005866041604863409
THAP8,0.005865704180760223
FAM222A,0.005863008514313895
MMP7,0.005861901135411889
AC012074.1,0.005859339436659976
ZNF112,0.0058589925367872235
AC012557.2,0.005856695833568877
TRPM5,0.005855007755614317
AP001505.10,0.005854485148295713
AL078590.2,0.005853521784391424
TCEA2,0.005849373378811011
UBE2F,0.005847506860869043
RBM43,0.00584703959256241
PPP1R14C,0.005845738334301083
ADAMTSL4-AS1,0.005840151023927719
C18orf32,0.005837975109117099
CSK,0.005837612610253765
HN1,0.00583119837043704
ALKAL1,0.005830947977925916
MFAP1,0.005830907997173118
IYD,0.005828542206607969
UBE2J2,0.005828407528281969
AC010207.1,0.0058266357345720604
ARL17A,0.005825621540020534
RARRES3,0.005816722077842923
TRBV7-9,0.005815455650884418
FMN2,0.0058145159237215655
RAB14,0.005812672188266931
AL132709.8,0.005811360469593372
GMDS-AS1,0.005806879363683317
OCSTAMP,0.005804432468172739
SETD9,0.0058036244152430295
ZFP69,0.0057969343615976695
AC026462.3,0.00579623567650188
AC012645.3,0.005791915837092818
MC1R,0.005791491516738934
SCRN2,0.005790966089673408
INTS6-AS1,0.00578990876678324
FAM215B,0.0057863843622291385
AC008945.1,0.005777682214013954
FNTB,0.005775091350610775
KCNB2,0.005769911021861594
C14orf142,0.005769000389626479
C3orf58,0.005768099563509612
SLC24A5,0.005763845620092939
DEF6,0.0057603132578647005
RGS9BP,0.005758412267542376
EBAG9,0.0057578786411336385
YARS,0.00575377904593181
IKBKB,0.005748184332899651
RBM24,0.005745180133541093
ARHGEF15,0.005744886831860733
AC009133.4,0.00573570718052451
FCGR3A,0.005732777475320455
SCNM1,0.005729623621681316
FZD7,0.005728175398282892
LAMC3,0.00572816875988914
SAMSN1,0.005723702895640383
SLC15A2,0.005717453540477669
THOC5,0.0057115973886894215
TRIM73,0.005708174341631864
SCN11A,0.005706190575675843
FAM104B,0.005703917308302408
LINC01508,0.005703591235876947
AC012629.2,0.005702506079247289
AP001469.3,0.005700139180198077
CHKB-DT,0.005693476170419102
OR2A7,0.005690402654861332
MFSD12,0.005688380665929932
SCG3,0.005684551089150019
ZNF793-AS1,0.005683449657427779
SLC25A4,0.00567494506676369
KRT78,0.005673469128968547
RP11-192H23.4,0.00566957241052298
CECR1,0.005667153324721715
PRDX3,0.005664325511898481
GUK1,0.00566292573090691
IGKV2D-29,0.005660999670110017
TBCE-1,0.005658665694831072
GGTLC2,0.005655215882847129
AC107952.2,0.005653012579225606
AC099850.1,0.005648075666468159
PSMG4,0.005644533947549437
AC099050.1,0.005639959783867496
IGLV3-27,0.005637567028519695
HCFC1R1,0.005632429604131888
CTC-459F4.3,0.0056320729128080975
AC079142.1,0.005631019120163633
AC017104.1,0.0056294087427906404
EPN3,0.005626954310283488
AL132780.2,0.005623992030570774
TMEM44-AS1,0.005622962117921278
RASGRP4,0.0056227690542207005
TFEB,0.0056223168880162
SLCO1A2,0.005621822048024346
AC226118.1,0.005619572452816525
TLE3,0.005617873290001641
LINC01876,0.0056029531299417136
EMC2,0.00560036191503535
ZSCAN2,0.005597765186540053
GAN,0.005592628331017362
ARL6,0.005592471125690063
HELT,0.0055923119046219355
AC068282.2,0.005590946532037863
FAM213B,0.005586096907482376
ARHGEF39,0.00558418484537916
TMEM102,0.005583818131905001
SLC12A8,0.005582092309733509
SS18L1,0.005580361602672575
ADH7,0.005578222795733222
LINC00167,0.005577660766749892
CATSPERE,0.005570601572734407
C15orf57,0.0055652115613522915
KDM4C,0.005562004223711987
LINC02235,0.005561690307938208
AMN1,0.005560920052515718
GFI1,0.005560809813961613
FBXW2,0.005558254571059445
AC009309.1,0.005552126733951761
IFFO1,0.005552065141924509
AP1AR,0.005549368485415021
SERPINB11,0.005548809528757081
FEZF1-AS1,0.005548030228076181
RUBCN,0.005528621878494495
ANKRD13B,0.005527872626335124
AC125437.1,0.005521924422210333
SBF1,0.0055170379986188905
AP000873.2,0.005514002403119985
DISP3,0.00551341414068548
AC108134.3,0.005512894152812987
AL162458.1,0.00551097697215064
LPAR6,0.005508388438452547
C5orf51,0.00550387109255263
CLPB,0.005502452395637103
KIF18A,0.005502077835357028
RTL8C,0.005500027228104543
AC092611.1,0.005495412441487044
ADPRHL2,0.005492332556721114
LRRC45,0.00548884173599716
MANSC1,0.005487675037915766
ATF1,0.00548756988880867
YJU2,0.005486062626289365
B4GALT2,0.005485683637510935
RHOG,0.005485262782764964
FGF11,0.005484947682194151
ZP3,0.00548296032274437
IER5L,0.0054801938055845205
AL096840.2,0.005478329381016868
PSEN2,0.00547432637617944
PLCD4,0.005474046037519097
TMED2,0.0054733424349873855
SEPT9,0.005469827786348132
ZSCAN16,0.005469589081851208
LINC00636,0.005469034826013909
FPGS,0.005465597567060196
FAM229B,0.005465169810566345
PAK2,0.005464976863400728
TLR4,0.005463661844686994
ZNF593,0.005462854210145266
PDE1B,0.005462246918758849
ZSWIM8-AS1,0.00546156221336981
FAT3,0.005459932448025817
AC246785.3,0.005459063588548512
AL135910.1,0.005457947529144842
AC025034.1,0.005453061973526428
KANK3,0.005452201093730166
NKPD1,0.00545146595930526
COPS7B,0.00544569777990156
E2F7,0.0054456404267873276
LRRC7,0.005443658068956549
AL122035.1,0.005443199803620717
AC022031.2,0.005442250788492086
ZNF131,0.005440629620487392
IL1A,0.005440261160557554
AL391863.1,0.005439788741898047
AL138976.2,0.005438243374397394
LIPE-AS1,0.0054364210331189055
THAP5,0.005434930796368295
INTS12,0.005433120091339125
AL121772.1,0.005432617000294945
AC130343.2,0.005431232029506133
ATE1,0.005430830506028323
RP11-69E11.4,0.005427263156722167
AL096678.1,0.005426514655157812
RP11-407N17.5,0.005421354367436614
MIR181A1HG,0.005420665599060316
SESN2,0.00541693784690413
TMEM131,0.005415194013558347
LINC02742,0.005411391260557946
Z98884.1,0.005406207811454152
AC010247.1,0.005403854071962285
GRIP1,0.00540153500222548
DDX10,0.005398641408392045
ZNF33B,0.0053964099872491475
NEXN-AS1,0.005395073503514507
STK24,0.005384848177494219
SLC7A6OS,0.005384452280779349
AIG1,0.005383852639381974
LDHD,0.005381794838568865
AL360181.2,0.00537843799941315
CEP152,0.005375926539097916
SIGLEC7,0.005375373304109013
COA7,0.005372122810507738
ZNF551,0.005364797414227695
VPS45,0.005364573256896146
RP11-983P16.4,0.005362106656902429
SF3B2,0.005361683943907167
FAM78A,0.005357062208307738
RP11-89C3.4,0.005356785274563953
C5orf42,0.0053542786072070855
FZD2,0.00535205139406989
FAM65A,0.005348523055614493
BUB3,0.005345760814778051
SBNO1-AS1,0.0053442694391643225
MMP24OS,0.005343708960651489
SLC38A9,0.005341449445892329
GNAT2,0.005336647987875029
MEIS1,0.005335785983244823
VENTX,0.005326686265681065
ZNF782,0.005322474363338247
P2RX4,0.00531895686864884
UBE2K,0.005318558550339156
ARSH,0.005318040511596629
VPS39,0.005317020045015967
ZNF512B,0.0053170011255930195
MRPS11,0.005316233730850892
ACE,0.0053141194867817034
RSPH10B2,0.0053084203943901875
SLC19A3,0.00530389042354826
THSD7A,0.005302647860684215
AC136944.2,0.0052979870284460065
HACD3,0.0052974452953377105
NCMAP,0.005295768133136412
AL591845.1,0.005295748913702372
DLGAP4,0.0052943459104849025
AP003465.1,0.005293472527308492
SUCLA2,0.0052887672669374615
IGFALS,0.005288550695222291
HIST1H2AE,0.005287514280424725
RINT1,0.005282336461705496
LINC01725,0.005280992240564481
ACOX1,0.005279604465255155
RABGAP1L-IT1,0.005277355950374607
LINC02785,0.005275299232079101
CHIC1,0.005268284933923951
AC243967.2,0.0052653823872569755
AC010501.2,0.005265211521280972
LINC02427,0.00526519872052581
IL13,0.005261554807962137
TMEM256,0.00526126420184761
GET4,0.005258683808707126
TBX6,0.005257890291527373
AC112236.2,0.005257604913736798
AL136987.1,0.005256793282640373
EIF1AX,0.005254711378156231
HSD11B1-AS1,0.005254598995002285
ABCA2,0.005253651248753319
AL365259.1,0.005253091663198987
RPUSD3,0.005249589124252699
PCK2,0.005243696908018524
MARCH10-DT,0.005236311361876141
EIF2S2,0.005234182021124771
AL158214.2,0.00522640093808492
AC107993.1,0.005225602153336211
SHANK2-AS1,0.0052254399549887375
ASIC4,0.005225395092834018
GLI3,0.00522454854216239
CD300A,0.005223942609110701
APBA2,0.0052148622624963855
PITHD1,0.00521435802144364
AC131953.2,0.0052137643105698425
CLEC11A,0.005211939550046511
ZNF667-AS1,0.005210186663977145
BORCS6,0.0052086203589512825
TFF1,0.005207203617633419
ATP6V0A2,0.005205739027140896
KIF2A,0.005205581278596053
UBE2D3-AS1,0.005204081480555523
NKX2-8,0.0052037934723477685
APLNR,0.005202754912598819
NOMO3,0.005198799798729721
AL451069.2,0.005198073434908909
TMEM154,0.005195148053636441
AC010336.8,0.005194038556474802
GLIDR,0.005193862987688133
NPL,0.0051868949568601224
CSRP3-AS1,0.005184841405218513
CLDND2,0.0051793520448452784
EFCAB1,0.005177429049312698
FIGNL1,0.005176794502369132
AC068580.1,0.005172361091226169
AC004264.1,0.005169749986150385
AL592295.5,0.005168749121578284
BLCAP,0.005168698958470336
TNIP2,0.0051680007440607885
ACTL10,0.005160629063605617
DMTF1,0.00515558739729676
RP11-327P2.5,0.00515369921560367
CTD-2630F21.1,0.00515369921560367
C10orf113,0.005151590537273095
IMPDH2,0.005138530589776878
OBSCN,0.005138267484349947
PPP1R3E,0.0051363682547061265
SCN3B,0.005136169047387315
AC040970.1,0.005128634976147203
CLEC19A,0.005125360672258616
ALPK3,0.005123137749337654
OSBPL1A,0.005122839925642842
ZER1,0.005120107947868738
JAG1,0.005118303435322657
PDE1A,0.005111168931204999
HEY1,0.005107734089439203
AC127526.5,0.005104639054903345
PVRL3,0.005103736542710269
C5orf63,0.005098036643193437
FO393418.1,0.005087218022280009
ATP5H,0.005084277065199135
LAIR1,0.0050834120671119296
CUL4B,0.005081364563359427
GATAD2A,0.005079961258157884
C6orf48,0.005077750226325812
NLRP1,0.005077408540257375
MKLN1-AS,0.005076024570193239
PNKP,0.005075352653948066
LINC01913,0.005074386059736281
SMARCA2,0.005072910988643398
TIPARP-AS1,0.005072540920746071
SAMM50,0.005070151567523405
PLEKHF2,0.005069981039746566
RAB37,0.005065513607548022
LINC002481,0.00505519635781113
AC127526.4,0.00505256675954916
EPHB6,0.005051855616861709
C1RL,0.005048835904468537
COA5,0.005048656980818827
FCRL1,0.00504610962009709
LINC00632,0.005045225136790795
UBAP1L,0.0050422726139670885
MALSU1,0.005042234282622874
DUS3L,0.005040742005433122
BACH2,0.005037447278473293
TSPAN19,0.005036190323246811
KCNE2,0.005035202598177863
MAP4K1,0.005030924794489214
UBA3,0.005027952585647224
AC096733.2,0.005026960091564307
LINC00332,0.005026768587544178
ACTG2,0.00502053560049895
THSD8,0.005019687191449204
LINC01278,0.005016411751338166
ZFYVE19,0.0050158277658539805
AL645608.8,0.005012847670482985
PPP1R26-AS1,0.0050090507440718034
SMC3,0.0050080984022280095
AC103974.1,0.005007783091738145
ADPGK-AS1,0.005005400346911635
SLC26A4-AS1,0.0050047561063397
SLC12A6,0.005004732124247266
PANK4,0.005002010494318315
ATP5G3,0.005000318110334859
SFPQ,0.004997960342569876
AC079922.2,0.004997818410395852
LINC00322,0.004994331800077747
RP11-1275H24.3,0.004994057149962457
TUBD1,0.004992003513753856
RP3-512B11.3,0.004991918558269359
PAXIP1-AS1,0.004984604986394913
AC096992.2,0.004970603262636211
CCDC171,0.004966786082210591
SLC49A3,0.004965857833468655
ABI3BP,0.004960510977804717
UBE2J1,0.004959053376041491
ZNF100,0.004954403763534035
SIX3-AS1,0.004953059452156473
DUOX2,0.0049518213899489676
PIK3R4,0.004950978199923602
ESS2,0.004949345216052662
AL096701.4,0.004946189752233784
RCOR1,0.004944037799688935
AP003717.4,0.0049426069271099665
ARHGAP31-AS1,0.004941963495485641
MRI1,0.004940681749726889
AL118558.4,0.004938613976196669
AC121761.2,0.004937817869963015
FAM69B,0.004937475831488706
MARK3,0.0049333946283956365
FOXO3,0.004928957056990064
TPCN2,0.00492827156158744
LRAT,0.0049281455613115034
LINC01170,0.004927621671067338
AC109454.2,0.004926269425349685
ACTR3,0.004922063525932125
MTAP,0.00492072807613196
ASB14,0.004920681828465936
AP001059.3,0.004914197672859715
DNHD1,0.004913982894988567
ZNF781,0.0049113732916563355
MPIG6B,0.004910663112496396
NFE4,0.004909746973061713
IGHA2,0.004909080109454407
TOR1B,0.004908510596606798
TMOD2,0.004904906641161029
CTBP1-DT,0.0049020655010561095
SNHG11,0.004901684850296409
RPA4,0.004900514735245703
TNS4,0.004899953215992881
LINC01185,0.0048966338829227575
KIF21B,0.004894683332984933
PCDH17,0.004892853614850571
FCF1,0.004890658737825955
HDC,0.004889993672736505
AC004801.6,0.004888536383263612
ARHGAP5-AS1,0.004887501445039655
HSPA13,0.0048811799657597936
AF165147.1,0.0048811191405935365
DIO2,0.004876370374651938
LRRC8B,0.004872215708370987
AC084117.1,0.004872198693161242
GAL3ST2,0.00486706098825076
AC011472.2,0.004864350698405106
LIMK2,0.004860520655325416
SPNS3,0.0048603753250390565
ZAR1,0.0048555542253228045
AL391422.4,0.004855208652802481
P2RX7,0.004854676347736344
ABLIM3,0.004854513317646462
MSI1,0.004853687947138822
AC026401.3,0.0048530827447923535
TEX264,0.004852573917052158
AP002852.1,0.0048515294708530695
AC005256.1,0.004849998101054355
MKRN1,0.004849929395631084
HARS,0.004848813226625426
LOXL1-AS1,0.004848806442944378
FRMD6-AS1,0.004847629275116206
AL359397.1,0.004847269157401586
AC008273.1,0.0048465969750509106
GTF3C2,0.00484493739308147
Z93930.3,0.0048444847462261
KCNE5,0.004842658892469892
ANO6,0.0048387549595175485
RP11-95D17.1,0.0048368863793482415
ABHD13,0.004836109365481259
RP11-206L10.9,0.004826068704629331
AL049597.2,0.004823510268191937
PLP1,0.004821664015526434
CCDC80,0.004816708907143955
AC112491.1,0.004813641346826392
TMEM50A,0.0048132618387733824
PLAT,0.004811722312983868
RPS6KB1,0.004809717782106911
DEPP1,0.004808084952582382
BASP1-AS1,0.004807702442839244
AC090517.2,0.004800546698106095
THAP11,0.004799504976197596
DAP3,0.00479934642966969
TOM1L1,0.004798219758047672
AC025171.4,0.004797248522821107
AC020910.5,0.00479637591025554
AP001033.2,0.004794528326761529
AL627309.5,0.004781668880176518
IGLV3-9,0.004781150468690574
AL356512.1,0.004779873068148852
AC005070.3,0.004775761867645056
DAD1,0.004772031997702036
UBQLN4,0.004770798289989334
PHETA1,0.004769143974800642
AC005841.1,0.004768862782622586
AC106897.1,0.004768074512234338
AL590560.2,0.0047671023063580184
AL691403.2,0.004766919366169502
GRK5,0.00475585031171001
ZSWIM4,0.004754945077147389
CDK18,0.0047520421276772504
CTD-2540F13.2,0.004750673682578204
FP565260.3,0.004747377933586983
CHKA,0.004745101252368754
FANCD2OS,0.004744078636157065
MRPL54,0.004744072149792445
SPERT,0.004740884816638048
SPATA41,0.004734910080439956
LTO1,0.004734331148324367
RFWD3,0.0047319368683561
FCRLB,0.004728340697073511
FAP,0.004725838637528384
RPP21,0.004724309170550874
OTULINL,0.004719433509654502
SMIM24,0.00471755467673536
NGFRAP1,0.004716333017604698
WDR89,0.004713691563550547
LAT2,0.00470246719252509
SCUBE2,0.0047012366182845695
CTAGE9,0.004699019921636389
ATL1,0.004698864650291702
STARD8,0.004695496412004723
AOC3,0.004694240823171345
TMEM254,0.004687579418277895
ZNF282,0.004686226899196384
B3GLCT,0.0046850815544183895
AC018647.2,0.004683276675490093
SHROOM1,0.004679498986366294
DCAF4,0.004679368995451713
ADGRD1-AS1,0.004678970347608919
IGHV5-10-1,0.0046760567430129615
LL22NC03-N95F10.1,0.004675193545546265
BTBD1,0.004674956547969297
CDKN2AIP,0.0046746142723528
ZNF841,0.00466811302423628
SPTBN2,0.004666929334927377
SIM2,0.004666314416063932
USP18,0.004663273370214887
ATP5G2,0.0046613298309544785
THRB-AS1,0.0046559431193357185
IGSF11,0.004655904632806706
PIM3,0.004643796202963829
C3orf35,0.0046435306822061855
GPR171,0.004640853922046143
SPATA5L1,0.004637106946699184
MTMR14,0.004634534563142222
RAC2,0.004633852134837722
LINC00996,0.004633586969108567
PCK1,0.004632744507375338
LTBP2,0.004632708177373598
AC126283.1,0.004631030216360521
U2AF1,0.004630607588971893
TMEM221,0.004627205047593358
MPP2,0.00462360615379051
PNPLA6,0.004621724565664221
RNF217,0.004621468357258112
CCNC,0.004620668192641449
AC079804.3,0.004619011608948626
FAM81A,0.004616481940816441
WDFY3-AS2,0.004609901242971038
AC002470.1,0.004609766528715821
KPNA3,0.004609243592056611
CC2D2B,0.004607355708202149
MBD3,0.004605723824687056
LURAP1,0.004604737393610239
KLF15,0.004599015548691153
PLD5,0.004598828705026943
ARRDC1,0.004594346053730609
TNFAIP2,0.004593039610456005
AC025178.1,0.004591949954460701
AC245060.6,0.004588555696713827
PTPRS,0.004585315106936837
IER3-AS1,0.004579767490256318
RAB25,0.004578864826267744
LSS,0.004576281599782645
UBE2S,0.004568963813005797
ST6GAL2,0.00456512953310348
ZNF394,0.004564795479567424
AL596325.1,0.004563826056150888
AC093821.1,0.004563062038181074
SMARCA5,0.004562683732820273
CNOT9,0.004559395721864586
AL354743.2,0.00455642511775317
ATP5E,0.0045564033375675985
FP236383.3,0.004555665685343611
CDH5,0.0045555862571570824
DPY19L4,0.004554911052832436
ZNF32,0.004553801229738195
IRF4,0.004553065499227651
KDM4A,0.004552499609320248
APC2,0.0045522955127225186
RTN4IP1,0.004551324516299163
SLC29A1,0.0045428974695036
LMNTD2,0.004541121906697498
ENPP3,0.004538501549847724
SPSB1,0.004538229363159636
MIR762HG,0.004537545212517621
TNFSF15,0.00453617712185552
EXOSC2,0.0045314071314876865
AC012306.2,0.004531151550906249
AC147651.1,0.004530159061814366
LINC02608,0.004528372742515745
BPIFA2,0.0045279696888311785
CGAS,0.004527391552372061
GNAL,0.004526279727472536
IFIT1,0.004522657993620933
AC138035.1,0.004519711861202972
Z73420.1,0.004518257904314872
AC004846.2,0.004517543780209105
ANGPT2,0.004516912349146498
VTI1B,0.004515537481644237
RNF130,0.004512089006908398
SLC16A8,0.0045010895702102365
DRG1,0.00449829927734774
CRYBG1,0.004494457448898812
PKD2L1,0.004489061051189296
EDC3,0.004488927394442512
FBLN7,0.00448215680336985
AL807757.2,0.004475788284292353
KCNK15-AS1,0.00447458751945826
AC091057.2,0.004474502798322848
FOLR2,0.0044735822718007445
PAX6,0.004472341108426603
FBXO17,0.004471309036188155
EFNA3,0.0044690419532935274
FAM43A,0.0044689411405702765
AC008875.2,0.004468821005731657
ZNF70,0.004467303139312981
MTRNR2L1,0.004465351485763673
TRBV10-3,0.0044646292215310655
SULT2B1,0.004463684162482319
AC068831.1,0.0044617017392370876
EIF6,0.004458678870495691
CTD-2336O2.1,0.004456063892833198
AC104506.1,0.00445470228145922
PYCR3,0.0044536777854554555
PLA2G4E,0.004447522911366228
ATHL1,0.004446137157465613
CD28,0.0044418726780886516
MFAP3,0.004440511625634641
RALA,0.004437038459791981
TRDV2,0.004436579351622124
EXOSC10-AS1,0.004432023115362941
SOHLH2,0.004429975768384342
CRIPT,0.004429477468590128
MARK2,0.004427965160549248
GNG13,0.004424729301449968
COMMD10,0.004422223875458927
MIR4458HG,0.0044190691107187634
SLC23A1,0.004415720086852462
TTC22,0.00441248001209782
AC008267.5,0.004410825381026005
PLA2G2F,0.004407187276687485
PARP16,0.00440708936139941
PDSS2,0.0044058329382705135
TBC1D22B,0.0044048594518507084
AL031772.1,0.0044027552061412685
ICAM5,0.00439942934561154
AL135905.1,0.004397237282132548
ADCY6,0.004395433473323929
SLC49A4,0.004395184399398135
C19orf52,0.004394686905178927
TMED3,0.004394621739893014
C5orf28,0.004393659871825677
SMARCC1,0.004392626708043084
LINC01703,0.004391905042259078
TMEM56,0.004391574432594368
GOLGA6L4,0.0043914669353503225
GGCX,0.004388309227025348
IGLV2-8,0.004382553646650101
ADCY2,0.004379344503149581
AC006994.2,0.004376491312427895
HLA-DMA,0.004373268520187146
LINC01484,0.004370130696385983
PLCXD2,0.004368264287645346
PRG2,0.004366439952058324
CREB3L4,0.004365195000997371
AC010542.4,0.0043562559863723664
C14orf2,0.004351611811881029
IGF2BP3,0.004351333468952544
TEX14,0.004349399557897585
SCAT8,0.004347814176131047
TXNDC9,0.0043473257063794055
AC007389.1,0.004345833617432563
AC034102.5,0.004344077337466204
RCC1,0.004340573550600761
GRIA1,0.004339703413634776
HOXA5,0.004334339696791542
INTS4,0.004330194714252572
RAPGEF5,0.00432817545978843
TBC1D24,0.004326249809798235
AC027682.2,0.0043250953466967175
AC245100.1,0.0043243415977160275
AIPL1,0.004323761707888791
DTX3L,0.004323637244295716
PLA2G2D,0.004314446294645078
WDR36,0.004311179051392498
AL158071.4,0.0043111531003141
DOCK10,0.004310594091679574
MMP13,0.004309405440785802
MBD6,0.004308994903392984
TASOR,0.0043073242581261936
RAB3C,0.004306629580565041
GSK3B,0.004302915395480647
LDLRAD3,0.0042931664782753344
AC022167.3,0.004291231154422177
SGPL1,0.004290987633506137
C1orf35,0.0042850138696067476
AVPR2,0.004281142343580522
NELL2,0.004279371866135597
AP002954.2,0.004276607195278424
RAB1A,0.004276430554959877
CCSER1,0.004274343168268608
LINC02732,0.00427342307469831
SLIT1,0.004273030609143398
GRIN2C,0.00426838537390026
NPSR1-AS1,0.004263554817092545
SEMA3A,0.004263169048117941
ARMC1,0.004258136523284111
AC011477.2,0.004253378764100177
LINC00491,0.004249294860436624
RAB28,0.004247574230010517
MARCH2,0.004247076827233565
AC092343.1,0.004243211644433801
CD180,0.004241399143551133
WDR48,0.004235190544483108
RAD18,0.004225461530017726
RDH13,0.004221680907773605
GCNA,0.004219919613275654
LINC00982,0.004216321037289486
AC108134.2,0.00421615171999649
GLI2,0.004210161936167368
CAPN10-AS1,0.004209240576445631
ZNF417,0.004208691942955427
RAI14,0.004208274310824718
WFIKKN1,0.004207915331265573
ACSL4,0.00420768903632689
CNPY4,0.00420666926931577
HOXC13,0.004202046436439252
AL590764.1,0.004200899447062513
AL590302.1,0.004199405192873151
AL157373.2,0.004197340554987133
GTF2A1,0.004196458641070779
CST2,0.004193911546301303
IGHG1,0.004191296372750917
MIR663AHG,0.004188109302940722
AC108860.2,0.004186106348575294
C22orf34,0.0041808372316640245
URB1-AS1,0.0041791428204340075
PCNX2,0.00417657811937586
EFCAB5,0.004172846486505627
AL645933.3,0.004170686246788897
RP11-61J19.3,0.004169708556776407
WDR91,0.004164454793093663
AP000704.5,0.00416332461347332
AC006460.2,0.004160715641671993
SDHD,0.00415844014228854
INPP5E,0.004155089056803821
AC004921.1,0.004154847816727342
ADGRL4,0.0041536144585681304
AL132656.3,0.004150093889240112
SLC4A10,0.0041492130876824695
PCED1B,0.004148018518749039
SEC11C,0.0041477535857309894
AC025754.2,0.004144756541724134
ATP5I,0.00414266602887485
KCTD12,0.004142116011264195
FTSJ3,0.004140462219666677
AP003778.1,0.004139717100772771
CYB5B,0.004136102897334717
VPRBP,0.004133569511750414
LINC01873,0.004132009505677358
KIR2DL3,0.0041315444129248384
COX8C,0.004121759976129864
ZNF322,0.004121046591771988
ALOX15B,0.004119711789598647
TSTD2,0.004112869357615032
BST2,0.004107272939794417
PCDHGA10,0.004106559979227176
SNHG21,0.004104433628556675
GMPPA,0.004103851992426312
AC100830.3,0.004102977846515517
ARHGEF4,0.004102644652490319
AC018521.5,0.004102495254594891
PLD6,0.004101151555364449
MTCH1,0.004100960351484697
KCNQ2,0.004100782835666239
BPGM,0.00409757400528733
AC083836.1,0.004093900103954794
AC013549.3,0.0040895454815404264
NR3C2,0.0040862519947404505
FAM162B,0.004085664778874652
AC019205.1,0.004083986600634878
WI2-85898F10.1,0.0040839430482123166
ARF1,0.004083329780477518
INO80B,0.004083166327943961
MYH11,0.004082343234585458
AC011346.1,0.004081648426898618
AC011815.2,0.004081093826431226
PM20D1,0.004078635045794772
DHRS12,0.004075870204244016
NUP205,0.004074393972187387
FH,0.004069428539986675
PHYHD1,0.00406858798860734
AC097448.1,0.004066777716199809
FIG4,0.0040650645894248294
MFSD2B,0.004058515520445984
PPP1R3D,0.00405760600906005
PAQR8,0.004054244753238716
AC107068.1,0.004053872095336743
MAP1LC3C,0.0040518771582697954
A2ML1,0.004051564970300965
BNC2,0.004051033864210284
MGME1,0.004048177382524502
GFOD1,0.004044908181855074
AC005288.1,0.004038615085906448
CWF19L1,0.004038075797287885
AC010996.1,0.004036302386490197
ANO9,0.004031959050786089
C9orf64,0.004030467442268022
RP11-348P10.2,0.004030326606795866
TNNT3,0.004029938447888407
INTS9,0.0040273611534618736
ZNF649,0.004026349188171147
DOCK3,0.004025479957491217
COQ7,0.0040253337112095226
AC009802.1,0.0040244564114764545
CSF3R,0.0040240143273984905
AC092296.2,0.0040216727572454005
FSTL1,0.004020340039043723
REXO5,0.004019510768415221
MEGF6,0.004015134491346082
KLHL4,0.0040149911898881
MCF2L-AS1,0.004005539673416011
AC011921.1,0.004005025271201927
AC096677.1,0.004003996426014167
WNT5B,0.004000530182283851
GRB7,0.003999973014396177
PMAIP1,0.003998880823138255
GNB2L1,0.003998805108015859
TRAV35,0.003997397547351587
TMEM220-AS1,0.003996894230291248
RAB5IF,0.003991506315144907
MT3,0.00398947074631419
RAB39A,0.003985020940434864
AP001005.3,0.003983703355946712
CRYBA2,0.003982270650946828
FAM153B,0.0039775009551926074
DPH1,0.003976304900948309
NARS,0.003974700983099243
LINC00667,0.003971741109251924
GCOM1,0.0039705333752221
XXbac-BPGBPG55C20.2,0.003969902995402913
ZNF18,0.003968656997407565
TTPA,0.0039536298131242235
NDUFB2-AS1,0.0039490178033915364
AC010327.4,0.0039480736889085585
COLEC11,0.00394794644089143
GPR87,0.003945607774518105
HCG17,0.003945451187396961
HIC1,0.003943984953243284
NUDT4B,0.0039420540842255115
AC009118.3,0.003941909973255787
PINK1-AS,0.003935546597482993
LA16c-431H6.6,0.003927783514466747
B4GALT4,0.003923841033684475
AC079610.1,0.00392275474014497
SDK2,0.003919024365109579
CYSRT1,0.003917940226021213
AC004771.5,0.003916801405797402
PIF1,0.003914610928352935
BTNL9,0.003913562904721834
CTHRC1,0.003912928912623073
CKM,0.003906835217223963
LINC00884,0.003903193389726554
WFDC10B,0.003901298423498313
ZNF346,0.003893965846574507
PRCC,0.0038939153920196277
KLRD1,0.0038897211044929074
C6orf47-AS1,0.0038886427143384025
IL17RE,0.003888261481183274
LYPLAL1-AS1,0.003886444081836787
CYP2C19,0.0038864106457997503
MRFAP1L1,0.0038840960263634705
DOCK8,0.0038838036261764617
SOS1,0.0038812788814147244
MFSD11,0.0038802889511393196
COMP,0.0038792422138432766
ODC1,0.003876746421944866
AC092068.2,0.003873578889840715
TMPRSS9,0.0038705819360311112
AC012020.1,0.003868546276540676
LHCGR,0.0038652993387341115
RTBDN,0.0038652731933223553
CD19,0.0038619658331230694
SRARP,0.003861224946176075
AL162411.1,0.0038600007955737234
DHX35,0.0038572581140145766
SLC29A4,0.003856635844405434
LY75,0.0038553830939325726
GFM1,0.003853914458716751
MYCL,0.0038504491251818425
OLFML3,0.0038490491024986344
AC007610.1,0.0038485831580643095
AC016773.1,0.003844610208459706
RAD9B,0.003841616688810967
HID1,0.0038379570622127167
RP11-498C9.15,0.003835297834064441
LINC02828,0.0038339216712705393
AC005037.1,0.00383363889129515
CEACAM4,0.003832418121777005
SIK1,0.003824206734801863
TRAV13-1,0.0038237665995654972
TXK,0.0038213587155746915
CHRNA7,0.003818801976988571
AC072062.1,0.0038177069031409593
COL4A2-AS2,0.0038128391304009636
RASSF3,0.0038122168646654523
AC074044.1,0.003809937135787089
NEK6,0.0038092176474562828
DUSP7,0.0038074310403146535
MESDC1,0.003807254702770051
CIC,0.003804038493695871
CCDC26,0.0038023176712800068
FAM210A,0.003800565422423231
ADO,0.0037985574112040887
AC007686.4,0.0037984490495029514
PLLP,0.003798105317501393
GEMIN4,0.0037949988792917435
AP4B1,0.0037933207162394716
SIRT7,0.003791137374654954
PDCD4-AS1,0.003791096851277344
C11orf95,0.0037891193748296245
AC022126.1,0.0037816143061297205
KRT16,0.00377601858544378
RP5-903G2.2,0.0037728261699064955
S100A3,0.0037684483282903834
AC022201.2,0.0037672405437058896
AC091173.1,0.003765662282705385
AL353572.4,0.0037654594935133986
HELQ,0.003762844837432289
PROK2,0.0037623096106840018
SLX4,0.0037596959499583823
PAPD4,0.003758129877318602
GEMIN8,0.0037579139272073845
MAPT,0.003756196129408089
DNAJC28,0.0037519557905146134
AC007405.3,0.003751859950735418
SLC25A15,0.0037508786041478516
FAM187B,0.0037452190571894395
COX19,0.0037446654357618627
ZNF674-AS1,0.0037439726060808356
AL353748.3,0.0037424400500124986
EPHB1,0.0037423132948562164
ZNF215,0.0037408675909488993
LINC00240,0.0037391450994141294
AC073863.1,0.0037367124554794078
IL20RA,0.0037356722059220335
EMC10,0.003725744477012285
KCNV1,0.003725510656825803
ELK1,0.003725099421382094
TAS2R31,0.0037214770870642915
SLC5A5,0.0037205237715695174
SNHG9,0.0037184833754823556
CCR5,0.003716381417235018
GET1,0.003716206817253421
BX322562.1,0.003715184578201232
DNPEP,0.003714334324988222
TXNRD3,0.00371186987591031
LINC02487,0.003710764753989825
NYNRIN,0.003705519585913853
SYCE1L,0.003705357069225448
AC104971.3,0.0037049111102438912
CLEC5A,0.0037035938367675674
RTN4R,0.0036979945202347043
PCYOX1L,0.0036964205897830928
MRM2,0.003694962227148057
TNIP1,0.003694742392615485
LINC01886,0.0036886789409488066
OPCML,0.0036769361289189853
FAM58A,0.0036764900050312087
AC079630.4,0.0036757848592322874
CSPG5,0.0036730726297504062
SNX8,0.00367126074474363
LINC00657,0.00366629180753451
FAAH,0.003664312794015335
AC022079.1,0.00365114810803649
AC068580.2,0.0036500173132554964
C11orf71,0.003646957099161305
AKAP12,0.0036390060388755627
ITGA9-AS1,0.0036361453116445755
OCIAD1-AS1,0.0036336092490371463
DHRS4,0.0036325947457348544
AC005821.2,0.00362937409324751
PSORS1C3,0.0036268993401936123
LINC01750,0.003625833260795958
USP12-AS2,0.0036245422066314833
R3HDM4,0.0036237560361915477
AC010654.1,0.003621599586736891
AP000317.1,0.0036161299553825093
ADGRL1,0.0036159605627609694
CCL2,0.003613382804597822
TNIK,0.003610076403385358
IGHV3-22,0.003607033504789024
DUSP12,0.003602703475610582
NCAPD2,0.003602287689582392
EMX1,0.0036006258342472426
AC112721.2,0.003595379983495452
ZNF85,0.003594536594631339
ZNF544,0.003591286762228005
AC145285.2,0.003590674645586232
LINC00461,0.0035900619738393406
SMIM32,0.003581118477597839
ACAP1,0.003580154942452939
AL590550.1,0.0035795787111754093
SMAD3,0.0035719484970403374
AC127070.1,0.003571250885460239
SMAD5,0.0035711792988182495
SLC44A1,0.0035677441783428404
LINC01140,0.0035662714434653822
TCEB1,0.003564833730601696
CLPP,0.0035612503933211796
LINC00863,0.0035606540060344432
PHEX,0.0035564087890909398
AP005329.2,0.003555809793931268
PACRGL,0.0035535531234443976
AC006230.1,0.003547027914953136
LRRTM2,0.0035440193853044782
PYM1,0.003542126229235615
UMODL1-AS1,0.003541511489306155
TBX19,0.0035398928596966747
AC022087.1,0.0035362754129249674
LINC01918,0.0035271393441282882
SYT3,0.003524888903902466
SCN2A,0.003520401276231485
RP11-344B5.2,0.00351953571363545
B3GALT2,0.0035142717634183314
AC138150.1,0.003512106417689087
FMO3,0.0035078521636822827
TBX18,0.003507392509873801
CDKN2B-AS1,0.0035048746496991914
EIF3J-AS1,0.0035025427176407797
SULT1B1,0.003501964141414873
MAPRE1,0.003498814884326868
AL512604.3,0.0034923162113812056
TPST2,0.003491502862361238
AL121652.1,0.003490264666866749
CNTN6,0.003489715079239674
EPS8L3,0.0034881973709419214
GAS1,0.0034828454204380026
PI4K2A,0.0034796110161167543
MGAT5,0.0034794456350083014
WASHC5,0.0034793790582927082
CCL28,0.0034768846853088175
AUH,0.003473625164479214
ABHD11-AS1,0.0034704357265369417
LINC00639,0.003468201748400184
ACVR1C,0.0034668730495307407
ZNF669,0.0034650218433607614
CD1D,0.0034636907784679097
DIPK1A,0.0034585578722033604
CHST2,0.0034575356890128067
TRAV27,0.003454495118307492
LINC02323,0.0034466767024134383
AC073475.1,0.0034453806840625315
AL138762.1,0.0034438656394243992
MMP2-AS1,0.003442645656996001
IGHV2-26,0.003442365092712704
IRF3,0.0034415493366810944
ST18,0.0034402396060174544
LINC02381,0.003438690120762484
HR,0.003438270740664452
ORAI2,0.0034370490412318254
JAM3,0.003433482513511965
MRPL45,0.003432343709675686
ERF,0.003431978012929142
GPR82,0.0034309321500699793
MAGI1-IT1,0.0034309103794345173
TLDC1,0.00343006129847882
AP000708.1,0.003428963952316494
MRPL55,0.0034282882153694795
AC002467.7,0.0034281725759072613
AC048341.2,0.0034281207740080545
ASPHD2,0.003421033598339088
AC091607.2,0.003418656320834041
ACBD7,0.0034174372946530482
AC010210.1,0.0034155981741080055
PPFIBP1,0.003415201663856484
AL050403.2,0.0034108399110827138
AL359397.2,0.003405329292449567
PAXIP1,0.0034049266323009897
NKIRAS2,0.0034020213241952924
C19orf43,0.0033976535067522778
TRGV5,0.0033958100515624266
MINPP1,0.0033957220316396947
EVA1B,0.0033908836133975722
AC020659.1,0.0033856967663749814
KIF23,0.0033854508703358537
FAM220A,0.0033808212714583484
AL031123.1,0.0033769148763919845
PRDM12,0.003374809946421188
CTSO,0.003374405963761499
AC004687.1,0.0033677476172756507
RPGRIP1,0.0033661089367683526
AC012360.3,0.003362102867521014
AC012378.2,0.0033613992144215484
AL049840.2,0.0033609548507734237
AC020911.2,0.0033608848948944786
RNF135,0.0033594079689172485
LINC02361,0.003356451983636287
F8A3,0.0033533149767317662
CFHR3,0.0033506341052834893
ZKSCAN7,0.0033474793951975747
AL162390.1,0.0033462893368343383
STC2,0.0033449816411177612
SKIDA1,0.0033250996697724304
AC005343.1,0.003325041932030959
CCBL2,0.003322808928380517
CYBC1,0.003320472184776519
LYPLAL1-DT,0.0033163411585774806
ZNF787,0.003313415131232992
RIPPLY3,0.003312190283746529
LINC00319,0.003309876149770672
SASH3,0.003308538858767015
RBM15-AS1,0.0033026339391948227
AC068491.3,0.003301184361088388
PEX3,0.0032968680494385003
RBM4,0.0032956798667279517
AC015987.1,0.003295598099648685
TTN-AS1,0.0032943311545817564
USP3-AS1,0.0032938447036940906
TMEM204,0.003293381903010458
MIR3945HG,0.0032930888040272875
AJAP1,0.00329291064724166
THAP10,0.0032842848693555742
LGI3,0.0032818299125723536
CORO1B,0.0032816275645531834
PBK,0.0032815340399999352
LMBRD1,0.003281187478241443
FUT6,0.003280389670987648
RP11-195F19.5,0.0032746930562349247
FAM46A,0.0032733855658772055
RNASE2,0.0032680500902536676
HBP1,0.003265919489942723
EVA1A,0.0032653499672304076
SGTB,0.0032651734537226143
FAM60A,0.00326467070179816
APOM,0.00326114349088429
CD177,0.003260264492778664
CECR2,0.0032580538497617973
AC108471.2,0.003256426933945928
TPH2,0.003253486732589251
STYXL1,0.0032523044453540094
SATB1-AS1,0.003249427882696593
AL356417.2,0.0032483844311855382
LYNX1,0.003245636264913618
RP11-273G15.2,0.0032433644515547106
TGM3,0.0032432695319054485
NDP,0.0032430674567831856
PEX11A,0.0032426402395071834
ABCA4,0.003242259610047684
FRRS1,0.0032348413735141736
PCGF2,0.003232204625602487
CNOT2,0.0032309547682758248
Z92544.1,0.0032293774597467817
KRT15,0.0032257681749024597
LAD1,0.0032238283771036545
ZNF709,0.003222723489512178
AL590705.1,0.0032222615640372172
AC005865.2,0.0032162979638419987
NLRP3,0.0032155813261935894
C1orf50,0.0032146383270550446
UTP23,0.003212528728291626
CYP46A1,0.003209241580790129
AC090236.1,0.003205500945983205
RARS2,0.0032027472722456958
SH3BP1,0.00319776860425859
FCGBP,0.0031967730604897217
IFI35,0.0031960454170735703
STK24-AS1,0.003195349181426555
CALY,0.0031937535137728456
NUP160,0.0031849337700723735
AC091271.1,0.0031847418131647058
TMC1,0.003183958463494148
AC083841.2,0.0031790489849074584
TENT4A,0.0031789352535881517
ADAM22,0.003176318827401139
TRBV14,0.0031724652700534065
AC005052.2,0.0031624628512880687
ALDH1A3,0.003160287397646045
RMC1,0.0031589114416608406
KLKB1,0.003156466269032658
SVOPL,0.0031562438037055136
LARS,0.0031551821109836397
RRH,0.0031534683108760553
AC007786.1,0.0031533312545692113
THNSL2,0.0031517199689458726
KLHL14,0.00314929645563903
NUMBL,0.0031455795723557382
MEX3C,0.003143663969002266
ZDHHC14,0.0031406182034644094
AC244213.1,0.0031391579639533465
VLDLR-AS1,0.003133869745577954
IGHV3-43,0.0031274827628217147
CPOX,0.0031263802042550025
CXCR5,0.003126261838687899
ACSF3,0.003125696279638177
DAB1,0.003117809332498402
ZMIZ1-AS1,0.0031078501334780434
C18orf63,0.0031071576823675897
AC009318.1,0.0031039970410305555
PACC1,0.0031023740470563187
LINC01978,0.0031013368749154436
RETREG1,0.003098295167312597
PRR18,0.003097089684645189
MYT1,0.003095175990120503
AC093227.1,0.0030929108232316148
FXR2,0.003088895213268122
LZTS1,0.0030820674196478637
CCT6A,0.003078166430022832
BTG1,0.00307741048252845
TRGV7,0.0030746652005872754
PTRH2,0.003073737733614858
FLVCR1-DT,0.003073592772321135
HS3ST6,0.0030722439631783475
ID4,0.0030690808600951362
VPS25,0.003066847076692132
PCDHB11,0.0030666521690557993
LINC01315,0.003065844192343193
MPG,0.003065391076706512
GBE1,0.003063330276104865
TFB1M,0.003056291623462602
MSL3,0.0030495082169061695
LINC02207,0.0030482487571052916
TEF,0.003045654762719633
SRP72,0.003040635031256032
ONECUT2,0.003038108388192749
CTC-559E9.1,0.0030346253670759564
SH3PXD2B,0.0030340446152275786
JSRP1,0.003031851977077082
C1orf53,0.0030292493288971776
RIPK3,0.003028912790206197
MUT,0.003025731521128179
TM4SF19-AS1,0.0030241395874868893
ZNF200,0.0030144818418809723
F2RL2,0.00301430449620381
KLF7,0.0030139150958960305
TMEM150A,0.0030081201396139927
LINC00327,0.0030043559939289316
ELAVL4,0.003003255692682949
PHF10,0.0029935780822173937
C11orf57,0.002992896139208168
AGAP5,0.0029926126978102115
AL008729.2,0.0029913940451643975
MIR3142HG,0.0029885418212555787
C10orf82,0.002987646823572715
AC027601.6,0.0029865800828967766
RAB40C,0.002976382482672939
CFAP97D2,0.002976311412189686
ZNF3,0.0029702781957817166
AC004771.3,0.002970201142453873
RRAGB,0.0029696133455886886
HIST1H2BJ,0.002967129861847478
TGFB1I1,0.002967106795152266
ZNF396,0.0029670733019549903
GLOD4,0.0029666324695624227
AL161756.1,0.002963925931252856
PRKACA,0.0029541575698581557
AC091544.4,0.002953754121169546
TLR9,0.002949133948521095
ELP4,0.002948476658142793
POU2AF1,0.0029432116781738936
GRIP2,0.0029409844598093
AC110611.1,0.0029389183666752726
RP11-637A17.2,0.002934907605866964
ZHX1-C8orf76,0.00292900685902358
AL512380.2,0.0029268861785529416
CTB-55O6.8,0.002920185658796788
AL390719.2,0.002915953878386596
AL353660.1,0.0029151086090413946
AL449106.1,0.0029117348774459566
C7orf60,0.0029097131264491393
AC007938.3,0.002908479960952176
DNAJC4,0.0028971349013980343
AL353759.1,0.00289506186689493
TEK,0.002891988122318896
CCDC84-DT,0.0028911673586915062
FBH1,0.0028865228505207748
BCAS3,0.00288471640871545
CYP51A1-AS1,0.002879322312550142
TAS2R30,0.0028780079295988932
RPRD1B,0.002877230078057034
TRAF7,0.0028753870154221923
SEMA7A,0.0028706862645706565
NOS1,0.0028704760845844985
ITPKB,0.0028626757261427885
ERC2,0.002861175323296703
CIP2A,0.0028586781911702727
NDUFA10,0.00285629899008742
FAM46B,0.0028561978405471275
AL365226.1,0.002854577344537677
GREM2,0.002851054946459652
FAM149A,0.0028466173699255638
BOP1,0.002845751342010454
DNASE2,0.00284462026730946
PTPRN,0.0028431735410473463
LINC01637,0.002841769029630154
PEMT,0.0028402863810154818
AK2,0.0028401144082135345
DVL3,0.002836358309267308
AC104564.5,0.0028362371172630904
CMTM8,0.0028351893637674013
AC092053.2,0.0028351159474209737
FBXW8,0.0028250796917122494
MESD,0.002824431980589555
SMIM20,0.002823970712174833
C8orf31,0.0028216090644138047
CTSG,0.0028195545065127147
LRP11,0.0028186706072831744
AL035446.1,0.0028171580407793232
CH17-189H20.1,0.0028124891454964674
SNAP25,0.0028112785010324863
RIOX1,0.0028057167551571644
EPHA1,0.002805194531781345
RP11-1391J7.1,0.0028050166657939022
INE1,0.0028037132969771766
PHF23,0.0028034186858707094
LINC01871,0.002800316048612732
AC020656.1,0.0027996624145556035
AQP10,0.0027933126535014847
QTRTD1,0.002791945419254828
SF3B3,0.0027905699532141002
SYP,0.0027885903102444183
DCC,0.002778010000141007
MRPS26,0.002774069769911995
AC010336.1,0.0027704852272667467
RPP38-DT,0.002768546806527929
BRD3OS,0.002767212999051161
CCDC88A,0.0027622379692004632
SLC16A1-AS1,0.002757257070401545
CDK5RAP3,0.0027558290467789345
TPH1,0.0027535004079291786
LEMD1,0.0027534505370327444
LINC01819,0.0027517141492682633
HMMR,0.002748941511269388
SGPP1,0.0027447473524407585
AC080013.1,0.0027314523370459537
AL358852.1,0.0027279170247679328
TMEM79,0.0027242798097429255
CTA-204B4.2,0.002720877602906769
ACTA1,0.002719726130942784
LRRC19,0.0027174994270636613
EDIL3,0.002714296879588164
SEPT2,0.002713716151863632
DUOXA2,0.0027111036548615355
MOV10,0.0027108445839359326
FFAR2,0.002710751050620127
EEF2,0.0027064748364874366
AC122108.2,0.0027046676414970495
PRPSAP1,0.002702983313385682
ZNF227,0.0027019673008313572
CRIPAK,0.00269921416032009
EGR4,0.0026973558405412427
RP11-219A15.1,0.002695534792714119
KCNAB1,0.002694689876322508
ARV1,0.0026943301699305926
HRH2,0.002692251800616898
AC211433.1,0.002685509075441885
EPCAM,0.002680671352483614
YPEL4,0.0026773456378792176
RHOBTB1,0.0026766167839708268
FRGCA,0.0026752880731863876
OIP5,0.0026728350135024155
TMOD1,0.0026723245793914894
RTCB,0.002670250352736128
LINC00641,0.0026675219584060992
PNPLA8,0.002666139003210986
TBL1Y,0.0026629498656091347
AC012101.2,0.00265480805604162
SLC5A9,0.0026507221883355484
NAE1,0.0026507102516982943
AL136454.1,0.0026499249433646725
AC007728.2,0.0026479251174534786
AC009093.1,0.002647453764946562
AP005019.1,0.0026462025195183488
AL162741.1,0.0026451503739580735
AC092747.4,0.0026443298577977516
ACSM5,0.002643021244272438
WNT7A,0.0026388141047236284
N6AMT2,0.002635416285830889
CARF,0.002630382760772698
UAP1,0.002628802932250182
PRKAR2B,0.0026286137210395234
AL360270.2,0.0026284613483330992
CDK7,0.002622683225183012
C20orf197,0.002620873718638743
ZNF665,0.002619421320620095
AL133390.1,0.0026166715939200343
ITGB2,0.0026163333850861403
AC005262.2,0.002612904490486548
RAD21-AS1,0.0026115277245013706
SNHG27,0.002610822426208732
HIST1H2AD,0.0026104403237333885
SRRM2-AS1,0.0026096789111515937
NT5M,0.002605405272267194
AC025257.1,0.0026045259064656472
LINC01980,0.0026028485090137323
LIMS2,0.0026027336845060737
FCSK,0.002601424838715533
MSLNL,0.0026012136875481658
TMEM184C,0.0025985148408786854
UBXN2B,0.002597978196938125
LYPLA2,0.0025945958193627433
AC092718.2,0.0025930123992906973
AC020928.1,0.0025926001085051207
CXCL6,0.0025855630163468617
NSUN7,0.0025841601330193584
ZFAND2B,0.0025833625346417793
LRRC26,0.002573167398542631
AL109917.1,0.0025726596098371557
VASH1,0.0025724633054909365
C4orf27,0.002570117619125882
RP11-54O7.17,0.002569455043899654
ARPC4,0.0025688212584873203
AC135279.4,0.0025666448298604437
ZNF660,0.00256270513275044
FER1L6,0.0025584359428156914
CPEB1,0.0025567599587988286
AL157756.1,0.00255671637470331
MIR302CHG,0.0025554914095762657
BDKRB1,0.0025546836229355767
C8orf88,0.002553162746055913
AC093010.2,0.002551421066965813
IP6K3,0.0025463819324859404
LY6K,0.002546155954925458
AP001981.2,0.002543936263623806
OPRL1,0.002540688682385042
SEZ6,0.002539808912955757
FAM198B-AS1,0.002538601870309312
AC104123.1,0.002537875866522446
MTRNR2L6,0.0025316876059599744
NPAT,0.0025303225192287665
GPC4,0.0025296935033969955
RABL3,0.0025287711061435765
MELK,0.0025279893862130845
MED4-AS1,0.0025217121306786877
SCARA5,0.002518599039443182
AC022167.2,0.002517211474607295
ZNF574,0.002516325519158817
AC090971.1,0.0025148584546329394
CUL4A,0.002514003601447959
ISLR,0.002513312904069711
AL162171.3,0.0025117912319256343
PTGER1,0.0025086301616167937
MRPL58,0.0025074901027232897
PRR16,0.0024973143245414827
AP001160.1,0.002496822857919483
ZNF613,0.0024965013537309832
AP002807.1,0.0024922007795611417
ERCC6L,0.002490870219515297
GPRASP1,0.002487035981992218
FICD,0.00248657826721341
AL137077.2,0.0024856162842960003
LINC02728,0.0024816382551056094
P4HA2-AS1,0.00247916123630336
PIDD1,0.002478335512385763
AC091965.4,0.002476665235801429
TRAV8-6,0.002470290193545157
C20orf24,0.0024691423195106043
ETS1,0.002469091475572813
GTDC1,0.0024639524667509154
ZBTB44,0.002463310305932684
AL121936.1,0.002462951782431487
AL138955.1,0.002461910377131502
AL136309.2,0.0024611967659494923
MID1IP1,0.0024603449992777913
EGLN3,0.0024582019288615638
FDX1,0.0024476946164263586
FGB,0.0024472980384186134
AC105020.6,0.0024469603281187424
PRRT1B,0.0024457018328763835
AL442067.3,0.002443622070873581
FGD3,0.0024386186752968398
NR1I2,0.002437340232163814
AHSA1,0.0024357398970853775
MISP3,0.0024303339858890295
RP13-270P17.3,0.0024298390731649863
LRIF1,0.002427802470034627
DENND11,0.002427127556249359
TTC23,0.002426292992104026
TIMM9,0.002425902047249071
PRDM16-DT,0.002423952637526137
AC105429.1,0.002423187562231524
MED22,0.0024228294334400773
PAPOLA,0.002421950510041038
ZNF420,0.0024143045975767398
MLX,0.0024108624864201075
KLHL13,0.0024071934595498302
IGHM,0.0024066204752208943
AP000763.3,0.002401616284005214
CNTNAP3B,0.0023973286608414157
MAL,0.0023954210577378865
SEPSECS,0.0023939531619436454
ZNF24,0.0023907757631273295
RP11-797H7.5,0.002384056655859497
VPS13A-AS1,0.002382833433319473
C20orf202,0.002382500031561916
SLC7A9,0.0023816399719208867
YARS2,0.002378067504334206
TMEM254-AS1,0.002376939715451174
ATP5G1,0.002376332515697584
RTP4,0.002374301762759643
GEMIN7,0.0023713775495746306
SMARCAD1,0.0023684746142188517
EED,0.002368135364739088
AP001453.1,0.0023670434323192478
AC093512.2,0.002362335462512106
DERPC,0.00236015323046852
EIPR1,0.002348938246195059
RP11-582J16.5,0.0023455434841768916
RP11-629O1.2,0.0023432994921494285
SSSCA1,0.00234146565238149
MED30,0.002339989407555141
CBFA2T3,0.00233969359412712
ZSWIM1,0.0023362824018717523
HSF2BP,0.002333374988965273
SNAI3-AS1,0.0023325777117071044
IL1RAPL2,0.002331648262011409
ZNF584,0.002330099441217739
AC097634.3,0.002329659988800493
ZBED8,0.0023292785752219284
EXOC5,0.0023267076033258826
FAM3D,0.002325634043583925
PLA2G12A,0.0023229669217385922
STXBP5-AS1,0.0023211962820258755
RET,0.0023189674798157543
VEPH1,0.00231200325776998
FO393401.1,0.0023119599090517338
DNAH14,0.0023114600923834342
GPBP1L1,0.0023081370849663114
AL603756.1,0.0023054746698493215
CAMK1D,0.0023036226664698927
PUF60,0.002300817640239028
OCA2,0.002300441699040765
SEPTIN9,0.0022996779304737063
KLF7-IT1,0.0022991589400066484
ELL,0.0022975272621120063
ZNF366,0.0022963287161849827
ELANE,0.0022929868153985004
PSMD11,0.002290478663855847
C3orf20,0.0022900186550494617
FOXD3,0.002289908873232381
HAR1B,0.002289887845555213
DDX11-AS1,0.0022869658716985985
IL20RB,0.0022833590692461518
GOLGA6L9,0.0022818227261721972
RNF170,0.0022815207979609477
LRRC40,0.002280755454500231
AFG1L,0.002279606477200462
CDX2,0.002279124173323083
INTS10,0.00227671741511227
C21orf62-AS1,0.0022724343224423196
CCND2,0.002272366095297555
ANKK1,0.0022695406923503346
SFR1,0.0022673562363705515
RP3-460G2.2,0.0022642378943524832
AC002310.1,0.002262397028727169
KLHL7-DT,0.0022609443056091686
AL592166.1,0.0022608169621907404
LMOD1,0.002259714752609225
IDH3A,0.002258848352746055
MBLAC1,0.002258329348967638
TMEM201,0.002257090014298476
RRP7A,0.002249331227615365
NDUFB7,0.0022418932777560877
RP5-1187M17.10,0.002237608043956073
PKHD1L1,0.002237216703634934
GSN-AS1,0.002236844310194862
UBE2E1-AS1,0.0022360946805925963
BLOC1S5,0.00223499810126557
AC093535.1,0.0022336815688550104
ZSCAN16-AS1,0.0022263996418146513
TRPM4,0.0022225354617171427
ACOX3,0.002221632043396312
SYCE1,0.00221458514356762
BNIP3,0.002214516429302913
LINC01857,0.002212710263118882
WBSCR22,0.0022117685959928152
FAM234A,0.002208348430246434
GDF10,0.0022072712847128724
LHFPL2,0.002205669331073068
AL590666.2,0.002203116939930977
CPQ,0.002199536841181037
AC034111.1,0.002198696320225425
CLEC18A,0.002198107786426499
LINC01254,0.0021967113489558825
FOPNL,0.002196513742855231
NOTCH1,0.002195914854512541
PSMB6,0.002195614004029579
DNAJC18,0.0021922720053219043
RMND5A,0.002188120380129148
BET1L,0.0021837900725913146
PTN,0.002182754771297425
KCNK2,0.002182321164814467
AC007098.1,0.0021809711322780157
SPIN3,0.002178996099610658
TFPI2,0.0021747625249304322
TUBGCP3,0.0021743886299128343
AL109741.1,0.0021731378930911135
NPDC1,0.0021629866268459753
AC073257.2,0.0021621646708025453
AC245407.2,0.0021585661315137927
PTPDC1,0.0021545261803515335
AL049840.4,0.002152668050547615
KCTD6,0.0021520008207408753
NBL1,0.002150894273910031
VPS18,0.002149851019438335
KCNA2,0.0021483686453284564
CBX4,0.0021457410816873163
ADH1B,0.0021455134530852025
TKFC,0.002144734246013962
CD7,0.0021434227386787088
EMC6,0.002139294641997387
FAM241A,0.002139192386732727
AC007246.3,0.002135481101582062
LINC02736,0.0021353983122751764
MIR1915HG,0.002132227275902857
C15orf62,0.0021316216817153224
PBLD,0.0021313660903215645
RP11-305L7.1,0.0021282792467790727
CSRP1,0.0021238878451538836
OXSM,0.002121764298746736
CLSTN2,0.0021181056903335073
AC139100.2,0.0021159203418079633
ZNF251,0.002113766491547754
KLHL42,0.002113495581801648
MRM1,0.002111768651794147
OTUB2,0.0021066266758289717
ZNF525,0.002105375095362867
COLQ,0.0021002949984586794
PTH2R,0.002100273024039414
MRPL19,0.002097823461314715
AC105916.1,0.0020944409741538643
PLA2G16,0.0020940831305687317
SOSTDC1,0.002094041105566906
TBC1D3L,0.002093900671476296
AC114956.3,0.002093453909245273
E2F6,0.0020927071839694474
AC023781.1,0.002091514018974902
GPATCH3,0.002088989803253576
AC005076.1,0.0020854356740950507
ELOVL4,0.0020845859549658893
ZNF576,0.0020845761588270235
Z94721.1,0.002084491191829782
PTK7,0.0020711286612244053
YBX2,0.0020659601255953
ZKSCAN7-AS1,0.0020598092633044894
AC023509.6,0.002056909759543623
AP001046.1,0.0020553604741970328
AP000867.5,0.0020533153161741784
ELOA,0.0020532246053697346
CAVIN4,0.002052514997510467
LINC01271,0.0020491545824591374
ZNF552,0.0020481179391970386
ZNF225,0.0020444474314809885
BTG4,0.002043344376526306
ZNF773,0.002041881243558458
SGIP1,0.002038530565934948
INTS6L,0.002037551071109173
AL133243.3,0.0020344113953432367
AP001437.1,0.0020343187542465877
AC104590.1,0.002034177319021795
AC022706.1,0.0020329320470361834
FAM240C,0.0020326379507993445
LIVAR,0.002028308037588614
RAB30-AS1,0.0020277760750213153
SELENOP,0.002026288769927948
ACOT4,0.002025846908643785
AC025171.3,0.0020253343089278583
CRADD,0.0020250324435271126
DHX15,0.002024938814950978
DLEU2L,0.0020214348420500286
GPR4,0.002019814120749888
PLEK,0.0020172972862846222
MUC12,0.0020145741756145536
AL136162.1,0.0020120306119229526
ABHD10,0.002000606333427506
MAIP1,0.002000337651267744
RHCG,0.0019992261943698585
S100A9,0.001998862198281361
C15orf52,0.0019986077534603144
DBH-AS1,0.0019983855132480184
HP,0.0019978208383825526
PSMD3,0.0019936147754033204
SORCS1,0.0019920270892147263
HSPBAP1,0.001989664562549738
AP000880.1,0.0019890156685637497
TRIM51,0.0019882427867683582
AC139795.2,0.00198604994891176
KRT6A,0.0019817132761540783
HYKK,0.0019786123621379588
IFITM1,0.00197816159517818
TECPR1,0.0019767638399894386
AC100830.2,0.0019668816614847313
SIRPG,0.0019645653405856297
AC244636.3,0.001964556766197844
AC097369.2,0.0019609717923347336
HIST1H3F,0.0019599439485137476
RAB18,0.001955270161870238
PQLC1,0.0019544980266102433
RPPH1,0.001953826889837443
RP11-359B12.2,0.001953826889837443
MYOCOS,0.001953308934521414
AP006545.1,0.001946588987871126
PCYT1A,0.0019450171157224029
GUCY2C,0.0019448693293041787
CDIPT,0.0019422933068895959
VAV2,0.0019392358916500926
TCEB2,0.0019391007476301217
LINC00926,0.0019373514966470563
MAT2A,0.001937261188500265
DHRS4L2,0.0019366992001656437
AL671710.1,0.0019366392546207264
AF127936.2,0.0019365237623639449
ZNF764,0.001934825688464752
C2orf76,0.0019341900784481184
TRAV16,0.0019338076608559221
RN7SL832P,0.0019313372991314139
AL158071.1,0.0019266218556852155
ZCWPW2,0.0019263328567569982
MATK,0.0019258326624267531
MFSD14C,0.0019245347780364123
GFER,0.0019241377723723183
AC008406.3,0.0019229962906506736
TRDMT1,0.0019200710825540484
ILVBL,0.0019181319870810768
COL1A2,0.0019142243533924498
AC064807.4,0.0019124184504518502
LDOC1L,0.0019106234180774543
C2orf72,0.0019103519738141758
RAB30,0.001909384410002055
TNFAIP8,0.0019087235521657575
AC103769.1,0.0019084014810059433
LINC02613,0.0019082450726390326
ENPP6,0.0019082450098925222
GNPDA1,0.0019080966803197675
LINC00116,0.0018974646731142388
SPATA5,0.0018962483815298551
SLC22A15,0.0018894754793411033
SEPN1,0.0018879567170579981
LINC01967,0.0018878703432524116
AC009118.2,0.0018868932410316507
WSCD1,0.0018859955263290551
PLPPR1,0.0018859766957530061
VSTM5,0.0018859212177742238
EGOT,0.0018852217585229722
AL160006.1,0.0018837243182998795
SLC12A9-AS1,0.0018834871895582962
AC005776.2,0.0018815124133637832
KCTD5,0.0018806691804836909
GPR141,0.0018779223802112735
AC107027.3,0.001877515515821512
AC107071.1,0.0018767172333007398
AP001107.2,0.0018756286505429234
SPIN1,0.0018737377413389831
RQCD1,0.00187048952255651
AC080112.1,0.0018690877432572701
LINC01485,0.0018685366590908818
AC243830.1,0.0018643787668618803
LINC01023,0.0018639892118441775
AMY2B,0.0018628378171122735
AC131235.2,0.001862222354068036
AC008147.2,0.0018619487862177365
TNNI2,0.0018609810163593048
LINC01615,0.0018568596785235095
EIF1AY,0.0018510970783440412
RP1-163G9.2,0.0018461667181109414
USP49,0.0018459846862363591
ZNF174,0.001845960907441989
HACL1,0.0018446640098249106
AC087521.2,0.0018426514414178535
RENBP,0.0018413732349126626
AC091849.2,0.0018413496330594691
AC083841.1,0.0018399892604718424
C3orf14,0.0018388420956626504
ARPC2,0.0018366907127780811
PGAP1,0.0018349559526632706
DMRT2,0.001834901634035564
MIR193BHG,0.001834127747961431
FASTKD2,0.0018286754860002675
ZG16,0.0018275124471825324
PABPC3,0.0018272651373674594
SLC22A17,0.001825096459285612
KBTBD3,0.0018221957080597282
C5AR2,0.0018220283786617283
AC004156.1,0.0018180311895946689
LINC01977,0.0018143534379266204
SERINC1,0.0018131604273397084
LINC01460,0.0018117723034586795
TNFRSF17,0.0018063583152628528
SLC13A4,0.0017993869555295542
ANKRD35,0.0017990935571651659
FAM66C,0.0017977519101758984
LINC01719,0.0017950776302353482
BRF1,0.0017910718684855799
MIER2,0.0017900453328351703
TAF8,0.0017859773289882741
AL022162.1,0.0017838545345332285
TMEM182,0.001781223015958546
MS4A4E,0.0017804617565575775
AC093157.1,0.0017796377358672124
BOC,0.0017740646209857597
TNKS,0.0017703809645056834
MYORG,0.0017699693919459541
FAM118B,0.0017663147917231648
AC010889.1,0.0017640658830449473
ASH2L,0.0017629697023795567
AC130456.4,0.001761046711739945
LDB3,0.0017582518441751932
DOK1,0.001757574664058707
LIN7A,0.0017572727963477781
NAPEPLD,0.0017564072679067716
TESC-AS1,0.001752206249327367
PIK3C3,0.001737454893944575
UTP11L,0.0017342655015514128
MCM3AP-AS1,0.0017324783167602363
IL17D,0.0017317736062643307
AP000879.1,0.0017317557186507478
IGHV3-41,0.0017317266545924534
FBXW10,0.0017307251559292643
TP53TG3D,0.00172878659770968
P3H2-AS1,0.0017228893441615138
AKAP8L,0.0017205413104242906
FAM200A,0.0017182479033755675
AC089999.2,0.0017175779459710555
DNAJA2,0.001713047655200831
MRPS30,0.0017119053774347652
SNED1,0.001708139514787832
ITPRIP,0.0017072290244490446
KIT,0.001705102253028325
BLOC1S3,0.0017048646188015306
BX284613.2,0.0017014197700019257
HECW2-AS1,0.0017001266681366514
MAMLD1,0.0016971049108334333
AP003120.1,0.0016952154713631364
BARX2,0.0016866530442681826
DHODH,0.0016860603267763576
DNASE1L1,0.0016859645791781474
AVP,0.0016848889109831566
AL031673.1,0.0016791214828970732
LINC00998,0.001675820496951373
DPYSL5,0.0016630663266397425
AC023946.1,0.0016615842739267277
CWH43,0.0016600537127453305
TTC34,0.0016582499949149617
CCR2,0.0016572881439125466
AC113615.2,0.0016571754574058956
ALG1,0.0016563618160086015
GPR63,0.0016547259977068903
REM2,0.0016518806809573713
DAZAP1,0.0016496772896650305
PLOD2,0.001645448186421731
ADGRE2,0.001644804417217991
AC090587.1,0.0016409263934503524
TTI1,0.0016377797494425345
SNX17,0.0016330032904346954
GAPLINC,0.001632283003123749
SLC1A3,0.001631384803310822
C2CD3,0.0016243845403665787
AC146507.3,0.0016238938184835248
FOXA3,0.0016225989109067648
POLR3B,0.0016224229328305236
ATP5EP2,0.001620573629248856
MPZ,0.0016191070367850679
SNAP23,0.0016177104796732526
NGF,0.001616488398966009
NEMP1,0.0016152207551764907
ADAM21,0.0016132953906512146
CCAR2,0.0016075986695547075
SPINK2,0.0016053384869998005
SLC24A4,0.0016029192382679336
REEP1,0.001601025791242421
GCDH,0.0015998122095521638
PRDX6,0.00159669350734621
CHST4,0.0015937674417809274
GRM2,0.0015933114986901023
MIS18BP1,0.0015932649098982846
PAWR,0.0015910433456100231
SSR4,0.0015859039700158982
AC138207.7,0.0015828967911391083
TRBV27,0.0015821348988163176
ZNF436,0.001581923683998226
LINC00589,0.0015815585133896522
RNF150,0.0015799416627094512
PLPPR2,0.001568637126211264
AC027307.2,0.0015666150779265527
FAM171B,0.001563990387143225
HIST1H2BI,0.001560307926791221
PLGLB2,0.001559665479860074
CCL26,0.0015593003956324723
ERP29,0.0015579431418428374
SUDS3,0.0015564440694870283
TBC1D14,0.001555973660018098
CPNE5,0.0015536453079995026
SAP30L-AS1,0.0015526723104630656
C16orf13,0.00154856514240739
OPRK1,0.0015481592945465357
AC005253.1,0.0015463737253297164
AC008750.4,0.0015435557346452965
TPSD1,0.001541789168543885
ACTR5,0.0015400934279243457
RTF1,0.0015372785810105081
FOCAD,0.0015329676145908414
AC124045.1,0.001527940043597559
PID1,0.0015276184904529275
BSN,0.001527169551184078
ANKRD62,0.0015270054433131378
IMPDH1,0.001525297035002383
DEAF1,0.0015250088770809521
AC090181.2,0.0015189227280557186
TM4SF19,0.0015173876615815528
HSD3B7,0.0015168523245737847
VCAN,0.001512623803618498
MCTS1,0.0015111167269137604
TAF2,0.0015105387035679828
LAS1L,0.0015056765744279252
XRCC4,0.0015047519492171627
ELF5,0.0014980561865173088
NOX4,0.0014953538428290718
GIMAP6,0.0014949556341907636
IL24,0.0014929507412450532
CSMD2,0.0014924324320494133
PIK3IP1-AS1,0.0014914452736410312
DUBR,0.0014903384146883482
AC021097.1,0.0014890256518428225
WDR83OS,0.0014889567002864602
GCGR,0.0014886772485883067
LYRM7,0.0014884993641873425
FKBP7,0.0014877260374666149
KCTD11,0.0014827842228168173
CTPS2,0.0014805237521813039
TRAF6,0.0014796943524102019
CBFB,0.0014790611208224528
CKMT2,0.001478426552974379
AC068831.4,0.0014773349448211424
TRPA1,0.001475711348945007
GPR137,0.0014756221787102185
ZNF701,0.0014754244981779797
HRAS,0.0014745287337623008
IGLV3-16,0.0014673946195822693
EIF2B3,0.0014668930514335273
KF456478.1,0.0014666494122374148
ZNF500,0.0014629951426940817
ROBO1,0.0014628454224261964
GTSE1-DT,0.001461269174864021
NPAS1,0.0014610049432363166
AC090469.1,0.0014607860232022786
PXDN,0.0014588195898136706
AC097468.1,0.0014585310871954376
SCARF1,0.001455845583647736
PRR34-AS1,0.0014548973181684618
TMEM253,0.0014512489904630204
A2ML1-AS1,0.00145007861879051
CCDC9,0.001443193716672495
MRPS23,0.0014389005183315855
PPM1K,0.0014380707352303831
CFP,0.0014376627426324724
AC073210.3,0.0014370888150074563
AC021188.1,0.001436223624041678
PPP2R5B,0.0014338664962713554
GRTP1,0.001431990556308534
FYTTD1,0.0014317801969162454
AC090164.5,0.0014280865686888441
SPAG16,0.0014278025510349674
GPR18,0.0014237441879078605
AC012360.1,0.001422820716111114
AC110611.2,0.0014206753124939497
LINC00324,0.0014200266237524098
AC055839.2,0.00141532520135713
KLC2,0.0014139980120628148
RERG,0.0014139204771564697
C5,0.0014085540200473564
RP11-493L12.4,0.0014053732760375074
DHX58,0.0014017513859146138
PCOLCE-AS1,0.0014009076186364106
PPP5D1,0.00139518466088294
IGDCC4,0.001394284071248927
MRE11,0.0013925642530671115
AP000320.1,0.001388715249284589
HSPB7,0.0013869735317484071
AC002480.2,0.001386050948721139
HIST2H2AA4,0.0013859160633234557
ANKRD49,0.0013854642314367696
ZNF883,0.0013847902930013366
CBWD1,0.0013821768985205775
RP11-298J20.3,0.0013809837873222128
BIN2,0.0013767287988913322
ZC3HAV1L,0.001374898132668224
CALCR,0.0013740872584531729
SIGLEC8,0.0013740604352379382
CSDE1,0.0013731356567350883
ADAMTS9,0.0013728846669231428
ZFP69B,0.0013696179081162513
RP11-400N13.2,0.0013681567560465064
PDK1,0.0013657907275219721
LINC01936,0.0013650833095266888
MB21D2,0.0013645895910693027
PRRT2,0.0013623884482177836
BACE1,0.0013620152404007105
GPSM1,0.001361542170951356
PKD1L1,0.001359389982783425
KIAA0430,0.001355581520046818
AC092115.2,0.001354255010534398
AL157895.1,0.0013524493899179282
IDI1,0.0013518315758538658
RMND1,0.0013497788323858385
UPK1A,0.0013488264820335314
AL080250.1,0.0013487481075687361
RPL26L1,0.001348415060469648
TRAPPC2B,0.001345053208438863
GLB1,0.001344092984660392
NCDN,0.0013440872163057868
HSPA1L,0.001343390867248644
ALS2CR11,0.0013424699086264395
RP11-381K20.2,0.0013421018832335337
RBM45,0.0013405405973609522
LINC02576,0.0013370410996630968
CD36,0.0013362904600429449
PLEKHA1,0.001336013603560277
AC027277.1,0.0013337128713725097
AC012306.3,0.0013312103752005403
AC079630.1,0.0013303750172399768
RNF138,0.0013276899095065622
SLC35F6,0.0013257826626079188
MAST4-AS1,0.0013241934988551926
AC130371.2,0.0013229094159154225
RNF43,0.0013226103781152612
RTL5,0.0013218743947405415
TMEM2,0.001320788808128881
SCRN3,0.0013201002372741032
AL391121.1,0.0013171540161523014
LINC01545,0.0013168359286265428
C1QTNF1-AS1,0.001315700526589068
RPL34-AS1,0.0013141816434501536
PRPF18,0.0013120767156160648
IL2RG,0.0013068103714317246
AC005281.1,0.0013033426413191051
LRCH2,0.0013016116560592098
AP002761.1,0.0013005153726360745
MYH14,0.001298680832918466
RP11-301O19.1,0.0012976708083634247
AC007220.1,0.0012975290539665228
ZNF730,0.001296750620398984
ZNF460,0.0012955067190661468
AP003352.1,0.0012899663358138704
HOXC-AS3,0.0012884112122212182
METTL2B,0.0012882925410044757
AC108488.3,0.001282911230793266
RABGGTB,0.0012826660442328984
SH3GL2,0.0012789321181374096
ASTE1,0.001277216013378096
CNNM1,0.0012751144304441245
AC022868.2,0.0012744416801044958
C17orf58,0.00127419858790278
ZNF426,0.0012729599147647415
SLC1A4,0.0012681463855670823
PTPMT1,0.0012660097827263427
C7orf49,0.0012622917961950424
AL928596.1,0.0012620188188776328
PIGBOS1,0.0012574373390338552
AC018529.2,0.0012505595998252611
ZNF142,0.0012490853311186278
FERMT1,0.001248758879800296
UNC5C,0.0012482830880151472
EPHA4,0.0012464213430984333
AMY1C,0.0012457742508096106
SIAH2-AS1,0.0012456114967631376
LRP2,0.0012394940194993794
TTC39C-AS1,0.001234909577460447
CEP85,0.00123417798843728
CCNY,0.0012339422801775168
ANTXR1,0.0012334689944806412
PTGER2,0.001233430286804496
ZYG11B,0.001225297292523913
TMEM18,0.0012241582557430308
SLC7A1,0.001222714492354136
SCARB1,0.0012147375756270701
PABPC4L,0.0012103925441987369
XKR6,0.0012098443014370134
CTBP1-AS,0.001208702400020014
SULF1,0.0012051012886518727
GNAZ,0.0012014082782344654
HSD17B13,0.0011934999091649222
VWA8-AS1,0.0011853833871321216
BTG3-AS1,0.00118398312294676
FAM219B,0.0011822992323625545
AC231981.1,0.0011819054985948594
AC091965.1,0.001177679517026431
ARL8A,0.0011740047987699033
AC109460.1,0.0011677236727525165
MOXD1,0.0011619024551199196
AC079163.2,0.0011618452842513016
ALX1,0.001160666618421496
FAM195B,0.0011600715925450538
CA12,0.0011592806834233803
FAM106A,0.001158309073575493
UTP4,0.0011582893830847242
ACAT1,0.0011574366592934093
COMMD1,0.0011559830901503444
MOB2,0.0011509181568159954
CNTN1,0.0011427939073524224
INCENP,0.0011421034508540292
FAM96A,0.0011420337322192236
MAPK1,0.0011389395548345822
MOB3C,0.001138587937028449
NPR1,0.0011380672228313055
AC009005.1,0.0011373191688448146
NDE1,0.0011312963450361107
RP13-516M14.4,0.0011285755285859302
FAM195A,0.0011270455583757687
DNASE2B,0.0011258265953207132
GCC1,0.0011244284201689051
PJVK,0.0011235665766633348
RP11-770J1.3,0.0011190140996945174
ATP5D,0.0011116847429451892
CD209,0.0011099917337045167
AL590101.1,0.001109698513854703
TP73-AS1,0.0011088471587155058
LCMT1-AS1,0.0011077401019937536
SPAG4,0.0011042955307758906
AC008629.1,0.0011033967473795096
CUX1,0.001103357976965837
TTC12,0.0011019485242932826
YTHDF1,0.0010999482047344608
HHLA1,0.0010986482562492241
AL359636.2,0.001093473551898445
CTIF,0.0010902527032152522
TLNRD1,0.0010853616320663773
MIR646HG,0.0010818340068899533
C16orf54,0.0010791044688699895
DECR2,0.0010789240891248312
OAZ1,0.001078568388967711
ANXA13,0.0010778594036152955
ZNF586,0.0010773532540546895
TOP3A,0.0010762058112101694
SMG9,0.001075561117735944
ZNF155,0.0010750908616984829
KLHDC7B,0.0010692285931275338
AC010913.1,0.0010686871886625116
PLAA,0.0010673032913340156
AL359762.1,0.0010588873937633543
TPBG,0.001058418741872868
LINC00957,0.0010482174804286653
CSF3,0.0010468492543934372
AC004241.3,0.0010465077849004958
C17orf89,0.00104573117150392
LRRIQ4,0.0010413105724886719
PTRF,0.0010397263205033285
GPR50,0.0010392507036243366
LHFPL1,0.0010345659669833156
AL022326.1,0.00102685571697548
ASCC3,0.001018869772854144
RAET1E,0.0010183088880746742
DIP2C,0.0010178176452032089
GCC2-AS1,0.0010142047703428202
C9orf170,0.0010090980370838574
PYROXD2,0.001006134837036285
HPS1,0.0010030012734340483
AL596218.1,0.0010029007534853845
WARS,0.0009949099959324777
TRIM32,0.0009839380198843025
AC034243.1,0.0009815997989911158
DUSP9,0.0009814635893912592
GPR62,0.0009788929292696069
TMEM156,0.0009746943541047227
IGHV1-3,0.0009725422439794562
LRP1,0.000972490850497749
TCERG1,0.0009695291762191262
LIMD1-AS1,0.0009670779044479784
FP236315.1,0.0009655037783488503
RAB19,0.0009626764857223683
CYP1B1-AS1,0.0009581239613169352
MNX1-AS1,0.000955432251908835
SLC35G5,0.0009484997892691996
AL031600.1,0.00094744143495096
LINC01011,0.0009462856838529405
TNFRSF6B,0.0009436732204275522
AL136304.1,0.0009395826868929696
SHISA2,0.0009394326512185547
AC091057.6,0.0009365656318080698
RP11-182L21.6,0.0009353291860007394
MMP19,0.0009300607246924648
CETP,0.0009265189320517004
MRPS10,0.0009216953393159853
KHDC1,0.000918595894045603
FAM83H-AS1,0.0009183545856771888
AC016074.2,0.0009178288850732749
AL355881.1,0.0009167144281579373
IRF2BPL,0.0009098200570923716
ARHGEF38-IT1,0.0009060474022078046
Z99943.1,0.0009048976397104992
ZBTB17,0.0009043375492678609
ZNF486,0.0009018524537058117
LIX1-AS1,0.0009007755219257272
PRR34,0.0009002455891529192
IQSEC2,0.0008983139871921905
AC073263.1,0.0008979974513490315
LINC01909,0.0008800985053848605
AC026740.1,0.0008779159037004208
SPTLC1,0.0008759311833790222
STK11,0.0008759160819537436
AP002433.2,0.0008757102388093611
MRPL33,0.0008734435944827428
KTN1-AS1,0.0008732451070456891
AC015982.2,0.0008729830377200702
VAV1,0.0008713380758501132
LINC01943,0.0008677504836207144
DEFB126,0.0008673970383777722
AC144831.1,0.0008645394571865701
FBXO4,0.0008644607894493953
LEMD2,0.0008627726091613749
AL731557.1,0.0008611108549704233
RNMTL1,0.0008585846095754295
RP11-1094M14.11,0.000857410492090258
AC079414.3,0.0008560197804483825
AC100861.2,0.0008551593144993807
ERGIC2,0.0008518812913349457
PEX19,0.0008507475457352578
RASGEF1A,0.0008452452435408365
NCAM1,0.0008421810303912328
C1orf56,0.000840664424579272
AC104024.4,0.0008389733347363115
LGALS9,0.0008387488067053663
AC073934.1,0.0008373405370834898
ETNK2,0.0008363626216450402
LGALS12,0.000836300200564879
ADM2,0.0008280971434290623
AL138995.1,0.0008234887703627204
CD1A,0.0008224179722233799
TMEM260,0.0008202289169195661
SCTR,0.0008181688749564056
EGFLAM,0.0008140365343630274
PLIN1,0.0008135059752317614
CDPF1,0.0008121427254602167
ELF2,0.0008075373930287944
CKAP2L,0.0008069294202393157
MTL5,0.0008067475977739062
THNSL1,0.0008062581280300059
AL606760.3,0.0007971849590968057
PLCG1-AS1,0.0007955294537802917
BMS1P14,0.000795123535219446
FAM234B,0.0007942918532310712
TMUB2,0.0007892432810182543
CCDC169,0.0007868887781813994
FAM118A,0.000785705620509824
AC137932.1,0.0007841604705925939
MUC19,0.000783748705879263
AC068228.3,0.0007836938678341975
FGL2,0.000783255695545437
MVK,0.0007821646597546317
OSR1,0.0007788258198691524
HBB,0.0007778831634384387
BBC3,0.0007770463129355475
CADM2,0.0007742404511222638
C5orf56,0.0007721362948016027
BMP1,0.0007698725375230422
STRN,0.0007673919465166172
CTC-444N24.8,0.0007641480378495611
DGUOK,0.0007602447617465882
SNX32,0.0007581293489326256
SLC27A3,0.0007568835797200841
AC004241.1,0.0007557192107469231
STOML1,0.0007554868890374147
ITGA6,0.000754282780280182
DET1,0.0007504212830874849
N4BP3,0.0007457986554731855
ITGAE,0.0007452233525973694
RCOR3,0.0007423003965893285
SLC17A3,0.000739756286604231
TRAC,0.0007370635850388594
LINC02482,0.0007348725105243342
HIST1H2AM,0.000734866897563567
SLC6A3,0.0007347834585486583
GPR83,0.0007298239902950227
KNG1,0.0007255616964465747
TRAV2,0.0007232322515066845
GCFC2,0.0007189326691785007
EMILIN1,0.0007148523455619264
TTPAL,0.0007131105782710411
TMEM159,0.0007113528155223017
CCDC87,0.0007091760374636351
PCYT2,0.0007088154734624681
ST7L,0.0007048569103111083
USP35,0.0007027761447962687
RUNX3,0.0006972104186376811
AC078850.1,0.0006970599228483032
ZNF630,0.0006907182338769638
SEPT8,0.0006877725042897598
AP006284.1,0.000670256206731064
PROSER2-AS1,0.0006701272207158508
AMER1,0.0006696573946087779
PPP1R7,0.0006605958651526506
AC099329.2,0.0006602931288639617
AL928970.1,0.000655754863421802
FAM150A,0.0006513465433042608
AC092053.3,0.0006477746978945909
CEP72,0.0006450323053824987
TOPBP1,0.0006439513142766507
AC003093.1,0.0006398418115106118
PIR,0.0006393234927120398
PIK3CD-AS2,0.0006391237167403148
AC009237.15,0.0006361650356803537
AC010643.1,0.0006350948965819396
MIR31HG,0.0006340888611052958
NPFF,0.0006301584274817183
CTRL,0.0006295038495385306
CCL4,0.0006279927870986614
NLRC5,0.0006275282954863778
VXN,0.000621190689738457
FADS2,0.0006211342821787004
ERMP1,0.0006192674110222736
BOLA1,0.0006152512180706961
SLC20A2,0.0006116671985984892
PFKL,0.0006112966956951501
LINC01160,0.0006110620752363254
MACROD2,0.0006101459800151183
UPK1A-AS1,0.0006088678733944388
SOX2-OT,0.0006076620224943776
ITGA7,0.0006054225660682569
TRAPPC2,0.0005997056689509758
AC123768.5,0.0005974200852469448
ARSG,0.0005954979229774316
C14orf80,0.0005934125552484107
RYR1,0.0005931397643786008
FMO2,0.000593038178919236
AC009163.7,0.0005889809922826439
SLC3A1,0.0005783013465721599
LINC01836,0.0005782896127437632
SOBP,0.0005752543044433374
MYMK,0.0005740138404082942
WARS2,0.0005729525412146457
LINC00652,0.0005724503542075876
ZSCAN22,0.0005715149748030026
PANX1,0.0005697641231510837
NRL,0.0005684279701202399
PPP1R14A,0.000557384889609787
PCDH15,0.0005564215165522093
CRYBB2,0.0005549703655562545
GRB2,0.000551567123516825
AP003119.1,0.0005495118481654069
DAPL1,0.0005441474419627333
CD1B,0.0005425381130102425
TRAP1,0.0005400512786053918
KCNQ1-AS1,0.0005395734893985101
GOLGA6L10,0.0005387330584259157
DMD,0.0005357762636498404
ATP5L,0.0005329459430268499
NEGR1,0.0005288789022989722
KLHL17,0.0005282845191496155
AP005482.1,0.0005251524018102592
AF129075.2,0.0005251292367831616
DLK2,0.0005187293432097939
AP002770.1,0.0005156311119113749
PTPRZ1,0.0005126930985127852
POT1-AS1,0.0005111597592283876
C9orf3,0.0005104036956192194
AL513477.2,0.0005094026386071286
PBOV1,0.0005082754020632212
AL354733.3,0.000507707058970855
TAS1R1,0.0005039889273558222
CA4,0.0005011716922402907
ALX4,0.0004991331621808763
GRK2,0.0004962123838648297
THAP12,0.0004943008924146498
SIT1,0.0004896131613160716
CLRN3,0.0004895117386024334
GPX1,0.0004885648733927507
PLEKHA2,0.00048546690223207853
SLC10A6,0.00048245214264353096
C17orf64,0.0004762533683747131
ESPNL,0.0004754399377375012
LIPT2,0.0004722427315216769
SLFN11,0.00047175304039486084
ADRBK2,0.0004700828994819181
NUP54,0.0004660433360088066
LINC00891,0.0004632307301977483
NDUFA6,0.00045675612663067725
DRD1,0.00045660558331570326
PCSK5,0.00045613489199174877
DNAJB2,0.00045534665289144867
SLC25A17,0.00044931345624560836
HOTAIR,0.00044927284235955
SEPT11,0.00044752062496516477
NOVA2,0.00044598351262725353
KCNK3,0.00044515047380759717
SLC22A1,0.00044256908324247343
NEK3,0.00044235995679766006
KIRREL1,0.0004408725373792734
AL360091.3,0.00043521224216384527
FAM151B,0.0004330918756389068
Z93241.1,0.0004327651438129456
HIPK4,0.0004312699491012631
KISS1R,0.0004307878692044183
ACPP,0.0004262075979331802
CD248,0.0004259696178969432
DPT,0.0004258074001879738
MED12L,0.0004160236468590766
NLRP12,0.00041590257370701755
LINC01597,0.00041345796487636744
RABL6,0.00041125383286438714
NEDD1,0.00040595703149357807
RAB35,0.00040567875806273013
SHPRH,0.00039641145018842646
WDSUB1,0.0003933701577604087
PCDHB14,0.00039001204656073136
AC087362.1,0.00038867190708308165
FAM242C,0.000387061634697534
KCNMA1,0.0003854404244755529
SERPINE1,0.0003740402937415006
TGFB3,0.00036914928239122877
POU3F1,0.0003690829396937121
AC009090.6,0.000366832012712886
URM1,0.00036425143256191457
LINC00449,0.0003636021290522286
AC009630.1,0.00035947451778543083
SELP,0.00035821298168461305
SLC35B2,0.00035716910363265525
AC073840.1,0.0003520738183260388
TDRKH,0.00035111065413827324
HBA1,0.00034900678879198107
SHISAL2A,0.0003467129795835759
TMEFF1,0.0003434042468692815
FRA10AC1,0.0003396070701300945
HCN3,0.0003382977723896649
AC099063.4,0.0003341699935991038
VWA9,0.00033230169922123583
ARMCX4,0.0003292979196084012
AC008591.1,0.00032769051567053075
STIL,0.0003264436059919081
KLHL30,0.0003253085499459702
GNL3,0.00032373756977654435
SLC30A10,0.00032284620086693534
PRMT5-AS1,0.0003149349762181276
WDR45B,0.0003115224838929504
AC104825.1,0.0003087951159365744
TWIST2,0.0003071868664282778
DPYSL4,0.00030630271751118653
MYO19,0.0003043426635471993
TUBB8,0.00030332776034090037
ZNF804A,0.0003028875682800078
MGEA5,0.0002980503105838998
ANKLE1,0.00029497022877373653
FOXO6,0.0002931527865375257
RSKR,0.00029186973767259824
PTRHD1,0.00028782354196151303
HSD17B1,0.0002871735283730068
ABCA12,0.00028543225447598923
LINC02562,0.0002839537301894005
AL132639.3,0.00028236588113525246
AC005944.1,0.00028100553934009946
DSC2,0.0002802097720461334
SPNS1,0.00027549262839725823
NEK2,0.0002745084809218518
UPK2,0.00027300892341929176
AC073115.2,0.0002720124093699992
COLGALT1,0.00026715844526880157
NFYB,0.0002660039784801911
YBX3,0.00026306294985294076
AC099535.2,0.00026190022820124205
RHBDD1,0.000261575817344003
AC134772.1,0.0002546120026298122
AL121917.1,0.00025338387183743497
COX4I2,0.000250763089583729
AC026412.3,0.00024787837771499463
FMR1-AS1,0.0002445200558444974
AL359921.2,0.00024315438153742615
GFRA2,0.0002411868373443998
ITGA1,0.00024112653141707355
AC051619.6,0.0002388129651902349
UST,0.00023686515825789797
PPP1R14B-AS1,0.00023535274675251112
CMTM3,0.00023339500777477126
FIBIN,0.0002321271231307163
RP11-111M22.3,0.00022985621070824072
AC093523.1,0.00022838807823080787
XPNPEP1,0.00022628974172851624
SUPT7L,0.0002253372212627485
LYPD1,0.00022524868384385746
SMKR1,0.00022382664198031658
AL691447.2,0.00022080152544823087
IGHV4-61,0.0002202579442630309
PLA2G4F,0.0002167143591394324
ZSCAN5A,0.0002147528242357436
TMEM72,0.00021437680160603877
CEBPA-DT,0.00021232196837249034
LMCD1-AS1,0.00020399275558476742
TTTY14,0.00020327949225112417
DQX1,0.00020200676605540817
AC007342.5,0.00020026379504264357
ANKRD46,0.00020003177128480196
SLC25A11,0.00019810029340617942
NR2C2AP,0.00019575461026320975
AL590867.1,0.0001885963491707441
AC009948.3,0.0001872574476456231
ADGRF4,0.0001847139198106775
NF2,0.0001844110157659766
C11orf72,0.000183091989690568
AL121772.3,0.0001796547261115633
C19orf60,0.0001795604383271337
GGN,0.00017927849975285086
DDIT4,0.0001786732218767045
RP4-794H19.1,0.0001744895013193683
LILRB5,0.0001729902340335445
EXO5,0.00017186837597831203
DPH5,0.0001658645763691762
AC239799.1,0.00016167312215254295
GPR89B,0.0001612138461180666
TMEM178B,0.0001584699001969453
LINC01426,0.00015755937423789449
RP11-67L2.2,0.00015689993335108547
ORC6,0.00015190396918074336
IFITM3,0.0001500964190048996
LINC00313,0.0001462153319535215
AC092338.3,0.00014418826058912665
LACTB,0.00014178732063770713
PGP,0.0001361560347440237
AC093510.1,0.00013520249914027215
IFNLR1,0.00013139755751177115
KIAA1033,0.00012860802211392384
DPP10-AS1,0.0001270917104447518
LFNG,0.00012488167480402527
SREBF2-AS1,0.00012408951938959483
AL356481.1,0.00012012499092081356
AL442071.2,0.00011990429060482445
LINC01359,0.00011923866117757588
AC084824.3,0.00011813208052720522
MIP,0.00011628151420166285
AL109946.1,0.00011616433289549223
ELMOD1,0.00011302907537043093
ZBTB6,0.00011159875580491854
TRMT10B,0.00011020837672605622
ZKSCAN3,0.00011015681351078817
RND2,0.00010991114059633716
DCBLD2,0.00010864576243406704
ADGRE1,0.00010808104596497344
PRSS36,0.00010417237835347913
AC072054.1,0.00010236478716954543
PCDH18,9.792685127014798e-05
UIMC1,9.773398377222123e-05
KCNN1,9.731534898002764e-05
AC092910.3,9.489933090209239e-05
PYHIN1,9.481111249731548e-05
SLC31A1,9.187730353519756e-05
VWA5B2,8.693554143880737e-05
RXFP4,8.390605089089665e-05
PNPLA5,8.317146720358918e-05
EXOSC7,8.309406908795144e-05
DUSP28,7.778538046432915e-05
TMEM121B,7.464625618547767e-05
AC007325.2,7.336360875309245e-05
NSUN6,7.274772976652252e-05
RBPMS2,7.241426714982411e-05
ICE2,7.233347937123505e-05
FAM111A,7.155339454924978e-05
BX255925.1,6.781062334060311e-05
TTF2,6.230143699384238e-05
TTC33,6.199484038769424e-05
BX640514.2,5.9505966170667275e-05
AL358075.2,5.871441342367394e-05
SYNE1-AS1,5.576693512593151e-05
CFDP1,5.216802360613085e-05
EPB41L2,5.063055583304036e-05
UTS2B,4.930667256506167e-05
IHH,4.5738412962136365e-05
HSPB11,4.242059280003471e-05
ADAM8,2.7268554626458693e-05
AL139274.2,2.6474319497048014e-05
RP11-126K1.2,2.4404836181145262e-05
ZFY-AS1,2.2601248398282252e-05
DOCK6,2.0586734955273983e-05
NSUN2,2.0577331447446786e-05
POMZP3,1.9708737102432942e-05
TRAV12-1,1.8911036055366367e-05
MED20,1.7508354207017736e-05
COPZ2,1.6363953048356917e-05
ACOT2,1.579303705074584e-05
ZBTB44-DT,1.5630338534078267e-05
AC017083.2,1.4625531208097822e-05
SALL2,1.2008977350350144e-05
AC046168.2,1.1405453336515276e-05
PARP9,1.0118764865117508e-05
ANKRD27,8.039887638390992e-06
BIVM,5.319956363455904e-06
MARCH1,4.310376451750625e-06
TIMP1,2.012723281026282e-06
RP11-432J24.2,0.0
RP11-867G23.4,0.0
RP11-430C7.5,0.0
RP11-981G7.6,0.0
AC007566.10,0.0
RP11-430H10.1,0.0
RP11-84C13.2,0.0
CLCA2,0.0
RP11-394I13.2,0.0
RP11-84A19.4,0.0
RP11-390K5.3,0.0
RP11-386I8.6,0.0
RP11-850A17.1,0.0
RP11-390F4.3,0.0
RP11-388M20.1,0.0
RP11-38L15.2,0.0
RP11-393I2.4,0.0
RP11-38M8.1,0.0
AC007405.4,0.0
RP11-861E21.2,0.0
RP11-863H1.1,0.0
AL590428.1,0.0
GPIHBP1,0.0
AC009041.1,0.0
RP11-387H17.4,0.0
RP11-286E11.1,0.0
RP11-392O17.2,0.0
RP11-387D10.4,0.0
RP11-430B1.2,0.0
RP11-85B7.5,0.0
RP11-85A1.3,0.0
RP11-38C17.1,0.0
RP11-38G5.4,0.0
RP11-42I10.1,0.0
AP004372.1,0.0
SLC13A5,0.0
RP11-38L15.3,0.0
RP11-287D1.4,0.0
AC008915.1,0.0
RP11-387M24.5,0.0
AC008687.4,0.0
CHRNA9,0.0
RP11-412D9.4,0.0
RP11-424N24.2,0.0
SLC10A2,0.0
RP11-414C23.1,0.0
AL512603.2,0.0
CCDC36,0.0
RP11-839D17.3,0.0
RP11-425D10.10,0.0
RP11-413H22.3,0.0
RP11-412H8.2,0.0
RP11-284M14.1,0.0
RP11-410E4.1,0.0
RP11-395B7.4,0.0
AC011513.4,0.0
AL512363.1,0.0
RP11-408O19.5,0.0
TMEM110-MUSTN1,0.0
RP11-83B20.1,0.0
RP11-408N14.1,0.0
RP11-408H1.3,0.0
RP11-425D17.1,0.0
RP11-408A13.3,0.0
SLCO1B7,0.0
RP11-414H17.5,0.0
RP11-82L7.4,0.0
RP11-424M24.5,0.0
RP11-415F23.2,0.0
AL589669.1,0.0
RP11-816J6.3,0.0
AP003068.9,0.0
RP11-422P24.10,0.0
AC007879.4,0.0
RP11-817J15.2,0.0
RP11-817O13.8,0.0
RP11-818F20.5,0.0
RP11-422P24.12,0.0
RP11-421L21.2,0.0
RP11-423H2.3,0.0
RP11-41O4.1,0.0
RP11-820I16.4,0.0
RP11-419J16.1,0.0
RP11-418H16.1,0.0
RP11-417L19.2,0.0
AC008011.2,0.0
RP11-823E8.3,0.0
SLCO1B1,0.0
RP11-424G14.1,0.0
AC008074.3,0.0
RP11-407N8.6,0.0
RP11-407N17.4,0.0
RP11-406H21.2,0.0
RP11-399E6.1,0.0
RP11-426L16.3,0.0
AC007620.3,0.0
RP11-398C13.6,0.0
RP11-427J23.1,0.0
RP11-396F22.1,0.0
CCDC163P,0.0
RP11-428K3.1,0.0
AP003555.2,0.0
RP11-848P1.4,0.0
TMCO2,0.0
GOLGA8Q,0.0
RP11-396C23.4,0.0
RP11-848P1.5,0.0
AL391832.3,0.0
RP11-849F2.7,0.0
RP11-395N3.2,0.0
RP11-849F2.9,0.0
GJD4,0.0
RP11-981P6.1,0.0
RP11-849H4.4,0.0
RP11-395E19.6,0.0
AL160408.1,0.0
RP11-399E6.4,0.0
RP11-426C22.5,0.0
RP11-83N9.5,0.0
RP11-403P17.6,0.0
AP002954.1,0.0
RP11-403P17.4,0.0
RP11-403P17.3,0.0
RP11-403A21.1,0.0
RP11-402P6.11,0.0
RP11-402G3.3,0.0
RP11-402D21.2,0.0
CITF22-1A6.3,0.0
CITF22-92A6.1,0.0
AC008592.4,0.0
RP11-401P9.5,0.0
RP11-400N9.1,0.0
RP11-83M16.5,0.0
RP11-400N13.3,0.0
RP11-805J14.5,0.0
RP11-982M15.2,0.0
AP003469.2,0.0
RP11-422P24.11,0.0
RP11-3D4.3,0.0
AC008697.1,0.0
RP11-95O2.5,0.0
RP11-367H1.1,0.0
RP11-386I14.4,0.0
RP11-317P15.4,0.0
RP11-927P21.1,0.0
RP11-334A14.8,0.0
RP11-333E1.1,0.0
RP11-92G12.3,0.0
RP11-329B9.4,0.0
RP11-329B9.3,0.0
RP11-295P9.12,0.0
EPB42,0.0
RP11-326K13.4,0.0
RP11-326I11.4,0.0
RP11-326G21.1,0.0
CASC21,0.0
RP11-326C3.2,0.0
RP11-326C3.12,0.0
RP11-326C3.11,0.0
EPB41L4A-AS2,0.0
RP11-326A19.3,0.0
RP11-930O11.3,0.0
RP11-325L12.7,0.0
RP11-325F22.2,0.0
TMEM35,0.0
RP11-930P14.2,0.0
RP11-932O9.8,0.0
RP11-323F24.3,0.0
APELA,0.0
RP11-321G12.1,0.0
RP11-96K19.5,0.0
RP11-321A17.6,0.0
RP11-319G6.1,0.0
CASC5,0.0
RP11-334C17.6,0.0
RP11-334J6.6,0.0
RP11-342K6.4,0.0
GUCY1A3,0.0
RP11-347C12.3,0.0
RP11-90P5.2,0.0
MYOM3,0.0
RP11-347C12.11,0.0
RP11-347C12.1,0.0
TMEM256-PLSCR3,0.0
RP11-346C20.3,0.0
RP11-91J19.3,0.0
RP11-344P13.6,0.0
AC010287.1,0.0
RP11-923I11.3,0.0
RP11-343H5.6,0.0
RP11-96O20.5,0.0
RP11-334J6.7,0.0
RP11-342K6.1,0.0
RP11-342I1.2,0.0
RP11-341N2.1,0.0
RP11-295M3.4,0.0
RP11-341G23.4,0.0
RP11-340E6.1,0.0
RP11-33O4.1,0.0
RP11-339B21.13,0.0
RP11-338K17.8,0.0
AC010343.3,0.0
RP11-338I21.1,0.0
RP11-923I11.8,0.0
RP11-336A10.5,0.0
RP11-318E3.9,0.0
RP11-932O9.9,0.0
AC010226.4,0.0
AC010761.8,0.0
RP11-306G20.1,0.0
RP11-305O4.3,0.0
RP11-305L7.7,0.0
MURC,0.0
RP11-305L7.6,0.0
RP11-305L7.3,0.0
RP11-304L19.13,0.0
APITD1-CORT,0.0
RP11-304L19.11,0.0
RP11-93K22.13,0.0
RP11-304F15.3,0.0
RP11-94C24.13,0.0
ENTHD1,0.0
RP11-303E16.6,0.0
AC011139.1,0.0
RP11-299H21.1,0.0
RP11-2N1.3,0.0
RP11-94I2.4,0.0
RP11-95P2.3,0.0
RP11-2N1.2,0.0
RP11-950C14.3,0.0
RP11-2H8.2,0.0
RP11-2H3.6,0.0
AC011374.1,0.0
RP11-95M15.1,0.0
RP11-2E11.9,0.0
RP11-2E11.6,0.0
RP11-2B6.2,0.0
RP11-29B2.6,0.0
RP11-307B6.3,0.0
RP11-299G20.2,0.0
RP11-307C12.13,0.0
RP11-296A18.6,0.0
RP11-317N8.5,0.0
RP11-936I5.1,0.0
RP11-316O14.1,0.0
MYBPC3,0.0
TBR1,0.0
RP11-315I20.1,0.0
RP11-314N13.3,0.0
RP11-93B14.9,0.0
RP11-93G5.1,0.0
RP11-314A20.2,0.0
RP11-313P13.5,0.0
AC010883.5,0.0
RP11-312B8.1,0.0
RP11-96C23.15,0.0
RP11-298I3.4,0.0
RP11-30K9.6,0.0
PICSAR,0.0
AL354754.1,0.0
RP11-309M23.1,0.0
RP11-309L24.4,0.0
RP11-296O14.3,0.0
RP11-967K21.1,0.0
RP11-297K8.2,0.0
RP11-307N16.6,0.0
RP11-307L14.1,0.0
RP11-963H4.3,0.0
RP11-307E17.8,0.0
RP11-307C19.2,0.0
SMILR,0.0
RP11-347C18.5,0.0
RP11-386G11.10,0.0
RP11-365O16.6,0.0
RP11-881M11.4,0.0
RP11-371A19.2,0.0
RP11-370I10.12,0.0
AC009133.21,0.0
RP11-370I10.11,0.0
RP11-370A5.1,0.0
RP11-88E10.4,0.0
RP11-977G19.12,0.0
RP11-368I7.4,0.0
CCAT1,0.0
PGM5P2,0.0
RP11-367N14.3,0.0
PGM5P3-AS1,0.0
RP11-88E10.5,0.0
AP006565.1,0.0
RP11-367N14.2,0.0
RP11-88H9.2,0.0
PGM5P4-AS1,0.0
RP11-367J11.3,0.0
AL359095.1,0.0
AL359091.4,0.0
NAP1L6,0.0
RP11-88I18.2,0.0
RP11-367G18.1,0.0
PGR,0.0
RP11-290F5.1,0.0
RP11-366L5.1,0.0
GRIK3,0.0
RP11-365P13.5,0.0
RP11-372H2.1,0.0
RP11-290F24.6,0.0
RP11-290D2.6,0.0
RP11-876N24.4,0.0
RP11-385F5.4,0.0
RP11-384O8.1,0.0
RP11-384K6.8,0.0
RP11-382D12.2,0.0
RP11-382A20.3,0.0
AP005271.1,0.0
RP11-380L11.4,0.0
RP11-379K17.12,0.0
RP11-288L9.1,0.0
AC009093.4,0.0
RP11-875O11.1,0.0
RP11-379F4.9,0.0
RP11-379F4.6,0.0
RP11-379F4.4,0.0
CLEC18B,0.0
AL359764.2,0.0
RP11-378J18.8,0.0
ERICH4,0.0
RP11-378A13.2,0.0
GPR52,0.0
RP11-377D9.3,0.0
RP11-87C12.2,0.0
GPR78,0.0
AC009120.10,0.0
AC009120.11,0.0
RP11-373N22.3,0.0
RP11-87C12.5,0.0
AP006285.2,0.0
GRIN2A,0.0
RP11-365H22.2,0.0
RP11-347I19.7,0.0
RP11-363J20.1,0.0
RP11-355F16.1,0.0
RP11-355B11.2,0.0
RP11-354P11.3,0.0
RP11-354K1.2,0.0
RP11-89K21.1,0.0
RP11-90D4.3,0.0
RP11-354E11.2,0.0
RP11-353K11.1,0.0
RP11-352D13.6,0.0
RP11-351M16.4,0.0
RP11-977B10.2,0.0
AC010127.3,0.0
RP11-976B16.1,0.0
RP11-351I21.11,0.0
RP11-294N21.3,0.0
AC010136.2,0.0
AL356124.2,0.0
RP11-351D16.3,0.0
CASR,0.0
RP11-90L1.8,0.0
RP11-350J20.5,0.0
RP11-350G8.9,0.0
RP11-350G8.5,0.0
RP11-34P13.7,0.0
RP11-348N5.7,0.0
GTSE1-AS1,0.0
RP11-347J14.7,0.0
GUCA2A,0.0
HHATL,0.0
RP11-290H9.5,0.0
RP11-356C4.3,0.0
RP11-89K11.1,0.0
RP11-360L9.4,0.0
RP11-363E6.4,0.0
RP11-363E6.3,0.0
GRM3,0.0
ERAS,0.0
RP11-363D14.1,0.0
ZNF286B,0.0
CBLN2,0.0
RP11-362K14.7,0.0
RP11-290F5.2,0.0
RP11-362K14.5,0.0
RP11-360O19.4,0.0
AC009502.4,0.0
GS1-114I9.1,0.0
GS1-124K5.3,0.0
RP11-356K23.1,0.0
RP11-89G4.1,0.0
RP11-359N11.1,0.0
GS1-279B7.2,0.0
GS1-393G12.14,0.0
GS1-600G8.5,0.0
RP11-89H19.2,0.0
RP11-359I18.5,0.0
TMEM229A,0.0
RP11-359E3.4,0.0
AL356585.2,0.0
RP11-359E10.1,0.0
TMEM247,0.0
RP11-356N1.2,0.0
RP11-433J8.1,0.0
AC093151.8,0.0
RP11-434B12.1,0.0
RP11-572B2.1,0.0
RP11-574F21.3,0.0
AP001055.6,0.0
RP11-574F21.2,0.0
FAM19A5,0.0
RP11-573G6.10,0.0
PAK7,0.0
RP11-573D15.9,0.0
RP11-573D15.8,0.0
FIGF,0.0
RP11-573D15.2,0.0
RP11-572O17.1,0.0
PALM2,0.0
AC003090.1,0.0
AC003092.1,0.0
THCAT158,0.0
RP11-536K7.3,0.0
RP11-571M6.7,0.0
AC003101.2,0.0
RP11-571M6.17,0.0
RP11-571L19.8,0.0
RP11-56D16.8,0.0
RP11-569A11.1,0.0
AC003991.3,0.0
AC004012.1,0.0
ZNF812P,0.0
RP11-568N6.1,0.0
RP11-563N4.1,0.0
ANKRD20A4,0.0
AC004069.2,0.0
AC004076.5,0.0
AC002550.6,0.0
RP11-725P16.2,0.0
AC002550.5,0.0
CDC37L1-AS1,0.0
RP11-59N23.1,0.0
AP001033.3,0.0
AC002398.11,0.0
FEZF1,0.0
AC002429.5,0.0
RP11-71L14.4,0.0
RP11-59H7.4,0.0
RP11-720L2.4,0.0
CECR5-AS1,0.0
RP11-59D5__B.2,0.0
RP11-722E23.2,0.0
AC002456.2,0.0
PAGE2B,0.0
CECR7,0.0
RP11-722G7.1,0.0
RP11-596D21.1,0.0
RP11-595B24.2,0.0
RP11-588H23.3,0.0
RP11-584P21.2,0.0
RP11-582J16.4,0.0
RP11-580I16.2,0.0
RP11-57H14.2,0.0
RP11-57H12.3,0.0
RP11-57G10.8,0.0
RP11-57A19.2,0.0
RP11-579D7.4,0.0
RP11-575H3.1,0.0
RP11-723O4.9,0.0
RP11-574K11.29,0.0
RP11-563J2.3,0.0
FAM198A,0.0
RP11-559M23.1,0.0
AC004540.5,0.0
RP11-546K22.1,0.0
RP11-546J1.1,0.0
RP11-545M17.1,0.0
RP11-545I5.3,0.0
AP001347.6,0.0
AC004704.1,0.0
THSD7B,0.0
AC004754.3,0.0
RP11-544M22.8,0.0
RP11-544I20.2,0.0
AC004775.1,0.0
RP11-540O11.4,0.0
RP11-736K20.5,0.0
AC004791.2,0.0
NRIR,0.0
RP11-738E22.3,0.0
RP11-739B23.1,0.0
FAM169B,0.0
RP11-739L10.1,0.0
RP11-540K16.1,0.0
RP11-53O19.1,0.0
FOXC2-AS1,0.0
RP11-53M11.3,0.0
RP11-53I6.3,0.0
RP11-539I5.1,0.0
RP11-539G18.3,0.0
AC004854.4,0.0
AP001434.2,0.0
RP11-73K9.2,0.0
PARK2,0.0
RP11-546K22.3,0.0
RP11-557N21.1,0.0
ANGPTL8,0.0
RP11-557L19.1,0.0
AP001062.7,0.0
RP11-557C18.4,0.0
AC004156.3,0.0
RP11-556N4.1,0.0
RP11-554J4.1,0.0
PAPOLB,0.0
RP11-554I8.2,0.0
FLJ13224,0.0
FLJ21408,0.0
FLJ22447,0.0
FLJ27354,0.0
CD5L,0.0
RP11-728K20.3,0.0
FLJ31356,0.0
RP11-554E23.2,0.0
AP001266.1,0.0
RP11-72I8.1,0.0
RP11-731C17.2,0.0
AC004381.6,0.0
RP11-553L6.2,0.0
RP11-552F3.9,0.0
RP11-54O7.3,0.0
ANK3-DT,0.0
RP11-54O7.1,0.0
RP11-731D1.4,0.0
RP11-54C4.3,0.0
AC004510.3,0.0
RP11-548P2.2,0.0
AC002306.1,0.0
AC002116.7,0.0
RP11-715J22.2,0.0
RP11-673E1.1,0.0
RP11-66H6.3,0.0
CDHR5,0.0
RP11-66D17.3,0.0
FAM95B1,0.0
FAM95C,0.0
AP000695.4,0.0
RP11-66B24.4,0.0
AP000695.1,0.0
RP11-666A8.8,0.0
RP11-663N22.1,0.0
RP11-661A12.5,0.0
ABCB5,0.0
OVCH2,0.0
TEX12,0.0
ONECUT3,0.0
RP11-65L3.4,0.0
RP11-701H24.9,0.0
RP11-702B10.2,0.0
RP11-656D10.3,0.0
RP11-655M14.13,0.0
RP11-651P23.5,0.0
RP11-703H8.7,0.0
RP11-651L5.3,0.0
RP11-705O1.8,0.0
RP11-649E7.5,0.0
OVOL1-AS1,0.0
RP11-649A18.12,0.0
RP11-646I6.6,0.0
OVOS2,0.0
RP11-700J17.2,0.0
RP11-676J12.7,0.0
RP11-706O15.3,0.0
RP11-677M14.2,0.0
A1CF,0.0
FAM57B,0.0
RP11-6F2.5,0.0
FAM64A,0.0
RP11-699L21.1,0.0
RP11-697E2.6,0.0
RP11-696N14.1,0.0
RP11-692D12.1,0.0
RP11-689P11.2,0.0
RP11-689K5.3,0.0
RP11-680N20.1,0.0
RP11-680F8.1,0.0
RP11-680F20.6,0.0
RP11-680F20.4,0.0
TEX26,0.0
RP11-680F20.10,0.0
CDK15,0.0
RP11-680A11.5,0.0
RP11-6N17.2,0.0
RP11-679C8.2,0.0
FAM74A6,0.0
RP11-678G14.2,0.0
TEX40,0.0
SLC30A8,0.0
AP000769.7,0.0
RP11-677M14.7,0.0
FAM83C-AS1,0.0
RP11-677M14.3,0.0
RP11-700H6.1,0.0
FAM26F,0.0
OIT3,0.0
RP11-5C23.1,0.0
RP11-61A14.4,0.0
RP11-710F7.3,0.0
RP11-61A14.1,0.0
RP11-617F23.1,0.0
RP11-712B9.2,0.0
RP11-615I2.6,0.0
RP11-615I2.2,0.0
RP11-613D13.8,0.0
RP11-712L6.5,0.0
RP11-613D13.5,0.0
RP11-611O2.5,0.0
RP11-60L3.6,0.0
RP11-713M15.1,0.0
RP11-60L3.1,0.0
RP11-713N11.6,0.0
FAM212B-AS1,0.0
RP11-60A8.1,0.0
RP11-605B16.1,0.0
RP11-603J24.17,0.0
AC000068.10,0.0
RP11-602N24.3,0.0
TH2LCRR,0.0
AC000068.5,0.0
AC000068.9,0.0
ZNF98,0.0
RP11-600F24.7,0.0
RP11-5C23.2,0.0
FAM212B,0.0
FAM212A,0.0
AC002076.10,0.0
CDR1-AS,0.0
RP11-70D24.2,0.0
RP11-63M22.2,0.0
RP11-620J15.2,0.0
RP11-63L7.5,0.0
AP000473.5,0.0
RP11-635O16.2,0.0
RP11-634H22.1,0.0
RP11-632L2.2,0.0
RP11-631N16.4,0.0
RP11-62I21.1,0.0
AP000344.3,0.0
RP11-62F24.2,0.0
AP000318.2,0.0
AP000254.8,0.0
RP11-629B11.5,0.0
FAM231D,0.0
CDO1,0.0
AP000251.3,0.0
RP11-706P11.2,0.0
AP000230.1,0.0
AP000223.42,0.0
RP11-627G18.4,0.0
RP11-626G11.6,0.0
RP11-626G11.5,0.0
FAM228A,0.0
RP11-626G11.3,0.0
RP11-626G11.1,0.0
RP11-624M8.1,0.0
RP11-624L4.1,0.0
CDR1,0.0
RP11-620J15.4,0.0
RP11-70C1.1,0.0
AC004878.2,0.0
RP11-536G4.2,0.0
RP11-805I24.1,0.0
AC006273.4,0.0
GAS6-AS2,0.0
RP11-78I14.1,0.0
AC006116.17,0.0
AL645608.2,0.0
RP11-46A10.5,0.0
AC006129.2,0.0
RP11-468N14.13,0.0
GAST,0.0
RP11-468E2.5,0.0
RP11-468E2.10,0.0
RP11-467P9.1,0.0
RP11-464F9.22,0.0
RP11-284F21.9,0.0
AC006262.10,0.0
RP11-45A17.4,0.0
NRAP,0.0
RP11-78O7.2,0.0
RP11-791G15.2,0.0
RP11-793H13.10,0.0
RP11-459I19.1,0.0
RP11-458F8.4,0.0
GATM-AS1,0.0
PCSK1,0.0
RP11-793H13.11,0.0
RP11-458D21.1,0.0
RP11-795F19.5,0.0
AL603832.2,0.0
RP11-456H18.2,0.0
RP11-455O6.9,0.0
RP11-455O6.8,0.0
RP11-46C24.7,0.0
RP11-789C17.3,0.0
RP11-46D6.1,0.0
AL645940.1,0.0
AC005837.4,0.0
FAM101B,0.0
CH17-373J23.1,0.0
FAM101A,0.0
AL683807.1,0.0
CH507-154B10.1,0.0
AC005899.5,0.0
RP11-77K12.9,0.0
RP11-474O21.5,0.0
RP11-474N24.6,0.0
RP11-474I16.8,0.0
CH507-254M2.3,0.0
RP11-474G23.3,0.0
CH507-42P11.8,0.0
RP11-474G23.2,0.0
AC005954.4,0.0
RP11-473M20.5,0.0
RP11-473M20.16,0.0
RP11-473I1.5,0.0
RP11-471B22.3,0.0
RP11-77P16.4,0.0
AC006058.1,0.0
RP11-470M17.2,0.0
SLC22A16,0.0
RP11-46J23.1,0.0
RP11-46H11.3,0.0
RP11-77P6.2,0.0
RP11-783K16.13,0.0
RP11-789C1.2,0.0
RP11-455F5.6,0.0
RP11-798L4.1,0.0
AC006942.4,0.0
RP11-444D3.1,0.0
RP11-442N24__B.1,0.0
RP11-442H21.2,0.0
RP11-441O15.3,0.0
RP11-440L14.4,0.0
AC007292.6,0.0
RP11-440L14.1,0.0
RP11-440I14.3,0.0
RP11-440G5.2,0.0
ZNF560,0.0
RP11-800A3.7,0.0
RP11-440D17.4,0.0
RP11-43F13.4,0.0
RP11-439L18.1,0.0
RP11-802D6.1,0.0
AL590491.2,0.0
AC007365.3,0.0
RP11-439E19.7,0.0
AC007368.1,0.0
RP11-439E19.10,0.0
RP11-439A17.9,0.0
RP11-438L19.1,0.0
RP11-802O23.3,0.0
RP11-435O5.5,0.0
GIP,0.0
RP11-803B1.8,0.0
RP11-435I10.4,0.0
EXTL1,0.0
RP11-803P9.1,0.0
RP11-434E6.4,0.0
RP11-443B20.1,0.0
RP11-800A18.4,0.0
AC006946.16,0.0
RP11-444E17.6,0.0
RP11-799B12.4,0.0
RP11-455F5.3,0.0
AL592546.2,0.0
RP11-454K7.3,0.0
RP11-452L6.7,0.0
RP11-452L6.5,0.0
RP11-452K12.4,0.0
RP11-452H21.4,0.0
RP11-451G4.2,0.0
RP11-79H23.3,0.0
AC007038.7,0.0
RP11-44N11.2,0.0
AL591893.1,0.0
AC007040.11,0.0
RP11-79P5.9,0.0
GDPD2,0.0
RP11-44F14.8,0.0
AL591518.1,0.0
RP11-7F17.5,0.0
RP11-44F14.2,0.0
GFAP,0.0
RP11-44B19.1,0.0
RP11-449P15.2,0.0
RP11-7F17.8,0.0
RP11-449J21.5,0.0
RP11-449H3.3,0.0
RP11-448A19.1,0.0
AC007228.11,0.0
RP11-445L6.3,0.0
RP11-77I22.2,0.0
CH17-353B19.1,0.0
GALNT17,0.0
FREM3,0.0
RP11-51J9.6,0.0
FAM153C,0.0
RP11-517P14.2,0.0
RP11-517B11.4,0.0
RP11-515O17.3,0.0
RP11-511B23.2,0.0
RP11-510J16.5,0.0
FAM150B,0.0
RP11-509J21.2,0.0
RP11-508N22.12,0.0
RP11-506H21.5,0.0
RP11-506H20.1,0.0
RP11-506F3.1,0.0
RP11-505P4.6,0.0
AP001626.1,0.0
RP11-74E22.3,0.0
AP001626.2,0.0
RP11-505K9.4,0.0
RP11-503P10.1,0.0
RP11-503E24.2,0.0
RP11-4B16.4,0.0
RP11-49I11.1,0.0
RP11-499E18.1,0.0
PCAT29,0.0
AC005330.2,0.0
NPHP3-ACAD11,0.0
RP11-498P14.5,0.0
RP11-74E22.8,0.0
NPFFR2,0.0
AC005082.12,0.0
AC005076.5,0.0
SLC4A9,0.0
RP11-520A21.1,0.0
AMH,0.0
RP11-536C5.7,0.0
RP11-535A19.2,0.0
RP11-533E19.5,0.0
RP11-73K9.3,0.0
FOXL1,0.0
RP11-532M24.1,0.0
RP11-532F6.3,0.0
RP11-531F16.4,0.0
ALS2CR12,0.0
PAX1,0.0
CERS3,0.0
AP001469.9,0.0
RP11-531A24.5,0.0
RP11-528I4.2,0.0
FAM159A,0.0
RP11-528A4.2,0.0
RP11-527J8.1,0.0
RP11-526I2.5,0.0
RP11-525K10.3,0.0
ZNF724P,0.0
RP11-73M7.9,0.0
RP11-525A16.4,0.0
FPGT-TNNI3K,0.0
RP11-524F11.2,0.0
RP11-524D16__A.3,0.0
RP11-522B15.3,0.0
RP11-745L13.2,0.0
RP11-521C20.5,0.0
RP11-498C9.3,0.0
FUK,0.0
NMUR2,0.0
RP11-484K9.4,0.0
AC005592.2,0.0
RP11-770J1.4,0.0
RP11-483P21.2,0.0
RP11-483I13.5,0.0
RP11-483F11.7,0.0
GABRA2,0.0
GABRB1,0.0
RP11-481J2.4,0.0
RP11-481J2.3,0.0
RP11-770J1.5,0.0
RP11-480I12.10,0.0
RP11-480D4.6,0.0
RP11-480C16.1,0.0
RP11-47I22.2,0.0
RP11-477N3.1,0.0
RP11-774O3.3,0.0
RP11-477D19.2,0.0
RP11-476D10.1,0.0
CGB5,0.0
RP11-775C24.5,0.0
RP11-778D9.12,0.0
CGB8,0.0
RP11-778D9.13,0.0
RP11-77H9.6,0.0
RP11-475O6.1,0.0
CH17-132F21.5,0.0
RP11-475I24.3,0.0
RP11-475E11.9,0.0
RP11-474P2.6,0.0
AC005592.1,0.0
ALB,0.0
RP11-498C9.17,0.0
RP11-770G2.5,0.0
RP11-74J13.8,0.0
RP11-755B10.3,0.0
RP11-755F10.1,0.0
RP11-495P10.1,0.0
RP11-757G1.6,0.0
RP11-758N13.1,0.0
AC005363.11,0.0
RP11-494H4.3,0.0
FAM129C,0.0
RP11-492E3.51,0.0
AC005381.1,0.0
RP11-492E3.2,0.0
RP11-758P17.3,0.0
NOX1,0.0
RP11-48G14.3,0.0
NOV,0.0
RP11-48G14.2,0.0
RP11-763B22.4,0.0
RP11-767C1.2,0.0
AC005487.1,0.0
SLC5A7,0.0
RP11-768F21.1,0.0
RP11-48B3.3,0.0
RP11-486L19.2,0.0
RP11-486G15.2,0.0
AC005534.8,0.0
RP11-76C10.5,0.0
RP11-485G7.5,0.0
RP11-76P2.4,0.0
RP11-45M22.5,0.0
RP13-49I15.6,0.0
RP11-284F21.8,0.0
CTC-459F4.1,0.0
CTC-338M12.6,0.0
CTC-350I8.1,0.0
KIRREL2,0.0
RP6-109B7.5,0.0
RP6-159A1.4,0.0
ACP7,0.0
CTC-366B18.4,0.0
CTC-367J11.1,0.0
CTC-428G20.6,0.0
CTC-436P18.3,0.0
RP6-201G10.2,0.0
CTC-441N14.2,0.0
C1orf145,0.0
RP6-65G23.5,0.0
RP6-91H8.3,0.0
KIR3DX1,0.0
DLGAP1-AS5,0.0
CTC-471J1.11,0.0
CTC-490E21.14,0.0
CTC-498J12.1,0.0
CTC-498J12.3,0.0
DKK4,0.0
DKFZp779M0652,0.0
CTC-499B15.5,0.0
DKFZP434I0714,0.0
AC073648.7,0.0
CTC-503J8.4,0.0
CTC-523E23.1,0.0
ACAN,0.0
DKFZP434A062,0.0
KIRREL,0.0
CTC-338M12.2,0.0
CTC-523E23.11,0.0
CTC-273B12.10,0.0
RP5-899E9.1,0.0
KIAA1456,0.0
KIAA1644,0.0
CTC-246B18.10,0.0
RLTPR,0.0
CTC-250I14.6,0.0
RP5-933K21.3,0.0
CTC-251D13.1,0.0
XIST,0.0
CTC-260E6.6,0.0
RP5-943J3.2,0.0
AC068831.10,0.0
RP5-963E22.6,0.0
XCR1,0.0
ACTN1-AS1,0.0
RP6-109B7.4,0.0
ACTL8,0.0
ACTL7B,0.0
CTC-301O7.4,0.0
RP5-965G21.4,0.0
RP5-967N21.11,0.0
CTC-308K20.1,0.0
RP5-968P14.2,0.0
RP5-978I12.1,0.0
AC069363.1,0.0
CTC-325J23.2,0.0
RP5-991G20.1,0.0
CTC-332L22.1,0.0
RP5-994D16.3,0.0
RP5-998N21.4,0.0
WI2-1959D15.1,0.0
TTTY15,0.0
RP11-284F21.10,0.0
CTD-2012K14.6,0.0
LA16c-312E8.2,0.0
LA16c-325D7.2,0.0
LA16c-349E10.1,0.0
CTD-2006K23.2,0.0
AC144831.3,0.0
MAGEB2,0.0
LA16c-358B7.4,0.0
LA16c-359F1.1,0.0
LA16c-380H5.6,0.0
AC079305.10,0.0
LA16c-385E7.1,0.0
LA16c-390E6.5,0.0
AC079354.5,0.0
LA16c-390H2.4,0.0
AC079466.1,0.0
SPANXD,0.0
MAFA-AS1,0.0
LA16c-OS12.2,0.0
MAEL,0.0
AC142472.6,0.0
LAMP5-AS1,0.0
DFNB59,0.0
CTD-2012K14.7,0.0
AC139100.3,0.0
CTD-2012K14.8,0.0
AC079630.2,0.0
CTD-2013N24.2,0.0
DFNA5,0.0
CTD-2017C7.1,0.0
AC079767.4,0.0
LA16c-306E5.2,0.0
CTD-2005H7.1,0.0
MANEA-AS1,0.0
AC078845.1,0.0
SPANXB1,0.0
DIO3OS,0.0
CTC-526N19.1,0.0
DIAPH2-AS1,0.0
AC241585.2,0.0
SPANXC,0.0
CTC-529I10.2,0.0
CTC-548K16.1,0.0
AC074212.6,0.0
AC074289.1,0.0
AC074366.3,0.0
AC074391.1,0.0
AC237221.1,0.0
BACH1-AS1,0.0
KRT3,0.0
AC145124.2,0.0
CTC-573N18.1,0.0
C1orf101,0.0
AC195454.1,0.0
AC148477.2,0.0
KRTAP1-1,0.0
WFDC10A,0.0
AC145343.2,0.0
CTD-2001C12.1,0.0
KRTDAP,0.0
AC145212.4,0.0
AC078941.1,0.0
AC145212.2,0.0
MAJIN,0.0
CTD-2002J20.1,0.0
RNASEK-C17orf49,0.0
TSPEAR-AS2,0.0
KIAA1107,0.0
CTB-175E5.7,0.0
CTB-129O4.1,0.0
CTB-129P6.4,0.0
CTB-131K11.1,0.0
RP5-1065P14.2,0.0
RNU11,0.0
CTB-158D10.3,0.0
RP5-1074L1.1,0.0
RP5-1086K13.1,0.0
KCCAT211,0.0
CTB-161C1.1,0.0
CTB-161M19.4,0.0
RP5-1098D14.1,0.0
CTB-167B5.1,0.0
CTB-171A8.1,0.0
DOCK9-AS2,0.0
RNU6ATAC35P,0.0
CTB-179K24.3,0.0
RP5-1112D6.4,0.0
AF186192.6,0.0
AF131217.1,0.0
CTB-186G2.1,0.0
AF131215.8,0.0
RP5-1112D6.7,0.0
AC041005.1,0.0
CTB-25B13.5,0.0
CTB-25B13.9,0.0
AF127936.9,0.0
XXyac-YX155B6.7,0.0
AF127936.7,0.0
AF121898.1,0.0
KB-68A7.1,0.0
KB-1507C5.4,0.0
KIAA1024,0.0
CTA-445C9.14,0.0
RP5-1024G6.7,0.0
ATE1-AS1,0.0
JMJD7-PLA2G4B,0.0
C20orf195,0.0
RP5-1024N4.4,0.0
CTA-363E6.7,0.0
C20orf141,0.0
AC027307.1,0.0
RP1-100J12.1,0.0
DPH6-AS1,0.0
AGBL5-AS1,0.0
RP5-1028K7.2,0.0
RP5-1039K5.17,0.0
RP5-1050D4.3,0.0
SPACA3,0.0
KB-1471A8.1,0.0
DPCR1,0.0
RP5-1056H1.2,0.0
RP5-1057I20.4,0.0
RP5-1057J7.7,0.0
KB-1107E3.1,0.0
CTB-102L5.4,0.0
CTB-107G13.1,0.0
KB-1125A3.11,0.0
CTB-113D17.1,0.0
KB-1125A3.12,0.0
KB-1183D5.13,0.0
KB-1208A12.3,0.0
KB-1410C5.5,0.0
CTB-113P19.5,0.0
RP5-1125A11.6,0.0
SPACA6P-AS,0.0
AF064858.6,0.0
KIAA0226L,0.0
KDELC1,0.0
RP5-1186P10.2,0.0
CTB-61M7.2,0.0
PPP1R2C,0.0
CTB-83J4.1,0.0
RP5-821D11.7,0.0
RP5-827C21.6,0.0
TSIX,0.0
RP5-839B4.8,0.0
DNAJB5-DT,0.0
ADGRA1,0.0
KIAA0125,0.0
RP5-855D21.1,0.0
AC067959.1,0.0
ADCY8,0.0
AF011889.2,0.0
RP5-875O13.1,0.0
C1orf204,0.0
RP5-881L22.5,0.0
TSPEAR,0.0
AC068282.3,0.0
C1orf186,0.0
CTC-1337H24.4,0.0
CTC-203F4.2,0.0
RP5-884G6.2,0.0
CTC-209H22.3,0.0
CTC-232P5.3,0.0
TSPEAR-AS1,0.0
AC068499.10,0.0
CTC-239J10.1,0.0
XX-FW83128A1.2,0.0
CTB-5E10.3,0.0
CTB-58E17.5,0.0
XXbac-B444P24.14,0.0
CTB-39G8.2,0.0
AF001548.5,0.0
CTB-43E15.1,0.0
RP5-1125N11.2,0.0
AC051635.1,0.0
KCNMB2,0.0
XXbac-BPGBPG55C20.1,0.0
RP5-1139B12.2,0.0
XXbac-BPG308K3.5,0.0
XXbac-BPG294E21.9,0.0
XXbac-BPG252P9.9,0.0
XXbac-BPG249D20.9,0.0
CTB-50L17.16,0.0
XXbac-BPG181B23.7,0.0
CTB-51J22.1,0.0
XXbac-BPG157A10.21,0.0
CTB-55O6.10,0.0
KCNQ5-IT1,0.0
CTB-55O6.13,0.0
RP5-1142A6.8,0.0
RP5-1172N10.2,0.0
PPP1R17,0.0
RP5-1185I7.1,0.0
KCTD19,0.0
CTB-58E17.1,0.0
DNAJC3-AS1,0.0
MB21D1,0.0
KCTD8,0.0
AC064801.1,0.0
U47924.32,0.0
C1QTNF9B-AS1,0.0
AC137932.4,0.0
C12orf50,0.0
LINC01614,0.0
CXorf57,0.0
SPRR5,0.0
CTD-2547G23.4,0.0
C11orf85,0.0
AC100830.5,0.0
AC100830.4,0.0
LINC01752,0.0
CTD-2547H18.1,0.0
PWAR6,0.0
CTD-2547L24.4,0.0
AC100801.1,0.0
PVRL3-AS1,0.0
LINC01811,0.0
CTD-2554C21.3,0.0
CTD-2545M3.8,0.0
PTTG2,0.0
CTD-2555A7.2,0.0
AC099342.1,0.0
CTD-2555C10.3,0.0
C14orf105,0.0
AC098820.4,0.0
AC098656.1,0.0
PTPRQ,0.0
AC098595.1,0.0
LINC02125,0.0
CTD-2561B21.5,0.0
CTD-2562J15.6,0.0
AC097709.1,0.0
AC097662.2,0.0
PYY,0.0
CTD-2544H17.1,0.0
LINC01266,0.0
LINC01389,0.0
CTD-2515H24.2,0.0
C19orf45,0.0
LINC01314,0.0
USH1G,0.0
CTD-2516F10.4,0.0
LINC01352,0.0
AC090587.5,0.0
AC090607.1,0.0
BZRAP1-AS1,0.0
VWA5B1,0.0
CTD-2530H12.4,0.0
LINC01372,0.0
LINC01374,0.0
CTD-2532N20.1,0.0
C10orf107,0.0
AC103858.1,0.0
AC104654.2,0.0
LINC01433,0.0
C10orf12,0.0
LINC01451,0.0
LINC01474,0.0
C10orf128,0.0
LINC01546,0.0
LINC01551,0.0
VSX1,0.0
CTD-2540B15.9,0.0
LINC01552,0.0
LINC01553,0.0
SAXO1,0.0
LINC01565,0.0
SCARNA2,0.0
CTD-2568A17.1,0.0
CTD-2568A17.8,0.0
AC093388.3,0.0
LL0XNC01-116E7.2,0.0
CTD-3203P2.3,0.0
CTD-3203P2.1,0.0
CTD-3194G12.2,0.0
CTD-2600O9.2,0.0
CTD-3193O13.12,0.0
PSORS1C2,0.0
AC093525.3,0.0
AC093515.1,0.0
LINC02657,0.0
CTD-2619J13.14,0.0
CTD-2619J13.17,0.0
LINC02660,0.0
CTD-2619J13.19,0.0
CTD-2623N2.11,0.0
LINC02336,0.0
CTD-3154N5.2,0.0
AC092835.2,0.0
CTD-3128G10.6,0.0
CTD-2655K5.1,0.0
CTD-2659N19.10,0.0
AC092894.1,0.0
CTD-3105H18.14,0.0
LINC02842,0.0
CTD-2666L21.1,0.0
SCN2B,0.0
CTD-3064M3.7,0.0
CTD-3064M3.4,0.0
VIPR1-AS1,0.0
CTD-3032H12.2,0.0
LL0XNC01-237H1.2,0.0
CTD-2589H19.6,0.0
CTD-3214H19.4,0.0
CTD-3220F14.3,0.0
C15orf59-AS1,0.0
PTGES2-AS1,0.0
CTD-2571L23.8,0.0
C16orf59,0.0
PRSS45,0.0
LINC02454,0.0
LINC02458,0.0
CTD-2574D22.2,0.0
AC092448.1,0.0
PRSS50,0.0
SCGN,0.0
LINC02555,0.0
AC092620.3,0.0
PRSS51,0.0
C17orf105,0.0
SPG20-AS1,0.0
CTD-2574D22.7,0.0
LLNLR-304G9.1,0.0
LLNLR-284B4.2,0.0
CTD-2576D5.4,0.0
AC093627.9,0.0
LLNLF-187D8.1,0.0
CTD-3252C9.2,0.0
CTD-2588C8.8,0.0
CTD-3222D19.8,0.0
LL22NC03-86G7.1,0.0
LL22NC03-75H12.2,0.0
LINC02583,0.0
C17orf51,0.0
CYP3A7,0.0
LINC01265,0.0
CTD-2017F17.1,0.0
LINC00441,0.0
LINC00264,0.0
LVRN,0.0
LUZP2,0.0
CTD-2090I13.1,0.0
CTD-2095E4.5,0.0
LINC00284,0.0
PRKCDBP,0.0
CTD-2126E3.4,0.0
LINC00326,0.0
AC084219.4,0.0
CTD-2139B15.2,0.0
AC119150.1,0.0
CTD-2162K18.4,0.0
CTD-2184C24.2,0.0
AC084809.2,0.0
CTD-2081C10.7,0.0
AC084809.3,0.0
LINC00443,0.0
CTD-2192J16.22,0.0
CTD-2192J16.26,0.0
CTD-2201E18.5,0.0
AC087273.2,0.0
BMPR1B-AS1,0.0
SRY,0.0
CTD-2201I18.1,0.0
AC116345.1,0.0
LSMEM2,0.0
AC116049.2,0.0
LINC00524,0.0
WBSCR28,0.0
LINC00202-1,0.0
RBM14-RBM4,0.0
BX470102.3,0.0
AC133919.1,0.0
AC079807.2,0.0
BEAN1-AS1,0.0
CTD-2024P10.2,0.0
AC136616.2,0.0
CTD-2026K11.4,0.0
PRICKLE2-AS1,0.0
AC079922.3,0.0
PRICKLE2-AS3,0.0
CTD-2026K11.6,0.0
RCVRN,0.0
LDHAL6A,0.0
DEFB4A,0.0
RP11-6I2.3,0.0
CTD-2033A16.3,0.0
AC083809.1,0.0
CTD-2078B5.2,0.0
CTD-2033C11.1,0.0
AC132872.3,0.0
CTD-2035E11.3,0.0
SSX5,0.0
AC131056.3,0.0
CTD-2035E11.4,0.0
SSTR5-AS1,0.0
LHX1,0.0
CTD-2036P10.3,0.0
CTD-2047H16.5,0.0
DDX26B-AS1,0.0
AC124067.2,0.0
AC123912.1,0.0
CTD-2054N24.2,0.0
CTD-2203K17.1,0.0
LINC00525,0.0
CTD-2213F21.2,0.0
LINC00959,0.0
UGT2A3,0.0
UGT2B17,0.0
LINC00840,0.0
AC110741.1,0.0
CTD-2342J14.6,0.0
CTD-2349P21.12,0.0
AC109826.1,0.0
CTD-2350C19.2,0.0
CTD-2366F13.2,0.0
LINC00890,0.0
LINC00908,0.0
AC108488.4,0.0
LINC00950,0.0
CTD-2369P2.8,0.0
AC090409.1,0.0
CTD-2235C13.3,0.0
AC108004.2,0.0
LINC00971,0.0
LINC00973,0.0
SPATA45,0.0
CTD-2376I4.1,0.0
LINC01012,0.0
UPK3BL,0.0
BX255923.3,0.0
CTD-2383M3.1,0.0
LINC01183,0.0
AC106786.1,0.0
LINC01214,0.0
CYP4F35P,0.0
CTD-2501B8.1,0.0
LINC00705,0.0
LINC00694,0.0
CTD-2331H12.7,0.0
CTD-2319I12.2,0.0
PRLH,0.0
AC116035.1,0.0
LINC00540,0.0
CTD-2245E15.3,0.0
CTD-2260A17.2,0.0
AC115099.1,0.0
CTD-2260A17.3,0.0
CTD-2263F21.1,0.0
CTD-2269F5.1,0.0
AC114977.1,0.0
CTD-2270P14.5,0.0
LRRTM1,0.0
UCN2,0.0
RASGRF2-AS1,0.0
CTD-2283N19.1,0.0
PROKR1,0.0
CTD-2287O16.5,0.0
CTD-2292M14.1,0.0
AC114271.2,0.0
BORCS8-MEF2B,0.0
LINC00640,0.0
LINC00643,0.0
LRRD1,0.0
CTD-2302E22.4,0.0
CTD-2306A12.1,0.0
UGT1A10,0.0
LINC00680,0.0
LINC00693,0.0
CTD-2310F14.1,0.0
RP1-102E24.10,0.0
CTA-243E7.4,0.0
AJ006998.2,0.0
RP11-167N5.5,0.0
RP3-380B8.4,0.0
RP11-174G6.1,0.0
RP3-393E18.2,0.0
RP3-395M20.8,0.0
RP11-173A6.3,0.0
RP11-172H24.4,0.0
RP11-171I2.2,0.0
RP11-16P6.1,0.0
RP3-395M20.9,0.0
RP3-402G11.25,0.0
RP11-16N11.2,0.0
RP11-16E18.3,0.0
RP11-16E12.2,0.0
C9,0.0
C8orf89,0.0
EIF2B5-AS1,0.0
RP11-167B3.2,0.0
AL133493.2,0.0
RP11-165J3.6,0.0
ARHGAP36,0.0
RP11-165E7.1,0.0
RP11-165A20.3,0.0
AC016700.5,0.0
RP3-402G11.26,0.0
HTR1F,0.0
HTR2A,0.0
RP11-162G10.5,0.0
RP11-162A12.4,0.0
HTR4,0.0
RP11-162A12.2,0.0
RP11-177J6.1,0.0
RP3-337H4.8,0.0
HPR,0.0
EIF2S3L,0.0
PLA2G2C,0.0
C9orf47,0.0
RP11-190A12.8,0.0
RP3-323A16.1,0.0
RP3-324O17.8,0.0
RP3-325F22.5,0.0
RP11-188P20.3,0.0
ARHGAP26-AS1,0.0
RP11-188P17.2,0.0
RP11-186B7.7,0.0
ARHGAP26-IT1,0.0
RP11-185E8.1,0.0
RP11-182N22.8,0.0
HRH4,0.0
RP11-182J1.3,0.0
RP11-178C3.2,0.0
RP3-329E20.2,0.0
HS3ST4,0.0
RP11-181G12.2,0.0
C9orf173-AS1,0.0
RP3-333H23.8,0.0
RP11-181E10.3,0.0
TNNI1,0.0
RP11-181C3.1,0.0
AC015967.1,0.0
RP11-180M15.6,0.0
RP11-17E13.2,0.0
RP11-179B2.2,0.0
RP3-337H4.10,0.0
RP11-178L8.7,0.0
RP11-161M6.2,0.0
RP11-161H23.9,0.0
RP11-160O5.1,0.0
RP3-477O4.14,0.0
RP11-149I23.3,0.0
MOGAT3,0.0
RP11-147L13.2,0.0
RP11-147L13.14,0.0
AL118508.1,0.0
RP11-147L13.12,0.0
RP11-144A16.8,0.0
RP3-466P17.1,0.0
RP3-467K16.4,0.0
RP11-141J13.5,0.0
RP11-141B14.1,0.0
RP3-473L9.4,0.0
RP11-140I16.3,0.0
RP3-475N16.1,0.0
AC018978.1,0.0
RP3-402G11.27,0.0
MNX1-AS2,0.0
RP11-13K12.2,0.0
RP11-1398P2.1,0.0
RP11-138I1.4,0.0
C6orf3,0.0
RP11-138E2.1,0.0
AC019181.2,0.0
RP3-483K16.4,0.0
RP11-137H2.4,0.0
RP11-1379J22.5,0.0
C6orf229,0.0
RP11-1379J22.2,0.0
AC020571.3,0.0
CTA-243E7.1,0.0
RP11-14N7.2,0.0
RP11-150O12.3,0.0
IFNE,0.0
RP3-465N24.6,0.0
RP11-15J22.8,0.0
RP11-15I11.3,0.0
AC016907.3,0.0
RP3-403A15.5,0.0
RP3-406A7.7,0.0
EFTUD1,0.0
RP3-406P24.4,0.0
AC016995.3,0.0
RP11-15H20.7,0.0
RP3-414A15.10,0.0
RP3-449M8.9,0.0
RP11-159H10.3,0.0
RP11-158M2.3,0.0
AC017060.1,0.0
RP11-158I9.8,0.0
MOV10L1,0.0
AL121845.1,0.0
RP11-158H5.8,0.0
RP11-157J24.2,0.0
AL121827.2,0.0
RP11-157F20.3,0.0
RP3-453C12.15,0.0
SERTM1,0.0
RP11-157E21.1,0.0
RP11-156E8.1,0.0
RP11-154J22.1,0.0
RP11-154H23.4,0.0
RP11-153F10.2,0.0
RP3-461P17.10,0.0
SFRP5,0.0
AL136961.1,0.0
RP11-134L10.1,0.0
RP11-252A24.3,0.0
RP11-99L13.2,0.0
AQP8,0.0
RP11-254I22.3,0.0
ELOA3,0.0
RP11-254I22.1,0.0
RP11-254F7.4,0.0
RP13-131K19.2,0.0
AC012074.2,0.0
RP11-254F7.3,0.0
TMPRSS11D,0.0
RP11-253M7.4,0.0
RP11-253M7.1,0.0
RP11-252E2.1,0.0
RP13-131K19.7,0.0
RP13-143G15.4,0.0
RP11-259K15.2,0.0
MSTN,0.0
RP11-251M1.1,0.0
RP11-251G23.5,0.0
RP13-20L14.6,0.0
RP11-250B2.3,0.0
RP11-24F11.2,0.0
RP13-270P17.1,0.0
RP11-248M19.1,0.0
RP11-247L20.4,0.0
RP11-247I13.11,0.0
AC012358.8,0.0
RP11-247A12.8,0.0
RP11-247A12.7,0.0
RP11-246A10.1,0.0
RP11-258F1.1,0.0
RP11-259N19.1,0.0
RP11-190C22.9,0.0
RP11-275I14.4,0.0
CACNG7,0.0
RP11-98D18.15,0.0
RP11-282O18.7,0.0
RP11-282O18.3,0.0
RP11-281A20.1,0.0
RP11-280O1.2,0.0
AC011747.4,0.0
RP11-27K13.3,0.0
RP11-279O9.4,0.0
RP11-277P12.20,0.0
RP11-277B15.3,0.0
RP11-277A4.4,0.0
RP11-276H7.3,0.0
RP11-276E15.4,0.0
SH2D5,0.0
RP11-260M2.1,0.0
AC011899.9,0.0
RP11-98D18.16,0.0
RP11-274B21.9,0.0
RP11-273B20.1,0.0
RP11-269G24.6,0.0
CACNG6,0.0
RP11-268P4.4,0.0
SH2D4B,0.0
RP11-266L9.5,0.0
RP11-266K4.14,0.0
RP11-98G7.1,0.0
RP11-266J6.2,0.0
RP11-265N6.1,0.0
RP11-264B17.4,0.0
RP11-245J9.5,0.0
RP11-245J9.4,0.0
AC012360.4,0.0
RP11-212I21.2,0.0
RP11-216B9.6,0.0
RP13-714J12.1,0.0
RP11-214O1.3,0.0
AC013463.2,0.0
RP13-753N3.1,0.0
RP11-214K3.25,0.0
HOXB13,0.0
RP11-214K3.24,0.0
RP11-213H15.1,0.0
RP13-753N3.3,0.0
RP13-870H17.3,0.0
RP11-212I21.4,0.0
C9orf84,0.0
RP13-942N8.1,0.0
RP11-211N8.2,0.0
RP11-244M2.1,0.0
RP11-210M15.2,0.0
RP11-20I23.6,0.0
C9orf66,0.0
RP11-20I20.4,0.0
AC015691.13,0.0
RP11-20E24.1,0.0
RP11-203J24.8,0.0
RP11-201E8.1,0.0
RP11-197K3.1,0.0
RP11-196G18.23,0.0
RP11-196G11.6,0.0
RP11-196G11.2,0.0
RP11-193M21.1,0.0
RP11-191G24.1,0.0
RP11-217B1.2,0.0
RP13-616I3.1,0.0
RP11-218F10.3,0.0
RP13-514E23.2,0.0
RP11-244H3.4,0.0
SGOL1,0.0
RP11-244F12.3,0.0
RP11-242J7.1,0.0
RP11-23F23.2,0.0
RP11-238K6.1,0.0
RP11-235E17.2,0.0
RP11-231G3.1,0.0
AL138778.1,0.0
RP11-231C14.7,0.0
RP11-230C9.2,0.0
RP13-314C10.5,0.0
RP11-228B15.4,0.0
RP11-227G15.8,0.0
RP11-227G15.10,0.0
RP11-222K16.2,0.0
RP11-221J22.2,0.0
RP11-220I1.5,0.0
RP13-39P12.3,0.0
RP11-21A7A.3,0.0
RP11-219G17.4,0.0
RP13-463N16.6,0.0
AL137785.1,0.0
CA10,0.0
RP11-219B4.5,0.0
AC013275.2,0.0
AC013287.1,0.0
CA1,0.0
CTD-3035K23.7,0.0
RP3-496C20.1,0.0
RP11-136L23.2,0.0
RP11-132A1.4,0.0
RP1-28H20.3,0.0
RP1-317E23.3,0.0
AL023581.2,0.0
RP4-718J7.4,0.0
AL022476.2,0.0
C2orf48,0.0
C2orf40,0.0
RP1-30M3.6,0.0
AL022344.1,0.0
AL022341.3,0.0
RP1-309F20.3,0.0
RP4-734G22.3,0.0
RP1-302G2.5,0.0
RP1-28O10.1,0.0
RP4-742C19.13,0.0
RP4-751H13.7,0.0
RP4-706G24.1,0.0
RP4-756G23.5,0.0
RP4-758J18.10,0.0
RP1-286D6.5,0.0
RP1-27K12.2,0.0
TREML1,0.0
C2orf27B,0.0
RP1-267L14.6,0.0
RP1-267D11.6,0.0
RP1-266L20.2,0.0
SYNJ2BP-COX16,0.0
RP1-261G23.7,0.0
RP1-261D10.2,0.0
RP4-761J14.10,0.0
RP1-257A7.5,0.0
RP4-710M16.2,0.0
RP1-41C23.4,0.0
RP1-257A7.4,0.0
SEPT4-AS1,0.0
IMPG2,0.0
RP11-1007O24.3,0.0
AL031663.2,0.0
RP11-1007O24.2,0.0
RP11-1006G14.2,0.0
RP11-1006G14.1,0.0
RP11-1000B6.8,0.0
RP11-1000B6.5,0.0
RP1-93H18.1,0.0
RP1-90J4.1,0.0
SEPT5,0.0
RP1-90J20.8,0.0
C2orf70,0.0
AL031595.2,0.0
AC023796.1,0.0
RP4-697K14.15,0.0
RP1-79C4.4,0.0
RP1-78B3.1,0.0
RP4-669L17.10,0.0
SEPT4,0.0
RP4-671O14.7,0.0
RP1-67K17.4,0.0
RP1-63M2.7,0.0
SEPT3,0.0
RP4-673M15.1,0.0
RP1-60O19.1,0.0
RP1-50J22.4,0.0
RP4-680D5.2,0.0
RP1-45I4.3,0.0
CRYM-AS1,0.0
SOX21-AS1,0.0
RP1-251M9.2,0.0
RP4-668J24.2,0.0
RP1-120G22.11,0.0
RP4-803J11.2,0.0
RP1-142L7.8,0.0
ITPR1-AS1,0.0
AKAP2,0.0
RP1-140A9.1,0.0
RP1-137D17.2,0.0
CT45A1,0.0
CT45A10,0.0
RP5-1007H16.1,0.0
RP5-1009E24.8,0.0
RP1-12G14.7,0.0
RP5-1021I20.1,0.0
RP1-122P22.2,0.0
MEIKIN,0.0
RP5-1021I20.2,0.0
Z69720.2,0.0
CTA-14H9.5,0.0
RP1-111C20.4,0.0
AC026471.6,0.0
RP5-1021I20.5,0.0
MEG9,0.0
RP1-102K2.8,0.0
RP5-1024G6.2,0.0
JAKMIP2-AS1,0.0
DPYD-AS1,0.0
RP1-102E24.8,0.0
ATCAY,0.0
SELV,0.0
CTA-228A9.3,0.0
CTA-228A9.4,0.0
RP1-150O5.3,0.0
RP1-159A19.4,0.0
TRH,0.0
RP1-202O8.3,0.0
RP1-234P15.4,0.0
RP1-232P20.1,0.0
ITFG1-AS1,0.0
RP1-228P16.8,0.0
RP1-224A6.9,0.0
RP1-221C16.8,0.0
DSG3,0.0
AC025180.1,0.0
AC025244.1,0.0
RP1-20C7.6,0.0
RP1-206D15.6,0.0
RP4-773N10.4,0.0
RP4-781K5.4,0.0
AC025335.1,0.0
RP1-199J3.7,0.0
RP1-168L15.5,0.0
RP1-191J18.66,0.0
RP4-781K5.6,0.0
RP1-187B23.1,0.0
Z86062.2,0.0
Z83851.4,0.0
SYNDIG1L,0.0
RP4-794I6.4,0.0
C21orf33,0.0
RP1-179P9.3,0.0
ASZ1,0.0
RP1-179N16.6,0.0
Z82214.3,0.0
RP4-800J21.3,0.0
RP1-178F15.4,0.0
AC020661.1,0.0
RP11-1008C21.2,0.0
RP11-1017G21.6,0.0
RP11-119D9.1,0.0
AC021218.1,0.0
IGKV1D-27,0.0
RP11-122K13.12,0.0
SERPINB10,0.0
RP4-541C22.5,0.0
RP4-545C24.1,0.0
CRAT37,0.0
RP11-121M22.1,0.0
RP11-120K24.3,0.0
RP11-120K19.4,0.0
CRCT1,0.0
RP11-120D5.1,0.0
RP11-11N7.4,0.0
RP11-11M20.4,0.0
RP11-1191J2.5,0.0
RP4-565E6.1,0.0
RP11-118K6.3,0.0
IGKV7-3,0.0
RP4-545L17.11,0.0
RP4-548D19.3,0.0
AC022007.5,0.0
IGLL5,0.0
RP11-1151B14.3,0.0
RP4-549L20.3,0.0
RP11-114F3.4,0.0
RP4-550H1.7,0.0
IGLV2-5,0.0
RP4-555D20.2,0.0
RP11-1149O23.4,0.0
RP4-561L24.3,0.0
RP11-122M14.1,0.0
RP11-123K19.1,0.0
RP11-124N14.3,0.0
RP11-1260E13.2,0.0
RP11-131N11.4,0.0
C6orf222,0.0
RP3-500L14.2,0.0
RP3-508I15.14,0.0
IGHV2-70D,0.0
RP3-508I15.22,0.0
RP11-131L12.3,0.0
RP11-130L8.2,0.0
RP3-522J7.6,0.0
AC020922.4,0.0
EDNRB-AS1,0.0
ARMC12,0.0
RP11-130F10.1,0.0
PLN,0.0
RP3-525N10.2,0.0
RP11-12M5.3,0.0
RP11-12J10.4,0.0
RP11-12J10.3,0.0
RP11-129K12.1,0.0
RP11-1299A16.3,0.0
RP4-539M6.14,0.0
SERPINB7,0.0
RP11-128M1.1,0.0
RP11-128A17.1,0.0
RP11-1277A3.1,0.0
RP11-126O1.5,0.0
PLPP4,0.0
RP11-126K1.6,0.0
SERPINB13,0.0
RP11-101E5.1,0.0
RP4-563E14.1,0.0
RP11-1143G9.5,0.0
RP11-1070N10.3,0.0
RP4-635E18.8,0.0
MIR122HG,0.0
RP11-1094H24.4,0.0
RP4-639F20.1,0.0
RP11-108M9.6,0.0
IL21R-AS1,0.0
RP11-108L7.15,0.0
RP11-107N15.1,0.0
RP11-1072C15.4,0.0
RP11-1072A3.4,0.0
AC022509.4,0.0
RP4-647C14.3,0.0
ZBTB20-AS2,0.0
RP4-657D16.3,0.0
PNMAL1,0.0
RP11-109J4.1,0.0
PNMAL2,0.0
RP11-1069G10.1,0.0
IL36G,0.0
AC022784.5,0.0
RP11-1060J15.4,0.0
RP4-657D16.6,0.0
RP11-105C19.1,0.0
RP4-665J23.1,0.0
RP4-666F24.3,0.0
RP11-1055B8.4,0.0
RP11-1055B8.10,0.0
RP11-104N10.1,0.0
RP11-103J8.1,0.0
RP11-1020A11.2,0.0
RP11-1143G9.4,0.0
RP4-635E18.7,0.0
RP11-109N23.4,0.0
RP11-1105G2.3,0.0
RP11-1134I14.8,0.0
RP11-111J6.2,0.0
RP11-111H13.1,0.0
RP11-111F5.4,0.0
RP4-593H12.1,0.0
RP11-111F5.3,0.0
MIR4527HG,0.0
TRABD2B,0.0
RP4-594I10.3,0.0
RP11-110I1.13,0.0
RP11-1109F11.5,0.0
RP11-1109F11.3,0.0
MIR3681HG,0.0
RP4-613B23.1,0.0
RP11-10K16.1,0.0
AC022182.3,0.0
RP11-10A14.4,0.0
CRHR1,0.0
RP11-10A14.9,0.0
RP4-625H18.2,0.0
CRHBP,0.0
RP4-622L5.7,0.0
RP11-21L23.3,0.0
RP11-1100L3.8,0.0
RP4-621F18.2,0.0
RP4-621B10.8,0.0
RP11-1102P16.1,0.0
MIR3179-3,0.0
MIR3180-4,0.0
IGHE,-7.615445080206354e-08
AC093462.1,-3.2279101108591875e-06
AL354892.3,-8.373768487807442e-06
AC137630.3,-1.2780273429852725e-05
LCAT,-1.340950730881397e-05
EYA3,-1.4234552825312564e-05
CA3,-1.8918845612303325e-05
CA11,-2.3818627777876742e-05
DISP2,-2.8252881286036927e-05
CNFN,-3.3493947446954095e-05
TOMM40L,-3.77700116810179e-05
SCN4B,-3.791564133746479e-05
FAM179B,-3.921114412318695e-05
MRPS30-DT,-4.113904673912203e-05
CRIM1,-4.374289433286565e-05
PTPRA,-4.451723809459989e-05
AIFM1,-4.947381857253828e-05
MED19,-5.5589769577235724e-05
DNMT1,-5.656640154006462e-05
C7orf61,-5.924900043016909e-05
CYP21A2,-6.403527584813766e-05
DCLRE1B,-6.486519320880046e-05
LINC00526,-6.559542389723963e-05
RP11-465N4.4,-6.613276332081146e-05
CYP2S1,-7.530938568099346e-05
AC008906.2,-7.754477742949223e-05
AC009090.1,-7.784864005206458e-05
FGF20,-8.096078044730308e-05
PALD1,-8.380666481075428e-05
PTGS2,-8.495164317881047e-05
AC006213.3,-8.770021845198423e-05
GPR84,-9.254934815213487e-05
KIF2C,-9.53333821400089e-05
AC139493.2,-9.63035519384061e-05
ETFB,-9.664064525499846e-05
CLDN2,-9.919873537733737e-05
AL451062.1,-0.00010250578203483463
BUB1B,-0.00010717982721723075
ZNF441,-0.00010744593469544284
MS4A2,-0.00010928993477474864
ERCC2,-0.00011058179721531983
NFKBIB,-0.00011147755771023852
RRAS2,-0.00011221761997573319
TNIP3,-0.00011904151220037753
FCRL6,-0.00011993731712356969
PCDHGA2,-0.00012046911108476213
KIAA0196,-0.0001210686035132356
AC245452.1,-0.00012874682307347464
CFAP20,-0.00013192362823972022
MTIF2,-0.00013531954725823144
ITGB7,-0.00014388332139797795
C12orf56,-0.00014486310454286762
TAB1,-0.00014810679597727965
METTL20,-0.00014814755707033786
STIP1,-0.00014859474300842445
CCDC142,-0.00014864083308209006
CYTL1,-0.00015398858141816476
AL021578.1,-0.00016697347608806248
CAGE1,-0.00016765085003211935
C11orf74,-0.00017149128641686564
AF129075.3,-0.0001718772226234982
LINC01420,-0.00017394628261894996
AC131944.1,-0.00017395175464245791
AL162431.1,-0.000175983258783226
ZNF419,-0.00018143873450457545
LSG1,-0.00018174841917191527
LINC01841,-0.00018234648506224377
EXD2,-0.00018377261203748343
COL6A3,-0.00018403925406416767
CCR1,-0.0001845500640623751
AC145207.3,-0.0001871123328293544
TRHDE-AS1,-0.00019267699240130477
RNF168,-0.0001980291378936982
TLR1,-0.00019867186221963603
RAP1GDS1,-0.0001995814304245219
CDX1,-0.00019971794480699395
AC090204.1,-0.00020418769606156913
AC095057.3,-0.00021010562440030106
C11orf98,-0.000213373950077799
TLL1,-0.00022048752567102296
GPR180,-0.00022208657287532164
AC090114.2,-0.0002242420322726381
AC073073.2,-0.0002320573024507476
FSD1,-0.0002330942018742421
ZFAND6,-0.00023417621365471415
AL450345.2,-0.00023561403934979752
OSGEPL1,-0.00023970206726021373
TSPAN18,-0.00024100110667652012
TSPAN10,-0.0002449301408810462
TARS,-0.0002488768824625026
AC090001.1,-0.00024897903201078555
C4BPB,-0.00024924711288198584
KLK9,-0.0002521861262655727
TRPM6,-0.00025830661155450493
BAIAP2L2,-0.0002592744792852471
LINC01971,-0.00026067904422606827
AL157938.2,-0.00026234217783595494
RNASEH1-AS1,-0.00026625416224935225
GPC3,-0.00026853799392367715
RP5-1085F17.3,-0.00027136649622176945
AC005632.3,-0.0002757733924363317
Z83745.1,-0.00028099082683390734
TOX,-0.0002856760163564551
SEPT6,-0.000286925317349135
PCNX,-0.0002881314140814304
AC008440.1,-0.00028871379790764356
PCDHGA5,-0.0002897959435492079
RP11-295G20.2,-0.00029671246917224996
ASNA1,-0.000299292466086404
KCNN3,-0.0003004357414642252
TRAPPC8,-0.00030073616246661087
LINC02363,-0.0003010386263948965
PDZRN3,-0.00030331892175982153
HEXIM2,-0.0003101779698046318
ALG10,-0.00031050245948416365
DNMT3B,-0.00032213731020506065
GBP5,-0.00032381623565876924
XKR4,-0.0003239531547375279
DGCR14,-0.0003273347140201901
ZCCHC7,-0.0003283003317345914
AL136985.3,-0.000328907305522041
EDRF1-AS1,-0.0003297886120956437
RBP2,-0.00033061579250650257
MYBPH,-0.00033076294934947286
PRRT4,-0.00033153860769583596
TNFSF13B,-0.0003332995722150693
CAMTA1-DT,-0.00033352013723819663
SEPTIN5,-0.00033541663887528807
YAE1,-0.00033567305189849964
CARS2,-0.00033802209104251635
SS18,-0.0003389472168877948
CRTC1,-0.00033948979524918687
DUSP15,-0.0003409269544880172
ADGRB2,-0.00034199309782766027
DBF4,-0.00034805790522436376
AL353576.1,-0.00035017129749502013
FUOM,-0.00035167623226642906
AC027097.1,-0.0003518977101438966
AC087286.3,-0.00035361564472946854
CTB-31O20.2,-0.00035377121342562414
AL357556.4,-0.00035408978226465456
MARCH9,-0.00035496529991957393
RARG,-0.00036199517050233837
PARD6G,-0.00036445165499088343
PLCD3,-0.0003653729794550608
C11orf80,-0.0003686515845482627
TNFRSF4,-0.00037100353853678056
AP001453.3,-0.0003723733165823417
DCAF15,-0.0003739844683205329
NLGN2,-0.0003749398619699772
PRR5,-0.00037534614207576926
CDK1,-0.00037652753067010734
AC007613.1,-0.0003802321757258201
NRTN,-0.00038538973302032546
CRACR2A,-0.00038791918723794577
VPS11,-0.0003932723028308905
SYNE3,-0.0003936133275943722
INSIG1,-0.00039813846423810393
SNORC,-0.00040089036614932087
DIPK1C,-0.0004029370563251153
AL445645.1,-0.0004029451050194008
TUBE1,-0.0004067511184873369
AC022144.1,-0.0004084027638574157
SLC46A2,-0.0004114699257640656
HVCN1,-0.00041151886032929987
LINC00592,-0.00041183396942114195
SPRY4-IT1,-0.00041258965062608295
SERTAD4,-0.000414402369238684
HDHD2,-0.0004146079902355791
WNT10B,-0.00041538704649934384
GNG8,-0.00041831306005101274
TRIT1,-0.0004185064284948671
C2orf16,-0.0004185759252326484
COX4I1,-0.0004214174546023653
RLBP1,-0.0004225276636074633
GJA3,-0.0004346856769311009
HIST1H2BG,-0.0004369180093013682
AL157388.1,-0.0004381771491921
SMAD9,-0.0004397007346642839
AC102953.1,-0.00044377825349246674
HEPHL1,-0.0004496621989708308
EEF1AKMT3,-0.0004543562670392479
AC005785.1,-0.00046002185995338744
ENTPD1,-0.0004611978487338115
RP11-127B20.3,-0.00047516720753948833
VAT1L,-0.00047611061970020827
AC067930.1,-0.0004770224672193891
CDK5,-0.00047762638979116927
AL096870.8,-0.00047801444288195075
AKT3,-0.00047860674971509157
AC087500.1,-0.0004813266040733318
CKAP5,-0.00048509411174976617
HMGA1P4,-0.00048818952317646313
ADAM23,-0.0004892482716127868
CHL1-AS1,-0.0004905494992276429
DNLZ,-0.0004946825271283826
C2orf54,-0.0004948452585015853
LIAS,-0.0005066419859500147
MPP1,-0.0005070729402644081
POLR2J3,-0.0005095174303997408
VIPR1,-0.0005100427688450908
C2-AS1,-0.0005121401089957904
THEMIS,-0.000514561418296395
AC007383.3,-0.0005178057868026909
AC068228.1,-0.0005218495839878694
SH3D19,-0.0005231233377948325
MPHOSPH6,-0.0005237237031586626
AC010641.2,-0.0005238007078011286
BEND4,-0.0005257621412059586
TOMM20,-0.0005268225344893615
GPR161,-0.0005285152935642076
CKMT1A,-0.0005336499447420572
CHST1,-0.0005370812433906505
AC023043.4,-0.0005371937602358555
IGSF9,-0.0005412070935134993
AC015961.2,-0.0005477490540145612
TPBGL,-0.000549636729776708
RSF1,-0.0005523277050451327
LINC02846,-0.0005529620511719603
PEX5L,-0.0005546481128551547
PLA1A,-0.0005576147740835186
CTD-2017D11.1,-0.0005622058731300621
C19orf57,-0.0005626700760944541
CTB-50L17.10,-0.0005674733699991951
PRR11,-0.0005681107171288911
CHRNA6,-0.0005696398025796164
FGFR1OP,-0.0005731804945761387
AC011029.1,-0.0005749605114496001
CYTIP,-0.0005823619889849479
SOX15,-0.0005884004032898991
HACD2,-0.0005939167625932908
LINC00685,-0.0005944405926853845
CPLX1,-0.0005969912920366086
AC090206.1,-0.0005992834926233878
HCLS1,-0.0005996165559370999
KLK10,-0.0006011698428451903
AC114947.2,-0.0006041332808693977
ZNF284,-0.0006043120426611889
BMP4,-0.0006060107020548634
TRIM54,-0.0006096374015487562
PDE6D,-0.0006099646424120569
SLC25A26,-0.0006137951051294872
LINC00638,-0.0006223410263485512
NAV2-AS1,-0.0006227163757906055
SH2D1B,-0.0006228423580182769
ZNF518B,-0.0006276928035570617
AL391244.1,-0.000630126465076052
CYB5RL,-0.0006330612062264135
RP3-510D11.2,-0.0006345437421859281
IMP3,-0.0006345684089654101
GABRG3,-0.0006352862180620548
PJA1,-0.0006402203368804044
BEST3,-0.000643412084027868
KIAA1551,-0.0006438194579561862
C6orf203,-0.0006469628929172276
UROD,-0.0006479922090216545
VANGL2,-0.0006504602177839387
ZNF510,-0.0006505454270240784
AC132192.2,-0.0006523249421856489
PML,-0.0006526797764238438
ZNF354A,-0.0006578165911946225
HUS1,-0.0006645840267679879
MYOZ1,-0.0006685299881397416
C8G,-0.0006773725415059172
AL157400.3,-0.0006781414290116221
ERMARD,-0.0006795834060786246
TMEM241,-0.0006811713144107842
TP53TG1,-0.000681709216721142
PLEKHF1,-0.000682681973580635
SYNM,-0.0006850833268686413
NCR3,-0.0006851973420200032
AF230666.1,-0.0006862221643793957
GMCL1,-0.0006889918227767101
UBA1,-0.0006906237657305954
OSBPL11,-0.000691704913156134
AC010894.2,-0.0006918174415047666
SIGLEC6,-0.0006921263070089452
LINC00954,-0.0006979384860991035
EBNA1BP2,-0.000698525832419298
HNRNPDL,-0.0007000309245581343
SVIL-AS1,-0.0007033198211867294
SAA1,-0.0007068886745627821
RP6-65G23.3,-0.0007069013685680406
GPN3,-0.0007074396343620966
DHRS3,-0.0007089617147039882
AC092115.3,-0.0007148902497894809
UFD1L,-0.0007154830948119273
RP11-802E16.3,-0.0007158868960584562
RP11-973H7.1,-0.0007168788712176353
XXbac-BPG299F13.17,-0.000717359212026288
AL359198.1,-0.0007210822823765869
AC026191.1,-0.0007229102209930754
AL355490.2,-0.00072716832096487
ASB8,-0.0007272913459233199
KIF1A,-0.0007287383252350537
PRKRIR,-0.000729098283366976
TRBV5-6,-0.0007296846771500119
DEF8,-0.000730215304472465
MTRR,-0.0007315342092854745
LINC00184,-0.0007329290307759367
MOB3B,-0.0007389683208467753
C19orf24,-0.000739333203238685
MPND,-0.0007426116255032793
IL22RA2,-0.0007426745918522316
AC027373.1,-0.0007477165406983971
AC092171.5,-0.0007496849471677159
ACE2,-0.0007498325923756084
CTD-3065J16.9,-0.0007507947981314698
OTULIN,-0.0007521669722245833
GAS5,-0.0007523346885386063
LINC02718,-0.0007564509053844934
NAGS,-0.0007573715501638375
ZNF491,-0.0007610871763918386
NEXMIF,-0.000761970368091469
ZFHX2-AS1,-0.0007634480683289549
PACS2,-0.0007645815415335251
ASXL3,-0.000766926201444909
BEND6,-0.000768523989742613
RRN3,-0.0007723902137024915
AC053513.1,-0.0007739452992229676
CCL1,-0.00077443310905884
PARD6A,-0.0007788084519521855
DCUN1D1,-0.0007810487673571486
E2F4,-0.0007810891885464674
VSIG4,-0.0007815758078217296
DACT3,-0.0007819438710935311
NBN,-0.0007827173502023157
CCDC192,-0.0007830910209317753
CUL1,-0.0007849787428902776
GMIP,-0.000792065839457356
AC107464.3,-0.0007942075290217746
C21orf59,-0.0007969787217837992
AL133353.1,-0.0007995025384913316
AC024361.1,-0.0008031666713156904
KLHL15,-0.0008044609477905788
POU4F1,-0.0008067550098485662
RDH12,-0.0008088431250087983
TRBV7-6,-0.0008104280912429996
MYO3A,-0.0008107386129380284
AC103957.2,-0.000816325232660467
AL360012.1,-0.0008185599294457472
AC073254.1,-0.0008229300752926103
KIR2DL1,-0.0008245620913468765
AL357033.1,-0.0008256243381120916
AC016876.1,-0.0008269504244027665
AC004817.3,-0.0008277101712025192
U47924.2,-0.0008291503268490379
NECAP1,-0.0008300656186033089
AC113143.3,-0.0008304832434805764
ROS1,-0.0008309648755159559
TMEM261,-0.0008316175486248455
NTHL1,-0.0008403713592776752
LINC01422,-0.0008425158079211789
AP000769.1,-0.0008462553200802405
C17orf80,-0.0008484277162777426
TENM3,-0.0008491805925005774
TMEM117,-0.0008494553440090457
CYP51A1,-0.000850453942957632
ECE1,-0.0008520859945085917
NECTIN3,-0.0008542235714066716
AC116913.1,-0.0008578597773694762
TPD52L2,-0.0008615813672473394
TRBV6-2,-0.0008634169813060092
ACOT8,-0.0008682188768330084
PDLIM7,-0.0008724732691754506
TBC1D20,-0.0008742194405892334
ZMYM1,-0.0008766495123798348
CSTA,-0.0008786836264886212
CTD-2020K17.3,-0.0008822425079841162
C6orf106,-0.0008862132733802315
MEI1,-0.0008882157378918631
GHRHR,-0.0008882746976147693
GPRASP2,-0.0008897045151573259
HIGD2B,-0.0008939219021828027
AC005392.2,-0.0008954356396881363
DCUN1D2,-0.0008955818266538003
ERVE-1,-0.0008971106786286768
CAMK1G,-0.0008982226938884924
CCR10,-0.0009034624560451244
TBL1XR1,-0.0009064138014508807
CCDC121,-0.0009069073810410049
RMDN2-AS1,-0.0009076509087946143
IPO9,-0.0009083394460081284
TAS2R20,-0.000913669069348258
TMX1,-0.0009190748184763829
B9D2,-0.0009247069407462848
AC019077.1,-0.0009258328965856729
CSNK2B,-0.0009273451099791473
STAT4,-0.0009278115122804693
RCCD1,-0.0009281390832719339
FBN1,-0.0009287322285570408
HADHA,-0.0009288099966880153
NDUFA2,-0.0009294896345276668
MUSK,-0.00093407334910456
ADAMTS17,-0.0009371875693337617
PTGDR,-0.0009450577121032211
BCCIP,-0.0009472266518442616
POLR3F,-0.0009501781980986384
PGM5-AS1,-0.0009572889041453718
MRPL35,-0.0009592366460686851
OR13A1,-0.0009602694670770293
THAP3,-0.0009646435187581066
GRPR,-0.0009655959258763844
AC079467.1,-0.0009659158728272761
SMAD1-AS1,-0.0009665706652969518
MYL6,-0.0009679930901396395
HGF,-0.0009680156859471076
AC008124.1,-0.000968305397182079
AC009005.2,-0.0009737351894151261
TRIM69,-0.0009745055332662183
AL139393.3,-0.000974746929768128
PIGO,-0.0009761747302194547
TATDN3,-0.0009774296507324722
BSND,-0.000977517834066845
ADCK1,-0.0009813173623934536
TLN2,-0.0009832527833727276
AC064836.4,-0.000983262132457245
HSD11B1L,-0.000983613953355366
C9orf173,-0.0009895827214175229
MCAM,-0.0009900034089789156
EIF2B1,-0.0009924595554035894
STEAP1B,-0.0009930010204447432
ZC3H12D,-0.0009936943627431292
AF186192.1,-0.0009939762244480551
FBXO31,-0.000995136512969038
MPRIP-AS1,-0.0009998054562852946
MRPL9,-0.0010016880758925504
HOXB2,-0.0010033305331995602
AC011933.2,-0.0010088471433922943
NOTCH2NLB,-0.0010149006767370711
EIF2A,-0.0010169023914983206
TULP3,-0.0010171136225854088
FGFR2,-0.0010201327471162436
AC026254.2,-0.001021292649162721
AC016907.2,-0.001023128430966432
RWDD2B,-0.0010280063075623661
KCNG2,-0.001028531331962203
AC010884.1,-0.0010293063367731296
C9orf9,-0.0010304554004884176
IGLV9-49,-0.001031744021232647
RP11-539L10.3,-0.0010358411665884622
XAGE3,-0.0010389914286621854
AC067750.1,-0.0010392219543149072
AC010442.1,-0.001042330815795304
LINC01863,-0.0010532340092024852
AC027682.6,-0.0010540158875124899
AC007637.1,-0.0010543274875933365
FUT7,-0.0010552276852999513
ZNF572,-0.0010567727485923137
TSPAN8,-0.001059207381467566
GTF2IRD2,-0.0010604631005250874
AC093797.1,-0.0010625620066737336
AC006213.1,-0.0010668915899738494
PRPF40B,-0.0010671661542389797
AC025259.1,-0.0010688232612208893
AC091180.3,-0.0010718829180670357
C5orf30,-0.0010753058698116415
CNOT7,-0.0010782414558688027
LSINCT5,-0.001081702804856475
MMP25-AS1,-0.0010821763492453674
AKIP1,-0.0010837657010350577
SCGB2B2,-0.0010932616220842523
MDM1,-0.0010949460037522768
GBAS,-0.0010965290137914092
STK4-AS1,-0.0011004559872966671
GLTSCR2,-0.0011013591759743066
IGHV3-30,-0.001102376004852598
EME1,-0.0011033879792244211
ENG,-0.0011050237687086982
MYRIP,-0.0011063663440308558
AC005009.2,-0.0011184560762796452
KIAA1191,-0.0011205968893489506
CTD-2396E7.11,-0.0011264775346153198
AC100786.1,-0.0011281009861586408
PCDHGA4,-0.0011294744705330967
UBAC1,-0.0011301018531783827
LINC00365,-0.0011316735465497062
OSBPL10-AS1,-0.001132166906676204
ACKR3,-0.0011337224332444845
NBAT1,-0.0011341100955469825
RANBP6,-0.0011421757989951418
DCLK1,-0.0011458056887404052
MLANA,-0.001151709258469756
FAM197Y7,-0.0011521707109032752
AL354710.2,-0.001160350407464227
RWDD4,-0.0011612191691912446
AC093323.3,-0.0011617193234750715
AC239809.3,-0.0011622017276452041
AL451166.1,-0.0011628913620180458
GLP1R,-0.0011635839134967192
LIPN,-0.0011637497619777276
AP005899.1,-0.0011644187984463446
RGL4,-0.0011675486750729394
HMGCL,-0.0011706315678658304
PATL1,-0.0011708430202588339
MARCH7,-0.0011734593041350266
PNMA3,-0.0011784600426561244
AL139317.3,-0.0011833657828145441
LARGE1,-0.0011853291868828082
USP6,-0.0011866222609779303
MAP7D1,-0.0011882617239036763
SOX13,-0.0011941244214392405
PPP5C,-0.0011990962714070754
C17orf62,-0.0011992792176702843
S100A7A,-0.001201441798029118
SLCO3A1,-0.0012020976494505112
SEC14L2,-0.0012021601030426457
BRICD5,-0.0012046398337161699
AL031710.2,-0.00120687903468633
PCDHB2,-0.0012072627523789315
HTRA2,-0.001212076764989114
AL137026.1,-0.0012151887852415038
AL137802.2,-0.0012175256778351855
AC114730.1,-0.0012193968064385724
RRP1B,-0.0012215253445669156
TPTEP1,-0.001221759467562398
APOBEC3D,-0.00122742032976739
AC006042.4,-0.0012287450350922096
GXYLT2,-0.0012374824634340624
AGAP9,-0.0012386618112150383
AP001207.3,-0.0012405624567349274
CHRNA1,-0.0012415750872563271
AC005520.2,-0.0012426072910209944
DGKG,-0.0012470756821595331
DPF2,-0.001248031576841052
AL109914.1,-0.0012481339965816445
AL355512.1,-0.0012503582244471757
STX1A,-0.0012543720299551062
LINC01311,-0.0012583515363208992
KDM3A,-0.001259345622023706
COX15,-0.0012605458973448437
GGTLC1,-0.0012660412331044638
AL589863.1,-0.0012687949262607146
SLC35G1,-0.0012688519282804532
ZNF628,-0.0012692153030788795
FTSJ2,-0.0012703196508315993
DDX31,-0.0012713511386852224
BLM,-0.001272372677282904
ATP5O,-0.0012743973696734891
SSUH2,-0.0012762123396417506
AP002748.4,-0.0012808774978838987
ITM2C,-0.0012810634340572097
KIAA1614-AS1,-0.0012845165514596651
MTMR7,-0.0012866706747559238
BBS10,-0.001290729853678087
LIPE,-0.0012918845928153733
ZNF697,-0.001292489213232274
APOBEC3C,-0.0012956814624373353
AC021701.1,-0.0012965459951123808
AC005696.1,-0.001301547278811497
EIF2S1,-0.0013023389252082114
MTX2,-0.0013055669309750661
CTU1,-0.0013088582235633744
NCOA5,-0.0013093606360629147
AC011731.1,-0.0013101629190407278
AL357153.1,-0.0013115792751195148
AC090579.1,-0.0013137609613392874
BCL2L11,-0.001313766335996917
MYO3B,-0.0013147828634569112
GINS3,-0.0013150118289123034
ALOX12B,-0.0013157386271783933
LINC01006,-0.0013157420741115417
ACOT9,-0.0013158655112929082
AC104530.1,-0.0013163022152382932
NDUFAB1,-0.0013175008223809746
PUDP,-0.0013229490280018802
AC093690.1,-0.0013230424735863032
MAMDC4,-0.0013255585595476013
FAM98C,-0.001327490610368661
MAOB,-0.0013278342255010742
WDR70,-0.001328397396801363
MEMO1,-0.0013299837635342346
NECAB1,-0.0013366133649462828
LINC02289,-0.001340619614273425
TMEM139,-0.0013411930774941828
AC015921.1,-0.0013526209817048736
AC100861.1,-0.0013530382085043754
TMEM186,-0.0013546756835870618
SKA3,-0.001355003660192295
AL645465.1,-0.0013610238390280637
AL133520.1,-0.001363593663986467
DTL,-0.0013640396506090988
NETO2,-0.0013686592718787712
RNF148,-0.0013706120607404405
ABCE1,-0.0013777571518747444
AC113410.4,-0.0013790160923934465
ZNF595,-0.001379550583839018
SPN,-0.0013817165020699447
UNC13C,-0.0013842030812174953
GABRP,-0.0013865560935684802
UBXN8,-0.001387700487011279
AC104964.4,-0.0013880553212327665
TRMT9B,-0.0013893862497996218
KLK8,-0.0013916808789189389
PCID2,-0.0013931209037179547
CCDC22,-0.0013932838528805827
AC005520.5,-0.0013955214445961826
AL138787.2,-0.0013967746392502343
PRSS57,-0.0013974069436484954
LINC01917,-0.0013978428298314378
DGCR5,-0.0014029291420624434
LINC02145,-0.0014114514842720185
FAM111B,-0.0014124676013969977
PPM1G,-0.0014126147884469945
BRK1,-0.0014146210091496383
EMILIN2,-0.0014163720159345884
KIAA1549L,-0.0014171242259253401
ZNF295-AS1,-0.0014172185082851692
AC022217.3,-0.0014176159809212159
AC073140.2,-0.0014185018217530172
ZBTB3,-0.0014261807217047626
PPAN,-0.0014275972143239404
THRA,-0.001428103781088715
AC074135.1,-0.001430057786622375
AC132872.5,-0.0014325065394988103
IL37,-0.0014333879237331932
SLC35G2,-0.0014334629960461524
MAN1B1-DT,-0.001433655262631568
IGHV1-46,-0.0014351156366594424
MAP7D3,-0.001436033877687345
DCAF12,-0.001436103003210836
TMEM47,-0.001437601173803135
AC026471.2,-0.0014391401570824813
FAM228B,-0.0014399372959041673
AC079460.2,-0.0014404866217670941
TARBP2,-0.001450329940651175
UVSSA,-0.0014515663778430449
CYS1,-0.0014522766592623291
NPY1R,-0.0014553209930708876
RP11-467L13.7,-0.0014573695136695364
SLC9A3,-0.0014575866741921555
LINC00894,-0.0014576126476030574
YTHDF3-AS1,-0.0014581013955656252
AF131215.5,-0.0014639997822539774
AC009120.5,-0.0014652399550827253
AC090398.2,-0.0014798478170804103
RGS19,-0.001480734778073422
TRIM62,-0.0014826296549654006
AC239799.2,-0.001483904046625841
NPRL3,-0.0014850488033595526
COL6A5,-0.0014859147969115921
MAGED1,-0.0014877748733824524
CHMP1B-AS1,-0.0014890931070594146
AC103691.1,-0.0014933900883427372
AC007406.5,-0.001494358857040548
PPP1R3G,-0.0014961161233617692
RNF152,-0.001497234892625955
AC135050.6,-0.0014987393458480661
DYNLT3,-0.0015000891546735281
NEBL-AS1,-0.001507146452186876
RWDD3,-0.0015104936421783193
ABCA5,-0.0015106169760612886
ANXA1,-0.0015119439951371515
AC105052.5,-0.0015143022972902316
AC004834.1,-0.001518767573071279
DTNB,-0.0015199977721084082
MMP25,-0.0015227590690139736
AC024451.4,-0.0015233723715681376
PPP1R3C,-0.0015244951866450946
SLC15A4,-0.0015315440909200986
AC110491.3,-0.0015364536738990892
ANKRD40,-0.001539406209577152
E2F3,-0.0015403083963701966
PCDHB1,-0.0015444850870390584
LINC00842,-0.0015447546647877563
SH3BP4,-0.001545998121947447
AC025263.1,-0.0015479605205040755
AC009630.4,-0.001548543768084647
RGMB-AS1,-0.0015490028397029075
LINC01678,-0.0015531106943639532
LINC00493,-0.0015533819599430803
LINC02038,-0.001557460527218921
HERC5,-0.0015579405580831364
GPATCH11,-0.001558080538875644
AC092490.1,-0.0015590441785259552
SLC29A3,-0.0015605808837041476
ZFP30,-0.0015606566780018909
CATSPER2,-0.001564847522795809
RGS6,-0.0015658449886079028
AC007038.1,-0.0015687803889794408
PDIA2,-0.0015728630756769544
C16orf87,-0.0015735196426505452
LINC01600,-0.0015751182569747487
CHMP6,-0.0015795683126562537
CDH4,-0.0015839554846925306
HAUS5,-0.001588750583459251
SPDYE3,-0.0015887723444577763
PENK,-0.0015892218667277389
ZFP62,-0.0015895170063086577
TRIM74,-0.0015941835285772474
WIPI2,-0.0015954001515385955
DNAJA1,-0.0016011959545746805
SLC47A1,-0.0016046193730562782
AGAP2-AS1,-0.0016051614634325533
GGT2,-0.0016059836207284461
AIRN,-0.0016139979396980182
AC093817.2,-0.0016159443848487106
HDHD3,-0.0016162818597955373
ZNF133,-0.001616311809909129
RPF1,-0.0016178394153078598
GREB1L,-0.0016227091431998792
GAS8-AS1,-0.001624683577901486
MT1A,-0.001624785208456206
RP5-1159O4.1,-0.001626224733846694
ZFYVE9,-0.00164320237389889
TMEM262,-0.0016445983958999204
WNK3,-0.0016459436379218657
AC104472.4,-0.001646106760525848
C11orf53,-0.0016461241358187307
ABCA9,-0.0016485849190668472
LINC01068,-0.0016511477572621444
HTATIP2,-0.0016518865442767636
PICART1,-0.001652278709023018
AC138028.6,-0.0016526545785673196
PARPBP,-0.001653326859879644
AC105339.3,-0.001654296425091234
AKAP3,-0.0016614901985463578
JAK1,-0.0016630090126763238
PACERR,-0.001664917575464873
TRIM4,-0.0016710849970969915
CT69,-0.001671961988807043
ZNF823,-0.0016774015744292266
AC090971.2,-0.0016824749951371949
AC110792.3,-0.0016843695989775275
FBXO18,-0.001684675390123779
PYCRL,-0.0016849504920022497
TMEM9B-AS1,-0.0016871663189118643
FZD4-DT,-0.001700514893225263
MMP24-AS1,-0.0017005642925298906
SPTBN4,-0.0017016388128692215
SMC2-AS1,-0.001708829999206392
KLHDC1,-0.0017105156966753386
UPB1,-0.0017126112956648057
FDX2,-0.0017134491841213398
LAP3,-0.0017157553062738698
ZNF12,-0.0017169339382415642
TRAV39,-0.0017184642704073587
AL162595.1,-0.0017185256306510687
AC019163.1,-0.0017185448517719067
SLC47A2,-0.0017185925653125942
EPC2,-0.0017199338649098927
DMAP1,-0.0017208428086064314
GLUD2,-0.001721238103218196
MESP2,-0.0017218884840126244
RP11-470P21.2,-0.001722023081280276
FAM21C,-0.001722023081280276
SLC66A1,-0.0017221615422321327
NR1H2,-0.0017261409130975684
AC015819.2,-0.0017278692011376768
TCF4-AS1,-0.001728380520879902
AC034102.8,-0.0017337308430996165
LINC02749,-0.001735552316500615
COLEC12,-0.0017366875156010545
LRRC31,-0.0017438887319277648
AL121658.1,-0.0017461180284013837
AC092969.1,-0.0017502097035881235
C11orf58,-0.0017503207301106734
INTS11,-0.001753133752154645
LSM12,-0.0017533267511483834
TRMT11,-0.0017534036099750674
ASB3,-0.001754581618013569
AC012645.1,-0.0017557556953199042
AUNIP,-0.001756063820009146
AC105339.6,-0.0017591680265678137
C9orf69,-0.0017606497567541689
LINC00309,-0.001764236915546166
UNK,-0.0017665108632774654
GTSE1,-0.0017693107291991762
AL049629.1,-0.0017704827827827753
AL606760.2,-0.0017725991724574976
ARIH2OS,-0.0017734063235231145
LINC02656,-0.0017755951056455455
SPDYE5,-0.0017761695038367347
TNFSF14,-0.0017801029229170989
TNRC6C-AS1,-0.0017802064760840436
KCNJ12,-0.0017805613651930572
AC090015.1,-0.0017814500045592444
TXLNB,-0.0017819807743140565
AC010889.2,-0.0017875446307781106
AL035420.1,-0.0017908710996283723
COL6A2,-0.0017911764984544064
AC106028.3,-0.0017929741219041614
LGALS9B,-0.0017971722314021673
PCDHB10,-0.00179847690130061
ERVMER34-1,-0.0018028564572255433
LILRB2,-0.0018066354583398567
AC073389.2,-0.001806683987641662
TMCO3,-0.0018137154385841979
ALG6,-0.001823667992058393
AC005586.2,-0.001824035535036289
NUDT10,-0.0018243304953032729
VAMP1,-0.0018252859109108334
CASP9,-0.0018265025157306733
IRAK1BP1,-0.0018269483904557967
CREB5,-0.0018273527733047386
ZNF565,-0.0018275228907370642
AC026691.1,-0.0018333385124206145
DMC1,-0.0018391459946384215
AL354696.2,-0.0018413511733966956
KIAA1328,-0.0018462157878388625
PLA2G4C,-0.001847030380083145
MARVELD3,-0.0018479457283532158
TP53,-0.0018484489032389413
ZNF423,-0.001852020487672717
C7orf50,-0.0018604398660793157
AC090510.1,-0.001860763209108444
EVI2A,-0.0018680936465474416
SHF,-0.0018692202474265775
RBMS3-AS3,-0.0018707538956539947
CEP104,-0.0018712270082715627
AL031714.1,-0.0018713229029522652
LINC00310,-0.0018732426321009122
AC002553.1,-0.0018746451333049342
RAD23B,-0.0018768066888256284
VRK2,-0.0018809409812026035
AL121972.1,-0.0018815834501559494
AC087276.2,-0.001884755337332439
OBI1-AS1,-0.0018852035929710173
LINC01589,-0.0018884227118242366
AL022322.2,-0.0018904356772983695
ATP10D,-0.001890876160774607
ABCA8,-0.0018916393780534114
AL451042.1,-0.0018918518999113839
AL731571.1,-0.0018921114752657976
ZNF350-AS1,-0.0018939617838074796
KLHL31,-0.0018958406899476743
TMEM171,-0.0018962167081199366
DDX26B,-0.0018964492011480745
SLC24A3,-0.0018979308191780708
GPRIN3,-0.0019001502484747197
H1FX-AS1,-0.0019034958572767358
AL079338.1,-0.0019059956246541396
TFAP2A,-0.0019129692473400792
CTD-2186M15.3,-0.0019146515870910557
AC069431.1,-0.001915474266736394
LIX1L,-0.0019156383092401711
PIGP,-0.0019172222115730693
C11orf73,-0.0019196805518505392
FBXL20,-0.0019201955145470757
AC084824.5,-0.0019225890015405031
C8orf58,-0.0019233805773921561
KDM5C-IT1,-0.0019236997572566932
AC067838.1,-0.0019293960338733996
MTNR1A,-0.0019295669876248562
NOTUM,-0.0019318442028546357
CDA,-0.001933505110004601
RP11-758H9.2,-0.001935157479936736
SYCP2L,-0.0019356952013556503
AC096861.2,-0.001937607067350976
IPO5,-0.0019377122219612069
FCRL2,-0.001940461260468067
CCDC122,-0.0019405010134297997
ZNF35,-0.0019412204319118496
AC025048.4,-0.001943018002904468
BMX,-0.001943941445683061
TMEM132D,-0.0019463521533879073
TRBV2,-0.0019467505815022282
AC097468.3,-0.0019477546155773717
AC016957.2,-0.001954310206722163
OLIG1,-0.0019571341135215968
AC087392.1,-0.001961018423333697
AL096794.1,-0.001963081544963023
AL136084.2,-0.0019652761824328806
GNB4,-0.0019672600221371994
FAM120AOS,-0.0019677777399419167
AL161668.3,-0.0019699073381826133
PCNXL3,-0.0019700188422948814
ZNF532,-0.0019714932047556134
CAPN3,-0.0019726034864407157
AC007066.3,-0.0019744436768616208
DDB2,-0.001975640440610315
WDR61,-0.0019807022790266538
AC026471.4,-0.0019824063622780183
RHOC,-0.001983355447954391
CATSPER3,-0.001983475386938013
RNF182,-0.0019873217157172444
MUTYH,-0.0019919633030096254
LINC02631,-0.001994407276245936
KRT4,-0.001995000162066249
AL132639.2,-0.0019954648132355065
AGTR2,-0.001995909576195158
AL009181.1,-0.0020000120711892383
HCG20,-0.002000964680953178
HULC,-0.002004358861956348
TMEM88B,-0.0020045844053438416
TRAV5,-0.0020089760055619554
AP000845.1,-0.002012431017604931
AC107959.3,-0.002013547594401703
FUCA2,-0.002014775100835634
ALKAL2,-0.00201505833003717
ZNF768,-0.002017195213624765
PAIP2B,-0.002024403473259364
KCNT2,-0.00202489827944601
AL133227.1,-0.0020265497733293115
LUC7L2,-0.002027665959393523
THOC1,-0.0020350485954950884
ZBED3,-0.002037286406200043
TM4SF18,-0.0020387418651978957
PUSL1,-0.0020409517400239927
POLI,-0.002042714720084328
PPP2R3B,-0.0020472184672199302
FAM216A,-0.002048660826827586
TBC1D31,-0.002049325263266919
WDR62,-0.0020525898739589274
LINC02569,-0.0020543290261284173
LINC01942,-0.002055089917021739
NAA80,-0.002058893115107437
NDUFS4,-0.002059880854416123
RMI1,-0.0020659409268155584
AC092368.3,-0.0020690147880820815
AC090651.1,-0.002072883943802122
NUP133,-0.0020775595407467873
MXRA7,-0.002078114458672208
NUPR2,-0.00207839205547829
AC016583.2,-0.0020857636179500497
PAXBP1-AS1,-0.0020875379189269003
NAF1,-0.0020896763460652146
COL16A1,-0.002090081650368688
VASH2,-0.002090668818036171
AC096772.6,-0.0020941147585512155
CHCHD4,-0.002096658414217266
HCG22,-0.0021024799811328963
ST20-AS1,-0.0021033676428993215
AL390208.1,-0.002104618460333828
TBC1D4,-0.0021057160665510677
DCN,-0.002105778735996094
AC083843.1,-0.002109436054103288
AL138724.1,-0.002114659629497233
AC009812.1,-0.002115872889865849
AL021807.1,-0.002116527441995065
YAF2,-0.0021195995636434355
CCNG1,-0.002121466430184853
AL133523.1,-0.0021232072369866185
FAM201A,-0.0021256914921330096
CROT,-0.002131017845848807
TTBK1,-0.0021342446628192916
TES,-0.002134628974045952
TBP,-0.00213645844012542
PCDHB16,-0.0021376297392679882
TLDC2,-0.0021376368591197025
KIAA0922,-0.002139223073284921
CDC37L1,-0.002140007787688223
PSCA,-0.002149733295648366
IRX4,-0.002150588500203708
AP001922.5,-0.002151727905572206
TMEM109,-0.0021544223247881196
NECTIN3-AS1,-0.002154652577973204
MAP11,-0.0021601295386796267
AL365181.2,-0.002161115687110786
HIST1H4L,-0.0021615198466282096
AL355353.1,-0.00216306495918365
DBR1,-0.002164008960688298
HN1L,-0.0021642685424066886
PVRL4,-0.002165985918367334
AP000769.2,-0.00216712687880572
COPG2,-0.0021671469867466813
AL590617.2,-0.0021704545824198225
LINC01213,-0.002171416159419071
AF127577.8,-0.002171820950255456
AP1S2,-0.002175759995382339
PLA2G4B,-0.0021784853743231198
CHRD,-0.0021818135103138085
AC005856.1,-0.002187727662909045
HACD4,-0.0021907675320359046
SLC25A19,-0.002193287672386753
UGT8,-0.002194747179185375
B3GNT2,-0.002195148508045963
ABCG1,-0.002195148959281535
GPKOW,-0.0021953174380483316
CDK8,-0.0022014791927359085
LINC01134,-0.002213296051055871
COX16,-0.002214738743972698
RAP2C-AS1,-0.0022160446961183044
LINC02259,-0.00221622518817939
DIS3L,-0.0022259990811970966
RP1-43E13.2,-0.002228022484817195
ANKAR,-0.002229613446690692
AC025575.2,-0.002229851545516042
AC062037.3,-0.002234381763798089
RPL7,-0.0022343884157795977
AL021707.2,-0.0022355837122493226
AC093677.2,-0.002236252111712161
AC008026.3,-0.0022366894470972993
TPGS1,-0.002242333574236261
C1orf123,-0.0022472623984790678
EHBP1L1,-0.0022473731112212262
SAP130,-0.0022478636426813067
LGALS2,-0.0022523754109294736
AC127024.2,-0.00225530021044169
ZCRB1,-0.0022626809535264006
AC092164.1,-0.002263185768315003
SLC14A1,-0.002264640832599378
AC008883.3,-0.0022647548348590976
LINC01089,-0.0022660904008234397
AC015871.4,-0.0022663072203407343
AC017071.1,-0.0022692569097016477
ZNF233,-0.0022703601911709267
AL035681.1,-0.0022723471066336937
FAM131B,-0.002273129580337711
NPIPB4,-0.002276604706584509
AC105046.1,-0.002277209395907544
AC006238.1,-0.00227950115377331
MYBPHL,-0.0022809357509490005
ZNF330,-0.00228542662497609
MRPS17,-0.0022863839722230385
NSMCE3,-0.0022892656211527724
PKD2L2,-0.0022907258694996454
C1QTNF6,-0.0022941194412346095
TMEM242,-0.002297936134328722
CEP55,-0.0022986125735006504
LYAR,-0.0022994772148925953
KRTAP5-10,-0.0023000869865895976
AL034405.1,-0.00230275103959924
LINC01409,-0.002304193259849444
TGFB1,-0.0023102161402719203
FBXO24,-0.002315340005051705
GATA2-AS1,-0.0023194979717855078
LINC01237,-0.0023222887031574915
AC244453.2,-0.0023233510306126482
FRAS1,-0.0023242143267237646
CA3-AS1,-0.002326348066120982
IGKV2-29,-0.002331557509321383
ZNF45,-0.002338865927362233
FAIM,-0.0023395050162094244
CALML3-AS1,-0.0023398915302419165
AP002360.1,-0.0023426447361174297
KCNQ4,-0.002342661296731125
ZBED9,-0.0023436473421802333
INHA,-0.0023439927115893352
AL133346.1,-0.002346389187659078
LINC01979,-0.002347027485733231
VIT,-0.0023476566829116674
AC007384.1,-0.0023487806925720097
ROPN1B,-0.0023503208203880916
ZNF84,-0.0023530061260895003
MSX1,-0.0023531370798572193
FAM57A,-0.0023535711424087146
NUF2,-0.002360805158360041
TCEAL5,-0.002363161673204309
AHSP,-0.002373150382615448
LINC00880,-0.002373563740628271
ZNF639,-0.0023740836211351003
PITPNC1,-0.0023768693201414626
TMEM52,-0.002377485937597823
FGFR4,-0.002377682080526135
LY6G6C,-0.002379277720132041
RP11-792A8.4,-0.002382369571800528
KCND1,-0.0023832101974480234
MMP12,-0.002383322868811779
BRIP1,-0.002385073311335739
USP51,-0.0023899352256365634
SERHL2,-0.002392278790092001
TOR2A,-0.0024048789143540287
FAM169A,-0.0024071147284850975
AC037198.2,-0.0024073363197344875
AC009126.1,-0.002408039218712786
FLYWCH2,-0.0024144514903487145
ALPK1,-0.002419097997129753
LINC02795,-0.00241938047427361
LINC01934,-0.002420430331354642
NOL4,-0.002422959792521699
AC007314.1,-0.002423594654040585
C11orf68,-0.0024242796483987393
BIN3,-0.002425829771670161
AL031728.1,-0.0024263997069149026
MID1IP1-AS1,-0.0024349650918459452
AC245052.4,-0.0024366427186513157
BRI3,-0.0024375986329590476
LHX9,-0.002440607869068032
HLA-DMB,-0.0024425601551470535
GPR158,-0.0024429699096182194
BUB1,-0.0024484808687510237
CBY3,-0.002454035784866113
FAM110C,-0.002454335797959246
EXOC1,-0.002455835731323664
EXTL3-AS1,-0.002457839359341941
LUM,-0.0024579761020911955
C5orf38,-0.002458734022213044
ZDHHC23,-0.002460990295417063
VDAC2,-0.002463890761688891
LRWD1,-0.002465019598298246
GPR143,-0.0024658500037902397
AC010997.4,-0.0024682079132604556
VSTM1,-0.002469671231220901
LINC02428,-0.0024713903911358854
AL135999.3,-0.0024715453999081477
LINC00637,-0.0024743080223070795
KIAA1429,-0.002474929295591338
OCRL,-0.002474961337716756
BATF3,-0.0024751397984115776
CCDC159,-0.0024751506241008046
AC061992.2,-0.0024764533167827593
SMC6,-0.0024799213416960664
PTOV1-AS2,-0.0024803254269385355
AC108047.1,-0.002482251145490013
DNM1P35,-0.00248274646047426
TLX2,-0.002483349432898778
LRRC75B,-0.0024840586332104337
ZC3H10,-0.0024863275966393824
GALNT9,-0.002486605335142893
THAP9,-0.0024912610124749354
DENND5B,-0.0024950036202679785
LAMA4,-0.002496200014193983
TMEM121,-0.0025000478816324073
HNRNPU-AS1,-0.0025032104208547
IGKV3D-11,-0.002504918447990653
CASTOR2,-0.0025076416726899226
CA6,-0.00250855215896241
IL11,-0.002512613527446317
TP53I13,-0.002521792339209227
AC078795.2,-0.0025225453466238973
SEP15,-0.00252322384926835
NDST3,-0.0025251112544781153
AC005332.1,-0.0025252908760409597
LDAH,-0.0025258979715750297
LINC00672,-0.002526102451171383
AC022762.2,-0.0025261873760925096
AC005332.3,-0.0025274425270511254
AC009318.3,-0.0025295289440534145
DIRC3,-0.0025307961447385116
PIGM,-0.0025314937105521316
CHSY3,-0.002533880457841055
MIF-AS1,-0.002535000454651016
HOOK1,-0.002535869745396989
HIST1H1D,-0.0025386254042265985
AC019294.2,-0.002539974365559501
STAB1,-0.0025403735681852955
LINC00484,-0.002546875588175667
RNF181,-0.0025492075813369082
KPNA1,-0.0025500732785774544
RMND5B,-0.0025505691106276008
ADAM19,-0.002552635796746102
MRO,-0.0025544188809376012
AL157888.1,-0.0025553344160130797
AC010092.1,-0.0025605328377117597
AC092112.1,-0.0025750955035731887
AL021392.1,-0.0025757228798604496
AC011978.2,-0.0025779186976990754
TGDS,-0.002577941457877258
HCG9,-0.0025781233028713975
AC015727.1,-0.0025795988051723765
FLT3LG,-0.0025801193972623446
CD244,-0.0025864303312167335
DPYSL2,-0.0025873103102966055
ZNF266,-0.0025894649960451523
AC068620.1,-0.0025905161874631654
PCDHGB5,-0.0025929088126765473
LINC01675,-0.0025976857096062034
AC092535.5,-0.002600436780050855
CD86,-0.0026010826387897
AC107223.1,-0.00260139222072199
AL606834.1,-0.002602756115076936
AL356234.2,-0.002605193182488262
AL445223.1,-0.002607787916945799
DHX34,-0.002613168226408016
AL357568.2,-0.002613400828026484
AL360270.1,-0.002616363025809061
NTRK1,-0.0026206402398170577
AP003717.1,-0.0026223112166793242
ZNF473,-0.002622940081130881
TBC1D13,-0.002623722982527041
SNHG3,-0.002624414133246685
PLXNA4,-0.002627783736694613
OSER1-AS1,-0.0026293051208794668
LNCSRLR,-0.00263081762364525
ESRP1,-0.0026325479202423886
AC009061.2,-0.002639711097119458
EPOP,-0.002640492229300063
PPP1R12A-AS1,-0.0026475818266108696
AL157395.1,-0.0026479777432897853
ZNF362,-0.0026482141708667056
PIP4P2,-0.0026493116300502534
TGM5,-0.0026507783891619296
EEF2KMT,-0.0026521797692573086
ZNHIT1,-0.0026543826231241693
PUS1,-0.0026557683438552153
ABHD1,-0.002657633737612183
POLE,-0.0026579712427330184
MRPL24,-0.0026582879813546612
TAF1L,-0.0026586822568609256
MYRF,-0.0026596369292462437
ABCF3,-0.0026603474365034935
SPATA12,-0.0026661318565085836
CCDC175,-0.002666544073604025
SSBP4,-0.002667013336428547
C3orf80,-0.002667610426149707
GPD1,-0.0026692619656150944
SGTA,-0.002669549723860082
TMEM223,-0.002671693679215593
AL133163.2,-0.0026724667089683064
KCNE4,-0.0026777480090381858
CD163L1,-0.00267786905224766
ADNP-AS1,-0.0026800762247253225
AC020907.3,-0.002682601656005082
CRYBG2,-0.002686992368355454
AKR1C4,-0.002688341753872226
CTD-2626G11.2,-0.0026922226340113952
LINC00969,-0.0026953511554836653
ALDH1L1,-0.002697234070043593
RP11-706O15.1,-0.0026979377256740734
HMGCS1,-0.0026979599938044673
AC007383.2,-0.0026987559648637472
AC132938.6,-0.002699483005492561
AC111182.1,-0.00270036244254786
SRSF7,-0.0027025136074711326
LINC02767,-0.0027031183674685474
OTUD1,-0.002704111717685643
ZNF43,-0.002705204094750807
AC006538.3,-0.00270588415459016
AL020997.3,-0.002707573362555027
LGI2,-0.002708509512590518
CNDP1,-0.002712781181902705
SOX9,-0.0027128769075202186
TSEN54,-0.002715216198924496
AL359643.3,-0.0027163557570445713
EXOG,-0.0027168838565884783
SPR,-0.0027170981519676228
SLC25A30,-0.002718490585271491
PHF5A,-0.0027190938604435403
LPXN,-0.0027198219641261547
SCCPDH,-0.002720110386047192
ZSCAN4,-0.00272178065330405
MEDAG,-0.002722370277362562
SCYL1,-0.002722469929180879
PRKCQ,-0.002722922136621562
TNFRSF11A,-0.0027233978404889595
STAU1,-0.002723632937984565
ADAMTS18,-0.0027254547084176557
AC020550.2,-0.0027295287039548247
AC096711.2,-0.0027301905841688565
BMP8B,-0.0027351520330272266
NFU1,-0.002738410641095935
AC015712.4,-0.0027387035551295525
AC117382.2,-0.0027412819595977757
TFAP2A-AS2,-0.002746145441572464
HES2,-0.0027461931753271704
TRAM1L1,-0.0027477343955261803
KLHL41,-0.0027488131451914753
ZNF2,-0.0027511416799675457
ACSM6,-0.00275341281160287
SCAANT1,-0.002756150822396392
LINC01353,-0.0027602861775691476
GZMK,-0.0027612113624237034
RITA1,-0.0027644759734960955
CYP4Z1,-0.0027659570964383958
SBF2,-0.002766600318089233
GAREM1,-0.002771329136783127
CLPSL1,-0.0027729000227590082
RTTN,-0.002773111382703357
PRPH2,-0.002773188161379074
AL133351.1,-0.0027811158289249723
MEA1,-0.0027831291488330102
DSCAML1,-0.002786441571267419
MMP3,-0.0027872811592925904
PRSS27,-0.0027922892174784557
GINS4,-0.0027947982888441776
CTC-444N24.11,-0.002795522478100507
PPP4C,-0.00279788017129499
CACTIN,-0.002803519188590059
TCOF1,-0.0028036089471047652
RP11-1260E13.1,-0.00280407003158171
ILF3-AS1,-0.0028054998854657657
IFNL1,-0.0028059231056252213
AC004893.3,-0.0028095560182481954
KBTBD4,-0.00281062919484669
HOXA4,-0.0028129911851867417
AC012447.1,-0.002814723475731266
MRC2,-0.0028205010888148717
TM7SF3,-0.0028267949985105105
BEGAIN,-0.0028272662396118774
FAM30A,-0.0028311702533724485
ADA2,-0.002832067394745888
IL12A,-0.002835598847428253
ZFYVE21,-0.00283617834689624
AKAP5,-0.0028405650181018262
RCC2,-0.002844918872780063
ELFN1-AS1,-0.0028456609745019235
AC107081.2,-0.0028481516504260083
LYSMD1,-0.0028489825363406155
ARHGAP25,-0.0028524338031982164
LINC00944,-0.00286235683958008
MARK1,-0.0028638413943607487
KRTCAP2,-0.002865326882200106
LINC01686,-0.0028655563930030854
TRAF3IP3,-0.002866476610842656
ZNHIT6,-0.002867905723215918
KDELR1,-0.002869695512718336
TANGO6,-0.0028707232413605647
AC074117.1,-0.0028709464009163514
AC233723.1,-0.0028717665485300833
FRS3,-0.002874160830258313
IGHV3-15,-0.002874288546591762
AC068282.1,-0.002874537607692171
AL121787.1,-0.0028786311490732936
APBB1,-0.00288301295014384
RGPD5,-0.0028870249393614295
SMIM18,-0.002889475752623256
FECH,-0.0028984260262240485
ZNF547,-0.002903234990360817
AC133785.1,-0.0029062048990738582
AC017002.3,-0.0029063608426767662
AC008443.6,-0.0029118124257887777
AL606807.1,-0.0029133027747457385
PDCD4,-0.0029173193929715765
SERPINE3,-0.002917873244642993
FAM73B,-0.002919864312933801
AC015660.1,-0.00292061388154549
AC084864.2,-0.002922413173857372
LINC00702,-0.0029225467947006705
SPRR2D,-0.002923174500897906
BFSP2,-0.002924014743662087
AC093673.1,-0.0029256279824161945
ZNF503-AS2,-0.0029272952148040846
AHRR,-0.002928280580299952
AC093425.1,-0.0029287090534447454
AL021707.7,-0.002932094682764007
OCIAD2,-0.0029336990049864636
LINC01124,-0.002938691483789591
ZNF695,-0.002941094653667246
AL357054.2,-0.0029421495715983067
AC114803.1,-0.0029447047896464843
NPFFR1,-0.002947116051348513
IL17C,-0.002947489685121167
ZNF843,-0.002950073792134817
ETFDH,-0.002959571265171722
KCNC2,-0.0029596721508077795
AC011498.1,-0.002962066870039243
PVALB,-0.002962119250701316
XPC,-0.002962516449893898
AC012510.1,-0.002966835354428747
AL022311.1,-0.002968301203534922
AC010624.3,-0.0029690589559118762
ADCY10,-0.002969771398568682
RGS11,-0.0029715590130662906
MSR1,-0.002974352401848683
ZNF404,-0.0029766254771593846
PNMA5,-0.0029818622205610846
IGKV1-12,-0.002987599025183651
AC009283.1,-0.0029886173784504392
ZNF432,-0.002991044969554511
TRAV1-1,-0.002991600104989171
ELFN2,-0.002992758514158082
ASIC1,-0.002994005622563774
DCTN2,-0.002994438373060934
TMEM126B,-0.002997077168306843
PCDH12,-0.0029980950416301825
RIOX2,-0.002999472871616445
LLPH,-0.0030000395619171963
MEIG1,-0.0030037099692461744
RP11-12G12.7,-0.00300438070920982
MS4A14,-0.0030047632387843895
MTCL1,-0.0030090241274552017
AC069120.1,-0.0030109961347096234
RAB4A,-0.0030162307690877526
AP000919.4,-0.003016727003103487
FJX1,-0.0030183987046721694
P4HA3,-0.0030229988871250243
FHL1,-0.0030238060116616634
LGALS8-AS1,-0.0030243549373996656
SNTG2-AS1,-0.003032655918235446
FN3K,-0.0030396588557630904
FOLR3,-0.003040371838986106
AL592148.3,-0.003047183755188896
SPTBN5,-0.0030492161151471344
AC007879.2,-0.0030572240909192876
PF4V1,-0.0030616214505108045
ABCD3,-0.0030621944443734246
RSL1D1,-0.00306236605929836
LINC02539,-0.0030703319766872844
AC107294.2,-0.003071295835511784
RBMXL1,-0.0030713104207743323
GYPE,-0.003071869941229181
CERS6-AS1,-0.00307298237575369
LSM2,-0.003073698020212281
AC005261.2,-0.0030745488396205175
AC012313.5,-0.003077018353842643
ZNF181,-0.0030778425941026272
AC037198.1,-0.003088049919544561
AC092118.1,-0.0030885676341593305
LINC02341,-0.0030940130719708282
AC073655.3,-0.0030952247214175834
DSCAS,-0.0030955230420432168
SLC10A5,-0.003096560192692712
MIR181A2HG,-0.003097108172106509
SYNCRIP,-0.0030973813847254587
AL732509.1,-0.0030987383816188075
MRPL53,-0.0030992653928338817
HIST1H4I,-0.003100771140324239
PAPSS1,-0.0031031163437453177
ABHD17C,-0.0031049007484888528
RNFT1-DT,-0.0031051189609886632
ADCY5,-0.0031090032205206026
B3GALT1,-0.003112181007235423
ATP13A4-AS1,-0.0031130613611193457
DNAH17,-0.0031163412079403007
LRMDA,-0.0031191026995356272
LINC02249,-0.0031217013333431592
AL117379.1,-0.0031223225857632477
ASAH2B,-0.0031230697554702354
C8orf46,-0.0031232669927049534
DSC3,-0.0031247811646938697
AL137009.1,-0.0031293086752310646
AL512791.2,-0.0031316331589016583
DNAJC22,-0.0031330112595161033
DMBX1,-0.0031331163510717524
SMTNL2,-0.003136437307636938
AC005618.4,-0.0031383372888335653
AL023803.1,-0.0031398575201439195
AC100812.1,-0.003142475298689502
C6orf52,-0.003145599409041373
GTF2B,-0.0031522952577232267
HDAC7,-0.003156939025723371
AC097534.1,-0.0031593138931289354
CTD-2034I4.2,-0.003161444738110417
LINC01554,-0.003169525803805102
KIAA1586,-0.0031700050730156075
UQCR11,-0.003170837208485891
HHIP,-0.0031718539079900474
TTC31,-0.0031722657658563133
RP11-2C24.9,-0.0031823982806258562
CST6,-0.0031863261113492984
ACTN2,-0.0031885904939953145
CNOT11,-0.003190857240738234
ABALON,-0.0031978376551151672
AC095057.4,-0.003200898004507395
TFCP2,-0.0032056514386629743
SNHG17,-0.003220055148646465
UNC5B,-0.003220115744851631
CAPN11,-0.003221845011738793
AC018754.1,-0.0032227641792168045
AC010422.2,-0.003224422843525528
BPI,-0.003227829214281753
MRPL4,-0.0032318356840575733
NSDHL,-0.0032320168785753647
LINC00630,-0.0032326098356910376
AL445231.1,-0.003234742896484766
SUV39H1,-0.0032368347831306077
FAM122B,-0.003238010358826229
SAMD1,-0.003241368821428443
AL132800.1,-0.0032430913167576297
HAR1A,-0.0032439766782118525
RTN1,-0.0032454074103665524
COPRS,-0.0032458350970682045
LINC01465,-0.0032465187178877036
LRRC8D,-0.0032471619582711345
UBE2Q2L,-0.0032531977679253845
RANBP3L,-0.0032565692548105992
AP003774.2,-0.003257907200085248
AL513320.1,-0.003258983020152477
ZNF777,-0.0032624026341129156
AC138627.1,-0.003268791570272939
AURKC,-0.0032714901047105212
NOC2L,-0.003274483159051463
PEX12,-0.0032899199486024224
AL732292.2,-0.003293556831278598
HAL,-0.003293826694467035
AL359715.1,-0.0033002369282229852
LINC01829,-0.0033005087352281394
CASKIN2,-0.0033019534098697387
AURKAIP1,-0.0033045261691919438
EBLN3,-0.0033080012321983036
PPP1R21,-0.00331015770014995
CWF19L2,-0.0033107848527762075
AC018628.2,-0.0033196326341340308
IBA57,-0.003321370990437109
AC004069.1,-0.0033216372239280745
LRRN3,-0.0033225948823070073
AC092849.1,-0.003327439906459715
PPIG,-0.0033278730281318006
PPP1R12A,-0.0033330811948151795
ZCWPW1,-0.0033350395157098114
CALHM2,-0.0033359529685232153
SUPT3H,-0.003338968815657538
NR2F1-AS1,-0.00334110512804615
AL139288.1,-0.003342986539885069
HOXC6,-0.0033450580771301214
PTP4A1,-0.0033451816228032526
AL499604.1,-0.0033462222923917144
TRIM7,-0.0033488074828471634
B3GALT5,-0.0033493295777045603
ASCC2,-0.003349949980658538
TRIM66,-0.0033503581025782253
TSPAN31,-0.00335936099652244
SLC7A14-AS1,-0.003361210225293924
HOXA2,-0.0033624807732330125
AC008735.2,-0.0033665191959407616
MESDC2,-0.003373504013142777
AP001505.1,-0.0033784177554549845
AC124319.2,-0.003381931292829431
ATXN7L2,-0.0033820426716231595
AC005519.1,-0.0033838477384937637
TMEM167B,-0.0033843285959362797
C14orf132,-0.0033865922493379074
FFAR4,-0.0033868291037187632
CASC16,-0.0033885353898459353
ZNF671,-0.003389591772834069
RUNDC3B,-0.003392489822821772
AC025031.4,-0.0033952493528130526
CD48,-0.0033998222828552057
MMP10,-0.003404183772038626
CWC27,-0.0034072695634151874
ZNF197-AS1,-0.0034079897722507162
PINX1,-0.0034103878995509957
LINC00877,-0.0034105660940292578
PPFIA3,-0.0034145117547151145
AC139149.1,-0.0034152430606316352
CYB5R4,-0.0034198405055948034
TMTC4,-0.0034201533325784587
AC023813.3,-0.0034234764269529365
AC009275.1,-0.0034238785553370814
ZNF223,-0.003423908556031981
UBAP2,-0.0034250223387799605
SLC2A4RG,-0.0034256298270494917
LINC00939,-0.0034270579682359483
ENOX2,-0.0034286679598012305
FO704657.1,-0.003432180485159637
FAM72D,-0.003435028610906019
AC021037.1,-0.0034381195044750523
QRSL1,-0.0034428364276541516
AC005537.1,-0.003460734830668206
AC005775.1,-0.003461640471813995
AC080013.5,-0.0034623308593166
HECW1,-0.003463223275986217
RP11-147L13.11,-0.003465535272078344
STX7,-0.003468656820188978
SDCCAG3,-0.003471378694481773
AL590068.4,-0.0034726621958413853
PMCH,-0.003473799858179369
CD3E,-0.003474531402442488
LHFPL4,-0.0034749751949851347
ADAMTS2,-0.0034752915096951096
ATP6V1C2,-0.0034756986868978578
GEN1,-0.0034760181636552634
CDC23,-0.0034771089277131884
AL096803.2,-0.0034774846015922295
DELE1,-0.003478553639278671
GDF7,-0.0034797619185940915
RRP1,-0.0034821556348036907
LAMB4,-0.003487303827993642
PRDM8,-0.003489151551114917
ACVR2B,-0.0034925534116069783
AL139289.2,-0.0034947951986306993
LINC02397,-0.003496172842948137
AC005154.3,-0.003496518504603256
GJB5,-0.0034973097662239325
AC005670.3,-0.003498505758600395
HCAR1,-0.003499828306101375
AL358472.5,-0.003501835614662463
SUN3,-0.0035022686720189455
RP11-977G19.11,-0.0035026964640255905
ZNF471,-0.0035027097790366686
KIF7,-0.0035030675540754655
GALNTL6,-0.003503112070718429
LRRC55,-0.0035040883026144767
AL365330.1,-0.0035048578562489035
EFR3B,-0.0035051434101074194
DEGS1,-0.0035067879727140984
TMPPE,-0.0035068444173220734
RFK,-0.0035075682251055093
AP003419.2,-0.003509025326642956
TNNI3K,-0.003515766758062102
CLTB,-0.003520563638248552
WBP5,-0.0035223536537753726
SULT1C4,-0.0035226385977218107
COA6-AS1,-0.0035230006578985595
TATDN2,-0.00352328679148882
AL121832.3,-0.0035249132608615283
LINC02814,-0.0035286906349914454
AC010624.5,-0.0035299554296204156
AC005237.1,-0.003534244106846484
KIAA1211,-0.003535376660385181
DFFA,-0.003535880031965843
TADA1,-0.0035363231235498757
AC048382.6,-0.003541698772714257
ATP6V1B2,-0.003543052451413539
AC135050.5,-0.003545553548451681
EIF2B4,-0.003546181869372095
TMEM233,-0.003547876754162662
AC097382.2,-0.0035506056976158298
RGS12,-0.0035521054362877666
LAT,-0.0035534583037817764
CASC19,-0.003556165358899176
KRT23,-0.0035568540977902116
FAM221B,-0.0035573447636794045
AP003472.2,-0.0035662749626311206
SSBP3-AS1,-0.00356640346344607
CECR3,-0.003566948179534039
PAX9,-0.0035690598591544514
GMNC,-0.0035698000140086034
ZC3H11B,-0.0035725357094807545
KAT6A,-0.0035728645689944213
AC108210.1,-0.0035766618112818725
KCTD17,-0.003580280540381157
ABCD2,-0.003580945326602018
SH3BP5L,-0.0035834258164956882
AC019254.1,-0.0035850222814980993
GK3P,-0.00358545637263362
ZNF205,-0.003592161414150127
TRBV29-1,-0.003594781639073434
MOAP1,-0.003595639608807051
C5orf66,-0.003596503729174312
SLC2A9,-0.0035973418102440927
AC073593.2,-0.0036021983573121925
RND3,-0.0036026920641154974
AC011611.3,-0.003602889195080106
SMIM11B,-0.0036056721577904854
AL353135.2,-0.003608271859205295
PLS3-AS1,-0.003608534062784555
STARD7-AS1,-0.0036098540394978863
ADARB1,-0.0036112406105710806
ANKRD22,-0.0036115223462860105
AC108477.1,-0.003611589269548699
TNNT2,-0.003616309887129821
ACTRT3,-0.003616950521360475
GUCY1A1,-0.0036178181881415714
AL136114.1,-0.0036197952438777044
KIF20A,-0.0036216663308869285
AC004540.1,-0.0036223974339368624
AL133445.2,-0.0036265714682179465
NDUFV3,-0.003628538405471406
TMEM132B,-0.0036302364801578933
SLC35A5,-0.0036315396018798927
LINC00412,-0.003631849172306726
MGST1,-0.0036330852291497754
CPB2-AS1,-0.003633142768515818
NRXN2,-0.0036335206751962976
ZMYND19,-0.0036352779051970216
STAMBP,-0.003645051524905174
RASSF5,-0.003651284201125475
ITPKA,-0.003653530505339197
DNAJB5,-0.0036557537441709643
LLNLR-245B6.1,-0.003659501738022564
MYOSLID,-0.003663657269978464
ROBO2,-0.003665016117335025
SAP25,-0.0036689865657300617
VPS37D,-0.0036694944973571686
ZNF583,-0.003675284802182985
RFX5,-0.003684093374480697
P2RY6,-0.0036846740813589445
KCNIP1,-0.0036854931709680754
PCDH19,-0.0036877345335827433
SLC25A34,-0.0036903668988047
TESK1,-0.0036919989529741563
C5orf34,-0.0036945378833312453
AP002812.5,-0.0036961615585343875
AC079174.2,-0.00370124696327943
PER3,-0.0037026406691335494
RNF41,-0.0037048561683947346
TCAF1,-0.0037058114904837004
MIS18A-AS1,-0.0037094391113522097
LINC00892,-0.0037135343436074967
ST6GALNAC3,-0.003715718335065693
AC005726.3,-0.0037207400405299433
TSTA3,-0.003727578704636174
CA5A,-0.003728608135778663
HIST1H2BK,-0.00372963230788346
NOM1,-0.0037307695041359943
AC099066.2,-0.00373173484940353
MYBL1,-0.003732511785835208
GLT8D2,-0.003733766152936917
AC022182.2,-0.0037347268482408147
TCEAL2,-0.0037352061217722633
PXT1,-0.0037378163403207253
CKLF,-0.003738041885379432
TRDC,-0.003742212070760221
PEX11B,-0.003742516214305511
IGHV5-78,-0.0037462990148765998
LEF1,-0.003748359944600921
CYP27B1,-0.0037498400281935134
PF4,-0.003750325482167376
RP13-638C3.4,-0.0037511686749227874
SDF2L1,-0.0037537553067795906
RUSC2,-0.0037550275854647324
SPDL1,-0.0037570791562710364
AL355388.2,-0.00376265270287488
ALG1L9P,-0.0037626934223262136
SKOR1,-0.003765491120738546
RP11-35G9.3,-0.003766355135954945
AL357075.4,-0.003767869054210005
RALY-AS1,-0.003770604607575504
AGAP1-IT1,-0.0037714685000572
ZNF546,-0.0037717723781291244
ANKRD16,-0.0037770241283280213
AL358334.3,-0.003778213886933555
AC010504.1,-0.0037795110319512964
TRIM9,-0.003780929633514464
AC106779.1,-0.0037846118490418444
INSL3,-0.003786019794761648
PDXP,-0.003788021357637843
RP11-159D12.2,-0.0037895509545093683
C4orf3,-0.003792611265081956
TMPRSS12,-0.0037935747984408088
LILRB4,-0.0037961428249244185
USF2,-0.0037961973879521603
AC073316.3,-0.003798931898037657
SLC38A7,-0.003800369713791698
DYRK1B,-0.003803862333715289
TMEM238,-0.003806589161019929
AC135012.1,-0.003808363934408997
KIR3DL2,-0.0038089591121386454
AC079447.1,-0.003815376564686832
DGAT2,-0.0038179823294416273
LINC02320,-0.0038213613728818067
BMP7,-0.003827317086404954
AC005498.2,-0.003829779487367651
PRKN,-0.0038322646563499273
AC005034.6,-0.0038333741699307397
NACAD,-0.003835264090278193
AC127496.5,-0.0038355094721552324
RHOD,-0.0038376744540772286
HOXD-AS2,-0.003840315266705033
TTC7B,-0.0038474540644596322
GNPDA2,-0.0038479939412054995
FCN3,-0.003848907248228726
LINC01191,-0.0038552173212655
AKR1A1,-0.003855561760402393
ZNF169,-0.003860455700254978
AL161785.1,-0.003861879752544666
LINC00937,-0.0038628517437328193
IMMT,-0.003865217123691949
AP001267.3,-0.003865545260230358
LINC02021,-0.003865666493008787
TMEM69,-0.003866198460144789
MRPL22,-0.0038669050769257296
XYLB,-0.003871577699514495
XAGE1A,-0.003875620021752525
PMFBP1,-0.0038768558922644128
KRI1,-0.0038819127850540543
AC008674.1,-0.003886372913821927
AP003721.1,-0.003888405550208839
HOXC-AS2,-0.0039015112371716624
USP5,-0.003903964788363643
GPRIN2,-0.003906394656845348
AC008781.1,-0.003906484046276555
SLCO5A1,-0.003908977554336052
PKP2,-0.003909044547065251
KCTD3,-0.003912119476914651
XCL1,-0.003914932632580126
ASPSCR1,-0.003916732111753778
AC009242.1,-0.0039238106688567805
VRK3,-0.003928026953631293
RP11-258C19.7,-0.0039287164591688024
PXDC1,-0.003929430316275159
CDC16,-0.003930739534191957
AC097460.1,-0.0039312413791036775
NDUFA6-DT,-0.0039363306391122475
ADGRL3,-0.003937092912563832
TRIB2,-0.003944164251400344
NPR3,-0.003944522916003714
JADE3,-0.003947783633633325
LINC00653,-0.003952007519912155
AP005131.4,-0.003955198920068632
AC108134.1,-0.003958019632494757
NUPL2,-0.0039614622062107705
SGO2,-0.003962562830317948
PSMC1,-0.003965305784258787
TOR1A,-0.003973194105916997
TREX1,-0.003974341269590309
RSPO3,-0.003975962991826521
OXTR,-0.003978535053017962
VAMP7,-0.003979739266150397
DUSP19,-0.003993850470341962
AC124242.1,-0.003997593187832559
CCM2L,-0.003998686349986265
PRCD,-0.004000650133460103
CTD-3074O7.5,-0.004002909177012399
GIPC3,-0.004004097358582813
LYRM2,-0.004004180487775368
AC005041.5,-0.004007287044229697
TTC39A,-0.004013811933412322
AC008269.1,-0.004014566197260519
DHTKD1,-0.004015995682197592
TRIM36,-0.0040163172524461
GHR,-0.004016706607201515
TRBV6-6,-0.004018288617464812
TTC21B-AS1,-0.004019208425574489
DINOL,-0.004021768188927278
PRKD2,-0.004028445772306061
AP003390.1,-0.004029136067408135
AC093503.1,-0.0040312616841999245
MECR,-0.004031279088724522
STX19,-0.0040318068930662344
LINC02315,-0.004035860954848117
AL035252.3,-0.00403957545341001
C19orf44,-0.0040418877279502444
FGFBP2,-0.004045549557506765
ST3GAL5-AS1,-0.004046293126656447
ZNF747,-0.004047026571316211
AL031283.2,-0.004048069772191534
RCN3,-0.0040489291227920445
ZNF41,-0.004050186249763424
RNF214,-0.004056798946614547
APAF1,-0.004060813899747562
RHBDL3,-0.004066301890999669
FAM35A,-0.004068366153605477
ZNF48,-0.004069087422497495
ARHGEF10L,-0.004069415764940671
RCBTB1,-0.004072755786287736
OSBPL5,-0.004077317981242209
NET1,-0.004077356776928388
SLC8A1-AS1,-0.004077499435685223
SOX11,-0.004077582491404749
GTPBP10,-0.004083052398530555
OTUB1,-0.004083489440557952
AL008633.1,-0.004084031782580982
AC011603.2,-0.0040864308262972176
BRSK1,-0.004089865344089933
GABPB1-IT1,-0.004091221340825071
RNF227,-0.0040932097119933085
CRTAM,-0.004093250583829251
ENO2,-0.004095747089392767
AL133551.1,-0.004102616065171436
KIAA1161,-0.004103095442713263
RP11-479G22.8,-0.004105362742265191
C1orf127,-0.004106364058023704
FAM66E,-0.004106773319416957
RIMS3,-0.004109247811603287
SDS,-0.004112101874176254
AL033527.3,-0.004120966550033037
AL035458.2,-0.004123171406054779
AC022154.1,-0.004123375085894826
PON1,-0.004125435516561992
GDNF-AS1,-0.004131649872411749
RBFOX3,-0.004132592132141968
DACH1,-0.004133236444378377
IZUMO1,-0.004133384544070051
MAGI2,-0.004135646796995665
AAGAB,-0.004138292865013265
SLC6A17,-0.0041393493959961955
STXBP5,-0.0041410251510496585
TNFAIP6,-0.004145224639659373
ATXN7L1,-0.004145901002726178
ZNF496,-0.004150415459720124
RASAL1,-0.004153194908654618
SEMA3E,-0.004153215006724108
IGKV2-30,-0.004154288215018299
AC007336.1,-0.0041548636982164785
Z84484.1,-0.004155014996994414
CD2,-0.004155611852017552
PCNXL4,-0.004158368685005938
AC025539.1,-0.004158511007728437
TCERG1L,-0.0041591142764585325
AC009133.3,-0.004161357436335489
C1orf115,-0.004165643186318062
CITED1,-0.0041693644627671745
ERAL1,-0.00417127626281541
KCNN2,-0.004171322102796153
AC004854.2,-0.004175231212912013
AL365436.2,-0.004175465692097234
NSMCE4A,-0.004176212334192763
TEX10,-0.00417708876114829
UBALD1,-0.004178041436813288
AC064807.2,-0.004183380652086592
KIF25-AS1,-0.0041852866187560706
RMST,-0.004189792772443742
ZBTB42,-0.0041898378671637575
CH507-9B2.9,-0.004190630329263007
TMEM169,-0.0041919782816448896
AC008982.2,-0.004192149478488462
SOCS6,-0.004192155430709947
LINC01910,-0.004196168977768711
C5orf46,-0.004197866995042174
AP3S1,-0.004200409588439689
GJD3,-0.0042004414480613745
RARA,-0.00420210295620694
PCOLCE2,-0.004205199406282181
MTMR1,-0.0042082968333301855
KANTR,-0.004209986849610337
C16orf95,-0.004211685477573285
AL137003.2,-0.004212072045513309
REM1,-0.004214699696855245
TNC,-0.004215972165964707
CHD1L,-0.004219054948291567
Z98885.2,-0.004221777780374288
C18orf8,-0.004223907053646678
EIF3L,-0.004224312562062988
AP000926.2,-0.004225936706041639
AL117335.1,-0.004227441415455161
GPR12,-0.0042288768403028615
TMEM71,-0.004229309412181281
RP11-658F2.8,-0.004241118105571067
CCDC158,-0.004242364726785686
CDH12,-0.004244479183743412
RNF34,-0.004246338767293331
AC023794.3,-0.00424665709734116
APBB2,-0.0042498641713327465
LINC00866,-0.004253530265195328
AC018557.1,-0.004254380902832579
DLX5,-0.004256736012755812
ARL11,-0.0042574152901217206
PLSCR1,-0.004260178320941297
GATB,-0.004261065041030181
GLIS1,-0.0042669095316749134
SLC25A12,-0.004270076913333605
ZCCHC4,-0.004270160340781076
NR5A2,-0.004272056429673028
KCNJ5,-0.0042764359901326906
SVBP,-0.004279047497190291
AC067852.2,-0.004285589710134719
ZNF236,-0.004287677410731032
SYCP3,-0.004290732306302584
AC010186.1,-0.00429086160764638
DHRS2,-0.004293386069614676
AC097532.2,-0.004293754584364272
CCR7,-0.004295994976913918
TYRO3,-0.004298736977183399
ICT1,-0.004302567305910471
AC006449.5,-0.004303857827250002
SDC3,-0.004305711257470171
AC093307.1,-0.004305789248011713
AP000553.8,-0.004306372652771734
AC007255.1,-0.0043082020638241895
PAX7,-0.0043088342886007614
GASK1A,-0.004311903849324137
NAT8L,-0.004312334903013476
NGFR,-0.0043159576815693925
TRBV24-1,-0.004316318031632488
THBS2,-0.004326691586543614
PPCS,-0.004328720651393395
SLC16A6,-0.004330710565000058
TRBV6-5,-0.004333010390028066
PLXNA1,-0.004334356463262578
C19orf81,-0.00433538956112777
TIGD3,-0.004338097763114199
KIAA1958,-0.004338274722166386
ORC3,-0.004339878195921622
SH2D1A,-0.004340082822506185
GJB1,-0.004341564509427618
FRRS1L,-0.004346369082838608
AL353586.1,-0.004348149331020222
AL359711.2,-0.004364214280322802
AC120193.1,-0.004364957613936251
CCDC185,-0.004367132861752409
AC004918.1,-0.004368177756444564
AC079848.2,-0.00437357982635041
DLG1,-0.004374831954426719
RP11-166P13.3,-0.004377848389088881
LRP5L,-0.004383490057458838
TRAV41,-0.0043836309184286685
ADGRG5,-0.004387587296461233
TMEM266,-0.004390588517687025
STEAP2-AS1,-0.004394368003754225
SOS1-IT1,-0.004394613934073773
FLOT2,-0.004397539398132107
LINC01558,-0.004401229161279743
SYNJ1,-0.004401778874209916
AC009560.1,-0.004405371025170337
PCMTD2,-0.004407368611888859
GPSM3,-0.004409740175520048
ALG14,-0.004412220230185856
DENR,-0.004413935960061046
OAZ3,-0.004414599675226524
LINC01366,-0.0044171691510356435
AL033384.1,-0.004419720093895644
RELN,-0.004421039906257232
AL136295.2,-0.004422035996148444
AC079915.1,-0.004425533284181515
LEP,-0.004426372255378715
ADGRG3,-0.004426775340782157
AARS2,-0.004429571307627589
AC068620.2,-0.004430483524430124
TMCO6,-0.004436390837924923
ENDOU,-0.004441049842908067
CCNH,-0.004441443348215581
LINC01473,-0.004444716529983197
GDI1,-0.004444877806890928
AC139530.3,-0.004445168278547543
LIPG,-0.0044457802411399655
LSM14A,-0.00444705505003923
MKRN2,-0.004449716406830903
LINC00535,-0.004452251312397508
LANCL1,-0.004453111412874761
ATP5S,-0.004454178257728006
RANGAP1,-0.0044549767825352036
PPBP,-0.004455020159183661
CXCL13,-0.004456389821790397
PRSS33,-0.004456864466219632
LTB4R2,-0.004457779077202068
AL590560.3,-0.004458553037543411
GPR173,-0.0044594754699489834
AC008972.1,-0.004469335451334803
PRXL2B,-0.0044720146894445725
RNF20,-0.004479537574097796
AC098820.1,-0.004487060398172032
AC091078.1,-0.004489098617874359
NIPSNAP2,-0.004490692804499103
ZUP1,-0.004497189319704378
PROS1,-0.004500438465199122
TRGV2,-0.0045009342581795305
TMEM35B,-0.004502446261823057
ITLN2,-0.0045040763987821315
SPDYE1,-0.004506952591462934
AC136352.3,-0.004507603805271609
LINC02188,-0.004509118455377908
PPP1R12C,-0.004511229281604883
C9orf153,-0.004512868952478808
U2AF1L5,-0.004516921657260106
AC245297.2,-0.004519004204289559
SLIT3,-0.004532587372865119
AC006157.1,-0.004537001966411795
LRP4,-0.004538214758540244
SLC30A3,-0.004538681393166212
POLD3,-0.004542509052062539
FAM46C,-0.00454559458608592
LINC02365,-0.004548765705925104
CTA-384D8.34,-0.004548776326335085
EFTUD2,-0.00455013190425335
GATA6,-0.00455838042009745
ARPC5,-0.00456069444325647
LINC00323,-0.004566560480938574
AC005005.4,-0.004567396803463324
WNT5A-AS1,-0.004568970252448029
TNNT1,-0.0045710744980630175
AC139887.1,-0.0045731789892493185
L3MBTL4,-0.00457414492563295
AL162231.1,-0.004575755260256202
SLC2A14,-0.004576931115337864
AL390195.2,-0.004577173183694354
ZBTB45,-0.004578028867321491
SLC1A5,-0.004580652187296337
CTD-3184A7.4,-0.004585119738526364
HSD17B2,-0.004585663868691177
STARD4-AS1,-0.004586251469130581
RIMKLA,-0.004586682621358734
AC018690.1,-0.004593682511493721
BET1,-0.0045939259398176426
SRSF3,-0.004594410120398048
AC008079.1,-0.004596904568357013
TMEM215,-0.004601064167461628
ARAP3,-0.004601643447906605
RBFADN,-0.0046030963576104734
AL163952.1,-0.004603541326632184
ARHGAP27,-0.004610968344428865
SMAD6,-0.004617122685672073
ZSCAN12,-0.004619573569839954
PCBP4,-0.004621442794341097
DHRSX,-0.004625215094618249
TRBV30,-0.0046260811296051155
AC093904.4,-0.004626356214323048
AC008555.4,-0.004628807722915515
CSDC2,-0.004630567895963704
FAM71F2,-0.004632324062966487
ZMYM5,-0.004633129030042482
AC022092.1,-0.004634371610888398
HSPB6,-0.004635153051643237
C15orf56,-0.004635773327337835
LINC00243,-0.004637849672531062
KIAA0141,-0.0046459929337468306
AC006262.5,-0.004647048562106001
STAM,-0.004650691127079599
VPS54,-0.004651245653382295
SLCO2B1,-0.004651779534709999
AC009486.2,-0.004653288345844253
ZDHHC13,-0.004656389061545664
PSMB9,-0.00465724850073335
ZNF415,-0.00465931408097643
BX323046.1,-0.0046604691476532555
GATA2,-0.004668005324576186
ZNF341-AS1,-0.004668369410859296
DCSTAMP,-0.004671256260962447
TRAV6,-0.004672770024574456
ATG4A,-0.004674459596871699
LRRN1,-0.004674867837319399
RP11-452F19.3,-0.004675506758780943
ZNF219,-0.004678477588305946
AC008443.5,-0.004680061168260239
POLR2E,-0.004681135011856497
ABT1,-0.004681153666713917
LINC01569,-0.004682143006379715
PDE4C,-0.004682434567012568
TMEM25,-0.004689204439168316
AL137847.2,-0.004689283154941004
TRPM3,-0.004693986871094191
AC096589.2,-0.004697031467763588
TTC8,-0.004697489731170398
FAM71A,-0.004697631880136923
AC007364.1,-0.0046989897721574836
HSPBP1,-0.004699385759116877
RFFL,-0.0047017518185826085
GNG11,-0.004702918640089534
EMC1,-0.004703220656549345
AL589743.1,-0.004707159240310664
B3GNT4,-0.004714157314591225
AC009404.1,-0.004721372797734921
NDST2,-0.004724628101373838
DLG1-AS1,-0.004725014852014534
UBXN1,-0.004726199872681935
KCNIP3,-0.004727429546417904
MRPL17,-0.004729017720163504
AC016405.3,-0.004730396856606383
AC104695.3,-0.004732203685117133
BX293535.1,-0.004735454648873497
M6PR,-0.004735679213903497
STRBP,-0.004740170450225456
RECK,-0.004742740123009156
AC010487.2,-0.004742925796268062
CNTN2,-0.004743097236062576
RS1,-0.004749363745896174
UROS,-0.004751979227879873
AC091132.4,-0.004753588902714633
STC1,-0.004754514333229555
ANAPC16,-0.004754795940486482
CD22,-0.00475609773164797
AL139099.1,-0.004760381467650582
DEPDC1,-0.004767808829143439
TREX2,-0.004771793077347466
DYM,-0.004772233524464018
ECHDC1,-0.004772496716015401
AC018682.1,-0.004773631309607539
AC093895.1,-0.004774858966983925
AL049780.1,-0.004777354224102884
KCNIP2-AS1,-0.004780542402121141
RNF141,-0.004783674671387349
GPD1L,-0.00478898981257153
FCGR1A,-0.004789448783347448
AC012181.1,-0.004792045190624371
MLIP,-0.0047925380614576045
LINC02577,-0.004793019135018049
NR1D1,-0.004793706765410313
AF131216.4,-0.004794422851610564
ADAMTS13,-0.004803334163302797
CCND2-AS1,-0.004806471564302167
OXT,-0.004810063519843535
YIPF4,-0.004810423691549747
ZNF182,-0.00481201115938207
RNF13,-0.004812645864685603
AL589765.7,-0.0048133655709175355
C19orf70,-0.0048144641295156535
POLR2J2,-0.004814963503115693
SYNGR3,-0.004816904772065653
ARL14,-0.004818676995900602
AL133338.1,-0.004819081110000023
KRBA1,-0.00481934767966237
ADPRH,-0.004819988326062123
AC012459.1,-0.004822769233326916
FKBP1B,-0.00482409865313826
BCO1,-0.0048267791422322015
NCAPG2,-0.004827403604060402
AC002467.1,-0.004829434464500457
C2orf69,-0.004832150365251487
LGR6,-0.00483304179217112
PON3,-0.004834563390679388
UBR7,-0.004836288093866337
LINC01219,-0.0048365581923446805
PBX3,-0.004837647245419528
FASLG,-0.004839478313605191
RASSF8-AS1,-0.00484299656326746
GPC6,-0.004843058268761505
MERTK,-0.004843366212214777
GTF2IRD2B,-0.004844784078551314
STIM2-AS1,-0.004844795584118217
CCDC127,-0.004847650703714726
NUP62,-0.004847869122593918
DLGAP4-AS1,-0.004848402843421164
MROH8,-0.004850750511422785
AC021086.1,-0.0048515550920516
HES7,-0.004856196685880357
TMEM140,-0.004863709035152051
XXYLT1,-0.004869613831494335
IGKV1D-43,-0.004872210818572796
RNF121,-0.004877029383143605
SHKBP1,-0.004879550981990731
AP003064.2,-0.004881572299296544
RCBTB2,-0.004882371774371807
LPCAT4,-0.004884517387627631
TRGC2,-0.004885140420126718
IQCN,-0.004889178153002656
EMC9,-0.004890406517660898
AL118516.1,-0.004891797409522168
SMARCB1,-0.004892529550366662
AC091563.1,-0.004894603008084936
NLGN4X,-0.004895351521648998
SEC23A-AS1,-0.004897409886428621
AC083843.2,-0.004898198297428251
AL357079.1,-0.004899418436334992
HRK,-0.004899863386074851
ZNF134,-0.0049006087684072405
AL162231.2,-0.00490126912146161
TRBV19,-0.0049013940213361125
AC120024.1,-0.004901400141570053
AL592435.1,-0.004904929359597366
IFI44L,-0.0049061757958710666
FUZ,-0.004906234766857264
TMEM38B,-0.0049122867334797
RAB23,-0.0049123064397056425
RGMB,-0.00491230994480779
DDR2,-0.004913428727671946
SLC35C2,-0.004915859715849992
RP13-188A5.1,-0.004917878064538063
AL033528.2,-0.004918560612658738
DNAJC24,-0.004918653827297947
LINC02696,-0.004920351450977767
TSHR,-0.004922259054706434
TNNI3,-0.004922310473901444
PNRC2,-0.004924401116084566
RAET1G,-0.00492519703584832
AC026401.1,-0.004926728772299178
AF111167.2,-0.004929692757330366
TREH,-0.004931044330546826
DCTN6,-0.004933087211579971
PITRM1-AS1,-0.004937801862119209
AC008747.1,-0.004939124139874536
ZNF337-AS1,-0.004940339696965019
C10orf67,-0.004940787789556022
C9orf43,-0.004945156154230968
MEX3B,-0.004945735676476434
APOPT1,-0.004952365324496229
GTF3C3,-0.0049575691348062775
BIK,-0.004964183948513294
NDUFB8,-0.00496500194128866
NHS,-0.004965479298105498
PMEL,-0.0049671225201850895
TSN,-0.004968040835253674
CENPQ,-0.004969708444028665
GNGT1,-0.004972591862025799
PUS7,-0.0049739212065388625
CYB5R2,-0.004981337418780409
LINC01088,-0.004983653335088092
IGKV1D-16,-0.0049837441306677
ADPRM,-0.004984076309035194
PRKAR2A-AS1,-0.004984308152489477
TRAV12-2,-0.00499184041257243
IKBKAP,-0.0049977236909714735
PIGX,-0.0049983342037664275
AL161665.2,-0.00500027026719802
ROBO4,-0.00500275167982061
AC007250.1,-0.005003715406671059
AC005082.1,-0.005005522792963745
LINC01670,-0.005007406038800206
GLIPR1,-0.005008687305560616
C1orf122,-0.005009374632393722
POMC,-0.005016163073740365
CYP2J2,-0.005018051516185114
BCAR4,-0.00501866488443134
REEP2,-0.005021020218132122
TLR7,-0.005023054712908994
SMN2,-0.005023492861038491
AL353135.1,-0.005023559730480187
AC079949.5,-0.0050243333369324765
AC104024.3,-0.0050255267250061105
AP001885.2,-0.005025805534364559
AL731563.3,-0.005028379444425824
CHST14,-0.005029189011854903
M1AP,-0.005031778433874597
AC019080.1,-0.005032289771095305
CALR3,-0.005034630511774225
AC115618.1,-0.005034951783401764
FAM213A,-0.005035033098033234
KLK4,-0.0050384242565560886
BNIP3L,-0.005039742347121742
TRIM31-AS1,-0.005049859002264015
SIN3B,-0.005053380270179786
AC027644.3,-0.0050538976567337445
CENPN,-0.005055411971638006
AP001610.2,-0.005056301443059564
AC118344.1,-0.005058359290222253
NAALAD2,-0.005060431706031605
GABPB1,-0.0050610290104130505
AC011632.1,-0.005063801378192412
AC010680.3,-0.005065917402757233
AL162258.2,-0.005066300528451621
CCDC74B,-0.005067459386859575
AC120498.9,-0.0050678258540355434
STXBP5L,-0.005070346029387449
AC092803.3,-0.005070592851681158
ZNF304,-0.0050707056362522245
AC110620.2,-0.005072476869167195
GZMM,-0.005078312371315679
TNFRSF13B,-0.005079144669759243
AGPAT2,-0.005082773501387126
SENP2,-0.0050834522964003665
AC002456.1,-0.005086956508724742
CEACAM1,-0.005089711646985164
SLC27A1,-0.005091135741596992
CCDC61,-0.005091234440730248
CYTH4,-0.005092827473295736
CPPED1,-0.005093984432749812
LINC01252,-0.005097414377456824
LINC01341,-0.005104436839466008
HIST1H2BF,-0.005105932902445085
MAFB,-0.005109947869792513
PAQR9,-0.0051123259284736105
AC137695.3,-0.005113365209270367
FAM173B,-0.005113469898545902
MAST4-IT1,-0.005113992834435395
WNT3A,-0.005114331671331705
NMT2,-0.005117605152346892
AC245140.2,-0.005118297119211222
PTCRA,-0.005118598334609257
LINC00471,-0.005126296994841732
AC005165.1,-0.005127254688953309
C10orf143,-0.005128094888060698
CMTM2,-0.005129168625744841
IGSF10,-0.005131604965668698
DAZAP2,-0.0051324813559426195
RP11-63E9.1,-0.00513358393646114
AC022137.4,-0.005134767567490904
WASF3,-0.005139799811201132
LINC00605,-0.00514152647009977
ALG1L,-0.005147033328462726
NTMT1,-0.005148587058065245
AC024560.5,-0.005154839080903034
CTAGE4,-0.005155458835350974
AL356488.2,-0.005165608447682975
DHFR2,-0.005168295431095283
MAP10,-0.0051693729484636256
USP20,-0.00517335910374359
AAR2,-0.005173844537031791
LINC02245,-0.005174393857123296
PNMT,-0.00518156839542743
CRABP1,-0.0051822746582406345
C15orf48,-0.005190418909008572
C10orf54,-0.005195221535412545
RRP8,-0.0052013506801453675
INHBB,-0.005201620007316549
SLC2A8,-0.005205327140276965
FUNDC1,-0.00520856753852579
AC010632.2,-0.005209308798837706
BMP5,-0.0052105700622527866
ACTB,-0.005211587999092277
ZNF418,-0.005214393217617285
FZD8,-0.005215472072993913
AC010401.1,-0.005218205680790369
RP11-320N7.2,-0.0052190047200581565
YRDC,-0.005221575204950277
PIANP,-0.0052269450580345175
RPN2,-0.005231574668198038
MEX3A,-0.005232335454656177
AP005717.2,-0.005232802228426793
GLIS2-AS1,-0.005236115146547824
SLC25A18,-0.0052371542929541826
TMEM150C,-0.005240411069389435
KCNJ16,-0.0052411924365436974
AQP5,-0.0052426471380933905
FBN2,-0.005247689440456728
AC012173.1,-0.00524906862406657
MCM9,-0.005251863429546948
MICAL3,-0.005253232424097543
SLC13A2,-0.005256748377823445
NXNL2,-0.005259263873861267
MCOLN2,-0.005260582563111384
GIMAP2,-0.00526255334084015
AC026369.3,-0.005263675623765421
COPB2,-0.005264058058405844
LRRTM4,-0.005268319078298899
RP11-431K24.1,-0.005270292634745477
TNFRSF8,-0.005271149021828551
FBN3,-0.0052741810929169955
NT5DC2,-0.005275121318275208
STAU2-AS1,-0.005283627747377907
AC010273.2,-0.005289118109634902
AC007448.4,-0.005289871831089501
TCEAL3,-0.00529538711764383
B3GALNT1,-0.005299268252739872
LINC01268,-0.0053034281014578515
AC005332.4,-0.005303744440403889
RBP5,-0.005304960613041124
AC020661.4,-0.005307362497785037
LINC01644,-0.005311427693943278
PPP1R14B,-0.005312171539298292
CAMK2N1,-0.005312647801260454
SRRM1,-0.005313595165153703
NIPSNAP3B,-0.005316085146853401
LINC00612,-0.005321283801587019
HAP1,-0.0053217382584545515
HIST2H2AB,-0.005324833988646566
C10orf10,-0.0053249185826282925
CTD-3051D23.4,-0.0053249185826282925
AC009133.12,-0.0053249185826282925
RP4-591C20.9,-0.0053249185826282925
AC006277.2,-0.0053249185826282925
NT5C1A,-0.005324918582944933
AL356740.1,-0.005324918589797019
FOXC2,-0.005324918594021014
AC019186.1,-0.005324918625601636
RP11-191N8.2,-0.005324918635000025
RP11-396C23.2,-0.005324918635000025
RP11-356I2.4,-0.005324918635000025
GS1-166A23.2,-0.005324918635000025
RP11-20D14.6,-0.005324918635000025
RP11-231I16.1,-0.005324918635000025
RP11-281P23.1,-0.005324918635000025
RP11-25K19.1,-0.005324918635000025
LA16c-358B7.3,-0.005324918635000025
CTA-286B10.7,-0.005324918635000025
RP11-452L6.1,-0.005324918635000025
CTD-3088G3.8,-0.005324918635000025
AC010642.1,-0.005324918635000025
RP13-192B19.2,-0.005324918635000025
CTB-46B19.2,-0.005324918635000025
RP11-486O12.2,-0.005324918635000025
CTD-2527I21.7,-0.005324918635000025
AC099524.1,-0.005324918636710461
ADRA2C,-0.005324918645650417
CDH6,-0.005324918661933465
ABCC12,-0.005324918662550848
CRB1,-0.005324918681148232
AC026329.1,-0.00532491868545144
PHF21B,-0.005324918686202043
LINC01260,-0.005324918691661443
AC091214.1,-0.005324918697275763
CASP5,-0.005324918699483576
ATP1A4,-0.005324918700008365
NLGN1,-0.005324918700102019
PCDHGB7,-0.005324918701074153
NRXN1,-0.005324918704711549
AC068051.1,-0.005324918707654757
TRBV10-2,-0.005324918707654757
WSCD2,-0.005324918708581067
AC078883.3,-0.005324918709590885
CTB-113I20.2,-0.005324918709590885
RP13-1039J1.2,-0.005324918709590885
RP11-497H16.9,-0.005324918709590885
RP11-72M17.1,-0.005324918709590885
RP11-307C12.12,-0.005324918709590885
RP11-353N14.2,-0.005324918709590885
RP3-399L15.3,-0.005324918709590885
RP11-399K21.13,-0.005324918709590885
RGAG4,-0.005324918709590885
LRRC16B,-0.005324918709590885
RP11-398E10.1,-0.005324918709590885
LA16c-321D4.2,-0.005324918709590885
RP11-10L12.4,-0.005324918709590885
U47924.31,-0.005324918709590885
RP11-796E10.1,-0.005324918709590885
AC093001.2,-0.005324918713485133
RP4-712E4.1,-0.005324918714350305
RP11-231D20.2,-0.005324918714350305
AC010524.2,-0.005324918714350305
AC046143.3,-0.005324918714350305
C2orf44,-0.005324918714350305
AC211476.6,-0.005324918724059844
AC073657.1,-0.005324918730681538
APOA1-AS,-0.005324918730681538
SGCD,-0.005324918732652317
AC016735.1,-0.005324918733384138
ALPPL2,-0.0053249187374033845
RP11-121C2.2,-0.0053249187374033845
RP11-134G8.7,-0.0053249187374033845
CASC10,-0.0053249187374033845
CTD-2587M2.1,-0.0053249187374033845
AC093495.4,-0.0053249187374033845
RP11-297A16.4,-0.0053249187374033845
RP11-396B14.2,-0.005324918747407009
RP11-69C13.1,-0.005324918747407009
ZNF816-ZNF321P,-0.005324918747407009
AE000662.93,-0.005324918747407009
RP11-996F15.6,-0.005324918747407009
CEP83-AS1,-0.005324918747407009
RP11-307L14.2,-0.005324918748783385
RP11-420A6.2,-0.005324918748783385
RP11-506M13.3,-0.005324918748783385
RP11-513G11.4,-0.005324918748783385
AL133245.2,-0.005324918748783385
RP11-421M1.8,-0.005324918748783385
FAM109B,-0.005324918748783385
RP11-105N14.1,-0.005324918748783385
CBWD7,-0.005324918748783385
RP3-340B19.3,-0.005324918748783385
KRT36,-0.005324918748783385
KLHL7-AS1,-0.005324918748783385
CH507-9B2.3,-0.005324918748783385
RP11-67L3.4,-0.005324918748783385
PMF1-BGLAP,-0.005324918748783385
H2BFS,-0.005324918748783385
HAND1,-0.005324918750993907
AC093673.5,-0.005324918752028184
AP000350.6,-0.0053249187523827955
AL606469.1,-0.005324918759992582
CTD-2017F17.2,-0.005324918761932355
KB-1460A1.5,-0.005324918761932355
RP11-890B15.2,-0.005324918761932355
RP11-715J22.3,-0.005324918761932355
RP11-490O6.2,-0.005324918761932355
AC008079.10,-0.005324918761932355
RP11-418J17.1,-0.005324918761932355
AC110058.1,-0.005324918769632447
ADORA2A-AS1,-0.005324918773072389
AC087289.2,-0.005324918774408327
AL049775.1,-0.0053249187783833895
PCDH11X,-0.0053249187897988605
KIAA1524,-0.0053249187949599396
CTC-510F12.7,-0.0053249187949599396
RP11-255M2.3,-0.0053249187949599396
LHFP,-0.0053249187949599396
RP5-965G21.6,-0.0053249187949599396
RP5-940J5.9,-0.0053249187949599396
CTD-2369P2.10,-0.0053249187949599396
ADGRF2,-0.005324918797216742
ZPBP,-0.005324918800655357
RP11-519G16.5,-0.005324918801740371
RP11-66B24.2,-0.005324918801740371
AC078923.1,-0.005324918803975272
LINC01583,-0.005324918804358292
LINC02725,-0.005324918804358292
LINC02434,-0.005324918804358292
APCDD1L,-0.005324918804358292
LINC01471,-0.005324918804814116
AC090286.1,-0.005324918805979975
ARSI,-0.005324918806131694
AC007681.1,-0.005324918807044494
AP000640.2,-0.005324918809662133
AL357874.1,-0.005324918810451571
AC011294.3,-0.005324918810946982
RP13-977J11.2,-0.005324918810946982
RP11-362K14.6,-0.005324918810946982
CTD-2349P21.9,-0.005324918810946982
CTD-3075F15.1,-0.005324918810946982
CTD-2008A1.3,-0.005324918810946982
REG1A,-0.005324918816705549
RP1-78O14.1,-0.005324918816705549
RP11-343L5.2,-0.005324918816705549
AL355297.4,-0.0053249188167704695
EPHA6,-0.005324918826170289
HSF5,-0.005324918830849203
PAMR1,-0.005324918831740806
AL078622.1,-0.005324918832399509
KRT39,-0.005324918840117058
RP11-171I2.5,-0.0053249188489523985
AF213884.2,-0.0053249188489523985
RP11-18I14.11,-0.0053249188489523985
RP11-385F5.5,-0.0053249188489523985
SNHG23,-0.0053249188489523985
CTD-2020K17.1,-0.0053249188489523985
RP11-102N12.3,-0.0053249188489523985
FAM63A,-0.0053249188489523985
AC092691.1,-0.0053249188502636794
MYL2,-0.0053249188502636794
AL022476.1,-0.0053249188509386725
AC139720.1,-0.005324918852584592
CTD-2256P15.1,-0.005324918853331212
RP11-70P17.1,-0.005324918853331212
RP11-80A15.1,-0.005324918853331212
RP11-7I15.4,-0.005324918853331212
CTD-2292P10.4,-0.005324918853331212
RP11-92K15.3,-0.005324918853331212
RP11-315O6.1,-0.005324918853331212
AF196972.9,-0.005324918853331212
RP11-798G7.8,-0.005324918853331212
RP5-1033H22.2,-0.005324918853331212
RP11-32B5.7,-0.005324918853331212
RP13-766D20.4,-0.005324918853331212
RP11-571I18.4,-0.005324918853331212
RP11-111A21.1,-0.005324918853331212
RP11-519G16.3,-0.005324918853331212
CCBL1,-0.005324918853331212
AC097721.2,-0.005324918853331212
RP11-666A20.4,-0.005324918853331212
RP11-467D6.1,-0.005324918853331212
RP13-1032I1.7,-0.005324918853332764
RP11-10A14.5,-0.005324918853332764
AL031432.1,-0.005324918854120363
FNDC7,-0.005324918854864085
EPHA3,-0.005324918857272552
CYP2A13,-0.005324918857837711
LINC02450,-0.005324918860259537
RP11-505K9.1,-0.005324918860515053
FAM188B,-0.005324918860515053
AC008781.7,-0.005324918860515053
RP11-173P15.10,-0.005324918860515053
CTB-127C13.1,-0.005324918860515053
RP11-318C24.2,-0.005324918860515053
SPG20,-0.005324918860515053
RP11-404F10.2,-0.005324918860515053
RNF222,-0.005324918860515053
RP5-1024G6.5,-0.005324918860515053
LINC00869,-0.005324918860515053
U73166.2,-0.005324918860515053
RP11-589P10.5,-0.005324918860515053
RP11-561B11.3,-0.0053249188630436345
RP11-514O12.4,-0.0053249188630436345
RP11-647K16.1,-0.0053249188630436345
AC092535.3,-0.0053249188630436345
AC093818.1,-0.0053249188630436345
GK-IT1,-0.005324918863506592
AC007326.5,-0.005324918863572243
AC099332.1,-0.005324918867186247
HBG2,-0.00532491886746333
AC005253.2,-0.005324918868550038
ARSD-AS1,-0.005324918870141592
SLC39A5,-0.0053249188705867265
ZBTB20-AS4,-0.005324918870943941
NXF3,-0.005324918871061397
AL359764.1,-0.005324918871098891
MIR4300HG,-0.005324918872174444
SAG,-0.005324918872220313
AC007785.3,-0.005324918872288243
AC134349.1,-0.005324918873462915
RNASE7,-0.005324918873779114
LRTM1,-0.005324918874077671
AL136982.3,-0.005324918874077671
AC004000.1,-0.005324918874097778
AC090912.2,-0.005324918876239633
DENND6A-AS1,-0.005324918879734323
AP001885.3,-0.005324918880537605
SLC34A3,-0.005324918881433023
XIRP1,-0.0053249188855150845
NPIPA3,-0.005324918888476173
AQP6,-0.005324918889589122
LYG2,-0.005324918890035893
RP11-245D16.4,-0.005324918890135995
RP11-390P24.1,-0.005324918890135995
RP1-292L20.3,-0.005324918890135995
CCDC67,-0.005324918890135995
AC098679.1,-0.005324918893137877
IGLV5-45,-0.005324918894239573
LGI4,-0.0053249188943881014
RP11-95I16.6,-0.005324918894786572
CTD-3193O13.1,-0.005324918894786572
RP1-138B7.7,-0.005324918894786572
RP11-686D22.4,-0.005324918894786572
RP11-458J1.1,-0.005324918894786572
RP11-352G9.1,-0.005324918894786572
RP11-1000B6.3,-0.005324918894786572
RP11-135A1.2,-0.005324918894786572
RP11-135L13.4,-0.005324918894786572
RP11-734K2.4,-0.005324918894786572
AL356417.3,-0.005324918895754811
LINC01562,-0.005324918899335224
AC011752.1,-0.00532491889962018
RP11-280G9.1,-0.005324918900708556
RP11-439E19.9,-0.005324918900708556
CTBP1-AS2,-0.005324918900708556
RP5-837J1.6,-0.005324918900708556
PRDM14,-0.005324918900948287
CSMD1,-0.005324918902209549
AC093159.1,-0.005324918904272842
TBC1D3D,-0.0053249189087429625
TRAPPC12-AS1,-0.005324918912670037
C9orf172,-0.005324918913334524
RP11-522I20.3,-0.005324918913334524
RP11-486I11.2,-0.005324918913334524
RP11-286E11.2,-0.005324918913334524
AC097724.3,-0.005324918913334524
RP11-22N19.2,-0.005324918913334524
FAM90A1,-0.005324918913334524
AC009299.2,-0.005324918913334524
CTD-3025N20.3,-0.005324918913334524
AC023483.1,-0.005324918913967218
AC009108.3,-0.005324918914726356
PCDHA7,-0.0053249189159693695
LINC02202,-0.005324918919503822
C10orf105,-0.005324918919503822
AC007879.7,-0.005324918920330978
SEPT7-AS1,-0.005324918921448591
RP11-81H14.2,-0.005324918921448591
RP5-862P8.2,-0.005324918921448591
RP11-787I22.3,-0.005324918921448591
TMEM27,-0.005324918921448591
EBF2,-0.005324918922718229
AL356481.2,-0.0053249189236685215
AC015813.8,-0.005324918925068132
SCRG1,-0.005324918925234903
AL390066.1,-0.005324918927979717
SHISA6,-0.0053249189319513265
AL157813.2,-0.0053249189332475145
AL135818.2,-0.0053249189333451335
AC091588.2,-0.005324918939953806
AC120114.2,-0.005324918940951429
RP11-66N11.8,-0.005324918944104351
RP1-30M3.5,-0.005324918944104351
RP4-612B15.3,-0.005324918944104351
RP11-783K16.14,-0.005324918944104351
RP11-354P11.4,-0.005324918944104351
RP11-697E2.12,-0.005324918944104351
RP11-513M16.8,-0.005324918944104351
SGOL2,-0.005324918944104351
RP11-28H5.2,-0.005324918944104351
RP11-961A15.3,-0.005324918944104351
AL844908.1,-0.005324918945039869
RP11-1348G14.8,-0.005324918946935672
RP11-219D15.3,-0.005324918946935672
CTD-2376I4.2,-0.005324918946935672
RP11-473M20.9,-0.005324918946935672
LL22NC03-32F9.1,-0.005324918946935672
RP11-798M19.6,-0.005324918946935672
RP11-164P12.3,-0.005324918946935672
RP11-15F12.1,-0.005324918946935672
RP11-398K22.12,-0.005324918946935672
LINC01207,-0.005324918946935672
RP11-757F18.5,-0.005324918946935672
ASB4,-0.005324918946935672
RP13-317D12.3,-0.005324918946935672
RP11-502I4.3,-0.005324918946935672
RP11-809N8.4,-0.005324918946935672
RP11-430G17.3,-0.005324918946935672
BAALC-AS2,-0.005324918946935672
RP1-244F24.1,-0.005324918946935672
RP11-219B17.3,-0.005324918946935672
STX1B,-0.0053249189472114175
ST8SIA5,-0.005324918949706672
DRGX,-0.005324918956560293
AC093752.3,-0.005324918956639486
AL359851.1,-0.005324918957021305
LINC00545,-0.005324918960921778
ANKRD2,-0.005324918962602675
RP11-45P15.4,-0.005324918964602056
RP11-65L3.2,-0.005324918964602056
RP11-671P2.1,-0.005324918964602056
LL09NC01-251B2.3,-0.005324918964602056
RP11-166O4.6,-0.005324918964602056
RP11-344N10.5,-0.005324918964602056
INHBA-AS1,-0.0053249189664469395
AC104653.1,-0.005324918967586283
CA7,-0.005324918968486539
AC020914.1,-0.005324918968544343
AP000550.1,-0.005324918969369174
LINC01340,-0.005324918971168749
PLK5,-0.005324918973652982
MAS1,-0.00532491897991513
EN2,-0.005324918982809149
AC009495.2,-0.005324918983364772
LINC02099,-0.005324918983457673
LINC02449,-0.005324918983978845
AC139795.3,-0.005324918985113091
AL450992.2,-0.005324918987310669
SIGLEC11,-0.005324918991100321
RP11-20I23.13,-0.005324918991100321
WISP2,-0.005324918991100321
RP11-799D4.4,-0.005324918991100321
RP11-283G6.6,-0.005324918991100321
RP11-284N8.3,-0.005324918991100321
C11orf63,-0.005324918991100321
RP11-297D21.4,-0.005324918991100321
RP4-728D4.2,-0.005324918991100321
RP3-395M20.12,-0.005324918991100321
RP11-102M11.2,-0.005324918991100321
AC079354.3,-0.005324918993403161
NUTM2E,-0.005324918994069805
C20orf203,-0.005324918995673247
AC004257.1,-0.005324918996605544
TLX1,-0.005324918997686543
KRTAP4-6,-0.005324918998044457
POU3F2,-0.00532491899974849
PNPLA1,-0.005324919000356805
C2CD4C,-0.005324919001686709
SH3PXD2A-AS1,-0.005324919002121313
AL592494.2,-0.005324919002442371
ROR1-AS1,-0.005324919004266146
RP11-154H23.3,-0.005324919008093588
RP11-388C12.1,-0.005324919008093588
PCNXL2,-0.005324919008093588
RP11-834C11.4,-0.005324919008093588
RP11-400K9.4,-0.005324919008093588
RP11-110I1.12,-0.005324919008093588
RP11-1167A19.2,-0.005324919008093588
RP11-713P17.3,-0.005324919008093588
FAM132A,-0.005324919008093588
RP11-500C11.3,-0.005324919008093588
CTD-2515O10.5,-0.005324919008093588
RP11-381N20.1,-0.005324919008093588
RP11-483L5.1,-0.005324919008093588
AC004893.11,-0.005324919008093588
RP11-386G11.5,-0.005324919008093588
RP11-152N13.16,-0.005324919008093588
CEBPE,-0.005324919008093588
RP11-469H8.6,-0.005324919008093588
RP11-560J1.2,-0.005324919009222484
IGLVI-70,-0.005324919010256817
LINC01125,-0.005324919010389942
RP11-328C8.4,-0.005324919010389942
RP11-245J9.6,-0.005324919010389942
LINC00176,-0.005324919010389942
CTC-338M12.5,-0.005324919010389942
GS1-124K5.11,-0.005324919010389942
RP11-996F15.2,-0.005324919010389942
AC138969.4,-0.005324919010389942
RP11-314B1.2,-0.005324919010389942
CTD-2516F10.2,-0.005324919010389942
RP11-488L18.8,-0.005324919010389942
UNC13A,-0.005324919012614253
GAP43,-0.0053249190142450505
SEPTIN9-DT,-0.005324919016244217
MEP1A,-0.005324919018764189
RP5-1042K10.10,-0.005324919020621244
TTR,-0.0053249190252163715
MNX1,-0.005324919025236746
GDAP1L1,-0.0053249190254609485
XX-FW83563B9.5,-0.005324919025796432
CTC-241F20.4,-0.005324919025796432
RP11-793H13.3,-0.005324919025796432
RP11-146F11.1,-0.005324919025796432
AC244090.3,-0.0053249190269613125
AC019080.6,-0.005324919027041249
CACNA1H,-0.005324919030012705
AC105206.1,-0.005324919030133272
Z99496.2,-0.005324919030677222
RP5-1171I10.5,-0.005324919031141066
RP11-464F9.20,-0.005324919031141066
LINC00924,-0.005324919034785329
CLCA4,-0.005324919034842451
AC104411.1,-0.005324919037676262
ST7-AS2,-0.005324919038323538
EPPIN,-0.005324919039422083
AC103740.2,-0.005324919040694762
C14orf39,-0.005324919041109173
RP11-873E20.1,-0.0053249190415534465
CTA-212A2.4,-0.0053249190415534465
FAM92A1,-0.0053249190415534465
RP11-432J24.5,-0.0053249190415534465
AC062017.1,-0.0053249190415534465
AP003068.23,-0.0053249190415534465
CTD-2561B21.11,-0.0053249190415534465
MAFG-AS1,-0.0053249190415534465
CTC-1337H24.3,-0.0053249190415534465
RP11-327J17.2,-0.0053249190415534465
CTD-2292M16.8,-0.0053249190415534465
RP1-151F17.2,-0.0053249190415534465
CTC-543D15.8,-0.0053249190415534465
RP11-795F19.1,-0.0053249190415534465
RP1-197B17.3,-0.0053249190415534465
RP1-92O14.3,-0.0053249190415534465
CST4,-0.005324919041801753
ATP1B3-AS1,-0.005324919044711822
GOLGA6A,-0.005324919046039471
AL512283.2,-0.005324919047583129
Z94277.1,-0.005324919047677854
RP11-47A8.5,-0.00532491905106215
RP1-224A6.3,-0.00532491905106215
MICALCL,-0.00532491905106215
SPTY2D1-AS1,-0.00532491905106215
RP11-518L10.5,-0.00532491905106215
C4orf22,-0.00532491905106215
RP11-413H22.2,-0.00532491905106215
RP4-569M23.2,-0.00532491905106215
RP11-17M16.2,-0.00532491905106215
RP3-461F17.3,-0.00532491905106215
RP11-217B7.2,-0.00532491905106215
RP11-227G15.12,-0.00532491905106215
RP11-250B2.5,-0.00532491905106215
CTD-3035K23.6,-0.00532491905106215
RP11-16K12.1,-0.00532491905106215
CTD-2589M5.4,-0.00532491905106215
AC142528.1,-0.00532491905106215
HEPH,-0.005324919052053362
KCNK10,-0.005324919052473667
HCRT,-0.005324919058471158
CDHR1,-0.005324919061764424
AC010894.3,-0.005324919061764424
SOX8,-0.0053249190617917245
OTUD6A,-0.005324919063052334
SAMMSON,-0.005324919063388971
C2orf91,-0.005324919063437976
AC078950.1,-0.005324919064735474
AL096706.1,-0.005324919064972195
AL021026.1,-0.005324919065400971
CHRNA2,-0.00532491906668334
AC092718.6,-0.00532491907059589
GPC5-AS1,-0.0053249190741867765
AC009404.2,-0.0053249190754715795
RP11-250B2.6,-0.0053249190754715795
RP11-796E2.4,-0.0053249190754715795
CTA-398F10.2,-0.0053249190754715795
RP1-239B22.5,-0.0053249190754715795
AC009473.1,-0.0053249190754715795
RP11-247A12.2,-0.0053249190754715795
RP1-178F10.1,-0.0053249190754715795
RP11-411K7.1,-0.0053249190754715795
XXbac-B476C20.9,-0.0053249190754715795
CTC-336P14.1,-0.0053249190754715795
RP1-80N2.3,-0.0053249190754715795
RP11-7F18.2,-0.0053249190754715795
RP11-276H7.2,-0.0053249190754715795
RP11-15A1.7,-0.0053249190754715795
RP11-801F7.1,-0.0053249190754715795
RP5-1148A21.3,-0.0053249190754715795
LINC00475,-0.0053249190754715795
AP4B1-AS1,-0.005324919076822023
RP5-890E16.5,-0.005324919078116265
RP11-736K20.6,-0.005324919078116265
HIF1A-AS2,-0.005324919078116265
RP11-302B13.5,-0.005324919078116265
RP3-467N11.1,-0.005324919078116265
RP11-274B21.10,-0.005324919078116265
RP5-1092A3.4,-0.005324919078116265
RP11-188D8.1,-0.005324919078116265
RP11-267M23.4,-0.005324919078116265
RP11-51J9.5,-0.005324919078116265
CTC-428H11.2,-0.005324919081717832
RP11-408A13.4,-0.005324919081717832
C16orf45,-0.005324919081717832
RP11-131L23.2,-0.005324919081717832
AC087294.2,-0.005324919081717832
RP11-597D13.9,-0.005324919081717832
CTD-2358C21.5,-0.005324919081717832
AC005355.2,-0.005324919081717832
AC002117.1,-0.005324919081717832
RP11-996F15.4,-0.005324919081717832
ANKRD20A2,-0.005324919081988938
LINC01638,-0.005324919083407201
AC099508.1,-0.005324919086825608
C15orf59,-0.005324919086958371
RP11-585P4.5,-0.005324919086958371
RP11-65J3.14,-0.005324919086958371
IL10RB-AS1,-0.005324919086958371
RP11-611O2.1,-0.005324919086958371
RP11-17J14.2,-0.005324919086958371
RP11-680F8.3,-0.005324919086958371
RP4-569M23.5,-0.005324919086958371
AC126696.1,-0.0053249190952107135
UPP2,-0.0053249190952107135
HCG15,-0.005324919095783052
LINC02551,-0.005324919095783052
SLC38A4,-0.0053249190995604215
AC010998.3,-0.0053249190995604215
AC011476.3,-0.005324919099834237
AL359182.1,-0.005324919100103622
CSNK1G2-AS1,-0.005324919101033474
LINC01825,-0.005324919101816029
KCNJ6,-0.005324919105577565
CIDEC,-0.005324919109330775
LINC02575,-0.005324919109820653
SPRR3,-0.0053249191123937835
ASPA,-0.005324919114482415
TMEM95,-0.0053249191157135264
IGHV4-4,-0.005324919116562684
FAM209B,-0.0053249191186317685
ADCYAP1,-0.005324919120065215
RBM46,-0.005324919120551523
PCDHGA9,-0.005324919124279073
RP5-940J5.6,-0.005324919124651296
CTD-2308L22.1,-0.005324919124651296
CTD-2313J17.6,-0.005324919124651296
CTD-2325M2.1,-0.005324919124651296
CTA-221G9.12,-0.005324919124651296
RP5-1074L1.4,-0.005324919124651296
AC104532.4,-0.005324919124651296
RP11-115H18.1,-0.005324919124651296
CTB-32O4.2,-0.005324919124651296
CTD-2008P7.9,-0.005324919124651296
RP3-522D1.1,-0.005324919124651296
CTD-2027I19.3,-0.005324919124651296
bP-21264C1.2,-0.005324919124651296
RP11-287D1.2,-0.005324919124651296
RP11-287D1.3,-0.005324919124651296
RP11-1399P15.1,-0.005324919124651296
XXbac-B135H6.18,-0.005324919124651296
SYPL2,-0.0053249191306651645
NKX2-5,-0.00532491913073269
AC092953.2,-0.005324919132408179
C22orf31,-0.005324919132701294
LINC01605,-0.005324919133103502
AIM1,-0.005324919137031732
ANXA10,-0.005324919137328325
CEP295NL,-0.005324919138213731
CYP26A1,-0.005324919143262218
SNX31,-0.005324919144359838
SLC4A1,-0.005324919146648837
NDST1-AS1,-0.005324919147523986
PRKCA-AS1,-0.005324919149668884
BPIFB2,-0.005324919153948637
SLC6A1,-0.005324919153948637
CPO,-0.00532491915396017
LINC01150,-0.00532491915396017
RGS7,-0.0053249191558094235
LINC01115,-0.0053249191584847835
HOXB8,-0.005324919164510586
RFPL2,-0.0053249191658020206
LINC01033,-0.005324919165941146
LINC01030,-0.005324919173352001
AC123023.1,-0.005324919176878498
ITIH2,-0.005324919176878498
AC096531.2,-0.005324919176878498
AC010623.1,-0.005324919178712669
CEACAM7,-0.0053249191792574145
LINC02773,-0.0053249191818286285
AC005699.1,-0.0053249191818286285
CEACAM16,-0.005324919183036158
ERVW-1,-0.005324919184225095
LINC01423,-0.005324919184924687
RP3-439F8.1,-0.005324919187184976
CPA4,-0.005324919188034131
DPYD-IT1,-0.0053249191892756785
AC110615.1,-0.0053249191964160406
GGTLC3,-0.005324919196479408
CRYBB3,-0.005324919199017091
VAC14-AS1,-0.005324919199804321
FGF17,-0.005324919200603427
AC103718.1,-0.005324919202790149
SST,-0.005324919203265628
AC123912.4,-0.005324919203998642
NEFL,-0.005324919210244261
CRX,-0.0053249192109859605
GRK7,-0.005324919211637994
ALDOB,-0.005324919213410966
TMEM110,-0.005324919213410966
AC007228.9,-0.005324919213410966
RP11-434H6.6,-0.005324919213410966
RP13-650J16.1,-0.005324919213410966
RP11-77H9.8,-0.005324919213410966
RP11-2C24.7,-0.005324919213410966
CH17-264L24.1,-0.005324919213410966
RP11-20J15.3,-0.005324919213410966
LINC00961,-0.005324919213410966
AP000692.10,-0.005324919213410966
CTD-3222D19.12,-0.005324919213410966
RP1-151F17.1,-0.005324919213410966
RP11-708J19.1,-0.005324919213980353
NOTCH2NL,-0.005324919213980353
RP11-539L10.2,-0.005324919213980353
RP11-548H3.1,-0.005324919213980353
RP11-27M24.1,-0.005324919213980353
MTSS1L,-0.005324919213980353
RP3-508I15.18,-0.005324919213980353
AC137934.1,-0.005324919213980353
C7orf43,-0.005324919213980353
RP4-671G15.2,-0.005324919213980353
RP11-158H5.7,-0.005324919213980353
CTD-2145A24.5,-0.005324919213980353
RP11-332H14.1,-0.005324919213980353
RP11-890B15.3,-0.005324919213980353
RP11-672L10.6,-0.005324919213980353
CTD-2260A17.1,-0.005324919213980353
RP11-420A23.1,-0.005324919216776033
SSPO,-0.005324919221038043
WNT2,-0.005324919223537357
RPL3L,-0.005324919223537357
SLURP1,-0.005324919227285459
IGKV2D-30,-0.0053249192306165745
EDDM13,-0.005324919237955073
AC009754.1,-0.005324919242582951
AC040173.1,-0.00532491924832964
PRAC2,-0.00532491924885507
RP11-379B8.1,-0.005324919251128391
LINC01949,-0.005324919253509094
LINC00664,-0.0053249192542649355
FREM1,-0.005324919256307527
CTD-2035E11.5,-0.005324919257079956
RP11-158K1.3,-0.005324919257079956
CTD-2547L16.1,-0.005324919257079956
RP11-342M1.3,-0.005324919257079956
RP11-1348G14.4,-0.005324919257079956
LINC00992,-0.005324919257079956
RP11-20I23.8,-0.005324919257079956
RP11-191L17.1,-0.005324919257079956
RP11-290L1.2,-0.005324919257079956
PCDHB6,-0.005324919257079956
CTB-58E17.3,-0.005324919257079956
FAM132B,-0.005324919257079956
AC007383.4,-0.005324919257079956
RP4-798A10.2,-0.005324919257079956
CTD-2410N18.3,-0.005324919257079956
RP11-434D9.1,-0.005324919257079956
OLFML1,-0.005324919261157689
GBP7,-0.0053249192611770834
ADAMTS15,-0.005324919270611671
ZPLD1,-0.005324919273254211
CSAG3,-0.005324919279949245
RP11-127B20.2,-0.005324919280482746
PLEKHG7,-0.005324919280482746
VTN,-0.005324919281157941
TINAG,-0.005324919286742728
AP003068.1,-0.005324919287628958
RP11-227G15.11,-0.005324919288142584
RP11-145M9.5,-0.005324919288142584
FAM65C,-0.005324919288142584
RP11-111M22.4,-0.005324919288142584
RP11-1008C21.1,-0.005324919288142584
RP11-164P12.4,-0.005324919288142584
MFI2-AS1,-0.005324919288142584
RP11-141O11.2,-0.005324919288142584
GH1,-0.005324919292498621
KCNA7,-0.005324919306256377
CGB7,-0.005324919332590177
LINC00304,-0.005324919333021299
CYP17A1,-0.005324919333021299
SOST,-0.005324919345738261
IGLV7-43,-0.00532491935552494
RP4-694B14.8,-0.005324919378070299
RP11-253E3.3,-0.005324919378070299
RP11-356O9.1,-0.005324919378070299
AC144450.2,-0.005324919378070299
IGHV4-55,-0.00532491941353088
LINC02804,-0.0053249194808259485
LINC01571,-0.005324919491438668
AC010997.5,-0.005326885087748591
ADAP1,-0.0053272766091775675
AC007216.4,-0.005328295944454325
AC007325.4,-0.005341269864923352
ADCK2,-0.005350084359248562
FIRRE,-0.005354108161645269
IQSEC3,-0.0053569807316243365
UTP15,-0.005357480717719842
PKM,-0.0053614813814755165
AL590714.1,-0.005361989382955834
RNF144A-AS1,-0.0053684426502380415
HKR1,-0.005368632913448334
AL139384.1,-0.005373615078125323
AC104850.2,-0.005377212099680899
AC103591.3,-0.005377585957520654
MZF1-AS1,-0.005383481480980612
CLUL1,-0.005388856550940492
NLRC3,-0.005397044298413411
AC125494.2,-0.005397412118915512
THAP4,-0.0053976125470006206
LYRM5,-0.005398618590646243
AC004865.2,-0.005398659087225571
CCDC81,-0.005398894719693302
MATR3,-0.005400666970429919
AP002761.3,-0.005402132548627735
BCO2,-0.005402711459011866
RAD54B,-0.0054069416046494435
C14orf37,-0.00540738526410637
NOG,-0.005407504557537734
GAB3,-0.005411397371473768
FLT1,-0.005411571628404871
AC009754.2,-0.005412481024608638
SPHK2,-0.005413466763729536
ADORA1,-0.005414988099003953
PGBD2,-0.005416027841624351
AC084036.1,-0.005416233877651943
ZNF442,-0.005420624105926444
AC007405.6,-0.005420955351232604
SAMD13,-0.005426572427026462
AC139019.1,-0.005426770569959078
AC073050.1,-0.005427288432453471
ASTL,-0.005429323486615326
EIF2S3B,-0.0054322880677440425
RFPL3S,-0.005435096546224056
TRBV6-1,-0.005436568276898126
AL591926.2,-0.005436592189157047
SSPN,-0.005443497495471504
PWP2,-0.00544435843132751
TTC36,-0.005446521004320317
ITPRID1,-0.005448251928117895
RFX8,-0.005449308907581376
NMD3,-0.0054494323695773806
AL596214.1,-0.005452986223411821
CCDC62,-0.005453376974855374
TMEM267,-0.005455203026838613
GUCY2D,-0.0054560329301744995
AC090825.1,-0.005462775885043309
SPATA20,-0.005464641294694322
LEFTY2,-0.005464854941001433
AC131934.1,-0.005466294241241197
SMU1,-0.0054712916644112305
APLP1,-0.005471586623740789
AC068389.3,-0.005473746209186183
TTC9C,-0.005475118753440689
RP11-285F7.2,-0.005479018623455888
TBC1D10C,-0.005480892337667578
AC009123.1,-0.0054813003010636355
AC002460.2,-0.005483104435591852
FBXL14,-0.005483192084382868
AC008610.1,-0.005485090122596861
AC023283.1,-0.005485260504834404
MAP3K4,-0.005488738794891606
ATP1A1-AS1,-0.0054893179310906755
APITD1,-0.0054896724564146675
PIK3CA,-0.005490768198373242
PDE9A,-0.005494513370829
COL5A1,-0.0054958692326921715
HIST1H1T,-0.0054984528116677495
VAC14,-0.005501499831165417
RAD51,-0.0055030998594884604
AC124319.1,-0.00550505508239366
LRIT3,-0.005507665296506733
SGMS1-AS1,-0.005511247342373186
SERPINB8,-0.005512254667879902
POLQ,-0.005514970477485525
DGKZ,-0.005515982242760427
TRBV7-3,-0.005519888253465712
LINC01574,-0.005520163457563841
SPI1,-0.005523787094977112
SCHIP1,-0.005524220166782846
BCAS4,-0.005524456442720408
TMEM185A,-0.0055334470514194845
KANSL2,-0.005534782415251566
IGHG4,-0.005537627123087855
FOXD1,-0.005539600799463646
AC006483.2,-0.005540522084589513
GDF5,-0.005541814838370271
AC025159.1,-0.005548896792075154
MRGPRE,-0.005551860614606579
RLIM,-0.005552099823279531
SYNDIG1,-0.0055525309608318325
LARGE,-0.005553476915771412
C12orf81,-0.005557643712281486
MYO15A,-0.005557859229395105
FAM124B,-0.00556667694762641
AL121987.2,-0.0055692924216938205
RP11-138A9.2,-0.0055712261205238915
FAM41C,-0.005571836735376251
TFDP2,-0.005576407238528126
CYP2R1,-0.005576440033507722
AP005230.1,-0.005576523927688627
CXCR3,-0.005578180377624812
FZD4,-0.005580262327795918
AC145207.5,-0.005584408570412111
C10orf25,-0.005598810117093383
ERICH6,-0.005600110588080647
NOC3L,-0.005602368717248131
NOP58,-0.005604226701047996
AC019117.2,-0.005605196891649758
NMB,-0.005605914953982138
ARAF,-0.005606423906113785
AP000229.1,-0.00560715478307987
FP236383.5,-0.0056096553498139025
AARD,-0.005609755191222103
AL031847.1,-0.005610271162950306
LAYN,-0.005612755321482733
AL121928.1,-0.005613391195488365
AC015971.1,-0.005614594189022824
AC084824.4,-0.005615243311754115
SETMAR,-0.0056174356346362815
PRIM2,-0.005617682999054027
PPCDC,-0.005619229316028998
RAB8A,-0.005619974414909089
C1orf216,-0.005623473830168577
TRAV21,-0.005624564436957466
AL021918.5,-0.005624785902133339
TRPS1,-0.0056263209950794075
U73166.1,-0.005626945870052826
PAK1IP1,-0.005629335877188218
AL022328.4,-0.005630077613249436
AC097532.3,-0.005630571251497547
BRF2,-0.005633727597274646
ALDH8A1,-0.005636878365121396
SNAPC2,-0.005639332237881328
TBL2,-0.005643668140953746
LINC01063,-0.005646821939688819
WNT10A,-0.005647741985728997
DMRTA2,-0.005649977776450326
EAF1-AS1,-0.005650234292819366
COL26A1,-0.005650338097158119
FPR2,-0.005654025063802966
LINC02709,-0.005655192776332669
TBRG4,-0.0056580994855249455
SPATS1,-0.0056588429781840414
ESAM,-0.005659185802721193
CASP6,-0.005659368858333688
AL357054.4,-0.0056615619200846914
CCDC18,-0.005666766084612141
QSOX2,-0.005667417965210361
IGKV1-8,-0.005669903235922066
MTRNR2L10,-0.005670758539886588
AC004847.1,-0.005673384905725892
MTTP,-0.005675167207479791
AC005632.6,-0.005680383271826229
KDELC2,-0.005680531776076918
AC009961.4,-0.005681019021125624
CECR5,-0.005681254731208866
AURKA,-0.005687994990160205
CLEC12A,-0.00569380693862288
AL356776.2,-0.005693924259521609
FOXRED1,-0.005701803897679245
LINC01273,-0.005706853292423412
GJB6,-0.005708195861452127
E2F2,-0.0057082561559654455
AC092807.3,-0.005709793673900189
TESK2,-0.0057103331319381485
ANKDD1A,-0.005713546213268539
RTCA-AS1,-0.005723338736001902
SPDYC,-0.005725183285867165
MBNL3,-0.0057261832950420725
LHX6,-0.005728447132130459
PHF19,-0.00572854343835763
MBOAT2,-0.005734694215593917
PFN4,-0.005735586378472358
MTX1,-0.005737766405974266
SLC6A7,-0.005738120133821357
BEX5,-0.005739681618158481
AC007390.2,-0.005740525824909396
TRBV28,-0.005741850079644785
SLC1A7,-0.0057515975672532745
LAMP5,-0.005752041930845883
VPS37C,-0.005753029861636794
AL158825.2,-0.00575455242745053
SEC61A1,-0.005755144555484612
LILRA4,-0.005757779017830106
DEDD,-0.005760504890395736
CYCS,-0.005760739904277227
MIR4713HG,-0.0057620802752896445
SCAF1,-0.005762968436565133
ERCC8,-0.005763247692535596
LIME1,-0.005765803946974069
CRTC3-AS1,-0.005765827052772954
MICU3,-0.005768175117280331
CCNF,-0.0057689883547980296
RP11-499F3.2,-0.00577006696077067
C10orf35,-0.005771847409370394
AC023790.2,-0.005775415660008315
PIKFYVE,-0.005778281650011017
AC007114.2,-0.005779794789409602
LINC01018,-0.005780490019013719
EXD1,-0.005783663383338301
HOXA-AS3,-0.005784783558695819
SPIN2A,-0.005791185777427141
SELENOM,-0.0057947028527503795
AP002336.1,-0.00579490207184336
PTGIS,-0.005796619424007293
SPOCD1,-0.005799363123151955
RPAIN,-0.00580453253672265
AL592429.2,-0.005805552806765731
RAB6B,-0.005806631608039952
AL512625.1,-0.0058152532046649285
FBXO44,-0.005818849524868673
DCT,-0.0058205258071971746
ITGAL,-0.0058216326353545565
ZNF75D,-0.005823278863969709
C16orf52,-0.005824199744487549
GNB1,-0.0058247551253916095
SCN8A,-0.0058307043681147235
AC019171.1,-0.005831576449428766
C4orf46,-0.005832841540705846
GTSF1,-0.0058353746797222975
PNPLA4,-0.0058381328125874515
AC003070.2,-0.00584687004675385
ARMH1,-0.005847243043100858
COA8,-0.005847645316794923
METTL12,-0.005847656165659669
AC074117.10,-0.0058483111599502684
SEPP1,-0.005849785148027701
PIGG,-0.005850121210966038
IL12A-AS1,-0.005860022297456028
HIST1H2AJ,-0.005861783859917238
MSC,-0.005862774038218388
DDX23,-0.005867170353818851
AC233755.2,-0.005868865681149814
AC010185.1,-0.005869301617650115
WWOX-AS1,-0.005869452734726882
MRPL28,-0.005876363971147485
AC092835.1,-0.005879050259934157
AC103724.3,-0.005883052693464342
SIGLEC15,-0.005883577996301493
NR2C2,-0.005883827088313069
AL109627.1,-0.00588429632193811
MAP1LC3B2,-0.005886019658871369
AC097534.2,-0.005886834243729402
SPIN4,-0.005892075492612868
TSNAX,-0.005893276662647285
P2RX1,-0.005894626258923502
FRMD8,-0.005897846947095158
NRN1,-0.005898951321405354
CYP4X1,-0.0059039345745480745
TTC30A,-0.00590910989442168
OXGR1,-0.005910474511484445
TMEM101,-0.005916057024969762
SCML2,-0.005916287676170283
ZNF528-AS1,-0.005920582639883295
F5,-0.00592156119552485
LOXL3,-0.005922115931659633
KSR2,-0.005922714779823874
EBF4,-0.005927750962182585
SMIM11A,-0.005928092179307352
DENND1A,-0.005931117607800008
AC107959.1,-0.0059330643181901375
THY1,-0.005934608596301153
ZRSR2,-0.005938047173969237
TSSC4,-0.005941467464184621
AC130324.3,-0.005942992066360445
GTPBP8,-0.005946196439371938
TRMT2A,-0.005948811370625035
UBE2D2,-0.005952346362412523
AURKB,-0.0059563309039128345
AC011450.1,-0.00595652619530135
RBFOX1,-0.005957023928068407
ENTR1,-0.00595759938138979
MYMX,-0.005958347377144739
AC026803.2,-0.005959635283501269
HLA-DQB2,-0.005960655867459076
AL117336.1,-0.005963711132914339
TRUB1,-0.005965983788820981
OPA1,-0.005967341296404136
AC011445.2,-0.005967769343675657
NDC1,-0.00596927810058143
VEGFD,-0.005970268459972284
AC006946.2,-0.005972480125179419
NEU4,-0.005972541949636852
PLGLB1,-0.0059735497784719465
AC010883.1,-0.005974158845725444
RSAD1,-0.005979590414866879
AC006942.1,-0.005985725340220129
ST7-AS1,-0.005985932417650992
DLG3-AS1,-0.005987266447301315
MRPS21,-0.0059934463071903464
AC008735.1,-0.005994934476845595
PTPRD,-0.005997412161933209
AL353194.1,-0.005998424350210838
FAM105A,-0.006001252820256947
AC091045.1,-0.006003159514620422
LINC00663,-0.006004585730436496
PHF14,-0.006005312151507743
RP11-48B3.4,-0.006006763566069867
RORA-AS1,-0.0060090488781951125
TEX26-AS1,-0.006011494049863714
SH2D3C,-0.006014772229318884
ZBED2,-0.006016092011421106
AC008608.2,-0.006017380040624862
AC008443.1,-0.006018209339870202
GMPR,-0.00601858526840678
AC008264.2,-0.006022366001681852
PATZ1,-0.0060226012080273235
SHPK,-0.006023441918627368
AC005476.2,-0.006025009524352729
EXOC3L2,-0.006036864514346254
PDZD4,-0.0060384191470787205
DYSF,-0.006038506018190203
MRPL34,-0.006045103800049015
ZNF761,-0.006045926822325655
LINC01671,-0.00604788661225328
AC092902.6,-0.006048102633790869
AL589935.1,-0.006049398942387374
FKBP9,-0.006049445460485129
MCMBP,-0.0060506565673594925
AC092718.4,-0.006053350181206722
Z84485.1,-0.006056699076413368
AC004492.1,-0.006063885780956945
OGFRL1,-0.006065820947093211
SLC26A1,-0.006066511440832571
FUT9,-0.006069502132477881
SCNN1D,-0.006070160061945338
AL354872.2,-0.006070274436898204
NIPA1,-0.006071219474001695
TNFRSF18,-0.006074326173013383
AL354766.2,-0.006076811645823972
FLI1,-0.006078182264405484
SERPINH1,-0.006079999928428992
AC040977.1,-0.006080505870240105
GJA4,-0.006080806248933099
RAP1GAP,-0.00608116967974822
EN1,-0.0060824950823689305
TRBV21-1,-0.006085716386064804
EIF4E,-0.006087978692434102
VIPAS39,-0.0060939207246189534
TRIM6,-0.006094834040841884
EIF2AK3-DT,-0.006096208188294249
CUBN,-0.006096554758072481
ACO1,-0.006096582716222104
TRHDE,-0.006096665889103831
PCDHGB1,-0.006096667699833572
COL6A6,-0.006103545511890499
ITGB1BP2,-0.00610370353758748
TEX48,-0.00610415541210285
PHACTR3,-0.0061056533887049345
ZNF599,-0.006106141960700294
HMGN3,-0.006110103094907916
AC009570.1,-0.006110210424571544
HMX3,-0.006114074737439569
IGKV2-24,-0.006119302240951658
RP11-347C12.10,-0.0061242955777974705
RPP40,-0.006124436223083335
AP000919.2,-0.006128982587324461
AC068790.9,-0.006130496411759971
CLDN16,-0.006131766472067529
ECSIT,-0.006133600588602497
HLX-AS1,-0.006134216207580575
PCDHGC3,-0.0061353396258694865
YAE1D1,-0.006137337138029553
AASDHPPT,-0.0061380721578485
AL357079.2,-0.006139438244517227
AC007405.1,-0.006150113299325181
DNAJC9,-0.006150597071727501
AC112254.1,-0.006151206973873554
KANK4,-0.0061565113051550635
ZNF197,-0.006156703229271623
GLTP,-0.0061571425386867116
CHRM2,-0.006160080248927181
CTBP1,-0.006164422189484387
LPIN1,-0.006167872754422799
ARHGAP15,-0.006169922990606909
LEF1-AS1,-0.0061704513962881555
LINC00299,-0.006172736367945067
AC003681.1,-0.006176081540139653
NNAT,-0.006177020940003244
AC106028.4,-0.006177691813602038
ABCG2,-0.006182842594032456
LINC02489,-0.00618292468266998
FOXI3,-0.006190991172675431
SYT16,-0.006192525770041396
AC005540.1,-0.006193614599781955
IGLV8-61,-0.006196080451739427
AC093635.1,-0.006197383245655185
PRC1,-0.006199056720070199
TOX2,-0.006206232313764456
LSMEM1,-0.0062073407306164645
HNRNPA1P48,-0.006207693573507828
FAM171A1,-0.006208436575756494
NCK1,-0.006213628912290118
AC005050.3,-0.006213955595046421
GCNT1,-0.006215091797920282
SLC66A1L,-0.006215178366666989
TRBV4-2,-0.006216827331902803
TRBV25-1,-0.006221533066619821
AP006623.1,-0.00622243061299215
SNCA,-0.006222613835654342
TGM4,-0.006223707168566423
DFFB,-0.00622473636147436
LINC01585,-0.006229047994973967
HIGD2A,-0.0062400232723488335
AVIL,-0.0062435686104114
P3H1,-0.006243734360470073
ITGAM,-0.006244871807699673
SLC25A38,-0.006246175724321858
TET1,-0.00625007468423141
RYR2,-0.006254515125862424
AL392086.3,-0.00625687744843027
ORMDL1,-0.006257185309365678
PDCL2,-0.006259243648674025
TCEANC2,-0.006260234438299336
SIGLEC14,-0.0062612095075236735
TRBV20-1,-0.006261471989144025
ZFP28,-0.006263885563725483
PLAAT1,-0.006273806021459398
AC006299.1,-0.006277597943120684
POLE2,-0.006277953688412831
HSPA1B,-0.006278563112924235
AC127164.1,-0.006279606739123553
RTP5,-0.0062796623504139115
RAB9B,-0.006287148657646507
SIRPA,-0.0062874668928011865
AC119403.1,-0.006295062908440883
ALG1L2,-0.006295119744608165
KLRC4,-0.006295538937841702
DRAXIN,-0.006296137527953997
BCHE,-0.006296954572783052
P2RX6,-0.006301919802321069
SCN5A,-0.006306774358931532
DAPK2,-0.00630826560752834
SLFN12L,-0.006312674042474092
CILP2,-0.006318792593165008
IGHV4-31,-0.006328843112832707
ABCC5-AS1,-0.006330677394854535
KCNK12,-0.00633087182351888
SLAIN1,-0.006331739596477886
NOL8,-0.006332617138445012
FPR3,-0.006334374967776233
LINC01144,-0.006337234051847367
AL161937.1,-0.006340515625444806
ZDHHC8,-0.006340809821688704
EIF2AK2,-0.0063451048758912335
ZNF629,-0.006347465525155882
VDAC1,-0.006349542226670748
SNTG2,-0.0063538418919649635
AL109936.2,-0.006354188626229767
ZNF624,-0.006355597713950418
RP1-198K11.5,-0.006355845559607529
AC034102.3,-0.006358335612133821
IGKV1-17,-0.006358718403429494
STARD5,-0.0063640886205372955
MIR3936HG,-0.006366207988761461
LRRC16A,-0.0063686074813731515
TUBA4A,-0.006372982333733208
AARSD1,-0.006375013281844849
RHOJ,-0.006378867322268258
AC008556.1,-0.006380043927654549
AL357033.3,-0.006380915224209774
HBQ1,-0.006381805351587285
NRGN,-0.00638372142653017
FHL3,-0.006384885995373919
AC091053.1,-0.006393076076999541
CXCR6,-0.006393358022370226
FASTK,-0.0064004641278899
FBXO16,-0.006401133393470372
OMD,-0.006401909608610827
AC090559.1,-0.006406152388184251
VPS29,-0.006414846465131275
TRMT44,-0.0064173229148778
AC083799.1,-0.006420444706835909
NPBWR1,-0.006422868768597187
SLC6A18,-0.006424435975119595
AL035461.2,-0.00642529516204714
AC107214.1,-0.006426135132293153
STK10,-0.006426137648139784
HOXD13,-0.006428019467640854
ACD,-0.006428516412567299
HORMAD2,-0.006429414004805042
DCAF11,-0.006430717738370277
AP001094.2,-0.0064316893166200435
HOXA6,-0.006436226336406673
MBD4,-0.006438812634630237
CACFD1,-0.0064388689569425065
NUP93,-0.006438884766310395
PNMA8C,-0.006440352415989484
STAG3,-0.0064411382327499555
FGF14-IT1,-0.006443288426519349
H3F3C,-0.006451988267333406
NTRK2,-0.006452695184713164
YJEFN3,-0.006453634552577189
MTUS2,-0.006453867235374024
RAVER1,-0.0064542040299670565
CXCR2,-0.0064566200204757875
LINC01146,-0.006457270212216507
KIF17,-0.006459323563389901
PAQR5,-0.006460595433589295
ENTPD1-AS1,-0.006463063616520189
HEBP2,-0.006464365451429526
SMCR5,-0.00646511241488943
IPCEF1,-0.006465541729452988
AL121574.1,-0.006466795528758334
IGLV3-19,-0.006467890740485431
ATPAF2,-0.00647022919344709
ZNF92,-0.006480809792507815
AC138123.1,-0.006481877147479715
AL137796.1,-0.006486218888596855
LINC00900,-0.00648815518316418
TDG,-0.006488860473865674
CXCL9,-0.006489754462482157
FOXD2,-0.006494548009489891
WBP2,-0.0064972768642320025
LINC02014,-0.0064983426978774805
ZNF845,-0.006498698309479942
CU634019.5,-0.006502095340576969
TM2D3,-0.006505712891867753
LINC01659,-0.00650571966942572
LINC01852,-0.006509198623310301
ANO8,-0.0065123776344307785
CNIH3,-0.006516784711864887
CAMK2N2,-0.006518130136210976
ITK,-0.0065294925326067265
NSRP1,-0.006530843607275669
CLEC2D,-0.006531713738073002
TTC32,-0.006535837648853056
SARDH,-0.006538934624999317
AF131215.2,-0.006539778474541146
SLC35E2A,-0.0065403667270293895
AC007686.3,-0.0065452790646718375
AC022167.4,-0.006545335572885201
GPI,-0.006545432631276759
AC053527.2,-0.00655248738350795
UBE2E1,-0.006553272617126484
AC131011.1,-0.006554636191857518
HMBS,-0.006556051442294996
RP5-882C2.2,-0.006556730028490153
CD84,-0.0065605759973961075
TRA2B,-0.006561143686582697
RPRD1A,-0.006568266388353677
CYP4F22,-0.006569807396598849
HSD11B2,-0.006572986309277891
AC026341.1,-0.0065793967247606685
FBXO3,-0.006581492612098976
AC234772.2,-0.00658290488931333
OSTC,-0.006585196362137978
S100A5,-0.006587010678704884
RP11-815M8.1,-0.006592938706805463
EIF4EBP2,-0.006593477226890593
AP000777.2,-0.006593521961239877
CLCC1,-0.0065944397240896855
SP9,-0.00659658813102108
USP21,-0.006599784308637736
CARD17,-0.006603095442372357
RBM20,-0.006606429996846723
HAUS8,-0.006606895517908101
CDH23,-0.006607985436866594
AP002495.1,-0.006613153602326494
HMG20B,-0.006614244014135872
PCDHGB6,-0.006616044490538881
LINC01619,-0.006617798538300597
FREM2,-0.006618105022627952
TMEM54,-0.006618992305543653
LGR5,-0.006619401065462712
ATP6AP1L,-0.0066246255316199645
CUZD1,-0.0066249110761235205
TRBV5-1,-0.006626764111202132
USP12,-0.00663719834160848
SRL,-0.006637537948201024
EWSAT1,-0.006642937295831708
ADAM29,-0.0066467466558489076
TTLL13P,-0.006647718324418095
RMRP,-0.0066546901280916
DAND5,-0.006654822568694032
SPATA9,-0.006655956540686503
LINC01537,-0.006664114981511951
AL356356.1,-0.0066682175343428865
LRR1,-0.006670927924084485
BZRAP1,-0.006671708591452897
CEP131,-0.006677135615893884
MANCR,-0.006677496088534845
KIN,-0.006679645418722973
LINC02609,-0.006681631206250394
AC069513.4,-0.006682511063878335
FDX1L,-0.006685831620392031
ZCCHC12,-0.006687553006506875
IL17RD,-0.006689920759207856
AC078850.2,-0.006691109769144761
FGFBP3,-0.006693253050637502
BAP1,-0.006694085409566653
SLC28A1,-0.006694273078513001
AC015912.1,-0.006698373813253007
HS3ST5,-0.006699336345168786
CPLANE2,-0.006699729626597363
AC127526.2,-0.006701928059789955
AC004812.2,-0.006702719886824387
CDH22,-0.006705796761780846
CNN1,-0.006707291260863995
BAK1,-0.006707654499251914
MINA,-0.006708718273355571
HACE1,-0.0067105923600839215
VPREB3,-0.006714540916240298
RP11-567M16.6,-0.006715247734374577
MYL3,-0.006715734323780679
ESR1,-0.0067174307628502725
AC036214.4,-0.006718712107431021
LINC01550,-0.006720215732547475
SVOP,-0.006729024650143022
DENND2D,-0.006729844499352239
MCCC1,-0.006732665065309281
PODXL,-0.006734264102534238
C1orf112,-0.006735406226318931
THAP1,-0.006742997115772526
DGCR9,-0.006743453476788247
LINC00853,-0.006747560095938281
CTD-2325P2.4,-0.006748499790804518
SMC1B,-0.006760057932879664
NTNG1,-0.006760744804351308
AC018697.1,-0.0067634364231684485
NOS2,-0.006765970403474959
HPSE,-0.0067663759805551196
AP001062.1,-0.006770281538990225
RP11-16E12.1,-0.006772582830693023
AC011379.1,-0.006774884451744531
TMEM155,-0.0067754600507881025
GNPTAB,-0.006780054149887553
ADAMTS9-AS2,-0.006784580395808613
SCN4A,-0.006784919723789015
AL627171.1,-0.006786859765975781
RNF4,-0.00678834515428877
AC069148.1,-0.006797850667241959
MYOT,-0.006798866437780424
PLAAT4,-0.00679987572271955
CISD1,-0.006800944196357156
AC092720.1,-0.006803898429829766
GAD1,-0.006807518124026804
RP11-356J5.13,-0.006807689979379517
MAPK8IP2,-0.006808381106053472
AC025449.2,-0.0068094869037138225
MUL1,-0.0068103564292474085
JARID2-AS1,-0.00681151530555426
ZNF556,-0.006811613944885595
ADRA2B,-0.006812140016807981
SERPINB5,-0.006821282901608616
CTRC,-0.00682199076322827
C18orf65,-0.006822081914658746
AL355075.3,-0.006822223271149899
AC087491.1,-0.0068266190162156945
SHISA3,-0.006827372086984718
AC008467.1,-0.006828391816992777
SLC38A11,-0.006833311485826523
AC084262.2,-0.006835531854871731
DEPDC1B,-0.006836568893577809
AC018607.1,-0.006837841427787256
IMPACT,-0.006840707009499885
CCDC97,-0.0068419168069607005
PPP1R18,-0.0068442612960583505
ELOVL6,-0.006850740942377202
CORIN,-0.00685279654659065
AP001992.2,-0.006856307592644009
AC083900.1,-0.006860305120196248
PQLC3,-0.006862989629785128
ARHGEF37,-0.006863648430979702
AL513166.1,-0.006866463229102134
TMEM255B,-0.006867426827878423
AC068492.1,-0.006869186690448784
AC068790.7,-0.006871097068621476
RHOT1,-0.006877737733105923
CCT3,-0.006878794652120864
AC005050.2,-0.006881151034781592
AC026748.3,-0.006882269511107588
ORM2,-0.006883072789119145
AGMAT,-0.006886821387938068
AL118506.1,-0.00688759756528611
GJA9,-0.006887697381013373
AC026124.1,-0.006888000034826763
HMGCS2,-0.006888124303458627
AC245041.2,-0.0068882138199320205
FGF14,-0.006889516981228071
NKD1,-0.006896076180073344
RP11-45A17.2,-0.006897330262503009
ILDR1,-0.00689842712624097
ZNF611,-0.0068986205414390475
SRSF1,-0.006899044881584267
AC113382.1,-0.006900290854727999
TNFRSF9,-0.006905761907813997
WDR33,-0.006906705249760333
PRTN3,-0.00691549330233917
RP11-521B24.3,-0.0069180071725001195
FAM71D,-0.006918469423062447
TRIML2,-0.00692270313160586
SCAMP5,-0.006923328910888795
EMC1-AS1,-0.006924439287199995
SNN,-0.006926538074943983
MTRNR2L11,-0.00692900081447266
CYP4A22-AS1,-0.006931483205442422
ITLN1,-0.006933744053411866
COQ8A,-0.006934241081731597
LY6H,-0.006936421588940412
ZNF763,-0.006938689811401356
SUCLG1,-0.006939129946444606
AC018413.1,-0.006941310084261163
AL035665.1,-0.006943433444360213
DDX39A,-0.006948331590358166
ZNF341,-0.006950562750392666
SLC35E2,-0.006951574093948187
CLDN14,-0.006954255597444741
SLC25A28,-0.006955304023789018
TKTL1,-0.0069576962046332975
PCDHGA6,-0.006963553762521918
AC073569.3,-0.006964753109079383
PHOSPHO2,-0.00696630985570982
KIAA1462,-0.006969631827356822
EIF3G,-0.0069708556729554585
RP4-816N1.6,-0.0069708834955149734
LMOD3,-0.00697127979544345
LINGO2,-0.006974124939459276
AC005696.4,-0.006975069411669937
SV2A,-0.006976176689012051
FOXO4,-0.00697712697607005
DNAJC9-AS1,-0.006978224027144986
IGFL1,-0.00697910228212197
CNGA3,-0.0069807885198237395
RASA4B,-0.0069812437064548935
AL355312.3,-0.00699140056724336
CCDC116,-0.006994528904382073
AP000759.1,-0.006996172858446723
C11orf45,-0.00699620163429877
LINC01127,-0.00699773864745018
ITPK1,-0.006999050692140344
NUAK2,-0.007000404188564037
APEX2,-0.007002320608034467
SLC24A1,-0.0070036402469862554
VPS16,-0.007009716827919461
RP11-81A22.5,-0.0070108589717880745
FOXO3B,-0.00701250229520718
LRRC24,-0.007012958776854074
AC011466.1,-0.0070153410111037035
AC008105.1,-0.007020096134909308
ISOC1,-0.007021142749936942
FBXO30,-0.00702280903626163
RAB1B,-0.007026013880102421
IGF2BP1,-0.007026638620262918
RP11-263K19.4,-0.007033661587081362
CHGB,-0.007034708836982269
TMEM74B,-0.007035992653201201
AL357140.2,-0.007038752792385009
RGPD2,-0.007039671925353347
ZNF221,-0.007040481588371589
AC006042.2,-0.007041159111247758
MIS12,-0.007043628437103935
RP11-829H16.3,-0.007043656333947123
IGKV1D-12,-0.0070459977101607705
RP11-91I8.3,-0.007046236356317177
FEM1A,-0.007047156671327769
TFAP2B,-0.007047578198673577
PITX1,-0.007048472263139303
AC007566.1,-0.007050159445951269
SULF2,-0.0070533865272157355
ADCK4,-0.007055937687830903
DHRS11,-0.007056962875676309
RP11-293A21.1,-0.007057016634789667
RP11-195F19.9,-0.0070573404783575
RP11-138A9.1,-0.007057929921495706
FAM208B,-0.007059963047760037
ARMCX6,-0.007061610864691165
ARHGAP10,-0.007063905514359237
DACT3-AS1,-0.007064680913791288
GDF11,-0.007069508465558434
SRRM4,-0.007070491222121096
NUDT19,-0.007071739794425607
SNHG10,-0.007071880844354107
AC025569.1,-0.007080007704585618
AC068733.3,-0.007081074561329407
CCDC136,-0.007082154967990109
TAFA3,-0.007082302053893195
AC007878.1,-0.007083890630302119
TRBV12-3,-0.007084724033969763
FRMD4A,-0.007089474636806476
RBM11,-0.007095390925665854
MACORIS,-0.007097203961727783
LINC01290,-0.007097366053709197
ARMCX3-AS1,-0.00709778541048749
PODN,-0.007100495011213048
IGHGP,-0.007100972661409582
SNCAIP,-0.0071038857725922696
AC022387.2,-0.007104235821081486
RNASEH2B-AS1,-0.007105376600128278
AC119800.1,-0.007106783329080295
CENPV,-0.007112029634010629
RP11-806H10.4,-0.0071124022305539885
LINC00094,-0.007112749254816974
LL22NC03-2H8.5,-0.007116786945384115
AC119427.1,-0.00711865328608133
ING5,-0.00711880436806761
AL096870.6,-0.00711957898624804
AP001462.6,-0.00711983934370419
AC010186.3,-0.0071218916329914474
AC025175.2,-0.007122319491297552
TRIM22,-0.007123028146777506
RP11-138P22.1,-0.007125187980673429
TMEM255A,-0.007131532584053971
TMEM72-AS1,-0.007132310516106739
MMS19,-0.007136213722385515
C8orf4,-0.007138227676053729
MAP3K6,-0.007139846393175726
AC012313.7,-0.007142705448229898
SAMD11,-0.007144037628331556
LINC02593,-0.007145171375396257
AC020558.1,-0.00714604423038383
CASTOR3,-0.007147847906425243
FNDC5,-0.007148176511796366
NRN1L,-0.007148731419263261
FXYD2,-0.007149790388738325
AC012368.2,-0.007150919407389205
CTD-3001H11.2,-0.007151131008576284
SPRY1,-0.007159553853644286
RP11-385F7.1,-0.007159931866540908
AC018647.3,-0.007164394527769697
ERMAP,-0.007164860760347953
SYN3,-0.007166659788707516
REP15,-0.007166939262612562
FGF5,-0.007170440589675313
SIMC1,-0.007175478315989233
CCDC28A,-0.007179525905486173
BAHCC1,-0.007184426595044018
LINC00092,-0.007184749517614165
PCBP2-OT1,-0.007191171665916324
AC025031.3,-0.007191566760796175
C22orf46,-0.0071924216196284085
FBXW5,-0.0071931296697447175
TRIM52,-0.007193892853277514
TGFBRAP1,-0.007194709495069143
AC007773.1,-0.007194942214148591
CTB-119C2.1,-0.007195270045263705
CTC-529I10.1,-0.007195878650488473
LINC01118,-0.00719593395019558
AC011330.2,-0.0072026858401175765
AC142472.1,-0.007205138602659788
AL022328.3,-0.007207240002145464
AC254633.1,-0.0072105735717071465
EEF1E1,-0.007212553430924966
C16orf62,-0.00721271937629979
CCN3,-0.007215103254069589
AL135818.1,-0.007216085899380794
AL121672.2,-0.007217634192639425
CD33,-0.007217863050573528
ATP7B,-0.007219851295047737
AC016949.1,-0.007220504036132342
AC012668.3,-0.007221004446977578
RP1-315G1.3,-0.007223172865373462
AP005432.1,-0.007223616123977124
AC024941.2,-0.007223658783169554
NEU3,-0.0072244711171275495
FADS6,-0.007228570388095589
LINC00294,-0.0072345556486886255
SLC7A11-AS1,-0.007236557241176814
AC105760.2,-0.007236634248859868
LINC00691,-0.007238008303845278
RP5-864K19.4,-0.0072407041075831366
AL137857.1,-0.007242613578534722
TMLHE-AS1,-0.007245427336021955
MPHOSPH10,-0.007245601524487641
AL391988.1,-0.0072477945808915025
RP11-318A15.2,-0.007248311408001314
AC073611.1,-0.007248726334122758
SH3RF3-AS1,-0.007251252397110403
AC005674.1,-0.0072545793278419495
HTRA1,-0.007254887966511236
AF127577.3,-0.007256063468759321
AC124852.1,-0.007256310365771281
SRRD,-0.007256489273223018
AP000357.2,-0.007257995357180752
RP11-192H23.6,-0.007258673160787277
LINC02391,-0.007259411165738414
AL139423.2,-0.007261855812536245
TSSK4,-0.007264643619082405
AIM1L,-0.007265470516649887
AC010148.1,-0.007266389633801248
PCDH11Y,-0.007266600294857613
AL359924.1,-0.007269558787551557
FAM166A,-0.00727008641779396
TMEM147,-0.007270680190607084
PRR4,-0.007274767863720118
MTA2,-0.007275679727406292
AL137230.1,-0.0072760092459500355
CTD-3010D24.3,-0.007276175969910769
PARP12,-0.007276574368028156
DCAF4L1,-0.007277457666914365
CNR2,-0.00727788348938572
CYP4F26P,-0.007278117208420485
TRAV23DV6,-0.007282572075832289
B4GALNT1,-0.007285629780115344
LINC01914,-0.007289620803174458
AL591806.1,-0.007290192456394022
RASL12,-0.007290231864397447
RP13-401N8.1,-0.007291393072341993
RP11-293M10.6,-0.007294086891632815
AC104066.4,-0.007295289510066461
AGFG2,-0.0072970348481417235
EPGN,-0.007298198599862815
AC004988.1,-0.007299419990641689
AC055822.1,-0.007299464041663456
PDE6G,-0.007301551534445882
AL136456.1,-0.007302187171517768
LINC02198,-0.0073022530044960276
AC012464.2,-0.007303734203110775
AC104024.1,-0.007303917143476294
RCE1,-0.0073048119886004945
CCL3L3,-0.007305497271733837
AC010240.3,-0.00730631634204754
PRELP,-0.007306991473374449
AL353596.1,-0.0073112141496762826
CRTAC1,-0.007311959438677392
AC009950.1,-0.00731363547847613
TWNK,-0.007314227829325177
LINC02298,-0.007314363843333303
NUGGC,-0.007318141983700237
HTR2B,-0.0073199158310398044
RP11-114M1.1,-0.007320528185815426
KCNK4,-0.007320884472056467
ME1,-0.007323314145994388
AC246817.1,-0.007323632171928216
MLLT4,-0.007325254311897455
LINC01444,-0.007327101982908353
KDF1,-0.007327910901316491
AC007292.1,-0.00732973671155945
FOCAD-AS1,-0.007332252951960928
KYAT1,-0.00733321813175319
AC093802.1,-0.007333927900317319
AL138899.1,-0.007334531922121633
CTD-2006H14.2,-0.007334564952124437
KRT32,-0.007336077973358599
LINC01331,-0.0073364933752862954
C17orf98,-0.007336627119472303
AC005614.1,-0.007337449032375951
FAM127C,-0.007338153146405895
RP11-713M15.2,-0.007338273503001182
NRAS,-0.00733864104410213
LINC00519,-0.007338964971386855
PTGFR,-0.007340608193877072
ABHD11,-0.007343079662375199
IL2RB,-0.007344069580103423
ZNF788,-0.007344786044167646
CRH,-0.007346325922992463
INPP1,-0.007346386053911886
PRH2,-0.0073465431875512155
AC106845.1,-0.007348306408236849
AC009093.6,-0.007348347677308275
WBSCR17,-0.007348575577722209
THAP7-AS1,-0.007349233480288842
CCN4,-0.007350537192035081
IGLV1-40,-0.0073528295339601365
VHL,-0.007353077001976945
GPR150,-0.007353310753039891
CTD-2517O10.6,-0.007353551744386944
ZNF81,-0.00735403365704207
LINC00618,-0.007356791913696359
AC011899.2,-0.007357042900931485
C17orf75,-0.007360266133606668
RP5-832C2.5,-0.007360285200994117
NPHS1,-0.007362291725811999
OSGEPL1-AS1,-0.007363160648794807
AC005618.1,-0.007364009096812997
TMEM151B,-0.007365041444251973
LINC00390,-0.007367973604149447
AP001350.1,-0.007368599111451165
LINC02325,-0.007369194825582976
NKAPL,-0.007369457179930037
AC012370.1,-0.007369590934481058
RP11-77H9.2,-0.007370902968671326
GPR42,-0.00737236026296819
C17orf96,-0.007372470311633616
RP11-89K10.1,-0.007372788297462281
AL049780.2,-0.007374638263904593
AC093866.1,-0.007374642465458395
C6,-0.0073760795217442015
CYP2A7,-0.007376086228009898
AC069277.1,-0.007377791120729836
SLC25A25-AS1,-0.007378321364885061
AP001160.3,-0.00737853667911408
LINC01209,-0.007378599103837099
GPR25,-0.007380840351076193
AC005280.1,-0.007381872486696012
CLEC4G,-0.007381920139683732
AL713852.1,-0.0073820440411398
LINC00968,-0.00738226915693154
MAT1A,-0.007384601851889539
RP11-775D22.2,-0.007384938028902359
NCBP2L,-0.007387977588668328
TRIQK,-0.007388495882439505
RP11-596C23.2,-0.00738949554340839
AC090616.2,-0.00738949554340839
AL357078.2,-0.0073897487362863945
LINC00626,-0.00739178995848814
RP5-1158E12.3,-0.007392057104094838
NPPA-AS1,-0.007392057104094838
AC016405.1,-0.007393949702121099
AC011446.3,-0.00739548983513672
AL136962.1,-0.007395928130174491
AL356056.1,-0.007397489798435929
ITIH5,-0.007398859302607525
NPIPB12,-0.00739992722550979
AC106881.1,-0.007400560899539068
RP11-727F15.12,-0.00740714149836526
RNF219,-0.007407387823509971
ZNF835,-0.007408688693106452
AC124276.2,-0.007408753500982996
LINC02240,-0.007410300354435654
PDIA5,-0.007411175240692955
AC083967.1,-0.0074114684659323925
AP000894.4,-0.007411542897535655
NUDCD1,-0.007412095494353666
RAET1E-AS1,-0.007412400512468315
AC079322.1,-0.007413045722313475
RP1-193H18.2,-0.007414110711707306
AC079848.1,-0.007414280883142908
AL133215.2,-0.007416216170033769
RNF224,-0.007416953224479085
IDO1,-0.0074176450735396835
TMEM56-RWDD3,-0.007419460305846714
LL21NC02-1C16.2,-0.007421716736395851
AL008628.1,-0.007421943148829009
DHRSX-IT1,-0.007424814562184288
MTERF1,-0.0074258193595483765
RP11-157P1.4,-0.0074270839298051115
APMAP,-0.007427095187503246
AC090229.1,-0.007428107271817032
RP5-1068E13.7,-0.007428269858855597
SPATC1,-0.007430141915842379
AC036108.3,-0.007431163199398096
CHRNA5,-0.007431383757905132
UBE2E2-AS1,-0.007431890536768386
CFAP97D1,-0.007433493183235109
SPAAR,-0.007437603439431187
TGFB2-AS1,-0.007437752533639524
CLTCL1,-0.007438836420050698
AC022306.2,-0.007439154250698421
AC010980.1,-0.0074398485772780186
RP11-295I5.3,-0.007440313607840999
HOXA7,-0.0074407753826383274
NUDT2,-0.007442056765839315
AC009501.4,-0.007442252284741916
RP11-159D12.5,-0.007442851795674793
CYP1A1,-0.007443119198450515
LRRC15,-0.0074437330530234954
CH17-360D5.2,-0.007443766705728514
MN1,-0.007447363907200223
WAC-AS1,-0.007447424615290387
RP11-416I2.1,-0.0074480349165709815
RP11-686O6.2,-0.007450086918096334
STEAP3-AS1,-0.007450247173785689
ASAH2,-0.0074503405798816685
SIAH3,-0.00745084628534146
KIF26B-AS1,-0.007451533038116145
ACRC,-0.007451771969437296
AL139220.2,-0.0074526265858225575
RP11-350N15.5,-0.007453026362242682
RP11-803D5.4,-0.007453026362242682
TCEAL7,-0.007454044818166868
AL022341.2,-0.00745419489910674
RP11-211G23.2,-0.007454694562636174
COL5A2,-0.00745512583096754
REPS2,-0.0074553524827069215
CTB-25B13.12,-0.007457215300816073
FAM65B,-0.007458477786427297
CRIM1-DT,-0.007459756184184724
AC079336.2,-0.007459983686111157
AL731569.1,-0.007460518127706033
SPP2,-0.007460821104019214
PCDHGB4,-0.007461310750343912
AC132938.3,-0.00746131745199627
AC008532.1,-0.00746296025108797
AC006116.8,-0.007463331071309337
RP11-760H22.2,-0.007464592631724518
GAS6,-0.007464928603506991
RP13-131K19.6,-0.00746559801670841
PDCL3,-0.0074667892895096686
AC006115.2,-0.007466885405567235
FRMD3,-0.007467013279476402
UBQLNL,-0.00746717373262148
RP11-11N9.4,-0.0074672366597034025
LINC01511,-0.0074676552681513094
AL731533.2,-0.007468203432290943
AL133410.1,-0.0074689514903114014
FUNDC2,-0.007470642291414553
RP11-147L13.13,-0.007470958860489853
RP11-465N4.5,-0.007471547687161467
RP11-798G7.6,-0.007471555129401076
AC025165.2,-0.007472228397580008
PCAT14,-0.007473260318266323
KCTD16,-0.007474199429230265
LINC01521,-0.007474782450915378
FAM85B,-0.007474924079607079
IFIH1,-0.007475566043697957
AC017033.1,-0.007476676709042329
ADAM20,-0.007476904725166369
OR2B6,-0.007477614197389198
C1orf233,-0.007477879231983164
WDCP,-0.007478898086663536
SHBG,-0.007479002195081044
AC115284.4,-0.007479449654657744
RP11-129M16.4,-0.007480178185824952
RP11-385D13.1,-0.007480178185824952
RP11-48B3.5,-0.007481582645912908
ALPL,-0.007481816515685255
C8orf33,-0.007484387042722967
LINC00162,-0.007485477255473843
PPIAL4G,-0.007485518727059147
RP11-97C16.1,-0.007486058037959214
RP11-428J1.5,-0.0074881946078105355
RP11-533E19.7,-0.0074881946078105355
RP11-126L15.4,-0.00748836518181103
CTD-2600O9.1,-0.00748836518181103
JAM2,-0.007488625087706208
LMNB1-DT,-0.007490363491786025
LINC01828,-0.007490514170552056
RP11-819C21.1,-0.007491483530673972
FAM206A,-0.0074920979160251165
FAM189A1,-0.007492190546720383
RP11-22P6.2,-0.007492419385878837
RP6-99M1.3,-0.007492419385878837
ZNF208,-0.007492960954360726
ANKRD52,-0.0074936999079109595
AC015712.2,-0.0074937759526359825
AC097468.4,-0.007494009248612738
L1TD1,-0.007494644574728714
AC113404.1,-0.007496057648223044
FAM21A,-0.007496057648223044
GATA1,-0.007496780459624515
AL513218.2,-0.007497021648317273
NYAP1,-0.007497054889137214
RP11-307C12.11,-0.007497769757371552
AC244153.1,-0.007498145336391773
LINC01517,-0.0074990767191237435
AC021755.2,-0.007499760624697703
AC002377.1,-0.0075003625669618264
RP5-892K4.1,-0.007500490588138466
AL451065.1,-0.007501142152757119
NKAIN4,-0.007502778216690546
LRFN2,-0.007503128834939798
RP11-326I11.3,-0.007503541456631194
LL0XNC01-7P3.1,-0.007504923869650867
Z93022.1,-0.007506885916946106
EXTL3,-0.007507043057044268
LINC01679,-0.007507075466939931
RP11-498C9.2,-0.0075073490202200825
RP11-345J4.5,-0.0075073490202200825
C10orf11,-0.0075089508501060215
RP11-420L9.5,-0.007509246702930306
KCNS1,-0.007509350350218661
TBX20,-0.0075100146373719215
AL353803.4,-0.0075102892301969985
HJURP,-0.0075113106927516505
AL590666.3,-0.007512011320109517
SPART-AS1,-0.007513608946169727
CALHM5,-0.00751434009397315
CTB-92J24.3,-0.007514817158625818
DNAJC25-GNG10,-0.007515323336540302
ISL2,-0.007515638130326633
GPR55,-0.0075156845499416
AC024361.2,-0.007516635653952743
AC008378.1,-0.0075167146709221215
AC133065.1,-0.007517172076847363
AC092580.4,-0.007517240486706186
GALNT8,-0.0075175681267032664
RP11-111M22.2,-0.007517779911918334
RP11-50I19.2,-0.007518193842801254
CACNA1C-AS2,-0.007518240214770376
AL450322.2,-0.007518295023797061
LRRC52-AS1,-0.007519139781208466
KB-208E9.1,-0.0075193442982142865
SENP5,-0.007519400974017597
CTC-241N9.1,-0.00751954800153936
MEIOB,-0.007519780348878281
AP003108.1,-0.00751995938812395
IGHV3OR15-7,-0.0075204986332944755
SFMBT2,-0.0075207411640295626
AL590226.1,-0.007520802398550578
AC135050.1,-0.0075208666009324255
MLLT4-AS1,-0.007520905638469135
AL157893.2,-0.007521071504955186
AC007773.2,-0.00752115939947986
RP11-200A1.1,-0.007521330015881904
NR1I3,-0.0075214603103724055
C1orf168,-0.007521527750375548
ARPC1B,-0.007521528468617224
RP11-1246C19.1,-0.007521946313329313
SERTM2,-0.007522260559172702
HSPB2,-0.007522342540817949
RP3-508I15.9,-0.007522424139130949
AC004490.1,-0.007522633493536539
NKX1-2,-0.007522875225785451
SMAD5-AS1,-0.007522936096936873
AC130888.1,-0.007523910493257597
AC003956.1,-0.007523915888537538
RP11-996F15.5,-0.007523998537311063
IDO2,-0.007524377585060042
AANAT,-0.007524467908245401
AFF2,-0.007525000980391873
AC141424.1,-0.007525820166905985
RP11-511P7.5,-0.007526016328894063
RP11-817O13.9,-0.0075260867268520625
AL031005.1,-0.007526122321102312
AC079790.2,-0.007526128666406235
ZNF80,-0.007526224956436133
RP13-890H12.2,-0.007526547683224633
RP3-388N13.5,-0.007527414483618773
LHFPL3-AS2,-0.007527533440370412
RP11-320M2.1,-0.007527715761649178
CERNA2,-0.007527794179421669
CTC-534A2.2,-0.007527836655680701
AC016590.1,-0.0075278652817238004
RGS4,-0.007527875183439693
CTD-2357A8.3,-0.007528074731617348
XXbac-BPG252P9.10,-0.0075288322813599805
RP11-134G8.5,-0.0075288322813599805
CCDC194,-0.007529337049608757
RP11-10C24.2,-0.007529453317403107
FLVCR1-AS1,-0.007529568231875914
AP006248.6,-0.007529755264365082
U91328.19,-0.0075299309480171195
LINC00936,-0.007530085988577999
DLK1,-0.007530143840840466
TSGA10IP,-0.0075301585352742124
AC124944.3,-0.007530261600052845
TRIM60,-0.00753035927201487
FAM134B,-0.00753035927201487
RP1-223E5.4,-0.007530437673412045
RP11-112J3.16,-0.00753064491030532
AC000403.1,-0.007530738805704208
LINC01602,-0.00753077796801204
ARHGAP29-AS1,-0.007530778789527051
DOCK4-AS1,-0.00753082882818693
RP11-480A16.1,-0.007530844830753062
MUM1L1,-0.007530899633112266
AL356515.1,-0.007530956174872773
CTD-3113P16.11,-0.007530967368573035
RP11-303E16.5,-0.0075310132594167195
RP1-86C11.7,-0.0075310132594167195
ZFR2,-0.007531056382872127
IGHV3-69-1,-0.007531061555231353
RP11-488C13.5,-0.00753108242377353
RP1-40E16.12,-0.007531121936455627
PLA2G2A,-0.007531124192349218
LINC01229,-0.007531141869085486
CTD-2528L19.6,-0.007531173495349483
KCNF1,-0.007531173495349483
CTC-444N24.6,-0.007531183411494736
RP11-440D17.3,-0.007531188302324371
RP11-734K21.5,-0.00753118933779921
PARVB,-0.0075325575035288155
ITGA10,-0.00753602740453117
SLC30A4,-0.007539578907051099
SLC4A4,-0.007540043827045071
RDH16,-0.007541147008474211
LZTR1,-0.007544564492714431
AL355999.1,-0.0075497366841427715
ATP6V0E2-AS1,-0.007550658704288752
DCAF16,-0.007552619693932119
BCL7A,-0.007553405613610168
COA1,-0.007554596670028995
TUBB4A,-0.0075546474756091496
USP46-AS1,-0.007557488263461041
HDHD5,-0.007562907635990709
KIF9-AS1,-0.007565427894028251
CCDC89,-0.0075674151936362954
ZNF710-AS1,-0.007567940610740599
FGF21,-0.007572437624549072
AC092745.5,-0.007572668657579661
AC090559.2,-0.007576007107803204
IGHV1-2,-0.007577613156147858
SETBP1,-0.007591177900502429
KLHL29,-0.0075947652980712195
TAB2,-0.007599726692321856
ZMYM4-AS1,-0.007600085216786832
ANKRD7,-0.007600194229284881
AL033543.1,-0.007604327883200174
AC012358.3,-0.007605333040840755
UBN1,-0.007608619785558302
CCER2,-0.007609313472342801
OLFM2,-0.0076096612321666125
SLC25A36,-0.007612981920443467
THBS4,-0.0076178298818465546
AL160408.2,-0.007618844481441702
DIRC2,-0.007621961415296934
SCT,-0.00762204864164523
SPON2,-0.0076264464793023125
UNC80,-0.0076276021306564065
SSNA1,-0.007632248949321784
AL049840.3,-0.0076354730811853296
IL1RL2,-0.00763567161902159
AC092155.1,-0.007636226116046517
IL19,-0.007638051922809668
ADCY1,-0.00764787032810574
AC239800.2,-0.007651751650173705
PKN3,-0.007654955173759304
DRD4,-0.007655908508834575
HDAC3,-0.0076571151770985
HPD,-0.007657847843546485
EML2-AS1,-0.007657920161908751
APRT,-0.007661877073369306
KRT79,-0.0076657139015122
LINC02570,-0.007665855598403234
LYZ,-0.007668143356006886
ZNF256,-0.007668422635207935
NOTCH4,-0.007670074257098085
DCAF12L2,-0.00767071315451118
AC008914.1,-0.007675832793397668
LRRC28,-0.007676100956421805
AC018445.5,-0.007679570467027815
RNF183,-0.007679858426828229
POSTN,-0.007680447511652409
BRCA1,-0.007681869705004388
LINC01132,-0.007682538062302023
BORCS8,-0.007683862164864462
NGB,-0.007684100016467041
OAZ2,-0.007688783744515856
TIGAR,-0.007691032544653037
CLDN6,-0.007692179841893284
SFTPD-AS1,-0.007694068551926193
MARC1,-0.0077000054372655035
SERTAD3,-0.007701899149199991
MPI,-0.0077028571880723325
TMEM183A,-0.007703745982666606
AL162586.1,-0.007707751039544003
LINC02688,-0.007708004540877198
UXT-AS1,-0.007712245693127404
FIGNL2-DT,-0.007713810727391925
TM6SF1,-0.0077180574248200285
AL356056.2,-0.007718182307342465
AC103702.2,-0.007719243430815801
AL034397.3,-0.00771925137132067
TFAP2A-AS1,-0.007720536150984881
PROX1,-0.007721826491749066
OXER1,-0.007729057519003446
FIGN,-0.0077296898742795165
TMPRSS6,-0.007735315166093533
TMEM108,-0.007739294733007635
CHRM4,-0.007740360592832878
AC068473.1,-0.0077412379612367445
SMIM15-AS1,-0.0077427285176785736
VAV3,-0.007747223465446718
CATSPERZ,-0.007749300357092876
STAC2,-0.00774997682487262
AL136090.2,-0.007751173724534598
C4B,-0.007751894997875226
AC105180.2,-0.0077532307440691854
AL356804.1,-0.007755301547326755
APOC1,-0.007755525829325036
SOX18,-0.007756266957388892
AC093928.1,-0.00775789828279202
ZNF385B,-0.007757903892945289
AL138895.1,-0.007761155021398596
RP11-262H14.3,-0.007761205649344391
AP000866.6,-0.0077626330609748325
ANXA2R,-0.007762901265050314
FGF19,-0.007765052269711728
LINC02106,-0.0077685971931284155
FARP1-AS1,-0.007774483502520982
FRY-AS1,-0.007776654941419009
HHIP-AS1,-0.00777755901903984
ABHD12,-0.007778223210268135
FTCD,-0.007779598204938163
NDUFS5,-0.007787232558722442
BOLA3-AS1,-0.007788520892035874
PRR19,-0.007788905000885258
BTLA,-0.0077955315549977965
TRO,-0.007796894302277521
SLITRK4,-0.007798713837491475
CSE1L,-0.007801651267197861
LINC02086,-0.007805094795219971
AC005363.2,-0.007808236038986156
INIP,-0.007808745990148772
POGLUT2,-0.007812041487250508
VPS33B-DT,-0.007812630803939033
ZNF830,-0.007816531986977841
NHEJ1,-0.007820018140726576
ZNF585A,-0.00782497669816013
RASGRF2,-0.0078255095447637
PHLPP2,-0.007829339067059297
CTD-2270L9.4,-0.007829675783462638
PEX5,-0.007829979092725413
C3orf18,-0.007831829702011708
BBOX1-AS1,-0.007839638462381388
AC079305.1,-0.007845200898402965
AL391807.1,-0.00784764530901835
STRC,-0.00784945800969523
AC068234.2,-0.007851648484155399
CNTNAP3,-0.0078537000030443
MAB21L3,-0.00785746622346443
TRUB2,-0.0078576302844592
CREG1,-0.007863961951924504
UPK1B,-0.00786478110663913
AL161729.1,-0.007864806457498917
ZFAT-AS1,-0.007867071976421542
BMT2,-0.007867466714446682
CTD-2015H6.3,-0.00786927118890427
AC243772.2,-0.007870791136842489
SBSPON,-0.00787249143970317
AC008035.1,-0.007873213506818553
CHRFAM7A,-0.007877031872174624
CPZ,-0.007877733065075403
SLC25A51,-0.007882690740472893
DNAAF5,-0.007882738689872172
CCDC34,-0.00788659977980607
AC022733.2,-0.007888715140646893
TMPO-AS1,-0.007890578023143694
DCTN1-AS1,-0.007892126137898582
MSANTD3,-0.007895897369173774
AC009032.1,-0.00789880293279944
Z99774.1,-0.007899151050256929
ATAD3C,-0.007899854290598371
AC099489.1,-0.007900005168469029
SETD7,-0.007902945563359536
AC009495.3,-0.007905374407982724
RGMA,-0.007907275929495703
RP11-582E3.6,-0.00790743012314429
MAPKAPK5-AS1,-0.007909924584007149
PTCD2,-0.007915515602031948
AKR1B15,-0.00791663411068255
ASB16-AS1,-0.007916642006945605
AL160408.3,-0.007919201831404479
HTR3E,-0.0079197024544479
FAHD2A,-0.007925971709371567
MYCN,-0.007926556559386105
CLEC20A,-0.007931800899855884
FDPS,-0.007933023642199524
LDLRAD2,-0.007933196949972203
LANCL3,-0.007934061515216966
VAPB,-0.007935863378895201
SERINC4,-0.007937527950149407
CDKN1B,-0.007938730376876615
ADAMTS6,-0.007940001127808329
ADORA2A,-0.007950529386562714
LINC01098,-0.007951030205163785
AC119396.2,-0.00795114016195582
MICB,-0.00795183741997455
GTF2IRD1,-0.007953054195747352
DLL1,-0.00795849994257068
METTL21A,-0.007962849830154859
LINC02610,-0.00796326709866974
LINC00261,-0.007964031698571423
TMEM202-AS1,-0.007967142992923022
SUGCT,-0.0079704811926301
NUDT15,-0.007972336331975168
STEAP1,-0.007972608051627583
AC073257.1,-0.007975497101355528
U73169.1,-0.007978643841210983
SPATA32,-0.007978843068995326
RARS,-0.007979612876547077
NKAIN2,-0.007980890405927685
AHCTF1,-0.007983045461108092
AC243571.2,-0.0079851410511149
MAPK11,-0.007987571913908332
GRK6,-0.007992610832587732
AC092354.2,-0.00799593877217322
ATXN3,-0.007998419793063698
AC003086.1,-0.007998675649769763
SLC13A3,-0.00800299360600103
GRK1,-0.008003658790727888
PRCP,-0.008007476929888832
HS6ST3,-0.008012353201225016
KPTN,-0.008012897376007763
DYNLL1,-0.008016073031896115
CTD-3157E16.2,-0.008016610278047533
RSU1,-0.008025287737465994
GPR155,-0.008026525763651057
AC019257.1,-0.00802903246640907
MANBAL,-0.008032755372672435
ZNF132,-0.008034685387497137
ALDH7A1,-0.00803649154568779
AC104232.3,-0.008036753515606178
SCGB2A1,-0.00803877196529783
SLC1A6,-0.008041720840464936
POLR1B,-0.008044905192771791
AL136172.1,-0.008044946006660196
AP000424.1,-0.008045513929143225
C6orf163,-0.008046687940040743
ZNF655,-0.00804677329581697
POLR3D,-0.008049023032061455
CAT,-0.008050216851516554
PLPP7,-0.008053223242870082
AC005534.1,-0.008055562744752848
TIAF1,-0.00805688164370768
POMGNT2,-0.00805715453539933
RASSF9,-0.008058098783273196
AC091564.2,-0.008060717661505077
SCUBE1,-0.008061326188548773
SELE,-0.008069135457776455
DMTN,-0.008070538898538667
E2F5,-0.008074864835279682
AC009318.4,-0.008078874744163484
GPR34,-0.00808120835369799
GGT1,-0.008088331946906533
LINC02050,-0.008089748049013268
TIGD4,-0.00809696859918479
INKA1,-0.008097879913594579
SYF2,-0.008101024037945142
PQLC2,-0.008104849279034062
AC011481.2,-0.008112717266290217
LINC02586,-0.008113094929080926
PAOX,-0.008118317948441107
AL691432.2,-0.008119995362187785
YPEL1,-0.008122242339311771
NRBP2,-0.008124334032250166
MT1E,-0.008125510495189425
AL596247.1,-0.008131111516151023
AC123768.4,-0.00813302445013587
AC105345.1,-0.00813452899566148
FOXE1,-0.008150731593627522
NMNAT1,-0.008151175444633821
TRG-AS1,-0.00815431251031735
F2R,-0.008157209987032342
SRRM3,-0.008162130656424293
AC106782.5,-0.008162925110650523
AC021242.3,-0.008163130154765575
LINC02043,-0.008170935945386263
RAB32,-0.008171091209338989
APOE,-0.008175726244804261
NIF3L1,-0.008176922114409579
LINC02217,-0.008183234361231143
AKT1,-0.008183984887262737
RASL10B,-0.008184401738759582
STAP2,-0.008188040154567127
NUDT7,-0.008189038578910492
MAP3K14,-0.008190091881588184
FOXE3,-0.008197609164242772
CDC42-IT1,-0.008199729271354879
ZNF343,-0.008202769803210254
HORMAD1,-0.00820735379574922
AC093599.2,-0.008208103017519135
C1QTNF5,-0.008209151302917536
FAM86B2,-0.008212724043148253
TMEM158,-0.00821643081729694
SF3A3,-0.008220041050290377
TRPV6,-0.008222017446509059
AF235103.3,-0.008224552900481805
POLA2,-0.008226205029685565
SPRY3,-0.008232590941732863
GALNT12,-0.0082446454071095
TMSB4Y,-0.008246089243868604
CENPI,-0.008249458797760277
SELENOV,-0.008249836698958405
AC021016.3,-0.008251953759284565
BCDIN3D,-0.008254749891717117
AL157394.3,-0.00825513583344497
C2orf27A,-0.008256371467873823
NAV2-AS2,-0.008257402690156129
ENOPH1,-0.008262911927865192
AL159169.2,-0.00826376665753614
HLA-DOB,-0.008266537968911502
POPDC2,-0.008266798667317799
SLIRP,-0.008267255580937216
CCR5AS,-0.008267522849296948
AL133330.1,-0.008270589378178612
CDC7,-0.00827203419142478
POTEE,-0.008274931548722237
TMCO1-AS1,-0.008276409675623788
MOCS2,-0.008277215159059471
MSMO1,-0.008277927105934653
MIR600HG,-0.008279368237555585
SLC4A2,-0.008280442879879172
NUDC,-0.008285064113935906
METAP1,-0.008286311450902676
ELFN1,-0.0082879263536612
IL2,-0.008288099032968744
AC114489.1,-0.00828851116267403
AC093627.5,-0.008290379452196468
ACVR2B-AS1,-0.008296582830373114
ATOH7,-0.008300612282445047
CCDC85B,-0.008302681676650225
AC021683.2,-0.008305556697135778
TUSC8,-0.008307854169877121
AC004816.2,-0.008308268135770834
SNX15,-0.0083089857844214
MMRN2,-0.008314317847495959
STX6,-0.008317591322326049
ZNF614,-0.008323460450001718
POMGNT1,-0.008323890673590515
RP11-96H19.1,-0.008325238271522734
TRBV7-2,-0.008325807302937282
RPEL1,-0.008327747164252709
AC022098.1,-0.008329540724768304
AC124068.2,-0.00833174629981795
LINC02739,-0.008332260165602708
AC002519.1,-0.008333782865838668
TRBV11-3,-0.008336082076916778
NFYC,-0.00833844364800042
NXPE3,-0.00834127561628683
TRPC6,-0.00834164830521701
PCAT18,-0.008342007954767397
AP003119.3,-0.008342492497412002
AL353622.1,-0.008343761231839398
KIF18B,-0.008349376862803116
ST13,-0.008349826387562044
GIHCG,-0.008350827359393041
AC232271.1,-0.008350973359409654
TRIM68,-0.00835191362801787
SLC6A2,-0.008354915333457428
DACT2,-0.008356460626977709
AP005482.3,-0.00835681712052136
ZBTB24,-0.008357308200716614
PLEKHG5,-0.00836020656271707
PTGER3,-0.008361150028972116
TMEM178A,-0.008361676692010713
LRP4-AS1,-0.008363310583904947
AC121320.1,-0.008365752345778086
ADAMTS8,-0.008367716253790148
RP3-340N1.2,-0.008368703772275988
MT1G,-0.008370264085174302
DHFR,-0.008372067044531252
AC010271.2,-0.008372688047423773
MUSTN1,-0.008373832574398983
AC068587.4,-0.008377221186734198
ODAM,-0.008380292957461373
ATAD3A,-0.008381401967134442
AC090970.2,-0.008384290857725565
MFSD4,-0.008387779309072856
CYP27C1,-0.008389317880225212
AL031985.3,-0.008389438601767206
LINC01356,-0.008391478071805004
AC026785.2,-0.008391918029228434
GLDN,-0.008395542142735657
CHODL,-0.008395815774836413
AC108673.3,-0.008395969424239385
C1QL1,-0.00839728912722341
AL354993.2,-0.008397711986995031
MEG8,-0.008402205186040387
AC005840.4,-0.008403029499989265
AL353152.2,-0.008404414583017251
ZNF783,-0.008410072842935601
AP001056.2,-0.008410388878804465
FGF8,-0.00841218072198415
VPS51,-0.008413030465955497
RPS6KB2-AS1,-0.008414472905956729
CREG2,-0.00841596216288705
AC009812.3,-0.008420839152856505
AC126696.3,-0.008423437899136747
TOLLIP,-0.00842405575097891
AC069307.1,-0.008427995356196103
OBFC1,-0.008429405003031945
IGKV1-16,-0.008430247965965067
CRYL1,-0.008436941463128525
FGR,-0.00844002180809159
TRBV3-1,-0.00844333880457758
EPS15L1,-0.008445888761084902
CTLA4,-0.008449627236906006
BGN,-0.008449915993504538
CLEC4D,-0.008450628739142098
WDR1,-0.008452222491050253
C8A,-0.00845588003370837
AC244502.1,-0.008457597050665525
CIAPIN1,-0.008458828454731825
TSPOAP1-AS1,-0.008460264603282528
RPS10-NUDT3,-0.008462445336907206
HDAC6,-0.008462995756444007
PLSCR4,-0.008464304243844364
MYPOP,-0.00846715849110639
DEXI,-0.008469855292902426
SEC31B,-0.00846995514494367
SLC25A22,-0.008470817484594904
MRPL57,-0.008471032031406683
MIRLET7BHG,-0.008473549430287776
SH3TC2,-0.008474584714550542
MEF2C-AS1,-0.008475332281307863
SERPINA4,-0.00847764608594914
AC087752.3,-0.008482670044736913
RP11-395G23.3,-0.008486114930499654
ARMC8,-0.008488563212341673
MATN1,-0.008493939015513954
MMP8,-0.008495542111497984
FAM131A,-0.008495879471783027
EP400NL,-0.00849633663260193
SMYD5,-0.008497012495355082
NPY5R,-0.008497226309142474
IZUMO2,-0.008497660101504729
AC044810.2,-0.008502249695642726
PLEKHG6,-0.008504765123521513
PYDC1,-0.008506078660631924
HEY2,-0.008506726377097623
TRIM35,-0.008507615506370903
STAMBPL1,-0.008508640267373654
AL358790.1,-0.008509237629445632
AC002553.2,-0.008515804313596314
IL18BP,-0.00851585554800883
LINC02731,-0.008516351669539133
SCGB1A1,-0.008516899805780454
AL035252.5,-0.008519745772121712
CYP2F1,-0.00852235100111744
TUBB1,-0.008524538723928563
CYREN,-0.008526622721805861
AC079807.1,-0.00852887622802613
AC021087.1,-0.008533492020175986
DKKL1,-0.008544030702925582
TRPM8,-0.008545887328603848
ZFYVE1,-0.008545907581718718
EIF4A3,-0.008545942330495413
FAM98B,-0.008549540844253509
SYT12,-0.008550083985650417
AC087164.1,-0.008550604985500443
PCGF6,-0.008551082022670029
ZNF14,-0.008551204466082079
RP11-390P2.4,-0.008553815860392895
CERNA1,-0.008553995528837807
ZNF724,-0.008554191999758244
C1QTNF1,-0.008558610987933474
ETAA1,-0.008562567116633042
FOXD4,-0.00856846453186085
CNTLN,-0.008572932906980534
CTD-2047H16.4,-0.00857304947415655
SRRM5,-0.008577048284180717
RP11-66N24.6,-0.008578177319214031
LINC02332,-0.008579522704741036
MIR3150BHG,-0.008579972798488085
IQCB1,-0.00858175799918648
GTF2H5,-0.008582722663791151
TMEM185B,-0.008584055564459915
TBC1D23,-0.008587426272885593
AC007529.1,-0.008587613335974166
AC104024.2,-0.008588099325965883
CST1,-0.008593123199050359
FAM208A,-0.008594355811332319
GADD45G,-0.008594823393370487
CARD8,-0.008596114650330316
MAGEE1,-0.008597788568859639
AP000866.1,-0.008598230862755022
HFM1,-0.00861469942124134
CDC26,-0.008617282575682814
UGT2B15,-0.00861989428642587
ZNF682,-0.008621969140661363
MIR200CHG,-0.008630823532597443
AC012676.1,-0.008631428073780437
MRPS24,-0.00863702430600094
AL161781.2,-0.008637974953632464
MSRB3,-0.008641236349535817
DMRT1,-0.008641886335558062
ZNF784,-0.008642420432098653
DARS-AS1,-0.008645702103859733
RASAL2-AS1,-0.008646701108505047
KB-1562D12.1,-0.0086523615244973
SRSF12,-0.00865322043202644
COQ5,-0.008653743303382658
NAT6,-0.00865824231012834
PIP,-0.008661564671455164
PAXX,-0.008665384399478632
KLK5,-0.008665577847611464
LINC00942,-0.008667135403260284
FAM131C,-0.008667361664373504
RP11-540A21.2,-0.008668584593304166
SLC37A2,-0.008671112658881649
AC069366.2,-0.00867203566743277
HS2ST1,-0.008672424098260571
CELF3,-0.008673638335623497
PILRA,-0.008674947293074664
AL356124.1,-0.008675758084048534
AC011997.1,-0.008680217112278663
CACNA1C,-0.008680279110521917
AP001453.2,-0.008682201761609479
AC016722.2,-0.008682343811806666
SNX10,-0.008683085969226388
LINC02351,-0.008683975074015832
RYK,-0.008685454558595132
TMEM26-AS1,-0.008687206877961096
AC009236.1,-0.008688756626660125
LAIR2,-0.008691502559620971
SIGLEC5,-0.00869369785775676
RP11-7K24.3,-0.008693917962847051
CCDC168,-0.008697576510573771
AQP11,-0.008697914280393184
PANO1,-0.008700813804720745
STX18-AS1,-0.008701975598878045
LINGO3,-0.008705793437604675
AL137779.2,-0.008706098076721371
LINC02829,-0.008706583419140908
TWF2,-0.00870853387068697
AL139246.3,-0.008710521326874797
EFEMP2,-0.00871216937987294
LINC00466,-0.008712449031458435
AC126763.1,-0.00871493853493497
NECAP2,-0.008715482748635416
CCNT2-AS1,-0.008719842864739698
AC009902.2,-0.00872171067537874
CMTM7,-0.008723251592984343
AL031667.3,-0.00872500134896516
FMR1-IT1,-0.008725675477080287
AC010735.2,-0.008728240299715083
LINC01714,-0.008729453988193974
UCKL1,-0.008730990551616346
OGN,-0.008732457179617183
PTX3,-0.008736228696747525
GABRB2,-0.008739295571162842
DENND4B,-0.008740571264255393
RFC3,-0.00874392365146546
TYW5,-0.008744792687169661
C4orf32,-0.008745905429366915
SPAG16-DT,-0.008747088006113058
AC073111.4,-0.008747164528874047
MESTIT1,-0.008748982179663961
ARHGAP6,-0.008755517896578805
SGO1-AS1,-0.00875597379941133
AL133245.1,-0.008760595039838207
SCAI,-0.008762192157003908
AL080317.1,-0.008762253639727203
C17orf67,-0.008764382275778195
PKNOX2,-0.008765332294106679
IRF2,-0.008766383304537911
AL133453.1,-0.008767992633523751
FAM72C,-0.008768150113287555
ZNF408,-0.008772851501824608
GJC3,-0.008772905175072697
ACR,-0.00878477942218852
RNF144A,-0.008785975251262332
IGFN1,-0.008787314655028343
UCP1,-0.008789912013897505
RP11-400F19.6,-0.008790234828761297
GLTPD2,-0.008791158475705045
LINC00173,-0.008793264168016684
GBP6,-0.008793561999992499
SLC16A12-AS1,-0.008795241824741824
PIWIL4,-0.008806914632364733
FLJ37453,-0.00880729660639973
ATP6V1B1,-0.008808514283019058
SOX30,-0.008809506996861
AL596244.1,-0.008810411939973036
AL031710.1,-0.008815913390100225
CCDC77,-0.008816069306877028
TRAV24,-0.00881680360255989
LINC00562,-0.00881792540088239
CCDC14,-0.008818808425727654
ARHGAP11B,-0.008820370073808672
HRCT1,-0.008821341614212545
PAK3,-0.008821532271186972
TEPSIN,-0.008823280448167959
SYT6,-0.008823451777183694
CHCHD5,-0.00882377146234718
ALDH3B2,-0.008824727052653707
RTKN,-0.008832189037950943
SYT15,-0.008834357385912348
AC253572.2,-0.00883449795094551
TMEM136,-0.008835130244660707
AC005674.2,-0.008844683598987485
AL670729.3,-0.008844758099507676
C1orf132,-0.008846333739571596
AC073529.1,-0.008848227932622523
BCYRN1,-0.008850512804722595
PCDH10,-0.008852061115786139
RP11-631N16.2,-0.008853775215217694
LINC01354,-0.008855377443607258
IFI44,-0.008855767947183736
AC011773.4,-0.008856096030531014
LOH12CR2,-0.008858004046119815
LGALS7,-0.008860249117383359
LARGE2,-0.008860658953274122
C11orf84,-0.008861414005974264
DCP1B,-0.008862784562350722
APOO,-0.008867450493871231
TSSK6,-0.008867756841528206
C1orf159,-0.008868982784934648
MTRNR2L4,-0.008873096330226843
PADI1,-0.008874193644314656
IL7R,-0.008874900491135719
SERPINA5,-0.008875517599187057
TMEM133,-0.008875911072827924
RP11-804H8.6,-0.008879794776781934
LINC02273,-0.008881070510031869
XRCC1,-0.008883079108073497
AP002884.3,-0.008883716002213406
TUBGCP4,-0.008884929397304241
RP11-262H14.4,-0.008886823778602128
LINC01238-1,-0.00888703545148753
HP1BP3,-0.008887598568491714
RP11-496I9.1,-0.008889998249086001
LINC01184,-0.008890894074576633
RP11-319E16.2,-0.008892683815853843
TAS2R4,-0.008893324981201215
AL022323.4,-0.008894692114187879
HOXC4,-0.008896884553903058
TP63,-0.00889691220178113
ODAPH,-0.00889775932513428
YEATS2,-0.00889865385637766
TRGV8,-0.008900876365888875
COPS3,-0.008902222214540541
ASIC3,-0.008904321782894138
NEUROD2,-0.008909947876782951
LYRM1,-0.008912752750063821
TNFSF18,-0.00891498091832935
ECRG4,-0.008920684760984524
RP11-443B7.1,-0.008920839292048378
AC138904.1,-0.008921841547246652
RP5-1180E21.5,-0.008922353115486168
GTF2I,-0.008922648410509187
CYP2A6,-0.00892428743715345
CCDC25,-0.008924543755636305
RP13-516M14.1,-0.008924711123576179
ZNF436-AS1,-0.008926737760757548
AL122035.2,-0.008928924272990529
CTC-524C5.2,-0.008930321677030497
AC079781.5,-0.008931548702498796
RP11-166P13.4,-0.008932815529791997
AC092445.1,-0.008937073125056373
THRSP,-0.008940383184873278
AC116348.2,-0.008942132036594483
RP11-783K16.5,-0.008943416170875922
ASCL1,-0.008945167712925799
ST6GALNAC6,-0.008945231832449404
HIGD1B,-0.008945320858321103
JAKMIP1,-0.008945337230335242
RAB33B,-0.008945583453547465
C18orf54,-0.008946748285032129
ALDH16A1,-0.008953157406427565
U47924.27,-0.008954116019734264
AC012443.2,-0.008957055597941068
FAM200B,-0.00895717700440438
FAAP100,-0.008958152949523042
XRCC6BP1,-0.00895932416735222
APLF,-0.008959915277285919
AL078587.2,-0.008960874182723243
AC025442.2,-0.008962725997376847
EGFL8,-0.008964287235332545
AC010280.2,-0.008964635566602519
RPRM,-0.008966397520197698
HRASLS,-0.008969747218872854
AL365361.1,-0.008969923641469542
LINC02432,-0.008970049502559087
MRPL38,-0.008973022841348578
ADAM28,-0.008975815288589815
XXYLT1-AS2,-0.008976038938352462
AGBL1,-0.008976565123649492
PAXIP1-AS2,-0.008976648713051339
SEC16B,-0.008977734130336076
KRTAP5-9,-0.008978466176633513
ARC,-0.008979271895888173
AC078881.1,-0.008981551025365846
ZPR1,-0.008983982713819746
EYS,-0.00898441560322263
TCEB3,-0.00898765831694088
LINC01024,-0.008988581881194209
SH3YL1,-0.00898870880114015
AC087284.1,-0.008988937870301158
ACOT11,-0.008989082973548152
AC007244.1,-0.00899136938615025
LINC02154,-0.008995504891545845
AC137630.2,-0.008997519008672102
PZP,-0.00899805482367513
LINC00402,-0.00899957226243185
TRBV5-4,-0.009003345405780194
PCDHA4,-0.009003977775980705
ARMCX5-GPRASP2,-0.009005471760901232
AC138207.4,-0.009007749356303328
GZMB,-0.009008404211695941
FARP1,-0.009009618275652727
USP1,-0.00901019330049946
IL27,-0.009010424685120906
FSIP2-AS1,-0.009017116182733861
NRG3,-0.009017764069429049
CLEC4F,-0.009020138147322157
AL023803.3,-0.009027931996759078
BCDIN3D-AS1,-0.009029429020322166
AL355075.1,-0.009030835198569561
AC011944.1,-0.009031671676506156
AC011939.3,-0.009032039725104255
PLCL2,-0.009032342669691709
MIR3659HG,-0.00903334420079992
CHAT,-0.009034830966132484
AL590369.1,-0.009036201302189776
MED29,-0.009036889063614413
AC007038.2,-0.009038139069505256
TCERG1L-AS1,-0.009038460321646841
CLDND1,-0.009042524916803784
OR2I1P,-0.009042884026576293
AC072022.2,-0.009043655531870498
LINC02560,-0.00904371134764756
AP005264.1,-0.009047972220972634
GPA33,-0.009053998156399018
OBSCN-AS1,-0.009054724484964628
BCL11B,-0.009057239689279286
FOXB1,-0.009058071123073583
PABPC5,-0.009058532841721957
LINC00235,-0.009059323270016708
UGT3A2,-0.009059801520229933
MATN1-AS1,-0.009063554965068816
TIMM13,-0.009065287294237747
ZNF385C,-0.009066877946797999
GSTA4,-0.009068400982579924
PABPC4,-0.009070713705756166
TEX101,-0.009071001085678002
CSNK2A3,-0.009073860455604326
HIST1H2BM,-0.00907387831678804
SENP1,-0.009074155213929718
XG,-0.009075354123978325
MTHFS,-0.00907647997546738
MYPN,-0.009078399195637783
AC007938.2,-0.009078521695859319
RP11-589C21.6,-0.009082887327906988
LINC01277,-0.009085901268122315
AC022966.2,-0.009087182028882845
MTSS1,-0.009088250112559001
ANKRD55,-0.009089327499468017
SLC35F2,-0.009091627004301025
TBC1D32,-0.009091801441141845
CHKB-AS1,-0.00909402906004279
MRGPRF,-0.009099027330811204
PRNP,-0.009102442444712705
AL158216.1,-0.009104980407616524
FAR1-IT1,-0.009106633165356065
AL078644.2,-0.00910948488043649
SERPINA6,-0.00911373003151612
DIABLO,-0.00911984414724726
ADGRE3,-0.009121815472163949
AC090527.3,-0.009122419278671454
MYCNOS,-0.00912830349668055
MKI67,-0.00912830550268511
TTC39B,-0.009128697447308598
THRIL,-0.009130354245744933
ZNF311,-0.009131574421851297
RP11-10C24.3,-0.009131716657609201
ADAMTS5,-0.009132352669222996
MEGF8,-0.009136066913825819
AL732437.3,-0.009136705170996153
AC010198.1,-0.009137122518981525
ACOXL-AS1,-0.009137148565719058
AL451069.1,-0.009139787868421687
HEATR4,-0.00914003949095508
COA3,-0.009142258851528405
COX7A1,-0.009146280926875316
RP11-254F7.2,-0.00914649014955294
FP671120.7,-0.009147537644868881
C11orf70,-0.009148779705611284
AC107032.2,-0.00914943398999118
CX3CR1,-0.009151096231632433
C1orf143,-0.00915131280295145
UROC1,-0.009151475567919447
AC040904.1,-0.009155040530982534
HCN2,-0.009156084948785375
IGHV3-64,-0.009157860269752223
CZIB,-0.009161478979609035
RASA3,-0.009162113231886879
AL109659.2,-0.009163977892439175
AP000866.5,-0.009164507759263984
LL21NC02-21A1.1,-0.009165928081171268
GLB1L3,-0.009166595102186564
IGF2,-0.00916854907548956
C21orf91-OT1,-0.009168768940138688
RP11-115C21.2,-0.009172479084923963
OR7C1,-0.009172593418044966
HMGA2-AS1,-0.009173781959433547
MS4A6E,-0.009178919060589024
AC026124.2,-0.009179851553895531
WNT16,-0.009181415317387547
R3HDM1,-0.009185604684265198
NDUFAF3,-0.009189165477529458
PDE11A,-0.009189230258622982
ADGRB3,-0.009190019314756876
CTNNA3,-0.009191511619881809
AL356966.1,-0.009192984996388274
RP11-385D13.3,-0.009193563102209657
FOXS1,-0.009194778383672223
SIGLEC1,-0.00919495415747038
HEMGN,-0.009195149614820786
ALG8,-0.009195913738660754
LINC00574,-0.00919609483009068
IVL,-0.009196360157266667
AC092675.1,-0.009197148997949732
LNCAROD,-0.009197259077073243
TBXAS1,-0.009198901932904116
LINC02805,-0.0091989300857946
AC107068.2,-0.009198999728322263
AC093375.1,-0.009200749894312939
INSYN1,-0.00920118663227971
MTRNR2L3,-0.009201326032768561
MC4R,-0.009202101195686634
CENPF,-0.009202125880583807
AC113189.5,-0.009202544644191107
CTD-2020K17.4,-0.009204734884307344
AC127024.5,-0.0092061793776128
AL021707.1,-0.009210491157722201
NANOG,-0.009210868998422935
CSTF2T,-0.009213297722206023
AC079209.1,-0.00921570140589298
GRID1,-0.009215785180166181
FAM225B,-0.009216095948232092
CXorf58,-0.009217157114554883
REN,-0.0092177407817757
LYG1,-0.009219276193042235
C20orf144,-0.009219842418443503
RP11-37B2.1,-0.009220138693967836
AC008429.1,-0.009220314472498686
SLC17A7,-0.009220787783750167
PCDHGA11,-0.009221566013105786
AL109955.2,-0.009221585108654298
AC006329.1,-0.009226544955798699
NAT10,-0.00923276060582077
PRR5L,-0.009234045604619505
TFAP2C,-0.009235930982721588
PXN-AS1,-0.009239271525516266
MYO16-AS1,-0.009240338156023735
AC021205.3,-0.009249731779196562
TTC28-AS1,-0.009250327273977293
AC005532.1,-0.009251001163633596
SEMA3F-AS1,-0.009251941958505677
LINC01003,-0.009254559709488627
AC118658.1,-0.009255311301364528
PRKG1-AS1,-0.00925595010709606
LINC02195,-0.009256148958731125
LCNL1,-0.009258326664220004
CADPS,-0.00926503472478305
AC013403.2,-0.009265817737504263
DOK5,-0.009265852758788499
PRKRA,-0.009270624943827053
SOX7,-0.00927207911057128
AC008760.2,-0.00927381369990861
AC012073.1,-0.009275367767415216
AC112484.1,-0.009279336670211424
C5orf45,-0.009284892662111405
C7orf25,-0.00928527297407031
RASA2-IT1,-0.009288219732977195
BX664615.2,-0.009292793855142612
MARCH3,-0.009293425200756506
ACSM3,-0.009294059205448667
CALHM6,-0.009296459543517717
AC005759.1,-0.009298220068571705
AC005695.1,-0.009299456923673498
MRPL49,-0.009300936262882045
AC068631.1,-0.00930803009702719
MUM1,-0.009308892055185938
BRSK2,-0.009311824917570159
AC090515.2,-0.009314169873655262
IGLC7,-0.00931576115859267
AC104083.1,-0.0093182484948485
MUS81,-0.009318441395603668
SPESP1,-0.00931954201363574
CHAF1A,-0.009319548455789691
TFR2,-0.009322557446743004
AC016588.2,-0.009324287172408078
AL359538.4,-0.009326742877387597
AGK,-0.009331415801311346
AKAP17A,-0.009332280672505116
REV1,-0.009333168149528542
ATP12A,-0.009337767960470889
AC024588.1,-0.009339084310884786
IL18RAP,-0.009342975586302808
FERMT3,-0.009347494044813937
MCTP1,-0.009347715784176112
IGKV5-2,-0.009353610441680324
CATIP-AS1,-0.009353713729569373
SMARCD2,-0.009355379224611689
ATP8A2,-0.009356181753378257
AC010999.2,-0.009356956748946845
TIFA,-0.00935864240182728
RIC3,-0.009362243181344437
GSC,-0.009364658216516034
AC005264.1,-0.009365354909378594
PAN3-AS1,-0.009365653289666888
NAIF1,-0.009366747977065121
LINC01152,-0.00937265511732583
ZNF766,-0.009373696897194137
SCX,-0.00937999797144476
ZAP70,-0.009381443105840298
MOGAT1,-0.009390859661716074
CD200,-0.009391150550238744
PSMB8-AS1,-0.00940253606158887
PDGFRL,-0.00940370177792762
DNAJC27-AS1,-0.009409912665658944
CTA-29F11.1,-0.009412760565376356
ASF1A,-0.009413663607364635
C1S,-0.00942026464875704
CHROMR,-0.009426126889970734
AC092142.1,-0.009428121210413518
COLGALT2,-0.009429532470377583
SETSIP,-0.009432204591468292
WRAP73,-0.009433280562111155
GLTSCR1,-0.009436751028689294
C12orf29,-0.009442232587290426
LINC00476,-0.009442754401369196
RP1-34B20.21,-0.009452044947089318
BAMBI,-0.009454958414701935
DR1,-0.009455398480663438
ITGB2-AS1,-0.009456745495805035
ANO7,-0.00946018437345762
ATMIN,-0.009466273561609681
LINC02004,-0.009468533291855066
SLC43A1,-0.009471666227463399
PLEKHO2,-0.00947184710996775
TBX21,-0.009472736471929791
CNPY2,-0.009474677709815497
ZNF680,-0.009477231169332932
ARHGEF26,-0.009480118908622477
WNT1,-0.009487108512388522
HDGFL2,-0.009487458744244025
TCF4,-0.009492904053066156
CASC11,-0.009493129911148706
AC239868.1,-0.009493922426183776
CLK3,-0.009495558612124257
AC100830.1,-0.009498615129386415
RP5-875H18.9,-0.009501012470907857
AC011718.2,-0.009504582928807162
AC008115.3,-0.00950610392440212
PLD4,-0.009509313936935443
LINC02362,-0.009513815152727126
FAM110A,-0.009514531690878372
DGUOK-AS1,-0.009514959486028523
ULBP3,-0.009515215096359405
HCAR3,-0.009523055292016993
ERI1,-0.009525785214991781
WDR4,-0.009526509901501353
MORF4L2-AS1,-0.009527101857936097
RAB5C,-0.009527750288333182
AC004908.2,-0.009533692111484885
GALNT13,-0.009535540266099346
CERS5,-0.009540787153950667
SHC3,-0.009542539802812834
AC022509.1,-0.009542951243409169
FITM1,-0.009550397528753128
APTX,-0.009551192825496374
AP001631.2,-0.009551639749676561
AL157838.1,-0.009552537516359566
RAB33A,-0.00955467233622739
VGF,-0.009557352501389888
CUEDC1,-0.009557410552517716
MOB4,-0.009569037388689127
PDDC1,-0.009571747412105787
AL139089.1,-0.009576874768990842
RPP25,-0.00957774949188041
AC083949.1,-0.009580748834760993
GRM1,-0.009583957806663558
AC005696.2,-0.009585161102616502
RGPD8,-0.009585277023857603
KCNS3,-0.009585542633455445
TRAV29DV5,-0.009585665282550738
AC110995.1,-0.009586857549663718
ABCF2,-0.00959252706558458
RP11-334C17.5,-0.009595655601688466
AP3M2,-0.009597828683475149
AC027575.2,-0.009599884987353383
NOX5,-0.009600659239289112
AC008083.3,-0.009602275533028068
SHOX2,-0.009602316027716296
HAPLN3,-0.009603303989422484
ADAP2,-0.009604708325463741
API5,-0.009605190280004427
AL731577.2,-0.009606855229202226
IGKV2-28,-0.00960998335937818
AC005224.2,-0.009610211819631329
SLAMF6,-0.009611763745216533
TRAV20,-0.009614601595917517
NR2F2-AS1,-0.009619864912789827
AC135178.6,-0.009622054554078396
AC074008.1,-0.00962324046935778
ETV5,-0.00962434629140558
AL136528.1,-0.009626896185027168
WDR92,-0.009629427238260222
RNF157-AS1,-0.009639383105285977
PTBP1,-0.009648778993449406
AC015908.2,-0.009650526366628984
NFIX,-0.00965116523928275
PPM1L,-0.009652431581745707
PHLPP1,-0.009658576039766359
LDHC,-0.009660621502826958
BMPR1B-DT,-0.009660675654150729
CCDC144NL,-0.009661259310924023
AC243960.3,-0.009664723989717664
KLHL24,-0.009665163755961768
CALB1,-0.009666072655299594
ASPG,-0.009666580973384648
AL139234.1,-0.009668071235739376
SMIM19,-0.009671193983610368
C17orf49,-0.009676061906697628
CHRNA3,-0.00967738697141625
DNTTIP1,-0.00967892276703479
MASP2,-0.009684131189953572
PCDHB7,-0.009684279666095466
PLRG1,-0.009685200940164467
TIGD7,-0.009685662379322538
SYPL1,-0.009686808488059234
MANBA,-0.009688027264468888
ZNF512,-0.009689141973960274
AC016597.1,-0.00969120183766618
COTL1,-0.009691390953487108
FAM186B,-0.009695063353739356
ZNF740,-0.00970093843123376
LINC02018,-0.009700974925901978
AL136131.3,-0.009701581265114665
LINC01094,-0.009702473853162445
TAGLN3,-0.009703436158982755
SLC27A6,-0.009704217531296203
SFXN2,-0.0097104063491639
AC023449.2,-0.00971284228241724
ATP2C1,-0.009713124921430104
C17orf99,-0.009716988729904353
TSC22D1-AS1,-0.009718188757721027
MIR17HG,-0.009718832805325258
TUT1,-0.009720397228001044
AP1M1,-0.009720527828824838
MAPKAP1,-0.00972082347493123
AC005224.3,-0.009723479443059162
ALOX12,-0.009730344529921029
FBXO41,-0.009732526139527074
FAM104A,-0.00973629324784911
AL163636.1,-0.0097369260554837
EFHD2,-0.009737319682664735
AC072061.1,-0.009739445187676771
ILK,-0.009745098148602926
ASUN,-0.009745898438426798
SMIM10,-0.009747577661348535
RAP1A,-0.009754870960739145
AC039056.2,-0.00975686695742419
AC092667.1,-0.009757350567215427
AC009097.2,-0.009760421821008274
CCNB1,-0.009763474101428818
MAP2K1,-0.009770523071639933
SLC4A3,-0.009772585033266437
IFNG-AS1,-0.009778636964821763
ACP2,-0.00978541490340389
GPHA2,-0.009788559902394085
SPRR1B,-0.009791623235261367
AC098818.2,-0.009791657226309118
AC125618.1,-0.009796039675982573
CACNB4,-0.009799046975973577
HMGA2,-0.009800040856981095
AC097634.1,-0.009804539755881657
KIAA1715,-0.009804898048386804
SILC1,-0.0098072758925561
AC072026.2,-0.009811375151359271
HIST1H2BB,-0.009812377616654329
LINC00923,-0.009812541406922327
PLA2G4D,-0.00981281003241785
RP5-1159O4.2,-0.009814477376613256
AC244250.1,-0.009816904303684407
DOK3,-0.009817018591697832
EPHB4,-0.009821466485268346
AL136301.1,-0.009823958972505098
UTP18,-0.009824383820828675
AC006027.1,-0.00982821620042887
C12orf45,-0.0098318885249656
PAGE4,-0.009835600371093989
LINC01695,-0.009836643944079867
DOCK9-DT,-0.009839032718456188
CTD-2619J13.13,-0.009839326451867417
WFDC12,-0.009846165256600533
AC073263.2,-0.009852328328454394
UQCR10,-0.009861496669498713
HDAC4-AS1,-0.009864058889964961
AC018809.1,-0.009866840060258727
COPS9,-0.00987008125001837
FAM102B,-0.009871777115868929
AC116366.6,-0.00987207508235209
ZBTB20-AS1,-0.009877762808846051
MXD3,-0.009878097223962877
AC136604.2,-0.009879602391652755
TAS2R10,-0.009880649397369138
KCNMB4,-0.009884419991315549
AC104971.1,-0.009885371016506118
NKX3-1,-0.009885760379983774
AGAP6,-0.009887098113280247
SSC5D,-0.00988983467650947
MTHFD1L,-0.009890286053132365
AC112484.3,-0.009890901357266977
SCOC-AS1,-0.00989196785448771
NAV3,-0.009895048061569215
AC130324.2,-0.00989560791033521
ARHGEF33,-0.0098978176137005
BMI1,-0.00990052227461038
WNK2,-0.009900634682505497
TRIM28,-0.009900671713446616
SLITRK5,-0.009902118119454515
CRMP1,-0.009902830737079302
NUP43,-0.009906267211396475
AC021321.2,-0.00990697318054927
CD80,-0.00990754048098955
NHLH1,-0.00990822333735902
AP000704.1,-0.009912843633140997
GALR3,-0.009916018247941456
AL353807.2,-0.00991641462118052
HIF1A-AS1,-0.009916811236508586
AC007655.2,-0.009916884018620746
DNAJB1,-0.009917409020451665
AC092338.2,-0.009917827750471632
RPARP-AS1,-0.009918752138253262
BGLAP,-0.009919671062875744
AP004609.3,-0.009925200429679478
CDC42EP1,-0.00992621949065115
AL360270.3,-0.009936548566428801
ZNF425,-0.009936604766907563
FAHD2B,-0.00993662184417826
ATP6V0B,-0.009940433018632554
SLC25A48,-0.009940862898471682
CXCR4,-0.009943046531011156
IGSF23,-0.009943586936653323
AC079089.1,-0.009948973846240303
AC012236.1,-0.00994927536851506
ZNF524,-0.009951661149649004
COMMD8,-0.009951903492315636
AL807752.5,-0.009952669749907826
DIEXF,-0.009955133497350808
GOLGA7B,-0.009955493985993791
CASP3,-0.009957959817929398
KRTAP5-8,-0.009959642768662298
AC079140.6,-0.009961678436990078
HAS2-AS1,-0.009978178057188909
LINC01770,-0.009980120349824323
EPN2-AS1,-0.009981098978183762
AL031590.1,-0.009981668441468807
AL031055.1,-0.009983308773355692
WT1,-0.009984285019687855
TMIE,-0.009989614842248558
DOK2,-0.009990684838148708
B3GAT1,-0.009991417564300345
DDX39B-AS1,-0.009992026845372636
C12orf80,-0.009992529254640921
SPARC,-0.009992556613660972
AVPR1A,-0.009994099925197284
COPG1,-0.0099949612882509
ACTR6,-0.009995514579810828
KANK1,-0.009996314252640219
WNT6,-0.00999748087245454
UBL4A,-0.01000425212114835
FAM117B,-0.01000567359054351
AL391069.2,-0.010006755380820208
ASB2,-0.010007815131548014
PPFIA2,-0.010008047542324941
RAB3B,-0.010009517032804722
AC092484.1,-0.010012342997985988
MFAP5,-0.010018162121756765
AC002070.1,-0.010022208497631831
AL118558.3,-0.01002996830173323
PIGY-DT,-0.010033806886688649
NEMP2,-0.010036079052195127
AC140847.2,-0.010038082143291431
ZNF324,-0.010043951320069808
SPOCK2,-0.01004561302544627
AC093323.1,-0.01004919932271392
PKIB,-0.010051546861829436
THOC6,-0.010052714205157397
AC132872.1,-0.01005567133951686
SYNJ2,-0.01005612899978492
LINC01117,-0.010059747399145402
EARS2,-0.010061043048272086
BICRA,-0.010063760012569629
TDRD6,-0.010064217477562074
AC092687.3,-0.010064638594435137
LINC01506,-0.010067525555041439
PDF,-0.010069878615942801
CLDN8,-0.010070684704844854
AC104170.1,-0.010071744588448556
AP001372.2,-0.010075249784355292
POLA1,-0.010077867194948133
DLEU2,-0.010080155428539125
LRATD1,-0.010080341189040123
MAGEA4-AS1,-0.010087721088692816
NOB1,-0.010092413931412138
NCK1-DT,-0.01009549848821148
FLT3,-0.01010102734144229
PTPA,-0.010102003144150157
ZNF600,-0.010105201263710612
AC002454.1,-0.010108675918049887
CD96,-0.01011231158931069
KLRK1,-0.010112455988015192
KCNK7,-0.010113439694961037
CTD-2371O3.3,-0.010113933038719628
AC008764.6,-0.010114296100579047
ATG7,-0.010120378320621622
LRRC69,-0.010121328371382564
UBXN7,-0.01012335200307251
BX322234.1,-0.010127621277653808
IGHV7-4-1,-0.010129870719686636
AC012291.3,-0.010133283119403242
PCED1B-AS1,-0.010133600922078604
AL109615.2,-0.01013532250650492
CCL11,-0.010146704027290862
SDR42E1,-0.010148808501532384
AL604028.1,-0.010149466239078623
C19orf38,-0.010151284640190487
ZNF521,-0.010151809174385632
GZMA,-0.010152479142666272
LEFTY1,-0.010155081163864522
SP140L,-0.01015974231820896
AC007342.4,-0.010162094340979892
AC098934.4,-0.010164494884422672
BANCR,-0.010166131322435185
CRNKL1,-0.010170082646216282
Z99716.2,-0.01017152515395929
AC233280.1,-0.010174370429633013
KCTD15,-0.010174390367557514
RAB40B,-0.010178681414613342
DDX25,-0.010181811149608786
AC092295.2,-0.010185960628709911
ATP5L2,-0.010188155676935385
CLYBL,-0.010193659224472218
CDCA3,-0.010195035335417857
AL133410.2,-0.010199622444494034
SIRPB2,-0.010199680905383281
LIG3,-0.01020461358849308
LINC01358,-0.01020503621407516
AC092755.2,-0.010209918164785184
HYI-AS1,-0.01021098594207342
SLC38A1,-0.010214162689340138
ADCY4,-0.010215911227362423
ELMOD3,-0.010217715011949057
ANKRD20A1,-0.010220152790870865
AC018845.3,-0.010220379177860756
PPP2R2B,-0.010221281593964028
TEDC1,-0.010225569587396495
CCDC188,-0.010226551402573164
LINC01031,-0.010228654374894657
CD101,-0.010232006537872824
CCDC74A,-0.010232062213196596
AC004263.2,-0.010234038254000304
SORD,-0.010234108400332885
DTNA,-0.010236127126298298
IGKV6D-21,-0.010237009075228325
ZNF711,-0.010237167914204516
APOBR,-0.010238637187572156
NOC4L,-0.010241758555802005
DOPEY1,-0.010242261294677023
AC013270.1,-0.010248092668348793
OXLD1,-0.010249674553072925
LINC02765,-0.010250183306993349
LINC01238,-0.01025230377778353
KCNJ8,-0.010252803194546942
GATA6-AS1,-0.010255203562282643
AFG3L2,-0.010262261419730528
AC090061.1,-0.010264523836954165
AC010864.1,-0.010266060541445738
TCTEX1D2,-0.0102674289371606
BRD3,-0.01026935336724152
LINC02811,-0.010270469040529617
LINC02803,-0.010271923841330912
AL022328.1,-0.01027401948956837
ADRB3,-0.010275435465149177
ART3,-0.010275700524223231
METTL13,-0.010276960060530327
AC137936.1,-0.010277640290901602
AC092944.1,-0.0102791112968243
TRAV17,-0.01028020785017624
CLCN1,-0.010284249692276877
RP4-597N16.4,-0.010287765074249564
CACNA1I,-0.010292260425910816
TIMELESS,-0.010297684322929443
ZNF90,-0.010300228268900608
NFAM1,-0.01030037518651358
SIX2,-0.010302156142424718
AP003419.3,-0.010321015767290718
INPP5J,-0.01032288239072518
NUDT8,-0.010326122149585863
AC002378.1,-0.010326820824229446
AL133367.1,-0.010328646288338166
TMEM51,-0.010329213327941218
AL136171.2,-0.010329806709739016
KCNC4,-0.010335740623072822
CCDC15,-0.010337043498752205
PARD3-AS1,-0.010338562624401413
LCTL,-0.010338862472354044
AC011503.2,-0.010339451039292558
BLNK,-0.010342491653614005
LINC01283,-0.010345211883905341
SASS6,-0.01034912409851565
GHRL,-0.010349453371913422
AS3MT,-0.010350659145081618
NRARP,-0.010352971645961336
AC009630.3,-0.010354703974830928
GNRH1,-0.010359685276339193
MEFV,-0.010360161135608194
NUAK1,-0.010366679844129473
EP300-AS1,-0.01036849395523079
IRX2,-0.010368739976920524
SYCE2,-0.010368993321011516
LRRC1,-0.010370070258264752
AC092669.3,-0.010370623550382306
CTAGE5,-0.010371496924972433
AMZ1,-0.010372491267724422
SLC38A3,-0.010373503038952406
THOC3,-0.01037387383760484
AC099343.2,-0.010374899695823833
AC006369.1,-0.010375137822706224
PLAAT5,-0.010385000066622732
IGKV2D-28,-0.010386333813149492
PPP1R27,-0.010391445994082659
ARRDC2,-0.010392420374453457
CPLX2,-0.010392823621165418
AC009228.1,-0.010393322816471704
AL138720.1,-0.010393604367298982
SLC22A13,-0.010395103914369822
SLC10A4,-0.010397819307719618
NAPA,-0.010402690193756503
TRAPPC12,-0.010403485179322889
AC012640.1,-0.01040611203297592
AC022167.1,-0.010406201788795925
CARM1,-0.01040708612040341
DPF3,-0.010408596603675643
FP236383.4,-0.010416433545702366
ALOX5AP,-0.010421785634881041
SEPTIN3,-0.010422749175799413
SHLD1,-0.010425765928057548
SPX,-0.010426371523708332
MFAP4,-0.010427181680370193
AL355482.2,-0.010428111773314756
AL353795.2,-0.010429663225782135
ZNF347,-0.010429782255496876
AL391560.2,-0.010431814223518037
PGLYRP2,-0.01043206148338114
SLC19A1,-0.01043438142793214
AP002754.1,-0.010434409615934524
SUGP1,-0.010438906123022706
SPRYD4,-0.01044874189986678
AC106820.4,-0.010448979588993865
TOP3B,-0.010450340498456579
AP3S2,-0.010451312913405404
AL133383.1,-0.010452606961102616
SLC17A4,-0.01045372854134488
FAXDC2,-0.010454533722459166
IL21R,-0.010455221095787339
LETM1,-0.010461417808592782
EPHB3,-0.010463707414501167
RUNDC3A,-0.01046402873100945
ANKRD9,-0.010467360509913468
AC145207.6,-0.01047018469622228
AC016044.1,-0.010470826430887602
AC079753.2,-0.010474764440546123
MED24,-0.010474918059960793
AC104984.3,-0.010476712006844953
SLC6A8,-0.010478105717643819
AC090607.5,-0.01047864738817119
EXO1,-0.010480804051254716
AC026689.1,-0.01048218182517284
AC009088.2,-0.010482551034568958
ELOF1,-0.01048437645278803
TAF12,-0.010484966714426789
RP11-147L13.15,-0.010486127727393657
AC008655.2,-0.010489835051727021
LINC00706,-0.010490547813951564
AC093583.1,-0.01049715720077322
PANK2,-0.010497274839857419
AL139423.1,-0.01049770728934484
AC114341.2,-0.010500576195688139
RP4-798A10.7,-0.010501521854667068
LAMTOR5,-0.010502991867365311
CEND1,-0.01050316830375178
TTLL4,-0.01050518889115111
AC096667.1,-0.010505666300311878
NTNG2,-0.010506121274889263
POLG2,-0.010508913614252617
SLC25A20,-0.010510766394960019
TRAV10,-0.010511905690063009
SMAD1,-0.010512262926537418
DLAT,-0.010513547334236671
LIPC,-0.010513829178783485
AL158212.2,-0.010516496897905103
AC007163.1,-0.01051845518306708
AC103706.1,-0.010520105573018721
RP11-53O19.3,-0.010521985964339028
SEMA6A-AS1,-0.010524243410560078
NXPH3,-0.010525580199266554
CSF2,-0.010529702729190304
TMC3-AS1,-0.010531240009826822
RP11-390E23.6,-0.010531861612929978
DES,-0.010533675337510639
AC109361.1,-0.010537096996572006
AC244093.4,-0.01053732064309787
PTHLH,-0.010540073935153244
IL21-AS1,-0.010544949234441008
ZBED6CL,-0.010546418926435663
CTD-2553L13.10,-0.010547071276406701
PARK7,-0.010547431167567534
FBLN5,-0.010548299831773937
GSS,-0.01054916641175784
AC002550.1,-0.010550385297530614
SLC2A1-AS1,-0.010557283958158843
SPOCK3,-0.010563164838337158
ROPN1,-0.010565567238415587
GPC2,-0.010566071596227774
BRINP1,-0.010566999519404856
LINC00514,-0.010568268351455908
PNCK,-0.010568346656365147
SARS2,-0.010568411250454202
CHCHD3,-0.010570284420892024
RP5-908M14.9,-0.010570560631190907
ABCB4,-0.010570762367277328
GPRC5D-AS1,-0.010572012813747058
SYMPK,-0.01057482705951455
AC022506.2,-0.010577538751171699
OIP5-AS1,-0.01057836438260904
AP003392.5,-0.01057933859883721
MMP1,-0.01058293285885599
SLC26A4,-0.010584459027387572
AL035661.2,-0.010586004489370825
CCR6,-0.010586328998252204
AL139289.1,-0.010588323052200366
F10,-0.010589550447353695
LINC01060,-0.010593210869636443
METTL21B,-0.010593746907476767
GATA5,-0.010596210606455525
AL033397.2,-0.010598200696249354
PYGM,-0.010598547327847081
MAN1C1,-0.010598756161030155
AC092119.3,-0.01060013270723864
DUSP26,-0.010603567657287332
ATP2C2-AS1,-0.010604304815558175
HSF1,-0.010605538032673348
GP9,-0.010608223693569587
FMNL2,-0.01060957573268821
AC080128.2,-0.010611182887457216
AC008686.1,-0.010611798455323904
TCAIM,-0.010612307716454158
SEC24B-AS1,-0.010616574955855794
CCDC109B,-0.0106235696060544
AC087473.1,-0.010626762167680588
AC025048.2,-0.010632098865876098
AL139385.1,-0.010632343309760602
AC093484.2,-0.010632649731615672
RP11-670E13.6,-0.010634962343094067
AC027514.1,-0.010646463855862858
DDTL,-0.01064664170059825
SGK2,-0.010649835549437292
FAM109A,-0.010652813662317948
KCNJ11,-0.01065502616841786
PLAC8L1,-0.010656409360889022
PTGS1,-0.010657598654405204
ZNF407,-0.010657659261091672
BTF3L4,-0.010664042810059445
SDHAF4,-0.010670834430610718
TRMT5,-0.010672656742606776
TRAPPC2L,-0.01067468066207816
GABRQ,-0.010675180139099698
UBIAD1,-0.01067875595512785
MAP3K7,-0.01067907276727067
AP000438.1,-0.010683958807213944
TMEM209,-0.010684353832452465
NRIP3,-0.01068541042539341
STPG2,-0.010691283531398327
SLC6A11,-0.010691645270919948
UCN,-0.010694174806056821
CD3D,-0.010696071629391003
CEBPB-AS1,-0.010702000916184503
TRBV4-1,-0.010702190080114029
AC006480.2,-0.01070389711694206
AC019129.2,-0.010704175777362988
SP4,-0.010705370656102562
HNRNPM,-0.010708537370067037
AC135507.1,-0.010709255025020112
PNPLA3,-0.010711132367110559
PAX8-AS1,-0.010715510006915053
ROBO3,-0.010718905079974432
ZNF852,-0.010719872777680604
AL157829.1,-0.010720103160771275
AL138963.1,-0.010720657581585922
TANGO2,-0.010726900343309713
SVEP1,-0.01072892491586882
PROSC,-0.010731483046886713
ELN,-0.01073245876463031
SLC12A5,-0.010735819769230388
NOL9,-0.010736775956735877
AL512590.3,-0.01073984660406733
AC072028.1,-0.010742269204520857
B4GALT3,-0.010743840751731161
LITAF,-0.010745318485389399
AC069503.1,-0.010748736852518528
SMPDL3A,-0.010750787631304432
C1orf21,-0.010752845544305946
AC004066.2,-0.01075636409493345
RNF166,-0.010758796966004208
C17orf113,-0.010763859884507804
CSF1R,-0.010768593710031318
VN1R1,-0.010770310412632177
MED21,-0.010772068622821616
LINC01239,-0.010775206404188614
EMID1,-0.010777739646058921
MFAP3L,-0.010784287792773701
ZDHHC2,-0.010785153580002647
HIST1H4F,-0.010785660214201461
LINC01143,-0.010786067503219133
AC134312.5,-0.010794944110096709
PCDHB15,-0.010795860342936576
PAQR9-AS1,-0.01080502855285604
AC009831.1,-0.010820060452702203
AC092803.4,-0.010821581138193433
TMEM240,-0.0108234452966534
BX284668.6,-0.010824924665706876
CLEC17A,-0.010828733326556152
AL109809.5,-0.010838179823034142
ERGIC3,-0.010841980431186548
ZNF426-DT,-0.010842354878909189
LACC1,-0.010843916172305249
APBA3,-0.010848100947451726
RBM48,-0.010851736042766591
PUS7L,-0.010852290032336332
CCL22,-0.010854768867767648
FOXI2,-0.010857496961642957
ZSCAN10,-0.010861706191666974
SPOUT1,-0.010865228475265802
AC090018.2,-0.01086601629507979
FRZB,-0.010869262379209857
AL034550.3,-0.010870497181307724
WFDC5,-0.010872312838890234
SAA4,-0.0108785634074352
NFASC,-0.010880168718228321
AK6,-0.010880573940035037
AC005736.1,-0.010889824308040584
SLC26A7,-0.010892402146269029
PLCB2,-0.010896240608640726
DDX27,-0.010900816726256268
AC004522.3,-0.010901090868418757
ZNF559,-0.010908474078898249
TMEM145,-0.010917530128235655
IL17RC,-0.01091874662717498
FAM218A,-0.01092050076512942
HIST1H2AH,-0.010923305435911284
KLK7,-0.01092461550250051
CAHM,-0.010925623466288894
AC087386.1,-0.010928786266743514
ZDHHC12,-0.010929802839597276
LINC01119,-0.01093090348408251
FDFT1,-0.010933826981666511
IL20,-0.010935222438487841
SMARCAL1,-0.010936524836836398
RAB40A,-0.01093741647795141
LINC01393,-0.01094151999884575
STPG3,-0.010941922932667823
ISL1,-0.010943179051611301
AL034550.1,-0.010949660848556945
AC006160.1,-0.010955086861019852
CSNK2A1,-0.010958995975138818
PACSIN3,-0.01096243607592061
AC024075.1,-0.010966825179410146
AC011825.4,-0.010973107752540874
AC011912.1,-0.010977248592803635
SLC35F3,-0.010980579659525383
ZNF749,-0.010985157988883337
PLAGL1,-0.010988385576135695
PGF,-0.010990248960403334
ENHO,-0.010991641082531884
SURF1,-0.010993339225047964
IL10,-0.010994647010101112
GABRD,-0.010997251804001813
AC010198.2,-0.010997664351370997
C12orf42,-0.010999876881799426
AC007996.1,-0.011001221382670102
LINC00852,-0.011002424497019821
AC027601.2,-0.011002502484889057
COPS7A,-0.011003839789973801
PPM1A,-0.011008158844773602
AC127002.2,-0.011010321769716945
CCDC144NL-AS1,-0.011012593145375373
PARP2,-0.011013631692399242
EXOSC8,-0.011014172259655725
TIMM17B,-0.011015190193002816
AC109630.1,-0.011017018639309893
TNFSF4,-0.0110176936785452
AC025048.7,-0.01101974779812572
C20orf85,-0.011021041870637143
PHETA2,-0.011021310507451865
NLGN4Y,-0.011024018421573294
RP11-212P7.2,-0.0110255003728285
AC022509.3,-0.011027145874631121
RP11-488L18.10,-0.01103264825219999
IL15RA,-0.01103890153311585
SDSL,-0.011039593974952546
PIGS,-0.01103981795020536
AL008727.1,-0.011041501846080116
TRIM58,-0.011042146410104888
AC011773.3,-0.01104307466903766
CRBN,-0.011043253830054002
AL137100.3,-0.01104392905185954
CHTF8,-0.011043955927896096
LINC01344,-0.011044095548524402
EID1,-0.011049877172614995
LINC02541,-0.011050100235867005
AC005863.1,-0.011053766810708458
MAFIP,-0.011054845935382687
ITFG2-AS1,-0.011056084129108138
C8orf59,-0.011062231158269986
UTP11,-0.011063844054396409
C10orf2,-0.011064962269823411
NTRK3,-0.011065174042655546
MIIP,-0.011068178756220133
CD200R1,-0.011068379602441784
CD207,-0.011068905619676812
PHGR1,-0.011074960313821686
AL137002.2,-0.011077608917594801
RDM1,-0.011079725524066868
GART,-0.011081337675683176
TRAV19,-0.011082485248846346
THG1L,-0.011085160709390281
AL160291.1,-0.01108518854668024
AC006449.2,-0.011089159808993106
HIST1H4C,-0.011089830885636587
RAB13,-0.01109017737397323
AL355488.1,-0.011102845888576627
MCEMP1,-0.011102987728266494
RPS6KA6,-0.01110393715387547
HPDL,-0.011111601576521237
GAPT,-0.011114026439091521
PRSS56,-0.011115576579953806
EPHA1-AS1,-0.011117859544983856
AC027307.3,-0.011122782342777733
TRAV1-2,-0.01112433665907154
RFNG,-0.011124348850000847
AKAP7,-0.011124962284718192
AC103703.1,-0.011132228919833873
SRPRB,-0.011134595776496168
AC011287.1,-0.011136325255591663
PADI4,-0.01114228413466036
AC084871.1,-0.011146610874708711
AC084809.1,-0.011155807497147492
DMBT1,-0.011156779520465468
NLE1,-0.011162602245832267
PRDM10,-0.01116350231509597
LINC02236,-0.011163985677668343
ANKRD34A,-0.011165118756800705
C1QTNF4,-0.011167240642288427
RP11-1017G21.5,-0.011169066504784777
TCEANC,-0.01117228671106004
KCNMB1,-0.011172472222881797
FRMD5,-0.011175166794346502
GLDC,-0.01117921274183395
KATNA1,-0.011182557500566822
AL355073.2,-0.011182951183374831
ESCO2,-0.011191146025244764
AC034102.4,-0.011192011168955603
NANOS3,-0.01119466990862181
POLL,-0.0111971877450125
AIM2,-0.011197504489995175
AC100847.1,-0.011204451653751552
SDHAF2,-0.01121054700998498
KIAA1468,-0.011220164083841083
CACNA1C-AS1,-0.011220935220840887
AXL,-0.01123146692245332
DYX1C1,-0.011231876878462258
NAP1L3,-0.01123414896836286
LINC01291,-0.011234404020800877
GCSAML,-0.011237471530985556
AP006621.1,-0.011241732783791907
MSH6,-0.01125076930502194
TAF7L,-0.011253680342957253
ENPEP,-0.011255602149446872
AC011043.1,-0.01125774904777888
AC021534.1,-0.011257839732438877
ATP2A1-AS1,-0.011260685110806056
PIWIL2,-0.011267709099577855
RP4-647C14.2,-0.011270304598676941
CD40LG,-0.01127057819707014
AL583722.3,-0.011274002365333746
UNC5B-AS1,-0.011274040549742298
ANO2,-0.01127615152056037
TMEM44,-0.011277891387188798
ZNF57,-0.011287348416453614
SNHG30,-0.011290836005502515
AC019069.1,-0.011291146450101664
AL391001.1,-0.011291412273816796
NIFK-AS1,-0.011298509070963901
BCL2L13,-0.01130101931315484
AC026356.1,-0.011302236074890568
HRASLS2,-0.011308441531242884
AC069360.1,-0.011308459664869184
TPD52,-0.011311573994557523
AC092650.1,-0.011314602197173389
SCN1A-AS1,-0.011314713571477791
AC004263.1,-0.011317480616246843
UPK3A,-0.01131834033526279
LINC00501,-0.011327198794242486
AC107204.1,-0.011329183694384614
RP3-508I15.21,-0.011333063286121197
SPRR2F,-0.01133313977583151
KLRC2,-0.01133351933789234
AL031123.5,-0.011343517712540005
DCBLD1,-0.011345961061370546
DDX59-AS1,-0.011347068931710419
BMP6,-0.011347167299387301
KLHL8,-0.011349747171184258
RNPEP,-0.011350404481377483
FAAP24,-0.011350642091609136
FSCN2,-0.011352860196120971
CABP1,-0.011357813172320522
TCF21,-0.011360393659861136
AC023632.2,-0.01136340318675243
TRABD2A,-0.011367652153964434
AC112484.5,-0.011368599935737113
FAM50B,-0.011372810933088678
RPUSD1,-0.011374265755748169
HOXC-AS1,-0.011376488783249735
TMEM143,-0.01137682235821005
LINC01816,-0.011378792897255175
ERFE,-0.011380826650604354
AC008760.1,-0.011381124745698202
INSM1,-0.011383184124042278
KRT17,-0.011384085757307847
PCP2,-0.011385390008834921
GNL2,-0.011385661164046858
TRAV8-1,-0.01139071774345319
AL034417.4,-0.011391049828899035
LINC02417,-0.011394303215082408
LILRA1,-0.011400190837806844
IGHV5-51,-0.01140490087353495
PPT2,-0.011405539379034562
TRBV5-5,-0.011405931632337591
IGFL2,-0.011411251358516243
THEG,-0.011414739110025758
C17orf50,-0.011419574772955562
TMEM243,-0.011425436448337826
AC080037.2,-0.011427872584282737
FABP4,-0.011428345213445677
RNF11,-0.011431519313653792
C20orf196,-0.011433552772799652
AC114488.3,-0.011443178447379508
C18orf21,-0.011451962467418211
AC073896.3,-0.011452278209294547
TAF6L,-0.011456625779420134
AC018816.3,-0.011458624738126378
ADD3-AS1,-0.011460427313383655
RP11-489E7.4,-0.01146283917477706
CALCB,-0.011463630551151632
ADGRF3,-0.011465219703593035
RP11-429J17.2,-0.011465330702543358
C13orf46,-0.011468003178754365
ID2,-0.011468715771037589
KIF4A,-0.011470570510712961
NARF,-0.01148503463785899
RGS18,-0.011491802370002942
GOLGA8R,-0.011495832491802641
RXRG,-0.011496970461498819
TMEM64,-0.011497652092465512
FAM86B1,-0.011502589599633285
RNF215,-0.011506140115561841
WFDC1,-0.01150877742941103
ZSCAN18,-0.011518776047275704
AC026333.3,-0.011519852698567213
ASPRV1,-0.011521635182498014
LINC01436,-0.011522299586008634
BX470102.2,-0.011534145268065812
PRPF40A,-0.01154526508844259
AC023424.3,-0.011546186269200046
AQP4-AS1,-0.011552659760218137
CTB-152G17.6,-0.011554123166881194
ENTHD2,-0.011557729348323352
XAB2,-0.01155790227318762
GPR37L1,-0.011561040846648564
AC092828.1,-0.011561709794834335
CORO2B,-0.011562303042229164
SGK494,-0.0115625599279972
THSD1,-0.01156628159879896
AC104655.1,-0.011567735894496396
PDGFRB,-0.011568567064643216
SIKE1,-0.011568827957575224
AL121933.2,-0.011571881252325741
AC074138.1,-0.011577173708835289
AC078785.1,-0.011578788840681923
ABI3,-0.011581160726667193
FXYD7,-0.011588972206892352
AL591043.2,-0.011596053286461735
REG4,-0.011601163426298036
NSL1,-0.011609209236575381
AC018445.1,-0.011613280135461545
AC018926.2,-0.011616835845290685
HIVEP3,-0.011621421193134328
EFNB1,-0.011621657737513079
NSMCE1,-0.011622465877403398
PRG4,-0.011625352095784011
AC022034.1,-0.011626066966740343
DNAJB6,-0.011632384147621721
HIST2H3D,-0.01163802455445372
CHRM3-AS2,-0.011640241495013786
LINC01547,-0.011645221252564042
KIR2DL4,-0.011646948834838536
ZUFSP,-0.011647673982669615
PDLIM3,-0.01164971816205652
TROAP,-0.01165694673099859
IL23A,-0.011673015399116875
AL672310.1,-0.011676421731887038
SNHG19,-0.011676939277172902
DFNB31,-0.011678754607090574
IGFBP6,-0.011679036452042052
SLC2A4,-0.011682012351601113
AP5S1,-0.01168546034006776
AC013652.1,-0.01168906785044457
AC104389.5,-0.011690543853609812
F11,-0.011694625809541195
DHRS13,-0.011695044167478286
C4orf19,-0.011695470143026482
ARL9,-0.011697365235819095
AC083805.1,-0.011699876061926734
RP11-54H7.4,-0.011701544131317302
AC004918.4,-0.01170352036359972
FBXO45,-0.011703574498405206
GFRA1,-0.011703942263720893
CSE1L-AS1,-0.011704098273359614
CXXC1,-0.01170948342205335
NALCN,-0.011719598087831093
EVI5L,-0.011721869569167149
RP4-605O3.4,-0.011722621037498684
FBXO48,-0.011726127342148422
AF131216.3,-0.011728788922605154
AC011676.1,-0.01172965982856871
AC068831.6,-0.011730299360650766
PDPN,-0.011731413822988278
PLIN4,-0.011732000875248044
FGFR1,-0.011733169467663439
CD300LB,-0.011737428764584681
PRKG2,-0.011741161710859198
AC009961.1,-0.011743681773987952
AC004540.2,-0.011761391591738418
ZNF837,-0.011764256601991447
KRT40,-0.01176990386712561
MYBPC2,-0.011777427644593913
AC114271.1,-0.011780312262138905
SMPX,-0.011790151975554901
SDC2,-0.011794975834306403
TUB,-0.011797290620219692
MEGF10,-0.011798096747372087
AL121601.1,-0.011800515721317987
IRX1,-0.01180566669906998
CLEC9A,-0.011807167483250301
BACE1-AS,-0.011810377029227445
TMEM168,-0.011818386223739931
AC090912.1,-0.011821017036282307
EXOSC3,-0.01182161498584941
AC024901.1,-0.011823424327189545
AC022784.1,-0.011826153869973046
AC097500.1,-0.011836402234851663
AL391839.3,-0.011837425238445146
ZNF280A,-0.01183925843421399
DUSP11,-0.011841283238393176
PRRX1,-0.011841973734570688
AC242842.1,-0.011843881174779738
AL121820.2,-0.011846678227234236
FAT2,-0.011854325160806868
UBAC2-AS1,-0.011864345949690514
AC074183.1,-0.011864591406350879
TMEM128,-0.01187626618144721
CYP2W1,-0.011876479607964343
SMIM25,-0.011877223293735625
TTTY10,-0.011878219898218436
RP11-465B22.8,-0.011879327369791668
PKDREJ,-0.011881821012565293
AC097641.2,-0.01188216084189647
CLDN18,-0.011882947237187151
FBXO2,-0.011887176945739722
RP11-356J5.12,-0.011888093821250669
LINC01169,-0.011897241565198885
PRMT2,-0.011898360409181227
CYP19A1,-0.011901563066894657
KBTBD11-OT1,-0.011909094632954007
SMIM2-AS1,-0.011909117705849038
SAAL1,-0.011914563478779684
HIST1H3J,-0.011916311893169244
AC007849.1,-0.011916681487706643
ZNF397,-0.011916986971699513
AC231533.1,-0.011932136594596352
ETFRF1,-0.011939015253473271
TYW3,-0.011943830963269801
HNRNPL,-0.011951399643561672
P2RY13,-0.01195229223715093
AC004130.2,-0.011955196387677648
GKAP1,-0.011958100873879617
TLCD3A,-0.011962209532159606
AC110285.5,-0.011964335577828375
RP11-446N19.1,-0.011966219522681837
DNAJC14,-0.011969107461630445
TMA16,-0.011971675047898596
BX470209.1,-0.01197389685163322
SSC4D,-0.011977534833700473
APOBEC3F,-0.011978947804170172
BX537318.1,-0.011979710904887312
LCT,-0.011980276804800873
LLGL1,-0.011981073124601975
DLL3,-0.011982673316564904
ZNF550,-0.011985891508488474
LYSMD2,-0.01198797331128481
HEIH,-0.01198862764604578
AL360020.1,-0.01199430481869203
KRT6B,-0.012001941561715456
CTDP1,-0.012002054661628007
KLF11,-0.012006776229854138
KEL,-0.012007090281061087
CERS3-AS1,-0.012009799821256854
CEP78,-0.012010792181100533
XPO7,-0.012022665526103033
CCBE1,-0.012022994314616722
AL731702.1,-0.01202311794015598
SNPH,-0.012024434448627788
AL353708.3,-0.012028209776808536
RFC1,-0.01203324710784521
ASTN2,-0.01204377719856679
IGKV1-9,-0.012045485988483028
MOCS1,-0.012047985468729316
AL592211.2,-0.012048414138597714
AC087071.1,-0.012054305656635246
GABBR2,-0.012054628615150479
C16orf70,-0.012055869870279167
AL049712.1,-0.012056055685383895
AL157813.1,-0.012057505165173425
ACVRL1,-0.012057713584665319
AGTR1,-0.012059276494856105
PRDM5,-0.012059446022253884
METTL7B,-0.012059845656514691
TFF2,-0.012062177164893422
TNFRSF13C,-0.012068821810740043
MFNG,-0.01207199992798576
SGO1,-0.012076928798712803
AC104791.1,-0.012078268109463598
ARNTL,-0.012078666205281955
AC087477.2,-0.01207980492515655
TFAP2D,-0.012081779381722224
AC093849.4,-0.012087401531439806
ZSCAN26,-0.01208745528009904
CNOT3,-0.012087984587668325
TEX261,-0.01208926720752837
GALNT16,-0.012091201690553902
VTA1,-0.012093488099187599
ZC3H8,-0.012100695502375835
AC119673.2,-0.012104724693766373
S100A8,-0.012105158410960224
NSG1,-0.0121235485547147
ABCC8,-0.012129031628291244
BAAT,-0.012130642092734963
APOBEC3B-AS1,-0.012131013220539446
KRIT1,-0.012131853101711077
FBXO6,-0.012132504158279241
UBA6-AS1,-0.012132874334212038
SLC9A2,-0.012133323835450262
QTRT2,-0.012143222868138744
SLC1A2,-0.012147418733284674
AC021028.1,-0.012149524174778312
GLI1,-0.012152435889035428
MFSD6L,-0.012158818560837545
RECQL,-0.012162229789056973
AC062029.1,-0.012166782279915491
SFT2D3,-0.012173058479700963
SLC6A15,-0.012173767661706785
MKRN3,-0.012187774227945964
LINC02532,-0.012189726153203585
TXN,-0.012189966626783675
MYLK2,-0.012190268812847946
ATP11C,-0.012193287621976431
POLR1E,-0.012195242470052773
PHYH,-0.012200975204285399
KDM1A,-0.012202032259358918
GYS2,-0.012202640960382623
CXXC4-AS1,-0.012205751646084955
LINC01740,-0.012207500211747909
ANKRD36,-0.012214316032854899
F8,-0.012224321742854071
LENG1,-0.012226464167740947
LINC02568,-0.012233393158298
TMEM229B,-0.012242272599805752
IGSF5,-0.012244352665743757
PSMC3IP,-0.012245690928939158
AP001021.3,-0.01225283182307428
LGALS7B,-0.012256780115732275
PTOV1-AS1,-0.01225738067101998
HPS6,-0.012261959993684636
PYROXD1,-0.0122627663113655
CS,-0.012263615585087293
POU3F3,-0.01226408494959676
BTBD10,-0.012265461775301634
SURF6,-0.01226620749506071
PKNOX1,-0.012273135166058565
AC016821.1,-0.01228215130689252
AC007014.1,-0.012283468136971096
PCAT1,-0.012293515553762924
CCNQ,-0.012294576733187427
LINC02691,-0.012299014471618066
RAB26,-0.012301743593826634
MAP4K2,-0.012303978234346067
LIPT1,-0.012304513214388916
PSMD5-AS1,-0.012305181167870138
AC007731.5,-0.012310277047181503
AL008721.2,-0.012311125317848951
AL354920.1,-0.012317065512941159
BRI3BP,-0.0123198433196293
NR0B2,-0.01232513190295782
C21orf91,-0.012329664398104285
FADD,-0.012350392853107153
PWP1,-0.01235260381652715
NIFK,-0.012353737642538285
AGMO,-0.01235879310198641
FTSJ1,-0.012360887852383397
RELA,-0.012362239388497545
AL158195.1,-0.012365667227060607
NCAPH,-0.012368310400255506
NDUFAF5,-0.012374640983513648
AC114811.2,-0.012374764220555648
RUNDC3A-AS1,-0.01237495631610773
CCN2,-0.01237926010479044
MELTF,-0.01238117238412226
KCNK17,-0.012384544812937789
AC007881.3,-0.012388588305260125
SF3A2,-0.012393443993566136
AC010494.1,-0.01239457909858779
ENDOV,-0.012395408215719531
AC068193.1,-0.012396203011641809
AIFM3,-0.01240192142433152
ORC2,-0.012406923216564059
AC131009.2,-0.012407681009914354
YWHAG,-0.012413529310655931
VPS26B,-0.0124142723442161
SF3B4,-0.0124179707651281
AKR1C2,-0.012423254953504203
CLVS1,-0.012428532990152811
C2CD4D,-0.01243579587424956
PCDHGB3,-0.012439141275122753
HEXA-AS1,-0.012440235609322956
AL390198.1,-0.012443105837676422
AC233755.1,-0.012443683358493947
LINC00881,-0.012449943525583127
AL590822.3,-0.012451597699024472
AL513303.1,-0.012452354945491365
TOR4A,-0.01245733591276477
KCNIP4,-0.012459768055649346
BEX2,-0.012462081334154093
TRGV3,-0.012474251802285388
MYO10,-0.012478365788324418
PROC,-0.012478803806144504
AC004556.3,-0.012502607850042112
SERP2,-0.012510166997806244
CNGB3,-0.012513566377650047
H2AFX,-0.012514561501864963
ZNF287,-0.01251860637141525
AC069544.1,-0.012521869973325658
TMEM141,-0.01252278026758581
RAG1,-0.012525380479838743
AL138831.1,-0.012526876449709515
SAMD14,-0.012527522521517584
DNAJB11,-0.012529271656680815
CKAP2,-0.01253196269406195
AC003075.4,-0.012534064645601046
ZNF625,-0.01253600737794684
HSPA14,-0.012537378898746452
ZNF789,-0.012538869992058268
MYLK-AS1,-0.012539271393222945
PRKD1,-0.012543694057407592
ADGRA2,-0.01254623627075119
CUEDC2,-0.012547740714034038
KCNH2,-0.01255063717437261
DBP,-0.01255250537321169
LINC00426,-0.01255566840729009
AL390755.3,-0.01256323835704782
MCM8,-0.012570527150348993
TIMM23B-AGAP6,-0.012573365400209728
ZNF414,-0.012576492160587658
AC021851.1,-0.012579002504394244
METAP2,-0.012579119678838775
CD6,-0.012581929106527475
LAPTM4A-DT,-0.012585036050826882
B3GAT3,-0.012585944941948243
CA14,-0.012588605871432994
REPIN1,-0.012590164723962488
LYPD6,-0.012602116445438195
ELAC1,-0.012605668710579866
MXRA5,-0.012611960799110524
MYBL2,-0.012613667935197637
ARTN,-0.012616416583479007
B3GAT2,-0.012617889594818832
AP003721.4,-0.012618102636145344
SCGB1D2,-0.012620448311823117
TMPO,-0.012624068126705162
C15orf61,-0.012626844869685315
LINC02669,-0.01262697438134382
ALG11,-0.012632473162752466
AC079313.2,-0.012638829910277889
LRRN4CL,-0.012639459700745514
KREMEN2,-0.012643317243767972
TMEM270,-0.012645975401897908
GIN1,-0.01264852387351363
LINC01560,-0.012651619355212198
AAED1,-0.012653610286444452
AC034231.1,-0.01265615769231856
NEPRO,-0.012659765582115215
FMOD,-0.012666541547379723
TRPM2-AS,-0.012666558909759292
CHCHD6,-0.012670691329789902
AP003032.1,-0.012672086921261825
AP000446.1,-0.012674831191997717
CDKL3,-0.01268058089608583
OGFRP1,-0.012682390651144472
NUP35,-0.012682689092382349
LINC02776,-0.012683693390400073
APOA1,-0.01268526082080467
PLPPR3,-0.012685625394184713
EFCC1,-0.012686360485519655
RTN4RL1,-0.012692159464324825
HDAC2-AS2,-0.012696951988432022
AC069243.1,-0.012702738943487753
AC064852.1,-0.012708492018616974
SOX9-AS1,-0.012709830012186995
ORAI1,-0.012710303223763817
AL161421.1,-0.012710770959178377
CHI3L1,-0.01271083698913534
AL008729.1,-0.012716619642617248
ORAOV1,-0.012719029095567911
CNNM3,-0.012719621071924326
C14orf93,-0.01272119203578543
NLRP2,-0.012724194842469746
FKBP3,-0.01272640126412157
SUSD5,-0.01272706662418586
AC007391.3,-0.01273197759748706
NCAM2,-0.012732232672298978
PSMC4,-0.012732599861917965
IGKV1-27,-0.012734103338754566
LRRC4C,-0.01273500764638844
MKL2,-0.012735669616298122
DIDO1,-0.0127370332675585
AC069224.1,-0.01273957457739318
PGBD4,-0.012741938454570365
KLF3-AS1,-0.012741998845412276
ELOC,-0.01274269074753398
PRRG2,-0.012746055256342094
GRIK4,-0.012751124167700183
AC133550.3,-0.012754058213794784
FIZ1,-0.012754729795913054
CCDC183,-0.012755520099962798
COPS2,-0.012756999276501617
UBA2,-0.012758718359352775
AC073896.2,-0.012761428479676913
SDHA,-0.01276553659377134
LINC01431,-0.012765867030931563
AC008438.1,-0.01276704017911858
AC100814.1,-0.012769772657250293
AP000873.4,-0.012769946924269549
GLS2,-0.0127729096697948
AC002451.1,-0.01277889189463376
GPR176-DT,-0.012782205434021799
CCDC86,-0.012786442355742814
LPL,-0.012790526052305266
PKDCC,-0.012812339137353254
DDX11,-0.012814670621078742
AL590096.1,-0.012818840871195619
COX7C,-0.012820812167820323
AMOT,-0.012821034465724752
TRIM59,-0.012821892518656838
AC010809.1,-0.012823127119832191
KCNMB3,-0.012823793485612736
RRP9,-0.012826951596112817
PPID,-0.012827236898498656
CSRP3,-0.012830270640847052
C1QTNF3,-0.012837407555731253
ZNF236-DT,-0.012839321851645939
TRPC1,-0.01284131065556148
ROM1,-0.01284374657067104
AC099791.2,-0.012844519618845857
AP001160.2,-0.012845051715542599
MRPL20-AS1,-0.012847290960441555
AC105285.1,-0.012849969059923819
AC011468.5,-0.012856371476516339
C1orf54,-0.012860549812577983
AL049795.1,-0.01286122281120823
IGSF21,-0.012865271125601837
FGF18,-0.012868304555844456
HOXC9,-0.012871328159530375
DUSP13,-0.012872574156550996
ASGR2,-0.012875204692801626
AC002480.1,-0.012879167990672501
SLC9C1,-0.01287941806078256
SRP14-AS1,-0.012885935838468717
FAM120C,-0.012896588352385406
AC125437.3,-0.01289905775113238
KRTAP5-3,-0.01289926358860931
AC069185.1,-0.012905229083476025
AVEN,-0.012905505839325364
SEMA5B,-0.01290561472509272
CPB2,-0.012907752096626623
PRR7-AS1,-0.012908481084885477
CAPN12,-0.012908539004906629
ARID3B,-0.012911303712026503
PTPN9,-0.012911570257813492
FLRT2,-0.012913986426464874
OAS1,-0.01291860532546817
TICRR,-0.012921355154330691
TRIM65,-0.012921471172093692
SGSM1,-0.012932655411959976
KLRC3,-0.012933814046689992
BRCC3,-0.012942219106035312
LINC02182,-0.012943423965228263
PDLIM1,-0.012949477816525985
GIMAP5,-0.012952652317426925
DONSON,-0.012955754255880369
PEG10,-0.012958941824469784
R3HCC1,-0.012959298416527954
C1orf131,-0.012961242461461723
ZNF587B,-0.012962838104611041
TMEM210,-0.012962893623657937
SPATA1,-0.012964479118287206
CELF6,-0.012965018269622154
AC022364.1,-0.012968915096311654
AC092120.3,-0.012973093803196015
INMT,-0.012983388999470625
PRDM6,-0.012987906006099283
SPCS2,-0.012993904500949035
AC079296.1,-0.012995147987967753
AC243829.4,-0.012996839746772734
AC091057.3,-0.013002240302638989
B3GALT6,-0.01300373478636717
ZNF93,-0.013004837586733082
KLRG2,-0.013007133607026405
AC002066.1,-0.013015257106103144
FOXI1,-0.013018844553690795
AP001347.1,-0.013042859068644158
THRB-IT1,-0.013042964974105503
AC005225.2,-0.01305128559324682
AL050343.2,-0.01305437218681044
AC145207.8,-0.013056495941698975
AC245297.3,-0.01306390295079143
ACRBP,-0.013065020082130317
LIMA1,-0.013066838410198633
TNF,-0.013066861921397386
LCMT2,-0.013078911667885915
CACNA1G,-0.013088122272898817
ANXA4,-0.013090570830593281
XRCC3,-0.013091202741300613
P2RY8,-0.013094528727889822
CRYGN,-0.013094886687027414
GNGT2,-0.013095909663781073
PIGZ,-0.013096965558648966
NCKAP5,-0.013098947844385393
GNAI3,-0.013105655492868847
PDE8B,-0.013106904869005152
RCOR2,-0.01310793380673861
UTP6,-0.013109908233258104
AC104109.2,-0.013111011118338952
ST8SIA6,-0.01311178217660102
ESF1,-0.013112766515055128
H1FX,-0.013112921055662231
AC090115.1,-0.013114506761054648
PPIAL4A,-0.013116888821896551
ATP1B3,-0.01312097877376743
IRX6,-0.013123698912488796
CCNA2,-0.013124934387920034
C17orf100,-0.013125203118736536
POT1,-0.013126450391288952
BX571846.1,-0.013128348531833964
FIP1L1,-0.013131815406622836
SMAGP,-0.013132036070408519
AC010615.2,-0.013133065893914692
LINC01534,-0.013134223902950725
TMPRSS3,-0.013135424860287077
LMO1,-0.01314551852647851
DOLPP1,-0.013146014492523436
ZNF540,-0.01314629200797439
BBOX1,-0.013147943554952071
PLEK2,-0.013149520285179836
CU633906.5,-0.013155893766741263
PLCD1,-0.013171274629671643
CHRM3,-0.013171771758006488
ZYX,-0.013172570834198356
IGHV7-81,-0.013173855929851078
AC007920.2,-0.01317498041072713
FLG-AS1,-0.01317550886653793
AL022341.1,-0.013177495982086423
HIST1H2BH,-0.01318620823169129
ZNF713,-0.01318922065161976
COL19A1,-0.013191001251020518
MSANTD1,-0.013195299377718015
COX6A1,-0.013195704755710408
METTL22,-0.013195928439442348
AC025580.3,-0.013199617952153665
AL117378.1,-0.01320076564263881
GPR27,-0.013214449028796229
FCGR2B,-0.013216507574013856
NFE2L3,-0.013217534752309617
DMRT3,-0.013221237412167559
TBXT,-0.013221470139952023
SMUG1,-0.013225018157927633
PTPRO,-0.013226021072469838
CACNA1A,-0.013226173547551666
AL158151.3,-0.013227866380016108
ASPHD1,-0.013229563127804315
ERICD,-0.013234798766635768
AC022613.1,-0.013238008666524437
SNAPC3,-0.01324586748688596
KLK12,-0.013266470254756933
RADX,-0.013269404499743745
ZNF548,-0.013285490520198714
LINC02447,-0.013288744881989802
CSTF3-DT,-0.013291323188658177
IGHD,-0.013307137342225155
DLX2,-0.013309723926749168
MMP20,-0.013311056337543092
KRT14,-0.013311821892035797
GIPC1,-0.01332148242210416
FAM63B,-0.013325754585098451
RAD1,-0.013325843273960655
GALT,-0.013331533163227466
TRPV3,-0.013332324799856233
AP001267.1,-0.013333133043312457
CABLES2,-0.013346099305184874
UQCRHL,-0.01335117628784592
FAH,-0.013354936202171574
MOCOS,-0.013357961806506983
PRRT1,-0.013358747740294384
TCAF2,-0.013363932950172913
CRISPLD2,-0.013373073882955389
AC016727.1,-0.013375991994538278
NSD2,-0.013378137587307909
AC234582.2,-0.013384143440778824
POTEF,-0.013391334338761853
RACGAP1,-0.013407520017777924
TOR3A,-0.013408851029821655
UBE2L5,-0.013424065082263141
AC015712.1,-0.013424675773933742
AL023806.1,-0.013425108990885134
PTPRG-AS1,-0.013434684990037409
PRR26,-0.01344451142247771
IL12RB2,-0.013457922954419667
AC079601.1,-0.013462807374812534
TRIM44,-0.013469798291879434
TIMD4,-0.013485176086689657
SMARCD1,-0.013487956667002787
TMEM105,-0.013491282375881423
AP001160.4,-0.013491969994114492
OXCT1-AS1,-0.013499865805310726
SRPK2,-0.013506040467740909
TEX29,-0.013508192292145709
KLF1,-0.013512329955271112
S1PR5,-0.013513963635461208
AL928654.1,-0.013517153658671703
AC004951.6,-0.013524409193216277
GZMH,-0.013524484893042572
KLHDC8A,-0.013525621519741952
TEX22,-0.013527887548403703
AL008638.2,-0.013528473171916749
PSTK,-0.013538585304792222
UPRT,-0.013546803486425667
LINC01305,-0.013551136489781925
MAP2K6,-0.013554735053817627
ATP13A5,-0.01355567424556638
NRCAM,-0.013560655600292223
SERPIND1,-0.0135641844740002
LTV1,-0.013573132005721366
FHOD3,-0.013586420268966965
SNRPC,-0.013596964912169801
CXorf21,-0.013601647166443746
KLHL6,-0.013606388563869736
PIGT,-0.013614328010736273
TRBV9,-0.013615230928270704
AL078582.1,-0.013622099618950338
PDGFRA,-0.013622763961560851
PPP4R1-AS1,-0.013623959510400607
BAG5,-0.013636641827853044
ZBTB2,-0.013638194342938467
SLC5A4-AS1,-0.01364015909532895
AL359813.1,-0.013643092295638167
HOXA9,-0.013644265353889387
RIPOR3,-0.013644361210896737
ZNF296,-0.013644836774671798
CARMIL3,-0.013648600347156389
IFT122,-0.013655155032844314
AP000525.1,-0.013655537960430316
NR6A1,-0.013661603353225225
PLEKHA3,-0.013662392124383246
ZCCHC6,-0.013662695040820547
KLK1,-0.013675100493412006
DSCR9,-0.013684098744953202
RUFY4,-0.013687862772173638
FOXN1,-0.01369025092539267
PERM1,-0.013704360948134197
NUS1,-0.013707797640785866
RXYLT1,-0.01371524990459569
ZNF805,-0.013717495684435428
GORAB-AS1,-0.013718169624123994
AL157400.2,-0.013720343973714277
AC136604.3,-0.013732508247317293
MRFAP1,-0.013732855180467855
TCFL5,-0.013735918304110827
CDKN2D,-0.013742189483569098
GMNN,-0.013742897736125121
AC079949.1,-0.013743669684981188
MYO16,-0.01374960939038402
AC025442.1,-0.013754003354989662
MAP6D1,-0.013755037135735565
PGD,-0.013761675124108854
RASD2,-0.013768409470687058
AC012409.1,-0.013770314648984264
AC105942.1,-0.013772165265001395
RNF24,-0.013772451425439161
AL442636.1,-0.013774983431804094
STARD9,-0.0137827707058209
MCPH1-AS1,-0.013789460831493426
AL049796.1,-0.013789622920516545
GAL3ST3,-0.013789987932366944
CHCHD10,-0.013792487371359937
ARF4-AS1,-0.0137953785092045
TECR,-0.013800739341232928
NELFB,-0.013805242912415892
SAMD9L,-0.01380776343119521
AC000085.1,-0.013809793410587176
LY6E,-0.013819869532254721
SV2B,-0.013821486657305763
NPIPA9,-0.013830980104881527
TMEM134,-0.013832846296026562
FCGR3B,-0.013836857110927985
ZNF25,-0.013837636068850455
HIST1H2AL,-0.013838451813160615
ARMT1,-0.013845246521757962
LINC01807,-0.013845753801373737
RIMS2,-0.013848579946835547
SNAP47,-0.013850583331349685
PLK1,-0.01385472148185388
CAPNS2,-0.013855778712273576
AC068707.1,-0.01385874666185629
PLEKHG4,-0.013861891111283657
RAB17,-0.013862716931061963
RFLNA,-0.013863853494422311
ANK1,-0.013867336120592207
BOK-AS1,-0.013868711024722136
AC008074.2,-0.013873485122636649
CPSF4,-0.013881078616360246
RHBG,-0.013881122418444095
CLDN11,-0.013892028163800767
ZNF772,-0.013892212510648911
TCEAL4,-0.013896401633158915
TBC1D17,-0.013899047901554891
C1QTNF2,-0.013901526462456943
BCAT2,-0.013905312941336909
CD8B2,-0.01390594324252296
SOGA3,-0.013909862355871577
FAM83B,-0.013910771943181695
AC010531.6,-0.013919304637339003
HCG25,-0.013927328743171015
CD72,-0.01392819685147706
NT5DC4,-0.01393157996803684
SET,-0.013933600801675453
PWRN1,-0.013944417198889114
RASA4,-0.013950076790990945
NOXO1,-0.013955265522482363
AC008040.1,-0.013956172196404278
AMFR,-0.013958564749009642
LINC02422,-0.013965183317161803
DNASE1L3,-0.013971981023422581
ASDURF,-0.01397473966771757
TTK,-0.013978029124791794
DOK6,-0.013985089199899683
TIMM23,-0.01398632088293813
LRRC17,-0.01398746162572369
AC009065.4,-0.013989576253666739
LRFN1,-0.013990127497859212
MFI2,-0.013990680771845529
HPS5,-0.013992431180007602
AIMP1,-0.013994989157766098
AC073862.1,-0.013997807071670042
TBCCD1,-0.014004438288007699
TADA2A,-0.014005689302068868
AP000527.1,-0.01400625878762975
MPHOSPH9,-0.01400937516641965
LINC00629,-0.014011201593390497
SPSB4,-0.014024965596510149
CHMP1A,-0.014027070277917022
CNTN5,-0.014029173952080764
CX3CL1,-0.014036537008667324
PPIF,-0.014036714352719882
AC025580.1,-0.014049805558560844
LPP-AS2,-0.01404992254772944
METTL1,-0.014061884883983456
KIZ,-0.014065133166236905
GATA3,-0.014067167937450173
Z98752.4,-0.014073239857980526
IGKV1D-13,-0.01407554438182436
NUFIP1,-0.014075583247242614
PRR15,-0.014075829321135297
AL391097.2,-0.014078939033255987
CPTP,-0.014079682868328879
IGF2BP2,-0.014086751242319933
CDK11B,-0.014089783446026093
LRRK1,-0.01409914954247666
CACNA2D4,-0.014103178809573949
ZWILCH,-0.014113004804725635
LINC00624,-0.014118501221203509
TAF1C,-0.014121386916653657
AC073834.1,-0.01412757599501838
DCHS2,-0.014129657632650125
CINP,-0.014131572415900325
STK38L,-0.014134410972653043
AC046143.1,-0.014135898782111253
HRC,-0.014139184046482683
ENPP2,-0.014144371201249485
SV2C,-0.014147029036586305
AC034213.1,-0.014148366625927644
AC084782.1,-0.014158818060337135
LINC00839,-0.014161867968522254
A2M-AS1,-0.014162856277547124
NCKAP5-AS2,-0.014173369809317304
AC010478.1,-0.014179750953328319
ATPSCKMT,-0.014196017073700141
AC107027.1,-0.014199963116922103
BAIAP2L1,-0.014203939335639845
RUSC1-AS1,-0.014204092353119464
AC007240.3,-0.014211964523055837
NPTX1,-0.014214529622804326
MARVELD1,-0.014220276164232923
PPARGC1B,-0.01422110413400896
CALCA,-0.014221607503666203
BCL11A,-0.014225679048717372
ZC3H15,-0.014226072605415837
ZNF696,-0.014227257807996878
LINC02321,-0.01422813018826698
CDC42-AS1,-0.014228460547168864
SEMA3D,-0.014228665173957164
AMIGO1,-0.014229440769655158
CREBL2,-0.014229733887431163
ST8SIA6-AS1,-0.014231178974961723
APOBEC3G,-0.014235950988694792
LINC02084,-0.014241963561308607
RNFT2,-0.01424262923942518
TUBA8,-0.014252011334447154
CCL7,-0.014252125519316598
HK3,-0.014259591539534293
UGT1A1,-0.014265069116578911
SERPINA9,-0.014267374950866756
AC004951.1,-0.014275172513052454
LINC00113,-0.01428371918154418
HOXB4,-0.01429110228726219
ALKBH2,-0.014294216297099399
CPB1,-0.014303632681280917
MRPL1,-0.014305277681540648
BEND3,-0.014306136756664213
CORO6,-0.014306526910513716
CLEC2L,-0.014307441049426257
MT1H,-0.014307701773312859
PSMC5,-0.01431739998498004
ANKRD1,-0.014321843757208672
AL031668.2,-0.014324618004474344
GPR137C,-0.014331710950773425
AL135791.1,-0.014332601969212218
AGBL5,-0.014343203110833383
KEAP1,-0.014344830971235416
LBH,-0.014349361091713631
GANAB,-0.01435416687094622
KIAA0907,-0.014355154243966077
UNC45A,-0.014357332599732308
UBTF,-0.01435778737584283
LINC00551,-0.014371517785081271
AC018816.1,-0.01437990874556022
B4GAT1,-0.01439177481735281
AC008894.2,-0.014392304359905309
AC021146.12,-0.01439489764905744
PNPO,-0.014401728258214747
AC021054.1,-0.014410738577404214
SPIB,-0.01441959787675687
C1orf27,-0.014422798293151566
SYNGR1,-0.014426297991125757
TMSB15B-AS1,-0.014426577436595442
AC233992.3,-0.014436459123700729
CCNI2,-0.014438042704253314
UBXN10-AS1,-0.01444247297673777
MSX2,-0.014443778719629515
DEPDC4,-0.014445042395875561
IFI6,-0.014447785697547557
LSM14B,-0.014450861644975657
TFRC,-0.014451204417404691
CREB3,-0.014459417508251826
AC011472.3,-0.014462156239192973
KIF25,-0.01446394925603173
PNPLA2,-0.014465982936044284
CEBPG,-0.01447061831473642
WRB,-0.014475063524329826
KIF5C,-0.01448232743829304
LINC00472,-0.014483510653670538
AC116025.2,-0.014484637636090243
AL354892.2,-0.014492913880984701
AL133477.2,-0.01449400758465349
BDNF-AS,-0.014503181532970585
AC024581.1,-0.01450833251248222
MTLN,-0.014513570710005029
GUCY1B1,-0.014513628804931154
SPINDOC,-0.014516815595088646
MRAS,-0.01452117089649156
EPS8L2,-0.014522548854255917
ZNF527,-0.014525968059412654
AL136040.1,-0.014528245906910925
APEX1,-0.014532311724118589
PAM16,-0.014537694305171317
ZNF277,-0.014539849462811972
AC002091.2,-0.014550629780310503
LINC01549,-0.01455086119580524
AC004846.1,-0.014551991421921675
DGCR11,-0.014553613906529048
POU5F1,-0.014555802221502647
KHDRBS2,-0.014558880195054996
TMEM80,-0.014565960882630211
TBCE,-0.014568538414433839
AC023024.1,-0.014583402730119188
WASIR1,-0.014585275021004061
AC010327.5,-0.014596418018857889
AL732314.6,-0.014597121042501451
TMEM92-AS1,-0.014605691541112457
AL132857.1,-0.014608682608120541
ALAD,-0.014624462681483305
SMIM12,-0.014628041374245343
CDC20,-0.014629664526207037
PLA2G6,-0.014630217480943937
ATP5MG,-0.014631285953326958
GNB3,-0.014634262539749528
RNF114,-0.014637045995215588
MELTF-AS1,-0.01463849163257768
RELL2,-0.014638864633790818
PMF1,-0.014645304628408077
TRBV15,-0.014646328613956906
PLCH2,-0.014647255987474714
SNAPC5,-0.014647724993977014
LINC02771,-0.014654353245724788
ZSCAN25,-0.014657192144796731
XAF1,-0.014675714517821408
MAPKAPK3,-0.014689218211244463
MYH3,-0.014693707530897321
FAM170B-AS1,-0.0147005780728097
AL845472.1,-0.014713309375135097
TRIM47,-0.014723471542393228
EBP,-0.014727541868292181
AC005041.4,-0.014732920757685767
AC004148.1,-0.014744554260266543
AC010327.7,-0.014747509697706355
GPN1,-0.014751673224332117
AL451123.1,-0.014761192067077397
KLRC1,-0.014765984152771005
SLC48A1,-0.014769226590574896
DUS4L,-0.014772201735132828
ICE1,-0.014773724390807472
AL731559.1,-0.014783297204266885
LDLRAP1,-0.01478545801617166
MMP16,-0.014785950623813993
IDH3B,-0.014793615605154967
HOXD3,-0.014794826130193763
PLOD1,-0.01479548439039555
POLR2D,-0.014797944280708387
AC092171.4,-0.014799239978330919
DCTPP1,-0.014804115535060272
LRRC47,-0.014809408919736389
AC027031.2,-0.014817733499348578
MED18,-0.014820117619268321
CPNE8-AS1,-0.014829046752528939
RPS29,-0.014835614870093897
ERAP2,-0.014838059888937634
ATP6V1A,-0.014844741731804006
SLA2,-0.014848335308821101
TAL2,-0.014850595666500686
AC129507.1,-0.014855784995236345
STAT5A,-0.014857446130077433
ELAVL3,-0.014859688167420889
NUP37,-0.014864261988658103
CLDN19,-0.014866404222236826
ANAPC5,-0.01486983590788158
BEX1,-0.014883212074185009
SPON1,-0.014883630023454872
ATG5,-0.01488673007749151
AL355377.4,-0.014887086764005358
ANKIB1,-0.014887102233102278
METTL9,-0.014910730524137043
HAGLR,-0.01492762798362358
UPK3BL2,-0.014928785825868846
C9orf40,-0.014929774165410485
PMEPA1,-0.014929870331754039
AL354836.1,-0.014931543322258113
TALDO1,-0.014938392447251895
SLC25A13,-0.0149408494118995
MPV17L2,-0.014947683299726051
EPB41,-0.014950501246454435
VPS9D1-AS1,-0.014953597113977658
FCGRT,-0.014963665534664956
PSMD10,-0.01496514733447708
ITPRIPL1,-0.01496860792678357
HEBP1,-0.014972559978817516
PITPNA-AS1,-0.014974775661877559
OSCAR,-0.014975117287947638
PSTPIP1,-0.01497667184070785
CD1C,-0.014982557224415619
PIK3R5,-0.01498383021720825
UGT2A1,-0.014988014715839992
LPAR5,-0.014999654199832051
AC005229.4,-0.015007155662241223
NEURL1,-0.015015851494588584
SNAI3,-0.015018263430213279
SH3BP5-AS1,-0.015019275808706425
ATP2A1,-0.015020654560332513
LINC02352,-0.01502409989402178
AUTS2,-0.015031489110605053
IRF2BP1,-0.015031662124190647
GATD3B,-0.01504504466705339
EML3,-0.015045085201841705
AL133153.2,-0.01504646047150835
HELLS,-0.015060955670636703
ATRNL1,-0.015064665633054497
AC004160.1,-0.01506517303785755
CDH2,-0.015069773332634184
OSER1-DT,-0.015070808242035843
FGF22,-0.015080780259462885
Z82198.2,-0.015083472411890977
LENG8-AS1,-0.015084090684835733
WDR86,-0.015091007300875876
MRPL48,-0.015092293411900538
HDX,-0.01509671699471926
PDGFB,-0.015099690713833663
AL022316.1,-0.015099921383123976
HOXD8,-0.015105549745284486
KIAA1755,-0.015124711647288427
FXR1,-0.015126177598033225
ZNF703,-0.015127542014444181
AP001318.2,-0.015138992501781337
WDR18,-0.015141747198094736
MKKS,-0.015144323676352439
ANGPTL2,-0.015147864017936856
TRGV10,-0.015151064637390937
ALK,-0.01515408061055521
BX005266.2,-0.01516826309211533
C5orf66-AS1,-0.015173576313707813
PNP,-0.015185548628662157
OGDHL,-0.015197595251910844
IGFL2-AS1,-0.015198505820191046
MCM4,-0.015212419065114396
ISCA1,-0.015214052920777764
AL359541.1,-0.01521822308349861
KIAA1614,-0.015222987711638932
RPA3,-0.015255688442044744
DERL1,-0.015264875996343569
ROR2,-0.01526620021892584
SLFN13,-0.015271029901636589
AL022345.4,-0.015272722268354374
RETREG2,-0.015275045532379372
ZSWIM9,-0.015277362976863157
RP3-394A18.1,-0.015281892255207648
RIPPLY2,-0.015282123255402907
MSANTD4,-0.015284340411651363
UQCC3,-0.015286600430853003
HBA2,-0.015286609732337976
AC017100.1,-0.015290376236736508
AC003102.1,-0.015293072608928062
GGACT,-0.015295919780646917
GNG10,-0.015301425436859264
HNRNPC,-0.015301690450964366
AL512625.3,-0.015307994554892679
DHCR7,-0.01531327863926851
TPRA1,-0.015319467347030132
MINDY3,-0.015321658098952178
RBM18,-0.015323775378473277
FAM156A,-0.015323818054312632
AC106795.3,-0.015343019453092901
NAP1L2,-0.015344671980113432
ZXDC,-0.015349426144993126
PTPRCAP,-0.015353440038337803
HTRA3,-0.015360712623502977
BRD7,-0.015361299603749408
NALT1,-0.015367277903861814
PRPH,-0.015368814348581186
AL021978.1,-0.015371676056832442
TRMT61B,-0.015377572307007979
TIPIN,-0.01537923861581618
AC243829.1,-0.01539155735215191
SCPEP1,-0.01539291950465561
ZDHHC15,-0.015400211050534171
LIN7B,-0.01541978456737425
ZNF8,-0.015421980446911088
NLRP6,-0.015423061444136028
ZNF517,-0.01542962275739459
MAFA,-0.015438202674069538
COMMD4,-0.015444300121315152
NAXD,-0.015445941325648386
FBXO32,-0.015452097626165888
PPM1M,-0.015452819567218765
FAF1,-0.01546137635308134
GUCA1B,-0.015462864086647952
CENPK,-0.015467826616250764
ZNF596,-0.0154693328930796
ZNF519,-0.015471931389374872
ATG4C,-0.015473833189441339
COL2A1,-0.015485782809811369
ORC4,-0.01549974457376198
AC087533.1,-0.015504069553752036
STARD6,-0.015506892378821857
AC100858.3,-0.015507321472022455
HMSD,-0.015517490622848537
FAM72B,-0.015522562251016711
NDUFB3,-0.015537261875717922
EDRF1-DT,-0.015540505303060741
GARNL3,-0.015540810938272592
IGLV10-54,-0.015543241812627446
AC087501.4,-0.015557300496908318
AC016924.1,-0.015561214024200057
HIST1H1A,-0.015573781720000787
ANKRD39,-0.015574205058172091
PIAS2,-0.01557521952121058
MMS22L,-0.01557870509493043
COX6B1,-0.01559114806238834
TXNDC12,-0.015595787600306837
LINC00824,-0.015596677411390168
UHRF2,-0.015599289073968058
FAM66D,-0.015599481274992997
PVT1,-0.015602062802106695
ZEB1,-0.015626167052216772
C2orf82,-0.01563011782744086
TAGLN,-0.015631011298632157
UNC93A,-0.015633377724711094
ALX3,-0.01565320613285968
SZRD1,-0.015655002771202308
ZIC4,-0.015657972555185584
C12orf4,-0.015673653717649692
AL021328.1,-0.015679791674476935
KLHL9,-0.015685046864134952
NUTF2,-0.015685784861648438
LINC01275,-0.01568651226257337
DNAJC5B,-0.01568865612986387
SLC38A5,-0.015712536933143697
TP53TG5,-0.015713106434212535
SNRPN,-0.015714521576833083
IFNG,-0.015719969090369507
TCL6,-0.01572312668018795
AL136038.3,-0.015732252585545437
EFS,-0.015742973675219096
CXCL12,-0.015745367702744775
AL109628.2,-0.015747758303233234
LINC00865,-0.01574789186865253
LIX1L-AS1,-0.015752373675920563
AC010618.3,-0.0157717070349606
AC010325.1,-0.015789417251188095
PCMT1,-0.0157992461999854
RNF169,-0.01579973346448611
AC090844.2,-0.01580108020375024
SMO,-0.01580243081811985
TCF24,-0.015804334021874384
HOMER3-AS1,-0.015804879944561194
AC020978.7,-0.01581113712929453
AKT1S1,-0.015812785353282975
MCM10,-0.01581395038154333
MFGE8,-0.015821616126392202
ZNF579,-0.015839322786306044
WDR83,-0.01584431137136627
AC024560.4,-0.015848266544494772
AL136419.3,-0.015849837291837473
TRIB3,-0.015850584297909316
TCP11L1,-0.015854969657546052
PTPN2,-0.015857781668486354
AC012640.2,-0.01585891008990081
AC108488.1,-0.015874774081035794
PARVG,-0.015880881496049094
PNMA6A,-0.015895323956058336
RELCH,-0.015898203908879905
ARNT2,-0.01589822163652405
PEF1,-0.015898829008095826
NDUFA7,-0.015900486669965765
LYRM9,-0.015903999611632944
LINC01778,-0.01590462696868565
AL020997.5,-0.01590688128980134
TRAV25,-0.015912336038697173
RPUSD2,-0.015914114058194834
AGPS,-0.01591713604318406
LINC02028,-0.01593668348304953
SEPTIN1,-0.01593897257096451
TYRP1,-0.015941127706451896
ZNF416,-0.015942218151289118
ZNF263,-0.01594409252834541
RPS6KB2,-0.015944348112815934
TBC1D7,-0.01594895532234936
HNRNPUL1,-0.01595105756469051
AC112206.2,-0.01595554484324628
DIRAS3,-0.015959893221157227
ANKRA2,-0.015961913744050375
SPC24,-0.015962936717672967
AC106045.1,-0.015966214214827693
VAX2,-0.01596931035085871
ASMTL,-0.015974179345657168
SLC25A42,-0.015979531813236303
HIST1H3C,-0.015987270024768543
PTCD1,-0.015989313309193027
LAG3,-0.015994216577754385
ATP5MGL,-0.015995227953653088
SMIM26,-0.016005977883108185
GRB14,-0.01600621574460178
VPS33B,-0.016006815016549554
RASL11A,-0.016007470294458162
ASB16,-0.016007632861550644
RASL11B,-0.016008009411685304
LINC02247,-0.016009081913218717
EFNA4,-0.016014319820056674
AC078883.2,-0.016016831603087072
RBBP7,-0.01601826618506873
ANKS6,-0.01602146471215047
NES,-0.016022849706832938
AP000695.2,-0.016024775024298533
TMEFF2,-0.016034810108706072
APOL3,-0.01603884438821211
ARPC3,-0.01603947520971512
GJB2,-0.01604121471497049
DUSP2,-0.016044979185432944
PCDHGA8,-0.01604529642427081
ZC3HC1,-0.01605406130697732
CBX2,-0.016057521076403524
LAX1,-0.016068789325435002
NELFA,-0.01606966487238803
AP003068.2,-0.016072504379261027
KRTAP5-2,-0.01607681549784232
MIR210HG,-0.016080417629865163
GMFG,-0.016087877308087667
EIF2S3,-0.01608820882177162
RBP7,-0.016091298122295553
TTC4,-0.01609279439130551
MRPS7,-0.016099877943352506
PDSS1,-0.016100247576958267
KMT5C,-0.016101395661204283
P3H4,-0.01610919415400457
PIPOX,-0.016112231450069885
CDC42EP4,-0.016116910080365587
PPFIA4,-0.01612372017406365
CCNB2,-0.01612681722670245
WDR74,-0.01612917703372675
MAGI2-AS3,-0.016131623706314414
SF3B5,-0.016135160383404016
HDDC3,-0.016137256278937938
SH3GL1,-0.01614065875637872
ZNF860,-0.016143448270292557
DDC,-0.016146251329848888
AC006064.3,-0.016153817536850832
AC021683.3,-0.016159201717672586
AF274853.1,-0.016165841852800598
TESPA1,-0.016169469954700155
NID1,-0.016178304288424483
ACER2,-0.01617858752593328
TTI2,-0.016179274572195885
WDR25,-0.01618493348980684
STX8,-0.01619291952869496
SIGLEC9,-0.01619829990907013
PDZD11,-0.016214164603629802
CDC42SE1,-0.01621725946842998
CMPK1,-0.016221589512612145
TMEM126A,-0.016230745868843016
TRAV38-2DV8,-0.016232500585717437
THUMPD2,-0.01623534394773842
ADAMTSL2,-0.01624515311693367
IGDCC3,-0.016245852223997253
TMX2,-0.01625048614733392
TNKS2-AS1,-0.01625085002340131
C22orf39,-0.01625183116335556
TUBB2B,-0.016266771584509006
SGCG,-0.016267905268343843
MPC1,-0.016268851983083196
TMEM74,-0.016270634426762638
DIPK2A,-0.016275251699157448
CPSF4L,-0.01629036516829281
CCNB1IP1,-0.01629791582398859
ZBP1,-0.01630197827185559
NMRAL1,-0.016303215745326633
CXCL10,-0.01630910612665656
AC068025.1,-0.01631079377294933
NEURL1B,-0.016328433057973962
SCOC,-0.016329058766026357
AC009704.2,-0.016333604258539806
TERT,-0.016335881089255322
FRG1,-0.016338166781778785
ARHGAP28,-0.016338645987841897
KRBOX1,-0.016341254396013
ACTR8,-0.016342327144216285
RGS7BP,-0.016354833809900188
ANAPC7,-0.016358195988275433
RCHY1,-0.0163595559556262
GRIN2D,-0.016360454206430116
MLST8,-0.016366149583846752
TCF19,-0.016369606276317894
LAMTOR1,-0.016374592206568415
PRDM11,-0.016383335226685204
ASB13,-0.016395512084003642
ZNF358,-0.01639601323513049
SLC6A13,-0.01639922299864402
BHLHB9,-0.016402483891583094
ABRAXAS2,-0.016406187184235158
SLCO4A1,-0.01641945702008831
TRDV1,-0.016426096046945466
AL136018.1,-0.016427392823183135
IGKV3D-20,-0.016434569792636366
MYOZ3,-0.01643762455140285
EXOSC9,-0.016443882760381844
LTA,-0.016447647074821114
ROGDI,-0.016452093799960304
DHPS,-0.016452141115887595
MYO1F,-0.01645345448819708
ALDH9A1,-0.016455775081105222
MIR155HG,-0.01646902303592436
MILR1,-0.01648799649342007
PLEKHA4,-0.016501275837476483
UCHL1,-0.01650475330664101
SNRPA1,-0.016505363060317173
CHMP4B,-0.01650946718545461
ANKS1B,-0.016514098892636338
AC012485.1,-0.01651751256673499
MIB2,-0.016522129722950262
TTC24,-0.01652552969607182
FST,-0.016531173176486707
TMEM191B,-0.01653573653321652
SCAND1,-0.016539398776745966
TAF1A-AS1,-0.01654722487867332
RNGTT,-0.016565559083528067
ZBTB26,-0.016584981412707922
GLIS2,-0.016587465513994586
SEC61A2,-0.016592625036575263
NMI,-0.01659770474726225
SEC14L5,-0.01659857684108663
SCLY,-0.016598956201945986
KIFC1,-0.016606623210728814
RSRC1,-0.016607131488742488
AC068473.5,-0.016613192391065006
AC090517.5,-0.016614481937909983
CORT,-0.01661616809938852
HIST1H3G,-0.016637423790497485
STK26,-0.01664273149254307
KLRF1,-0.016648098674916914
POU6F1,-0.016657019153662148
BBS7,-0.016657635046969318
PLA2G3,-0.01666640857706007
LCK,-0.016680567883573277
AC138207.2,-0.016690563990233002
HASPIN,-0.016691551706062124
SEPTIN11,-0.01669787571083442
LNP1,-0.016716554477295052
MTERF3,-0.016720580033597894
AP001636.3,-0.01672714147255967
IAH1,-0.016729198970128024
POGLUT1,-0.016736676859821203
CARS,-0.016739504496234906
AL353796.1,-0.016741154782785754
PKIA,-0.016741775592907987
MTA3,-0.016754926141755465
TOP2A,-0.01675642667379027
ORC1,-0.016758234503588692
CD3G,-0.0167606833982035
ITFG2,-0.01676573430105284
SRRT,-0.016773954654493092
PRUNE1,-0.01678161588630885
TNFSF11,-0.016788719909735888
AREL1,-0.01678981740487185
DCAKD,-0.016796670939571996
ARMCX2,-0.01680131165193136
TACR1,-0.016802957566907153
PODNL1,-0.01680502113858575
SPEGNB,-0.016809476691486767
ZNF345,-0.01681558232677704
HSPA1A,-0.016821578453644157
ATP5MD,-0.01683883109666047
AL357873.1,-0.016849303710391658
LMNB2,-0.016851458950389586
AC009403.1,-0.016855039320268387
AC010336.5,-0.016855614524917264
CYP2E1,-0.016867434311574114
PEX10,-0.016868118070758758
SART1,-0.016872089601786176
IGHV1-18,-0.01687343453600828
INTS13,-0.016873865252705574
FAM24B,-0.016876727810529946
MEIS3,-0.01687919954913325
SEPHS1,-0.01687996427551699
LINC01116,-0.016885702496947184
TRAV4,-0.01689013445906343
RARRES1,-0.01689225825652316
KNSTRN,-0.01690012008455224
LILRA2,-0.01690554152134106
TLR8,-0.01690944786599318
IFNGR2,-0.016909629707671327
EBI3,-0.016922728309792686
ZNF488,-0.01692284055504402
C7orf26,-0.016931051254847677
GIMAP4,-0.016934176951358012
AC079145.1,-0.016936736960425743
PANTR1,-0.016936891494800446
SLC25A53,-0.016949480018816344
SMCO4,-0.016975415797066722
GNLY,-0.016976412435651535
FSBP,-0.016988165396694007
KLHL34,-0.01701345992115928
GPR176,-0.01702016499943376
RBM26-AS1,-0.017023499682190416
HBS1L,-0.017027388325224928
SENP8,-0.017043726522791843
ST3GAL3,-0.01705095060452698
QPCT,-0.017062626338051324
AL590399.1,-0.017069848073364067
NUDT16L1,-0.017073203861307933
CHST9,-0.017098337909356037
OTOF,-0.017121046477576667
AL162253.2,-0.0171241713539108
ZNF577,-0.017126348531648728
MTFR1L,-0.01713298854627089
ANKRD18B,-0.017143689965205097
HSD17B10,-0.017161025657957713
AC009121.3,-0.01716540782937264
LINC02802,-0.017168490503903674
IL34,-0.017171005433758525
AC046134.2,-0.01717206797380367
SFRP4,-0.017174325471541713
E2F1,-0.017178133560125926
SSR3,-0.017184999670921523
NAALADL1,-0.017189613559264624
AL355001.2,-0.017194228623550085
AMZ2,-0.01719792748186319
TACR2,-0.0172035127355256
EIF2B5,-0.017204845006275653
SNAI1,-0.01720508628324037
SLC25A40,-0.01720592027390898
LDOC1,-0.01720854860270598
AC008972.2,-0.017212260848413534
FIGNL2,-0.01721488574388631
ANKRD65,-0.017219845814693956
FAR2,-0.017226804039056066
PGM1,-0.017235503564756467
CEP57L1,-0.017236311116317345
ATP13A2,-0.0172650206069077
LRRC2,-0.017273609595459684
GPR75,-0.017276904622393605
BAG1,-0.017278174094892167
SNAPIN,-0.017279642577035764
ZNF776,-0.01729339687313237
PRKAR1B,-0.017295044447727986
PIN1,-0.017295164123030574
IMMP2L,-0.017296137372314703
AC145212.1,-0.017299525720037155
RTL10,-0.01730740230519019
RNF2,-0.017309170072596955
PRIMA1,-0.017319441336590084
ORC5,-0.01733904140355696
AC005921.2,-0.017356857545614134
HCST,-0.017362474830436528
LMO7-AS1,-0.0173652762278605
ZG16B,-0.017374345821489705
FAM153CP,-0.017393391042472978
GPR19,-0.017395824280076137
FOXD3-AS1,-0.01740359194462239
PYGO2,-0.01741920895738921
ULBP1,-0.017419699119162625
TRIP13,-0.017425299728263267
CBWD6,-0.01743554605296408
MARS2,-0.017444299177669403
PSMD13,-0.017446253335674337
AP006621.3,-0.01744786292412555
MATN3,-0.0174588893672626
LMAN2L,-0.01746718395788368
IMMP1L,-0.01747306827844877
LINC00964,-0.01748581489969035
TUBG1,-0.01748716380604225
MVB12A,-0.017495233920602232
PLEKHO1,-0.017502418841217633
SLC26A8,-0.017503801791526163
RAD54L,-0.017507852693968682
AC073046.4,-0.017519041263006366
C19orf73,-0.017519564962762732
RTRAF,-0.017524521186251855
NDRG2,-0.017535924424041647
CALM2,-0.017537934123212348
ME2,-0.017540340811059037
CRABP2,-0.017542441524676225
PRICKLE3,-0.01754253681200796
DNAJC8,-0.01755387129355973
ARRDC1-AS1,-0.017568470262895847
TPX2,-0.01757755337033026
INHBE,-0.01758062200220381
CIB2,-0.01758095825444851
AL441992.1,-0.017599113675272393
KBTBD7,-0.017610511174994802
RIC8A,-0.017619412655753838
CFAP58-DT,-0.017634361351556396
TNFAIP8L2,-0.017647888465390206
PAIP2,-0.01765838483755315
SAMD10,-0.017668885812341016
ARL2,-0.01767093973971931
TSEN15,-0.017672220316890894
GOLGA7,-0.017696072275400914
NTF3,-0.017698934841554565
CHAD,-0.017701370407546296
PPAT,-0.01770966931568853
SP140,-0.017724457407082943
FEZ1,-0.017726608722478995
SLC25A43,-0.017727807297694267
ADAMDEC1,-0.01774315018379847
CLEC4E,-0.017767269297584532
RPL15,-0.01777127027546623
VAT1,-0.017771366029128995
SVIP,-0.017775794849698667
ARHGDIA,-0.01777758864411522
CTF1,-0.017783649580845298
AC100810.1,-0.01778901220442159
KCP,-0.017792315643920437
NCKIPSD,-0.0178198786729563
PPP3R1,-0.017820761923335416
PKMYT1,-0.017823665255754215
NUBP2,-0.017842267522284815
C16orf74,-0.017848334568045347
GINM1,-0.017861200034266497
TMPRSS11E,-0.017864503665751173
FGF13,-0.01787853267861372
CCDC32,-0.017881363840760816
TMLHE,-0.01790956899943051
PMVK,-0.01791571580168461
TIMM8A,-0.017917502243423058
AC145343.1,-0.01791844080779571
MRPS9,-0.017926413845793313
TAF6,-0.017928900769281757
AC073195.1,-0.01793286257643328
ZNF239,-0.017934122847155516
TRBV11-2,-0.017936857475680707
ZNF467,-0.01793804311719735
CENPP,-0.01796250949789053
AC078883.1,-0.017974818188779957
RASSF1-AS1,-0.017979642251814584
TERF2IP,-0.0179799446349029
YWHAE,-0.017984598193507156
AKR1E2,-0.01798682356454187
LINC01481,-0.017993682177749163
AC232271.3,-0.017998554728304125
MIXL1,-0.018001785599934712
C9orf163,-0.0180023397214625
CCDC163,-0.0180058443663382
HPF1,-0.018007505488570236
BOLA3,-0.018014289101385382
AC098484.4,-0.018014962757278825
LGALS9C,-0.01801764988191104
C19orf47,-0.01802024947720343
AC097382.3,-0.01802452196361785
SCD5,-0.018045967371170788
FAM229A,-0.0180794167547975
HES5,-0.01808526358228798
ATP5PD,-0.018091786279685315
ABCB9,-0.018102326068725454
NDUFV1,-0.018110113027305863
HOXB-AS1,-0.018113203601448323
IDH2,-0.01812164717197256
KRTAP4-1,-0.018131070792880663
AL162377.1,-0.018149889614256697
GSTZ1,-0.018166890472221486
KAZN,-0.018179035331203745
RRM2,-0.018191784450943202
GPT2,-0.018193015137724967
PTS,-0.018193189433580313
XKRX,-0.018218948846602585
KCNG1,-0.018221494228892233
CTSF,-0.018234288127829616
ATP6V1E2,-0.01824611198489024
MRPS33,-0.01825200782855535
DLGAP2,-0.018261360956746794
AC092620.1,-0.018262139165922304
FIS1,-0.018267854413330196
DDX18,-0.018288034569314104
NDC80,-0.018290395368016174
DEPDC7,-0.018291494008572894
ZNF714,-0.018296074860358988
TSPYL5,-0.018298477290512153
POLR2L,-0.018305097518929444
STK11IP,-0.018309335415498777
SERPINE2,-0.01831348213263155
GRID2IP,-0.018315523192997916
SPTSSB,-0.018319495638797718
CCT6B,-0.018320301832817444
OST4,-0.01832054975813644
EPB41L4A-AS1,-0.018337857990230303
LINC02446,-0.018369798362708516
FBXL16,-0.018383238735201025
LINC00570,-0.018383398705669643
RGS9,-0.01839233755435312
HMGCLL1,-0.018394571511548555
PARP1,-0.018405283585881123
AC104667.2,-0.018412240730818593
ZFPL1,-0.018415908871573457
FAM66A,-0.0184237937028385
FAM171A2,-0.018426632854678354
ARVCF,-0.018428928123230676
NKD2,-0.01842907476353942
AC005837.1,-0.018430476159808355
AC090360.1,-0.01843457361635213
SNHG18,-0.01844349172664961
SPRR2A,-0.018446941152535503
CDC25A,-0.01846021185222332
AC008736.1,-0.01846589398338031
AC243964.3,-0.018477205671773272
FOXP3,-0.018483601150980418
RTN4RL2,-0.0184926315827299
AC091729.3,-0.018497225794373948
PRPF4,-0.018502442831738138
FKBP10,-0.01850800847144701
CIDEB,-0.018526049096464138
PHF21A,-0.018534506690964136
AL512598.1,-0.01855092026207891
WDR12,-0.01855385962387509
CACHD1,-0.01855427027181444
GEMIN2,-0.018564725701468544
HAT1,-0.01856829219018905
CKB,-0.01856961667982193
SHLD3,-0.01858826749503174
OBI1,-0.018592195340329937
ZSCAN20,-0.018592649520061646
ZNF280B,-0.01860511213865569
AC012184.3,-0.01861480047018358
KCNJ2,-0.01861589718722581
MRPL39,-0.018620087905524413
DACT1,-0.018625557269617624
CSTF2,-0.018630818122727866
CDNF,-0.018638364953827202
MRPL23,-0.0186451836582881
STRA6,-0.018665229020761467
ERICH6-AS1,-0.01867036148315697
LAMTOR3,-0.018682301991394666
DLD,-0.018698453866079868
NDUFS2,-0.01869921745748281
TGIF2,-0.018715685728972635
SGCB,-0.018718170405932478
NDN,-0.018740336802426562
WNT11,-0.018742395242732975
CDKN3,-0.018742794079293766
CTSV,-0.018743471363680913
MKNK1,-0.018743588549549835
ADH5,-0.01874783094097925
SURF2,-0.018762953787329187
GPM6A,-0.018767425844519327
GATM,-0.0187678611869956
AKT2,-0.018774987371408966
AL110114.1,-0.01878174773120826
S100A14,-0.01879696433526178
FAM189B,-0.018805120318329753
POU2F3,-0.018805660222842503
AP000851.1,-0.01881220484849626
NUDT14,-0.01881778335977702
PPP6C,-0.0188186254957778
AL117332.1,-0.018829117336732388
MINCR,-0.018834890388535763
DOCK8-AS1,-0.018850818633411846
KBTBD11,-0.018853420156897224
BZW2,-0.018885323838123906
ZNF460-AS1,-0.018891450691771085
CAMP,-0.018896170679308006
CHAC2,-0.01890494345058937
GRPEL1,-0.018910201289912675
HILPDA,-0.018917660203943726
DTNBP1,-0.018920970076498338
MIS18A,-0.018937673685368545
CAPZB,-0.018941194652209455
BVES-AS1,-0.018945921238251076
NDUFC1,-0.018946447941100213
TRIL,-0.018947795647969248
MRPS14,-0.018980646241568592
MRAP2,-0.018981096715190098
ZSCAN21,-0.018983628284543804
SH2D6,-0.01899149082947475
HIST1H1B,-0.018997605091931356
TMEM14A,-0.01900004015827561
ZFAND2A,-0.01900242332982758
SNHG1,-0.01901154749203457
CHRDL1,-0.019012175519492507
AL450326.1,-0.01901848587433485
RHEBL1,-0.019018695514844104
ADAMTS4,-0.019023070506565726
CLCN4,-0.019023566379059557
YEATS4,-0.019026469773948174
NDUFA8,-0.01904023317783953
KCNA3,-0.019042906529732995
DNM1,-0.01904472901223387
AC009506.1,-0.01905619330798112
ABI2,-0.019056672313317938
PPP1R1A,-0.019072986425918835
ZNF444,-0.019090946040286792
POLR1D,-0.01911372273483402
C6orf141,-0.01912290174942797
POLE4,-0.019127129273288527
CLDN10,-0.019137347924155817
AC012501.2,-0.019140430386029653
COA4,-0.019143908356398353
KCTD7,-0.019144108027979476
FGF12,-0.019154933009642054
SCGB1B2P,-0.01916053758973818
MAPK4,-0.019166185295786637
TLCD4,-0.019172217762275866
SENP6,-0.01922289398380522
RIMS4,-0.01922865754589412
EHHADH,-0.019232379059478437
NIPSNAP3A,-0.019266488014939458
LRRC25,-0.019267024214650028
AC114763.1,-0.019272469605750676
TMCC2,-0.019272643126366094
ERVK3-1,-0.019278551081779824
NKILA,-0.01929096508039816
LYSMD4,-0.019301150248206347
AC097662.1,-0.019302713468941166
MMD,-0.019307222626909194
DNAH17-AS1,-0.019307260743084195
PRODH,-0.01931933196623028
ZNF792,-0.01932434442037521
LRRC41,-0.019346994114478634
AC024267.6,-0.019357699525942962
SNTA1,-0.019363990779834677
ZYG11A,-0.019380194677477168
CDK16,-0.019383377830753196
PPIE,-0.01939708260120579
MAGEH1,-0.01942341020341965
C11orf91,-0.01942884802648495
AC009779.2,-0.019435780604368662
GLRX5,-0.01944410900597997
C1QBP,-0.019448210473029817
HIST1H3I,-0.019449677261904077
ABLIM2,-0.019450528784749795
LRP3,-0.01945955368435701
RPE,-0.019489341646201856
MRPL46,-0.01950802165089118
LYL1,-0.019516347263897355
CCDC59,-0.019519356634283693
GPR146,-0.019545564307696252
CDKL4,-0.0195506890586243
CEBPB,-0.01957646034034281
AL135905.2,-0.01959726627998658
OSBPL7,-0.019597633067901445
AC036176.1,-0.019600156269554157
CBLL1,-0.019615281778972857
FKBP1C,-0.01961627672558184
IGHV3-21,-0.01961713800248422
EXOC3L4,-0.019623239981758113
MED27,-0.01964726404269909
LINC02611,-0.019652037617178503
CTDSP1,-0.01965431643372078
PPIH,-0.01966042749623092
TBPL1,-0.019665502742103914
TMEM60,-0.019680882995620486
CAMKK2,-0.019688276061403512
ZNF367,-0.01969447461726028
AL603839.3,-0.019695358128372812
FZD10-AS1,-0.019697072902446197
CPNE7,-0.019720159229605724
GTF3A,-0.01972921123670551
NDUFA4,-0.01973259147338196
JTB,-0.0197335208590065
PUM3,-0.019735514069242333
SND1,-0.01974129178927517
MIR9-3HG,-0.019753057271910075
EDNRA,-0.019754458445392267
LINC01587,-0.01978800078233342
ANXA6,-0.019792834151578852
PMS2,-0.01979784973268304
PDHA1,-0.019807480781369857
KAT14,-0.0198084402040663
SFXN1,-0.01981708710593886
IGKV1-5,-0.019819682791341678
NUP85,-0.019824623211127382
MIR924HG,-0.01983952610807763
KLHL22,-0.0198527935908929
OLFM1,-0.01985344509845324
SERPING1,-0.019858146196226327
PHLDB3,-0.019864542996356527
C3orf70,-0.01986639456749909
TWIST1,-0.019866484967177696
ZNF662,-0.019877097626331136
MXI1,-0.019881233981093614
KCNT1,-0.01988158609432781
TTTY20,-0.019890698457742814
RNPS1,-0.019892208025727012
AL139383.1,-0.019924209309009018
AC016168.2,-0.0199246171379852
RPA2,-0.019926368128360506
CWC15,-0.019929283416391552
SH3BGRL,-0.019929672844620595
GPC1,-0.0199407638580899
OAF,-0.01994547627211112
NONO,-0.01995743000187527
AC083862.3,-0.019966878919454513
AF233439.1,-0.019982771510703302
GPM6B,-0.019989040804864966
CMAS,-0.019992584684445355
COL24A1,-0.019992793785534313
LRRC14B,-0.019992864247841857
LCE1E,-0.019996388754040494
HOXD1,-0.0200058726874142
NXT2,-0.020018072503703674
MPLKIP,-0.020019183595432612
GAREM2,-0.02002053698719505
SYT13,-0.020023622554102123
PRPF31,-0.020023812293868036
PARTICL,-0.02002822037213321
ASNS,-0.020035591145550084
SNX22,-0.020039535058884835
LINC02109,-0.020046475486969393
CD27-AS1,-0.020051256373979833
STX17-AS1,-0.020051731250904987
WDR35,-0.020062645800826267
ALDH4A1,-0.020063798093526465
AC002116.2,-0.020068574545972252
CD3EAP,-0.02007486451681755
AC009509.1,-0.02007537658358
PFKM,-0.02008097184120008
SLC41A3,-0.020082168125419877
LOXL4,-0.02010368911902151
RTL8B,-0.020109275720002397
AKR1B1,-0.02011590560138481
FNTA,-0.0201186279290121
SNHG8,-0.02013337729557011
HIST1H2AI,-0.020138428274484022
NKRF,-0.020171848150732637
CDKN2AIPNL,-0.02018672334260811
KIF15,-0.020190772703310173
ARMCX1,-0.020196447260651635
VASN,-0.02020450133846169
WBP11,-0.02020728008415148
U2AF2,-0.020234498926610733
MASTL,-0.02024306618797214
ALDH1B1,-0.02024399741383861
MAST1,-0.020250194970260108
TSPAN2,-0.020253178717426327
APP,-0.02025325088318234
SEPTIN6,-0.020254398669961392
PTPN7,-0.020255125902113015
PPM1J,-0.020255353188515138
FYB1,-0.020270860742596847
C19orf54,-0.02027501947443229
RAMP2-AS1,-0.020282348912850138
FAM49A,-0.020285138866874258
RAMAC,-0.02029574924393476
AL353719.1,-0.020296162777488806
LINC01956,-0.020309023249902733
DPY30,-0.020343205980298342
MB,-0.02035141905039615
ALKBH4,-0.020359286232841313
ATP5PO,-0.02035977248718712
AC096577.1,-0.020365136704207417
CDH24,-0.0203655078033369
MGAT5B,-0.020368459394164668
CPXM2,-0.02036851812794756
ETV2,-0.020375325645338404
HGH1,-0.020383371068865317
PIGC,-0.020389003824017628
GPX7,-0.02042347962172149
LINC01357,-0.020425811719809506
PORCN,-0.02042973875626701
RBM17,-0.020433673978856936
AOAH,-0.020440842504643727
BCS1L,-0.02044913319060912
SIAH1,-0.02045071952568012
TAF9,-0.020465977870308426
N4BP2L1,-0.020479226284173885
AL109613.1,-0.020486020181092038
AC243960.1,-0.020490283693592102
ST3GAL6,-0.020495427732336438
ARFRP1,-0.020501179104246533
CHIT1,-0.020503725244495893
ZNF816,-0.020505196107179786
LINC01618,-0.020511366487762948
CA5B,-0.020512246083546924
SEPTIN4,-0.02051353381690888
MZT1,-0.02051497831759751
ARHGEF19,-0.020516173530747323
FAM78B,-0.020526327601439003
CPXM1,-0.02052696020628745
CDC37L1-DT,-0.020531958516523837
MRPL20,-0.020534821553721456
HSP90AB1,-0.02053829541713514
IGHV4-28,-0.020550663385707716
FAM83D,-0.020552082593747197
ZNF429,-0.020563447615907973
HIST1H3B,-0.020569684486799
IDH1-AS1,-0.020572364973831015
APOBEC3H,-0.020603609511848173
PRELID1,-0.020613958253397884
SEC61G,-0.02063965609292054
SIRT6,-0.02064392740241231
MMP11,-0.020649564690734982
B2M,-0.02065507137060833
STEAP2,-0.02065946429632702
NT5DC1,-0.020675661766774316
AMER2,-0.020677083179179396
VSIG10,-0.02070880283188081
WTAP,-0.020709925155188307
GLIPR2,-0.020722791467224857
SPIN2B,-0.020724575553491092
STUB1,-0.020746933125272243
RNF175,-0.0207707070069321
EEFSEC,-0.020776370674066708
HOXC11,-0.02081837409318102
PEPD,-0.020833834785349368
MEAF6,-0.0208673569132756
AP000696.2,-0.020867911351013287
AC009237.14,-0.020898579389748023
GNG7,-0.02089971662477104
RBM38,-0.020902575696861627
CTDSP2,-0.020912495351885062
ULK3,-0.0209173393134955
PRPF38A,-0.020946213393067944
SLC25A3,-0.020960603054027502
EIF2D,-0.020963669716780077
MACROD1,-0.02096685962129647
NFYC-AS1,-0.02097885526230422
AL596442.3,-0.020983801862441708
BCL2L12,-0.02098621801958905
PPM1F,-0.020986524560069435
SP2-AS1,-0.020992908467276656
CLP1,-0.020994993389275633
CKS2,-0.020999269636434753
RPL22L1,-0.02103099970866424
ACSS1,-0.021035987946862726
HIST1H2AK,-0.021042653823849993
CD27,-0.021047419979746067
BEX4,-0.021049316512029997
SLC39A6,-0.021050131631844486
IL22RA1,-0.021051159500859735
SLC10A3,-0.021054497047789965
AL024508.2,-0.021055563619772205
MLF1,-0.021057861712134432
FAXC,-0.021060217947573893
RPL30,-0.02106923771515536
LINC01123,-0.02108047181776252
GPATCH1,-0.021126418365813984
TRAM2,-0.021153800646311807
PDE2A,-0.0211579348006256
AL512343.2,-0.02117319953565995
WIPF1,-0.021176876765985328
LIG1,-0.021181502505309997
ZNF683,-0.02118499006007573
SRI,-0.02118551811665032
MANEA,-0.021193991880531327
RTCA,-0.021205993338762757
NDUFS3,-0.02121157917003385
SPIC,-0.021213084842720026
SWI5,-0.021237243023456354
ARRB2,-0.021243581913601862
PDRG1,-0.02124655811912878
EBPL,-0.02125555646394669
AC090236.2,-0.021255995250971035
MEN1,-0.02126795586576003
PRSS3,-0.021279837949642083
CNTNAP2,-0.021288435839029236
MAFG-DT,-0.02129438440243688
GCAT,-0.021312370265720488
NMU,-0.021314963147595935
YY1,-0.021323361701867258
SNX11,-0.021338999751391696
GRAP2,-0.021340855137659286
AC007009.1,-0.021350146046323088
SAP18,-0.021350642381906804
MIR4453HG,-0.021354166904371478
PRXL2A,-0.021368190246726634
GSTK1,-0.021379353698170338
NFS1,-0.021381268797437354
EIF4E2,-0.021427126127831583
TLL2,-0.02142959441467557
KIAA1324L,-0.021429954543158804
AC108479.3,-0.021434828967000618
SOWAHD,-0.021443008413351037
TMCC1-AS1,-0.021447492295014324
COPZ1,-0.021454258420617805
ESD,-0.021468430868861316
SATL1,-0.021477748943603457
DBF4B,-0.02148367412601271
SH2B2,-0.021489779016964927
PRSS2,-0.02149344514749747
BARD1,-0.021514778145722797
AC005920.1,-0.021520228827494194
DEPDC5,-0.021533369234022662
MDFI,-0.02153341223963796
MMACHC,-0.021534742286256955
FANCF,-0.021552918257287196
ADARB2,-0.0215701427751788
APTR,-0.021580760301169292
RASSF2,-0.02158339928830249
GTF3C6,-0.021608989289748227
AL117329.1,-0.021616408434365946
POLB,-0.021619189235521013
RAB11B,-0.021625723263836077
MAT2B,-0.02163147719910425
ZNF195,-0.021645140154594074
PDK2,-0.021648721025530233
EEF1A2,-0.02165304231342249
HNRNPAB,-0.021662801818169958
LRRN2,-0.021686028967200555
ZNF687-AS1,-0.021693632050072114
ARHGAP1,-0.02169808017758241
PPT1,-0.02171917987002307
FCHSD2,-0.021736955124633688
CBX3,-0.02175277077181972
RLN1,-0.021754660637543936
CRIP1,-0.021786806436997045
GGH,-0.02180598170299014
CENPX,-0.02182807107598125
PLCXD1,-0.021835416919990643
C9orf78,-0.02183572742155922
CDK6,-0.021843720603985945
LINC00920,-0.02185347987984737
REXO4,-0.02185792975821679
GDI2,-0.021865262711241836
BX284668.5,-0.021866312569065474
NRROS,-0.02188571247581543
S100A13,-0.02189854363487245
AL591506.1,-0.021928382723612656
ST3GAL6-AS1,-0.021943415319999156
SMAD2,-0.021944484135227885
SAP30,-0.02197917706042236
FOXCUT,-0.02199965111316867
VPS72,-0.022008265617727618
GUCY1A2,-0.022019569344837463
UBL5,-0.022042502566550125
AC123768.3,-0.022054134308616007
AC092902.4,-0.022065555675148018
AC096645.1,-0.022083057601158997
UFD1,-0.022083832802236594
GLT1D1,-0.022097022512917154
TMEM35A,-0.022098592263688443
ANAPC13,-0.02210830200860153
ZNF334,-0.022108576997199286
BEND7,-0.022118818194683455
CLIP3,-0.022126391745513455
BUD23,-0.022140307368118426
WASF1,-0.022149494873324668
PROCA1,-0.02215233849974325
HIRIP3,-0.022181277353593976
CAAP1,-0.022186629397029763
BCAS2,-0.022224842738572358
HTATSF1,-0.022243671192502278
TSC22D4,-0.02225128600859894
DCXR-DT,-0.0222552349874271
PRPS1,-0.022277062433043376
PCBD2,-0.02228241226976657
MYC,-0.022283159198792684
PSMB3,-0.022288306905283575
SPATC1L,-0.022345284432184174
CTSC,-0.02235162661044551
TSEN34,-0.022355508108932037
ARPC5L,-0.022365362159279218
MYB,-0.02236818845307181
MEF2B,-0.022377659828068747
PACSIN1,-0.022388743413083657
GNAS-AS1,-0.022403594596395602
USP44,-0.02241161881382174
HOXC10,-0.022413979930062108
LRRC8C-DT,-0.02241400390445152
FARSB,-0.022418910601746604
RAB4B,-0.022422931494984682
AC124248.1,-0.022435270127932776
C2orf68,-0.02244265396115246
ART5,-0.022465740280892446
HESX1,-0.022467784876431
DDX55,-0.02249127781035789
BUD13,-0.022502189799025556
COX14,-0.022504486599176456
IFI27,-0.02250722924686071
UBL7-AS1,-0.0225078089469116
AACS,-0.02250853501602341
GPRC5B,-0.022589538341684
PLEKHG4B,-0.02259107350182784
ZBTB8OS,-0.022591445976516106
SNRNP40,-0.022593634132446496
STMN3,-0.022615536947380173
GSTO1,-0.02261858017630556
MTG2,-0.0226304980000975
ACTR1B,-0.022638173196242187
PLOD3,-0.02264007814992391
BOD1,-0.02267396786047308
MSRB2,-0.022692167187613972
ZNF383,-0.022694294154833646
CSTF3,-0.022695407421066058
HDAC1,-0.022706236902805613
GTF2A2,-0.022713311507827433
UBE2T,-0.022719448896214876
POLR3G,-0.022720656198675596
DMAC2,-0.02272294600028691
GNG2,-0.022738472109092037
PRDX1,-0.022753265855106064
AC124254.2,-0.022754778655071858
HAUS1,-0.022763726450802664
SLC12A9,-0.022766138810248214
PCDH8,-0.02278211334552938
SFT2D1,-0.022784224128287255
PRELID2,-0.022788957911471956
SMC2,-0.022792294542945277
AP001107.9,-0.022801689680571193
RDH5,-0.022815476619726133
FANCL,-0.022833332004389823
ARL5A,-0.022845386820548697
KIF11,-0.022856274994881905
LARP6,-0.02287036207491573
NDUFB1,-0.02287863066655288
TMEM179,-0.02288048626473513
TBX1,-0.022897927335103995
IGKV3-20,-0.022899946904051602
FOXP4-AS1,-0.022910814629039204
CMKLR1,-0.022912661537573303
SRPX,-0.02292173501302326
SMARCE1,-0.0229225239103427
PSME1,-0.02293680822872183
ATP5F1B,-0.02295912801496062
COMMD3,-0.02296412012805958
ACAA2,-0.02297881689488725
EOMES,-0.022982870867932107
COX18,-0.022993068309663894
DCTN3,-0.02299604079149179
CIART,-0.02301189063717488
HIST1H4E,-0.023015993511476287
TRMT61A,-0.02301906773636772
WDR77,-0.023036714024507257
EEF1AKMT4,-0.02304637189819779
AC093326.1,-0.02305387423249719
ITGB3BP,-0.023056420499401386
GID4,-0.02306698422538787
INA,-0.02307956031958739
TRIAP1,-0.02308148606344476
SLC23A3,-0.02308542530872093
RPF2,-0.023089087742104743
LEO1,-0.023119467880957905
USP41,-0.02312934489904497
NCL,-0.023147353058183565
LY6D,-0.023165274072309512
LSM8,-0.02316898669150079
PEAR1,-0.02317451104936049
PYCARD,-0.02317534602464613
ADD2,-0.023184277784356097
ZNF202,-0.023197100812987228
CCDC3,-0.02321989852303448
AC011447.3,-0.023242242432152983
NIPSNAP1,-0.023260157796026776
C12orf65,-0.023276993975470447
AP000866.2,-0.02328775110658235
C1QB,-0.02328968452920643
AC104596.1,-0.0232971912165336
GRWD1,-0.023307959043529242
AL512625.2,-0.023318479641276518
SNURF,-0.02332976853670993
CAPN13,-0.02333148032063314
DUSP23,-0.023350351396906496
AAMDC,-0.023353100512720527
LZIC,-0.023356721460988206
PMPCB,-0.023362701646686475
ZRANB3,-0.023419672417459944
PRRT3-AS1,-0.02342158818886337
FASTKD3,-0.02342946896715967
DPH2,-0.023431375216325896
ATAD2,-0.023435236473781672
SLC5A6,-0.023436436501900873
CLGN,-0.023448828290063013
CBX1,-0.023466343498794836
PRSS1,-0.023481602704522344
SEC61B,-0.023489239057970228
MT2A,-0.02349494822443078
SLC16A1,-0.023502136320367104
CPSF6,-0.023537041546067953
BEND5,-0.02353902700991205
FBLIM1,-0.02355564516681926
AC012588.1,-0.023563415565263826
ACYP1,-0.023564648924042045
PIMREG,-0.02357911676913718
MRPL42,-0.023607069924484112
PSMA4,-0.023610254727187304
FANCB,-0.02362429601087171
SKAP1,-0.023641143133447978
PPIL3,-0.023668779926027755
HNRNPA3,-0.02367527725992838
HIST1H2AB,-0.02369912937048876
HDGFL3,-0.02370608002052916
POFUT1,-0.023734020050477127
AC129507.4,-0.023752798625966697
MND1,-0.02376061118347328
PFDN2,-0.02378221764804505
LINC00882,-0.023784481701533158
PXYLP1,-0.023794213053495918
GTPBP3,-0.023798016988432175
LINC01579,-0.023798480763424987
GINS1,-0.023807221321060425
PEX14,-0.023815532978504122
SYCP2,-0.023848614662725164
PPP1CA,-0.02385721417345603
IGFBPL1,-0.023867097623249955
PTPN20,-0.023868925274412756
GTPBP6,-0.023909681113904624
KPNA2,-0.02391982865127607
CR381653.1,-0.02396001767132359
RBBP8,-0.023961484068508586
MMP9,-0.023966236959555028
MME,-0.023984189730892457
TMEM198,-0.024009232098933336
TMEM19,-0.024011613505104563
CYYR1,-0.024034798556385188
ELP2,-0.024058281740365853
ACSS3,-0.024088538728237734
SPEG,-0.024093815986698307
TIMMDC1,-0.024117343031932904
ROMO1,-0.02412951789486806
RAPGEF4,-0.024156865890753648
TMEM38A,-0.024158790991789313
SMIM27,-0.024166361379581162
OGFR,-0.02417040381003022
TMEM98,-0.02418845747556521
DARS,-0.024195822256449766
HNRNPLL,-0.024197027663817216
DKK3,-0.024197755428536215
FAM66B,-0.02421660907689808
EMC8,-0.024235076795601072
PSMG2,-0.024240508364970038
ARHGAP4,-0.024248164986388012
SHCBP1,-0.02424979809179739
AP000547.3,-0.02425488401568939
DDA1,-0.024257518979894508
SETD3,-0.024263885912584895
ARRDC4,-0.024271505818629833
MFF,-0.02430014846880205
VWDE,-0.02437756440322184
ZMYM4,-0.02439508562369762
LAMP1,-0.024407251247711485
VRK1,-0.024445082833784354
CPNE1,-0.024446973390616265
PRDX4,-0.02444896049226691
COL9A1,-0.024462141324084904
SGF29,-0.024469426456625136
MT1X,-0.024494698613559965
PPA2,-0.024527285757890482
GPR85,-0.024532277467605255
C20orf204,-0.024535904536040664
RFXANK,-0.024572080900689713
BBX,-0.02457448871210734
SLC25A21-AS1,-0.0245854484917523
MAP3K20,-0.024586501600621136
OGG1,-0.02458697733661612
CD24,-0.024619691646397806
PREP,-0.02462933590882183
MCM3,-0.024646963432971257
PPP3CB-AS1,-0.02465494994282045
ANKRD33B,-0.024658915295851937
MOSPD3,-0.024667594774522295
DTWD1,-0.024682786484302107
TEDC2,-0.02468602151430849
C17orf82,-0.02469043051010712
KRR1,-0.024705364312076608
GRSF1,-0.024718294187608434
NDUFAF4,-0.024719750051577578
ADARB2-AS1,-0.024719800849273155
HSD17B14,-0.02473574434887322
RHOA,-0.024772464377712643
CLTRN,-0.02480229358134515
TCEA3,-0.02481001425927936
CHMP2A,-0.02481292030796793
KDSR,-0.024822177136040735
DNAJA3,-0.024822816237247417
PIN4,-0.02482575052929121
FANCG,-0.024843611360105673
RAB7A,-0.02484751876967679
CTSW,-0.02485149222900867
NPTX2,-0.024851592851995577
ZNF101,-0.0248565664160522
SMOX,-0.02486777878342823
POLE3,-0.02492929820218408
CHEK1,-0.0249297576822954
STK25,-0.024935397917493163
KRAS,-0.02495039753807052
SUB1,-0.025001563911274224
FBLN1,-0.025014940790842474
FTCDNL1,-0.025016950138222378
DPM1,-0.02502977316310431
SMAP1,-0.025031520839083887
BAX,-0.02503312387418137
CTNND2,-0.025034493005123608
TEN1,-0.02504165028727196
PTBP2,-0.025051968264490156
NDUFA3,-0.025086555224004266
NDUFB5,-0.025130986247406454
ZBTB14,-0.025160842619742337
ATG3,-0.02516381670444391
RNF126,-0.025172150653228875
TOMM7,-0.02517922816647231
PHF6,-0.025198503408489652
MRM3,-0.02521785386361054
SNX4,-0.025218006473808216
FALEC,-0.025241384429414575
GCA,-0.025261846446478137
CHAF1B,-0.025264181813689286
TOMM70,-0.02527550848347552
AL445250.1,-0.02527873390671904
CACNA1B,-0.025282479606790673
CD99,-0.025304838529621745
KLHL23,-0.025312760047604393
CASP1,-0.025323509831564874
NDUFA5,-0.025326350974620788
C19orf12,-0.02534783397104063
SLC2A10,-0.025350068327410668
SP6,-0.025350572346209323
RFC5,-0.025359038701136108
APLN,-0.025375788433353703
AL359232.1,-0.025382737389595556
FADS1,-0.025392438919013417
HES4,-0.025398021797158735
TF,-0.025401900212413654
TRIM46,-0.025405316359331555
ATP5MPL,-0.02541016010047223
ARL2BP,-0.025448107754166154
TSPAN33,-0.02545194699964554
CCDC28B,-0.025455805532922815
NUCB1,-0.02547459841307225
BIRC5,-0.025484886244603655
IER3IP1,-0.025485455721079495
NR1H3,-0.02550423055588034
DYNC1I1,-0.025538896856626896
RPL13,-0.025546671300060494
MRPS18C,-0.02559539750606527
CIAO2A,-0.025624259862194906
ZNF808,-0.02564695557745302
ST8SIA2,-0.02565204557795333
CCDC102B,-0.025655215259558
EEF1AKMT2,-0.025679778234277476
TUSC1,-0.025693090150750667
NDRG3,-0.025702817139276954
ABTB1,-0.025712174221003994
CLC,-0.02574042177533692
BMERB1,-0.02574643531703316
AL353743.2,-0.025754291920699196
ALYREF,-0.025784533388375972
APH1A,-0.02582532627472119
EZH2,-0.02582634181676511
BDH1,-0.02583187765951363
PYURF,-0.025833534884349786
ARL6IP6,-0.025843607409183122
NKAPD1,-0.025845598813946866
LRRC58,-0.02584561841048882
AC083798.2,-0.025848319664136355
ZNF148,-0.025849664863867507
ADAL,-0.02584967469773252
MRPL16,-0.025858287701341715
CCDC106,-0.025871394250456273
COPS8,-0.025872630043967313
ACADSB,-0.02587857349547252
HIST2H2AC,-0.025893274707524103
MRTO4,-0.025965498175458884
SND1-IT1,-0.02596755049286538
AP000251.1,-0.02606067180569501
TMEM120A,-0.02607480227031371
ZNF575,-0.0260925931850622
TINAGL1,-0.02612331344893189
ADSL,-0.026160240272321014
CHST7,-0.02616067184540308
POP7,-0.026174743519219525
OXCT1,-0.026178260369725394
PSMC2,-0.026191078149178523
ATG4D,-0.026208426026964087
MRPL44,-0.026241258872135416
RINL,-0.02626198771844258
NTAN1,-0.02628072561527637
GVQW3,-0.026303366561675035
ARF3,-0.02634109995058336
BSPRY,-0.026344305910185127
ATP6V1G1,-0.02634483844240658
AP002387.2,-0.026389300765719756
SS18L2,-0.0264026173567517
ALDOA,-0.0264301855386154
MESP1,-0.026486558255053267
PODXL2,-0.026500515795707016
TFPT,-0.02650220703852894
PLCL1,-0.0265145326234923
TRMT10A,-0.026531928806984743
AP2A1,-0.026593574048058777
MRPS22,-0.026614206405622516
VPS4A,-0.026644910518318344
LINC01410,-0.026662816956090747
GYPC,-0.02666916848856303
P4HB,-0.026679202316883265
ANXA9,-0.026681019433992707
C8orf82,-0.0267101650881106
CASP8AP2,-0.026769103790951956
NSUN3,-0.026806778659426125
C11orf1,-0.026815479430413642
ZNF66,-0.026833361440558368
AL163051.1,-0.026834852206250443
TMSB15B,-0.026855223968365163
ATIC,-0.02686321294815973
FBRSL1,-0.026866050692746182
CCNE1,-0.02689549414452656
PDK3,-0.026919650768179235
ZNF580,-0.026936070540574918
CDCA4,-0.026944202948882702
SLC25A5-AS1,-0.026957932621837873
TACC3,-0.026977165704804705
POC1A,-0.02698078608543831
KLK6,-0.02699921087792211
TSLP,-0.027010944774642522
SNUPN,-0.027035871904841403
PECR,-0.027068562520780215
SUSD3,-0.027069971478564124
FAM168A,-0.02710504778502645
GMPS,-0.027161641501254045
AC125494.1,-0.027180869229172185
SKA2,-0.02718857869537344
SGCE,-0.02719143882223627
TMEM246,-0.027216000525388907
SLC9A3R1,-0.02722294176633012
CDC40,-0.027257015714333466
LINC01303,-0.027275454080639954
PHLDB1,-0.027278301394118642
CCDC124,-0.027295936006150812
LERFS,-0.02731993719738915
ANAPC15,-0.02737597947317413
ZNF71,-0.02738227511906696
PTGES3,-0.027391127669245955
BST1,-0.02739753850424313
ZNF17,-0.027400769122971826
CRIP2,-0.02741473066158227
COX7B,-0.02745109723754293
HENMT1,-0.027462996725267766
AIP,-0.027471267756985888
ACAD9,-0.027475737310138682
CPVL,-0.027502223930904686
NKG7,-0.02750551182649773
ZNF836,-0.02751042956865274
EYA2,-0.027517702797822074
PLIN2,-0.02752540801082254
B4GALNT4,-0.02753415578054322
ZNF253,-0.027536330193820124
EIF5A2,-0.027547902855617756
TRAIP,-0.027555142779572293
NDUFA9,-0.027574061648507276
ENY2,-0.02759854996254379
AC096537.1,-0.027628822504603093
HHLA3,-0.027643066307503607
HMGA1,-0.02766583915784696
TK1,-0.027667507024142238
FMC1,-0.027669457999020156
NDUFA1,-0.027677425749541094
PLBD1,-0.027710412221539114
TXNL1,-0.027712579549041643
KCNN4,-0.02771675246850149
HMGN4,-0.027727371132583625
LRMP,-0.027728216047340902
SPC25,-0.027745809051168635
SOCS1,-0.02774952990552491
HNRNPK,-0.027753544776155575
TIMM10,-0.027764046014254178
ZNF530,-0.027772310943332906
HCK,-0.027790917488267262
TMEM39B,-0.027839436776316808
POLR2I,-0.0278505466385729
GNB1L,-0.02792296111077913
SIGMAR1,-0.02792462988648021
RLN2,-0.027926960472333714
CHMP5,-0.027985320971138344
CLCN2,-0.02800496184626154
RBBP8NL,-0.028015500202504134
CCDC137,-0.028021677517405637
HIST1H4D,-0.028024035362268017
SPINT1-AS1,-0.028042893398820875
AAMP,-0.028061995277074255
RTL8A,-0.02806757073397881
TPM1,-0.0280757637665017
HIST1H3A,-0.02808462283435413
TMEM251,-0.028085794140556147
BABAM1,-0.02809381603839846
TYMSOS,-0.02811398694138826
GNG5,-0.028131949601644116
NSMCE2,-0.02813419266864325
MFN2,-0.028212645653385868
PRIM1,-0.028228896909084995
MTCH2,-0.02824307294579898
NCBP1,-0.028243359412246743
H3F3B,-0.028247730817000712
NDUFA12,-0.028256414046789302
RPP25L,-0.0283332780192972
BLOC1S1,-0.028337183052670894
AC010642.2,-0.028345155386591082
RPS27,-0.02835806133810696
COL14A1,-0.028367435695192057
TMEM177,-0.02836957669543276
LINC02253,-0.028406454225497545
ABHD8,-0.02841151093602495
PADI2,-0.028437625013349
SOD1,-0.028453789137843313
NENF,-0.02845502462281613
FAM117A,-0.028482314274214496
AL590226.2,-0.028499605766002765
SEPTIN2,-0.028517285673599076
TFAP4,-0.02856169958815881
RBMX2,-0.02857110063034078
HSPA2,-0.028571347018004435
SLC29A2,-0.02858389962813123
ZNF738,-0.028588547426892565
HOMER3,-0.02859235755065226
TOMM22,-0.028615324486418108
LMAN1,-0.028647102816749308
HNRNPF,-0.02865719910325082
PTP4A3,-0.028687632509328292
DSCC1,-0.02875200128549681
DPYSL3,-0.02875675659033014
PTGES2,-0.028796079051303186
PSMB7,-0.02880759448568567
NAT14,-0.02884667828723526
SEMA4F,-0.02885289000614021
HSPB1,-0.028893259064579117
PRIMPOL,-0.028958718415878656
PPP1R2,-0.0289588743942931
PERP,-0.02896604353159057
TRMT10C,-0.028967941931447687
CDCA5,-0.028972441651858062
CSTF1,-0.02900587762661216
HPCA,-0.02904532902782995
MAD2L1,-0.029054235507455454
LAGE3,-0.02907658927245641
REPS1,-0.02907786649802916
TMPRSS5,-0.029079207044806342
BACE2,-0.02911098731849749
OVOL2,-0.029146074490702417
PRELID3A,-0.029161066712153128
RHNO1,-0.029169795703041165
TCEAL8,-0.02917405597095819
INO80C,-0.02919360680069792
PTDSS1,-0.02920379673836099
UBE2Q2,-0.029302592672934794
TRAPPC6A,-0.02930403145329562
SYN1,-0.029311768951335155
PAK4,-0.029321416368605507
AC015871.1,-0.029330749015620782
PTTG1,-0.02936380596091648
DERA,-0.02939254323033187
MCUB,-0.029448138663671516
NFATC1,-0.02949107665935562
EDARADD,-0.029501404640744487
ESPL1,-0.029509313056470886
FAM92A,-0.029510374658081078
RPL23,-0.02952905777315589
RCN2,-0.02954943008672369
RPS18,-0.029574447041429006
SPINT2,-0.029599506793769798
MLLT11,-0.029603529240088643
LNX1,-0.02964066837574852
PGBD1,-0.029652997954500028
ZNF385A,-0.029671503667011656
GFI1B,-0.029675406386660268
ARMC10,-0.029681458956208828
TIMM50,-0.029694799063819517
TBC1D1,-0.029695375890478104
SMIM10L1,-0.029703248955706116
SNRPB2,-0.029704230341446963
HMX2,-0.02971081355722021
PSRC1,-0.029747716907757887
ARMC6,-0.02976146577837971
SUCNR1,-0.02976549747174179
UBE2N,-0.02976804984611108
CDC45,-0.029792033613985833
SYT11,-0.02983332206418693
WDR75,-0.029837115558735944
PGRMC1,-0.02984036877673827
RRAGA,-0.02986831274493027
SLC25A10,-0.029895152863386034
PAICS,-0.029915496333960293
CDT1,-0.029947482007730588
ZNF581,-0.029984352330409456
ZNF74,-0.029987673032844324
HLTF,-0.030004117888237297
WDHD1,-0.030005306622242052
EIF3M,-0.030041824327021932
TTLL12,-0.030058497826616463
MRPS35,-0.030067824479950902
TMEM123,-0.030114239708111504
CRYM,-0.030151901382689576
CDC6,-0.030277779802839345
REX1BD,-0.030318024970606275
PRELID3B,-0.030336408726043766
HEPACAM2,-0.03036529276368622
KBTBD6,-0.03037556932139687
GCHFR,-0.030375644468808083
HIKESHI,-0.030391230794043978
C12orf10,-0.030403092946339843
FEN1,-0.03040566067695905
TMEM14B,-0.030452690376094736
TNFRSF25,-0.03048744797800632
NAP1L4,-0.030559162106279802
UMODL1,-0.03058195533252645
CD320,-0.030618287074262833
MCRIP1,-0.03066119195865464
TESMIN,-0.030670642493458484
C12orf73,-0.030694158342396406
UBA5,-0.030696684990325934
CENPW,-0.030770181484954275
TMEM189,-0.030793007713030753
CTPS1,-0.03080569536460819
EIF4A2,-0.030828356576131113
CDKN1C,-0.030833035125141614
FAM217B,-0.030840654230414145
CAPG,-0.030871871046215804
WDR53,-0.030932504747091045
SSX2IP,-0.030997276292188475
MT1F,-0.031022333829490188
NUCKS1,-0.031022707173789257
TDP1,-0.03108011808661679
SRD5A1,-0.031136188381054423
EIF3F,-0.031152293701165516
FIBP,-0.031154491333404304
SERTAD4-AS1,-0.031196707516254765
CISD3,-0.031239597976402314
MTHFD1,-0.03126905393047546
THYN1,-0.031275516216711666
PYCR1,-0.03127617608903428
ATP23,-0.031311773443499794
MRPL21,-0.031362514218277446
SH2D2A,-0.0313629411321894
KHK,-0.031372007798032404
ANKH,-0.0314575671238705
AFMID,-0.031465972217662515
RPL10A,-0.03154698915380541
ECHDC3,-0.03156116517756477
SNRNP27,-0.0315696280588185
FOXM1,-0.03159942305343057
KLK11,-0.03160528952687105
KCTD14,-0.031647632847009756
NRM,-0.03168834996635289
RPS25,-0.03169663603137233
FBXO5,-0.03170740129920369
TRIM29,-0.03177343655424246
BCL7B,-0.03178580743161017
ADRM1,-0.03180591171795118
ARL14EP,-0.03181080199051393
LINC01133,-0.03185115962461375
NOSIP,-0.03190490782177537
KIF22,-0.0319685681036506
SERBP1,-0.03197265181639415
IFI27L1,-0.03200032091118598
FAM32A,-0.032011961384221174
ERH,-0.03203937370935957
S100A1,-0.032054511662902706
ALDOC,-0.03205752415315663
SNRPE,-0.03206160758042494
NDUFA4L2,-0.032081832193464124
AP1S1,-0.03208336369801456
MAMSTR,-0.03215222360579002
NCBP2AS2,-0.03217746481149437
CCNE2,-0.03219773293473909
RAD23A,-0.03228809234550405
RBMX,-0.032294298722522555
SKP2,-0.032321657650631774
APIP,-0.032345558000389026
PMS1,-0.03235195053683373
IFI27L2,-0.0323557726156012
NAA50,-0.03237237813940173
RBM8A,-0.03242001521748365
LTF,-0.03245544688476436
USP39,-0.03247794586519295
SAMD9,-0.032515083818869445
NCAPG,-0.03251701858790959
COMMD7,-0.032517274668065074
CDCA7,-0.03256819686056698
IFI30,-0.03257506647968123
GINS2,-0.032586082357457316
DNAJC17,-0.032626222841083255
MTPN,-0.03265239373005746
KRT5,-0.03267607509214274
FAM136A,-0.032678585153142634
HOXD4,-0.03268640394011818
COCH,-0.03268690717847811
ASAP2,-0.032748347136440065
PHLDA1,-0.0327638380465849
RUVBL1,-0.03276922190881375
PEA15,-0.03277754808581999
UCP2,-0.03281395616621473
RCN1,-0.032822412539347964
RAD51C,-0.032827108801655784
SRSF2,-0.03285286891283737
EEF1D,-0.03287260233307826
NPB,-0.03288234166489219
MPPED2,-0.033081543837080236
BLMH,-0.033086997158801125
BCL2,-0.033097068753996886
S100A7,-0.033131011439551966
DGCR6L,-0.03313303652534918
PIK3R2,-0.03317395057699286
MAP3K13,-0.033178254263553454
UHRF1,-0.03320291135996829
SERPINA3,-0.03326799569492512
CTNNBIP1,-0.03327074838810215
MRPS12,-0.03329112218141663
NT5C3B,-0.03337481981522945
PA2G4,-0.03337910229557297
LINC01122,-0.033383310873841776
UBE2I,-0.0333910179260923
SOX2,-0.03339231953196556
CDKN2C,-0.033410631236484946
CA9,-0.03341333720849548
CDC123,-0.033431364976040705
TOMM34,-0.033435389588800914
MMADHC,-0.033491019997187496
PRKCQ-AS1,-0.03350051639617973
HIST1H2AG,-0.033526149917942255
ACOT7,-0.033554788889714415
ATP5F1C,-0.03355874403683503
TMEM199,-0.03356296996871669
RAMP2,-0.033569004019735595
TMUB1,-0.03360257107096989
CCNI,-0.03372886370547924
HPCAL1,-0.0337397586261986
MAP3K2-DT,-0.033777105659314834
MAGEA4,-0.033822500522241755
TRAPPC3,-0.03384256972567541
ATP5PB,-0.03385980750087297
CAMTA1,-0.03386106723453362
CD8A,-0.033870150612301586
GPAT2,-0.033882016901419766
KCTD1,-0.033936245083892695
RNASEH2C,-0.03393637213747803
CCDC58,-0.03398447633799138
QDPR,-0.034009480605488404
RRM1,-0.03405260022463462
PDCD2,-0.03412271020888098
HSPA6,-0.0341361309437764
MAGOHB,-0.034142658732100976
MEST,-0.03415167644410843
LAMTOR4,-0.03415760369578088
SERP1,-0.03418380676012276
TMX3,-0.03418447729851463
MAD2L2,-0.03419547981431124
RHBDD2,-0.034209104441417344
SLBP,-0.034236925907817746
RWDD1,-0.03424070797722064
HOXC5,-0.034257283786521264
SCP2,-0.034272078199443556
GSTM4,-0.03428978024743479
ACP1,-0.034294911674415396
FAM111A-DT,-0.034302201060649906
GCSH,-0.03439554816853645
CKS1B,-0.0344039448086753
NXT1,-0.034517410671592065
FN3KRP,-0.03452325968665708
SYNC,-0.0345333409438918
AC138649.1,-0.03458310990774342
LSM7,-0.03462535202208154
CDC25B,-0.03463595274943916
MICOS10,-0.03464023989346617
PCNA,-0.034646678388004254
PCCB,-0.03465008049492851
WDR76,-0.034668608519964325
CENPM,-0.034693620058060176
MLF2,-0.0347039037968891
MRPL18,-0.03471563486126877
CORO1A,-0.034734197742249256
CAMK2B,-0.03473692303026037
TRPM2,-0.034745201243184025
ERI3,-0.03480232624907432
POLD1,-0.034824168148896675
LSM3,-0.0348354400023887
RRAGD,-0.034857904197805364
RUVBL2,-0.034879795616751884
SH3GL3,-0.03495233142623181
CMSS1,-0.034960711017224005
COX5A,-0.03497609506340558
FAM207A,-0.035003257862106785
TMA7,-0.035023705150795684
PLGRKT,-0.03506638339123514
PFDN5,-0.03509663680462253
PGAM1,-0.03509825299408095
TMEM238L,-0.03511425996307154
RAC3,-0.035128729720426716
CARHSP1,-0.03515425091246334
PLPBP,-0.03518137792311501
UMPS,-0.035188629104682526
ALKBH3,-0.03522734109446287
RAD51AP1,-0.03529777368992027
YWHAB,-0.03531422497110998
ERCC1,-0.03533012523118435
CISD2,-0.03538627553854379
HINT2,-0.03539056854649371
SUPT4H1,-0.03548079952847347
CCDC167,-0.0355088532645184
SLC66A2,-0.03552296802457885
CCL5,-0.035553359461065775
EMC4,-0.03562108813571855
STRAP,-0.035675285817776105
HSF2,-0.03568165505411537
ZNF511,-0.03570980506826613
ING4,-0.03571570447400119
AC023043.1,-0.035723231778505324
AK3,-0.03572579876190755
SNRNP25,-0.03578441464344717
SNRNP70,-0.03580683322735293
ZW10,-0.03580800214502213
PFKP,-0.03583840817701258
RAB3A,-0.03584420424747722
CD8B,-0.03584494395686596
ANXA8L1,-0.03585893880095922
NELFCD,-0.03587016158847554
HINT1,-0.03592793502664228
CRYAB,-0.035958865260129105
ZNHIT3,-0.03598566843492202
TOE1,-0.03600736106901965
TSR2,-0.036016369196245
LINC00623,-0.03602704333740758
PPP1CC,-0.03602899481072532
TMEM222,-0.03606975006628485
CENPH,-0.03610036375741845
EIF4EBP3,-0.03610038283572145
ITGB1BP1,-0.03612719909634117
H2AFY,-0.03616464315056988
ARL16,-0.03623285043304127
RASSF6,-0.03643287620438664
ATP5F1D,-0.03654143971430724
RHEB,-0.03654448447336312
ATP6V1F,-0.03659158080784239
PRMT6,-0.036591750062191834
CTNNAL1,-0.03661411443094782
TBCB,-0.036615379276033984
TPGS2,-0.03661648771004717
MOCS3,-0.03663109532770418
ZNF22,-0.0366350768726803
ACAT2,-0.03665196959779769
AC068473.3,-0.03667977734030439
MTHFD2,-0.03668924293786553
ZWINT,-0.03670539827169869
METAP1D,-0.03671175006120664
HOXC8,-0.03672542620897986
SNHG5,-0.03674041736091109
GID8,-0.036803279772148395
BUD31,-0.036885725594113676
TMEM191C,-0.03689127704841875
C1orf174,-0.036910217976941925
OLA1,-0.036922652509612505
ATP6V0E2,-0.03693210030852638
WDR5,-0.03696719814478444
UBE2C,-0.036972174770408935
NOP53,-0.0369915602829326
MRPS2,-0.03708867725170147
SH3BGRL3,-0.037137871617394805
RPL8,-0.03714982675388627
RACK1,-0.03715157128854373
FSCN1,-0.03719679473667799
SAE1,-0.03720310001322885
PRKAG2-AS1,-0.03728180065372472
CSRP2,-0.03732846809786403
WDYHV1,-0.03734391088302101
PSMB2,-0.0373446824701476
PSMG1,-0.037385871397106
RAB39B,-0.037398676789271716
NUSAP1,-0.037408665559599624
DDOST,-0.0374384622087099
SNHG7,-0.03744703411630612
CCT2,-0.037486625607612636
RNF7,-0.03748982103730344
RPS23,-0.03749131156411434
LSM10,-0.03752238851318253
TEAD4,-0.0375878479097417
DKC1,-0.037652271079685405
USE1,-0.03767781368093725
EMD,-0.03773133053722576
ANP32A,-0.03778269825354102
MED10,-0.0377861132391248
AK4,-0.03782435016603606
SDHAF3,-0.03782973755822432
SNRPA,-0.037862103543710675
UCHL3,-0.037874688932136955
GALNT14,-0.03791473704895088
UNC119,-0.03795300172371645
UBL7,-0.03796527547037105
AIF1L,-0.03801184779881841
SIAH2,-0.038028183458723594
CDCA7L,-0.0381478912856588
PHB,-0.0381526608362562
GPS1,-0.038298268086175695
MSH2,-0.0383247532067915
CLEC4A,-0.03837471856767674
DCUN1D5,-0.03845901496850482
PSMA1,-0.0384655689596674
SLCO4A1-AS1,-0.0385357917693386
METTL26,-0.03854269925958139
TMEM100,-0.03857564770586367
DRAP1,-0.038578272135717774
TBCA,-0.03861849304105055
SCG5,-0.038664465502354965
KHDRBS1,-0.03867585244565058
FANCI,-0.03869860688056692
U2SURP,-0.03872035811447555
SDHB,-0.038740692232096634
UXT,-0.038766643300920126
ALG3,-0.03878719676809098
TIMM21,-0.038791522154293094
LMCD1,-0.038824529457548516
ATPAF1,-0.038838999184560304
PRAME,-0.038863704734969945
SMIM7,-0.03890360629842974
PCIF1,-0.03905449499515125
RPA1,-0.03914710259698872
NPIPB2,-0.03915524194578075
NASP,-0.03916646645434706
NDUFAF6,-0.039184055581126136
PSMF1,-0.03919786331088151
TMEM160,-0.03923622316304638
SIVA1,-0.039288273862093284
COX7A2L,-0.03940375038526258
SRM,-0.03949062383976006
POLR2J,-0.03953992133658912
DCTD,-0.03956155265696073
UCK2,-0.039732472867953755
ANAPC11,-0.03984456746751414
GAL,-0.03987878985625372
COL9A3,-0.039921574279801544
ARPC1A,-0.040009747357910484
ZFAS1,-0.04004314526308614
RABEPK,-0.040075243620440626
MRPL37,-0.040122492795477194
TMEM14C,-0.04018161146064872
SPG21,-0.040228305951147174
SMIM30,-0.04027710329462354
MAGEF1,-0.04028504274213542
MRPL47,-0.040308365564769674
AP2S1,-0.04032517025664123
EDF1,-0.04042461559481226
PSMD14,-0.040492786295502244
PFN2,-0.04063255478987094
AKR7A2,-0.04076480961345465
EIF3E,-0.04081259105738898
TMEM97,-0.04082657344261558
DNAJC19,-0.0408285619733827
UBE2V1,-0.04086141483663287
AC012146.1,-0.04087929663113434
ABRACL,-0.04095176385433563
VOPP1,-0.040992092085461375
GADD45GIP1,-0.04103486643691892
SLC25A33,-0.041043681602787666
C20orf27,-0.04104453211345903
RAB11A,-0.041158667318872445
COMMD2,-0.04117289046546695
NXPH4,-0.04119636607528406
RTN3,-0.041199113403850865
CCDC50,-0.0412550594987375
MRPL40,-0.04125927151722914
GRHPR,-0.041261957929354956
CENPU,-0.04126374484365705
HMGN1,-0.04128971393629333
MED28,-0.04136180055748438
POLR2F,-0.04139408233587042
MRGBP,-0.04139855286358268
ZNF622,-0.041401361417926545
ADI1,-0.041417287421264486
THAP7,-0.041427621807311674
SNAP29,-0.041482990599511604
CHPT1,-0.041566988910807595
CALD1,-0.04172429120608346
PPP2R1A,-0.041757837667998295
PTOV1,-0.041834421925983814
RTF2,-0.04186727845735649
DBI,-0.04199350878462489
PAQR4,-0.04205636725290379
H2AFV,-0.04206108516502863
PDCD5,-0.04206897303349252
FABP7,-0.0421134440905206
TRMT112,-0.04213616919143603
LMNB1,-0.04225119197983587
PRTFDC1,-0.042260803879160064
DCK,-0.042273855540848886
VSNL1,-0.042274666618498144
RAD21,-0.04227928699757093
SRP9,-0.04234448239258544
PSAT1,-0.04235149071290819
CMBL,-0.042373947618786406
CLN6,-0.04238767209044011
NMNAT3,-0.04240716917185134
NUDT1,-0.042448042347939474
NUPR1,-0.042449728283722635
COMMD9,-0.042450252030151625
GYG1,-0.042463634583352075
PPP1R1B,-0.04247776435516054
TMEM237,-0.042508728419707126
EPN1,-0.04253546130682144
LINC00683,-0.042620202941331016
CCT4,-0.04268126849692559
TCEAL9,-0.04269031665460764
VPS4B,-0.04269657781354802
TRIR,-0.04273476613955163
GSTM3,-0.04276908714746452
DHX36,-0.04298416203621878
PRMT1,-0.04299116992843017
PGAP2,-0.043080709810844206
UCK1,-0.04318031524945819
HMCES,-0.04324148680595116
TMEM99,-0.043307027544163004
TMSB15A,-0.043382704379581166
MTA1,-0.04338594649496777
PGLS,-0.043434402787291305
PDCD6,-0.04344662958927096
PSMD8,-0.043485572253748925
NAP1L1,-0.04358969419158714
RAE1,-0.043627595182534354
DAP,-0.043695874633380524
RBBP4,-0.04381497755082176
LINC00909,-0.04385598110662614
SSB,-0.04386557169568736
COX17,-0.04389683377707856
TIMM8B,-0.04390428603018298
CHID1,-0.043979308118603386
IGFBP2,-0.044002126633453764
SIRT2,-0.04405670235580875
COMMD6,-0.04407955641886227
HIST1H3D,-0.044151793865749855
YIF1B,-0.04418184378202751
C9orf16,-0.044215054732806514
TXN2,-0.04432149012085114
CNP,-0.04432277345292419
DYRK4,-0.04475410773511913
FAM71E1,-0.044805940595652606
GGCT,-0.04482707459614833
CALML5,-0.0448347557176803
TSFM,-0.04486332816571561
POLD2,-0.04487612559682275
MCM5,-0.044901229438017616
CDK2AP1,-0.04492267503987113
HADH,-0.04493918735229408
BRIX1,-0.04499070789694872
MYL6B,-0.0450294800465013
NCBP2,-0.045033269685886695
YWHAQ,-0.04509137126670317
TPM2,-0.04509617453505182
ISYNA1,-0.04520389436660774
C19orf53,-0.04523231736005904
RNASEH2A,-0.04534471590944407
ENO1,-0.04537076318522547
SF3B6,-0.04540069526612154
RP9,-0.045524140489554214
PLEKHJ1,-0.045643912104041486
PLEKHB1,-0.04567040745990696
NDUFB2,-0.045671116357476775
ATP5ME,-0.04570589174572613
CDK2,-0.04578275659433818
COPE,-0.04582343083315994
LSM5,-0.04583639922333265
HPRT1,-0.045869212806698076
COX5B,-0.045901175210985884
IFT52,-0.04601401104031754
FABP5,-0.04614141544634269
BAZ1B,-0.0464214887723103
RCL1,-0.046431781497026814
NPM1,-0.046530773681840776
ASF1B,-0.04670519779538146
COPS6,-0.04670566460408419
POMP,-0.04686999992176639
GNAS,-0.04692634905623134
LSM6,-0.04716706009700815
NINJ1,-0.04720017710910683
CLSPN,-0.047206806312181826
ALOX5,-0.04725505277765175
H19,-0.04740392617295519
RFC4,-0.04742812796413825
POLR2G,-0.04743853190530442
RPIA,-0.04749817871736392
SNRPF,-0.047667290822624435
VDAC3,-0.04774290511877281
MBP,-0.047796364837945436
RPN1,-0.048062657672285417
DEK,-0.04809771541477298
ARF5,-0.048304184200384195
ELAVL1,-0.0483048571478125
NDUFA13,-0.04841036086654819
COLCA2,-0.04849984246610927
SNF8,-0.048555774794730715
PRDX2,-0.04873574449556235
NDUFAF8,-0.04874879826391837
NDUFA11,-0.04893550308049647
TUBB,-0.04899627718306397
DANCR,-0.049206225841865514
C1orf61,-0.04922510476163545
SUMO3,-0.04923067952015066
ADA,-0.04924652418350481
H2AFY2,-0.049266456838163955
PCP4,-0.049307711509421266
FKBP1A,-0.04931255672450829
CALM3,-0.04944272473165437
COQ3,-0.04946505879086943
KLHDC3,-0.04965371984413634
FAAP20,-0.04972471994009977
CLNS1A,-0.04981507206545517
CDKAL1,-0.04991546912081553
PSMC3,-0.04992662054775735
SLC25A1,-0.04996054094252465
ILF2,-0.04996907859347274
DTYMK,-0.05004249689251986
MRPL12,-0.0502866569912306
TUSC3,-0.05030554804925716
SLC43A3,-0.05035736249323568
SAC3D1,-0.05049705923252176
TOMM40,-0.050531342606282385
FKBP8,-0.050647243053769594
NHP2,-0.0507501755922336
CLTA,-0.050846517025772545
METTL5,-0.051139963729024164
SSRP1,-0.05114682133816658
PRPF19,-0.05115658101158669
CHCHD2,-0.05119630994434919
SARNP,-0.051196947983430094
CADM4,-0.051223524698026296
GSN,-0.05124493622155075
SLC25A6,-0.051559127354430176
BTF3,-0.05167242515044119
RPL29,-0.051727171048042
TUBA1A,-0.051808553294902575
TFG,-0.0518692760277934
TEAD2,-0.05201265291104757
EFHD1,-0.05211090388052327
VBP1,-0.052155519758291365
EIF5A,-0.052248677172721573
FKBP4,-0.0523115391035147
EIF4H,-0.052366016105825856
XRCC5,-0.0524113102674187
POLR2H,-0.0524337543013839
ACTR3B,-0.05252737103199887
KXD1,-0.05254301531732502
GTF3C5,-0.05281176878595923
NAXE,-0.0528243588953033
UQCRB,-0.05284190227844682
ACTG1,-0.0528941582965612
PGK1,-0.05290370518519703
UBE2L6,-0.0529845759850263
RPL14,-0.05310562064932826
CFL1,-0.0531392267676189
MRPS15,-0.053269958539850996
NREP,-0.05327172286457402
MRPL11,-0.05335456201910604
SNRPB,-0.05342614132218078
AL445524.1,-0.053483421826088486
BIN1,-0.053628745735139226
UBE2L3,-0.05363255025150651
HDDC2,-0.05370326687741826
NOP10,-0.05393798806960737
ALDH1A1,-0.054052811024642766
POLR3K,-0.05407708661519941
SHMT2,-0.05408933248542423
CCT8,-0.05431274282804476
MCM2,-0.05432357108696975
SNRPD1,-0.0544520518082083
TCP1,-0.05455339419775973
EIF3I,-0.0546768660924296
RSL24D1,-0.054780015938248404
ASRGL1,-0.054815431928204844
HMGB1,-0.05484931547295047
PIH1D1,-0.05485770769399789
MFAP2,-0.054894769680316875
PCNP,-0.054929396129278156
SMS,-0.05495464864277359
DYNLT1,-0.055092394096207885
NABP2,-0.05537712242785967
PCBP1,-0.05539150170784925
SRSF9,-0.05554044817336986
PAFAH1B3,-0.05554121674600347
PSMD2,-0.055665268155208406
TMEM230,-0.05568567504376486
ACTL6A,-0.05571650840658046
PHGDH,-0.05588857687564687
RMI2,-0.05597899351457314
MRPL51,-0.056107785416742856
FAM210B,-0.05623983419034907
MIEN1,-0.05625895160477724
PRSS21,-0.056451042167890236
PGM2,-0.05665485853702412
STOML2,-0.05669521057969316
DMAC1,-0.056839905047933285
DCXR,-0.057153615466173625
MDH1,-0.057191011461964314
HSPA8,-0.057455628278199576
ATP5PF,-0.057464199239397544
POLDIP2,-0.05747387614075172
GSTP1,-0.057664236666710667
ETFA,-0.05768686097635591
NME4,-0.05768986075594455
RNF187,-0.05771540083240264
MCM7,-0.05774524145517944
YDJC,-0.05778661569106232
NDUFC2,-0.057868181960495514
SERF2,-0.057955202132341316
TPD52L1,-0.05802584006273815
HMGB2,-0.058124943822410506
PKIG,-0.058218052866333386
RARRES2,-0.05829239590926621
FAM162A,-0.058347519305830556
SNHG29,-0.058397729820273095
SLC25A39,-0.05842010281295742
COX7A2,-0.05854998219940468
LDHA,-0.05856126418368214
MRPL36,-0.05860912194644008
ATP5F1A,-0.05864832184946928
BID,-0.058760306824838314
SSBP1,-0.05876042788218655
KRT10,-0.05883621219578178
ANP32B,-0.05900832652089332
STMP1,-0.059199855650606106
SNX3,-0.05921481162925916
SINHCAF,-0.05937567115805138
TATDN1,-0.05939575644453719
ISY1,-0.05965002729022174
ASCL2,-0.05980562941705385
CACYBP,-0.059816228010253804
CALML3,-0.05999797523867881
SLC25A5,-0.06018152076365463
CCT7,-0.06040388300301985
AP2M1,-0.06045849991206674
DDX49,-0.06048976384588414
FAU,-0.06051040935983103
NIT2,-0.06056437908819281
BANF1,-0.060576052365858314
BCKDHA,-0.060611617298470886
TEX30,-0.06070681723253324
UBE2E3,-0.061093156460061526
ATP5MC1,-0.061149383987535534
RANBP1,-0.06121053161696223
TPRKB,-0.06170874528322668
NDUFB9,-0.06172959275731204
RPS24,-0.06180683245757794
RPL4,-0.061817564955497215
PTPN18,-0.061819482114082315
TMEM106C,-0.06192797035533929
NDUFB11,-0.062086242830007306
C12orf57,-0.06230339708260861
LINC01503,-0.06266152114110148
NDUFB6,-0.0626700913041124
CCDC115,-0.06267426929867405
EIF3K,-0.06269565124271374
FAM3B,-0.06271639083713346
PHB2,-0.06275748997943083
ASS1,-0.06282341164092659
RPS28,-0.06295946160639017
ESPN,-0.06298563749674135
RPL39L,-0.06304873762340349
MAGOH,-0.06305459125770675
UNG,-0.06309063407208891
TFDP1,-0.06328129398765327
EXOSC5,-0.06362307510151258
HAGLROS,-0.06364663987573103
HES6,-0.06388233730696971
RFC2,-0.06388328559450458
DTD1,-0.06402097802805484
PSMB1,-0.06405374320327471
COX8A,-0.06421319868614234
BEX3,-0.06432370755510698
HNRNPA1,-0.06435635637706762
DBNDD2,-0.06448830254343837
HDAC2,-0.06456074987624684
RPL38,-0.06496492824604637
PRPS2,-0.06497356591193251
RPS26,-0.0650243876584435
HSP90AA1,-0.06514648465706006
ARL6IP4,-0.06533943167009129
RPS15A,-0.065579002201222
PCLAF,-0.06646836690620299
PDAP1,-0.06655761750172423
RPL27A,-0.06687315379539814
ZNF428,-0.06749809490138435
PCBP2,-0.06753548766141354
AZGP1,-0.06795297219509426
SUMO2,-0.06798548422909931
MCM6,-0.06810042504118223
PSIP1,-0.0681791290077984
PFDN4,-0.06819381646175961
TYMS,-0.0683157017402502
SNRPG,-0.0684044794839242
ATP5F1E,-0.06869645661917864
CNN3,-0.06872239554310802
FBL,-0.0688399549620755
FXYD6,-0.06901240853745395
TMSB10,-0.06927098432545235
DUT,-0.06930676788346558
NME1,-0.06947134028848642
RPS14,-0.0695760370085796
TMEM258,-0.06979346921029092
MZT2B,-0.06980257454035749
RBFA,-0.06988783884838917
SRP14,-0.0700163474516185
PTMS,-0.07038432954385256
TOMM5,-0.07070078809323263
LIMD2,-0.07085538807642837
SUMO1,-0.07088664145636933
GNG4,-0.07090318452075214
MIF,-0.07093786960653142
PXMP2,-0.0711413331075212
SEM1,-0.0712448121105849
ATP5MC3,-0.07167147143819014
ATP5MF,-0.07170830722513834
EIF4EBP1,-0.07173740938108604
PEBP1,-0.07187333410799193
CCT5,-0.07207744032558897
RPL36,-0.07253389690876641
RPL26,-0.07254151953866173
RPSA,-0.07254853068715376
MRPL3,-0.07298127461217098
GNB2,-0.07300434562152154
TFF3,-0.07335380416592137
CNBP,-0.07439054901514945
PPIA,-0.07449543442260974
MDH2,-0.07464172578844068
LDHB,-0.0748308954711131
HSPE1,-0.07550945680379667
EIF3H,-0.07587937256582288
RALY,-0.07616472368534023
EEF1G,-0.07629969116287579
FTH1,-0.07673550899016615
MZT2A,-0.07682107157523704
UQCRH,-0.0768679013660176
ELOB,-0.07698439473919878
RPS16,-0.0772061677171928
HMGN2,-0.07790157995461268
IMP4,-0.07837726083373338
RPL3,-0.07912139197031737
MRPL13,-0.07916905882867471
AHCY,-0.07930034448021984
CDK4,-0.07930416007950489
H3F3A,-0.0797861711940324
SNRPD2,-0.08002673037307223
RPS4Y1,-0.08010870448748618
RBP1,-0.08031435740100284
HSPD1,-0.08040035065563358
C19orf48,-0.08055623888488635
RPL32,-0.08061270332878341
ATF5,-0.08073754519631562
NDUFS6,-0.08209685441143039
RAN,-0.08313316119118654
RPL13A,-0.08371458684686009
H2AFZ,-0.08406434696638981
RPS17,-0.08430884318306536
RPL9,-0.08441811856778608
RPL27,-0.08627560674921485
NME2,-0.08657971710867983
LSM4,-0.087339849085815
PSMA7,-0.08743123174488286
RPS11,-0.08790063276928001
RPL37A,-0.08867699712184873
CDKN2A,-0.08994555731511925
MDK,-0.09004837908107953
MARCKSL1,-0.09007626084004508
HSBP1L1,-0.09029030463899272
FTL,-0.09081571907927687
RPS9,-0.09115060828761738
YBX1,-0.09149660701180252
RPL5,-0.09153171733092927
EEF1A1,-0.09257622471246141
EEF1B2,-0.09277179431032855
RPS8,-0.09411836517016421
ATP5MC2,-0.09475272025402079
STMN1,-0.09614944461417194
RPL31,-0.09754193693882236
RPL10,-0.09790216661696652
RPL21,-0.09863126951200919
CNDP2,-0.0992602524193435
PPDPF,-0.0996998951184292
RPS2,-0.10047798178860237
RPL36A,-0.10063041345840651
RPL41,-0.10063147096292151
NDUFB4,-0.10226400401582736
TXNL4A,-0.10262959290276745
TUBA1B,-0.10282103458145564
RPL17,-0.10293045057938884
RPS15,-0.10486376179068832
RPL28,-0.10542432624132354
TPI1,-0.10560781978126858
UBA52,-0.10761093318398561
RPL23A,-0.10781899778045369
RPS13,-0.10782996124752538
RPS5,-0.10792465859740484
RPL34,-0.10817085786287728
RPL18,-0.1104389907802725
CYB5A,-0.11121271803010269
RPL7A,-0.11150696123810361
RPL12,-0.11214197651766612
RPL6,-0.11286683141097575
RPS6,-0.11483578791549015
RPS4X,-0.11569350235581251
RPL19,-0.11659892951565208
RPS3,-0.11673553627300641
NACA,-0.1168001101124848
RPL22,-0.11841852997660275
PTMA,-0.12011645985463738
GAPDH,-0.12032570220128472
RPLP0,-0.12109274710978653
RPL24,-0.12222910634145102
RPL39,-0.12383023674347526
RPS7,-0.12385387416639741
RPS27A,-0.12508607426243237
RPL37,-0.12547653796758912
RPS21,-0.12617147314740085
RPS3A,-0.1271611798564255
RPS12,-0.12754799648796816
RPL35,-0.13129277095060607
RPL11,-0.13263678218793534
RPL35A,-0.13353065457638874
RPLP2,-0.1372804080112402
RPS19,-0.13747807840370654
RPL18A,-0.13900144648317883
RPLP1,-0.14293557498500978
