BACH1_regulon_AUC,threshold,active,method
0.051509334943674,0.06206758431170774,False,mean + 2 s.d. after unimodal BIC
0.0469730627385856,0.06206758431170774,False,mean + 2 s.d. after unimodal BIC
0.0558443145627996,0.06206758431170774,False,mean + 2 s.d. after unimodal BIC
0.0512936643158568,0.06206758431170774,False,mean + 2 s.d. after unimodal BIC
0.0474547271407107,0.06206758431170774,False,mean + 2 s.d. after unimodal BIC
0.0524151515805062,0.06206758431170774,False,mean + 2 s.d. after unimodal BIC
0.0509054571857858,0.06206758431170774,False,mean + 2 s.d. after unimodal BIC
0.0559952840022717,0.06206758431170774,False,mean + 2 s.d. after unimodal BIC
0.047375647910511,0.06206758431170774,False,mean + 2 s.d. after unimodal BIC
0.0428537537472771,0.06206758431170774,False,mean + 2 s.d. after unimodal BIC
0.0523001272456704,0.06206758431170774,False,mean + 2 s.d. after unimodal BIC
0.0552835709304749,0.06206758431170774,False,mean + 2 s.d. after unimodal BIC
0.0501865550930618,0.06206758431170774,False,mean + 2 s.d. after unimodal BIC
0.0530046512965399,0.06206758431170774,False,mean + 2 s.d. after unimodal BIC
0.0513511764832747,0.06206758431170774,False,mean + 2 s.d. after unimodal BIC
0.0486121595099963,0.06206758431170774,False,mean + 2 s.d. after unimodal BIC
0.0381018109143715,0.06206758431170774,False,mean + 2 s.d. after unimodal BIC
0.0427171623496596,0.06206758431170774,False,mean + 2 s.d. after unimodal BIC
0.0460456790389716,0.06206758431170774,False,mean + 2 s.d. after unimodal BIC
0.0475625624546193,0.06206758431170774,False,mean + 2 s.d. after unimodal BIC
0.0486840497192687,0.06206758431170774,False,mean + 2 s.d. after unimodal BIC
0.0532922121336295,0.06206758431170774,False,mean + 2 s.d. after unimodal BIC
0.0432491498982753,0.06206758431170774,False,mean + 2 s.d. after unimodal BIC
0.051121127813603,0.06206758431170774,False,mean + 2 s.d. after unimodal BIC
0.0507976218718772,0.06206758431170774,False,mean + 2 s.d. after unimodal BIC
0.0547443943609319,0.06206758431170774,False,mean + 2 s.d. after unimodal BIC
0.0490506897865579,0.06206758431170774,False,mean + 2 s.d. after unimodal BIC
0.0523216943084521,0.06206758431170774,False,mean + 2 s.d. after unimodal BIC
0.0411571448084485,0.06206758431170774,False,mean + 2 s.d. after unimodal BIC
0.0543849433145699,0.06206758431170774,False,mean + 2 s.d. after unimodal BIC
0.0498414820885543,0.06206758431170774,False,mean + 2 s.d. after unimodal BIC
0.060919763337431,0.06206758431170774,False,mean + 2 s.d. after unimodal BIC
0.0693237288013745,0.06206758431170774,True,mean + 2 s.d. after unimodal BIC
0.0435438997562921,0.06206758431170774,False,mean + 2 s.d. after unimodal BIC
0.0687486071271953,0.06206758431170774,True,mean + 2 s.d. after unimodal BIC
0.0439536739491448,0.06206758431170774,False,mean + 2 s.d. after unimodal BIC
0.0519262981574539,0.06206758431170774,False,mean + 2 s.d. after unimodal BIC
0.0510923717298941,0.06206758431170774,False,mean + 2 s.d. after unimodal BIC
0.0617321227022091,0.06206758431170774,False,mean + 2 s.d. after unimodal BIC
0.0487271838448321,0.06206758431170774,False,mean + 2 s.d. after unimodal BIC
0.0503015794278977,0.06206758431170774,False,mean + 2 s.d. after unimodal BIC
0.0484108669240336,0.06206758431170774,False,mean + 2 s.d. after unimodal BIC
0.0512433411693661,0.06206758431170774,False,mean + 2 s.d. after unimodal BIC
0.0541333275821165,0.06206758431170774,False,mean + 2 s.d. after unimodal BIC
0.0526164441664689,0.06206758431170774,False,mean + 2 s.d. after unimodal BIC
0.0533641023429019,0.06206758431170774,False,mean + 2 s.d. after unimodal BIC
0.0549888210724581,0.06206758431170774,False,mean + 2 s.d. after unimodal BIC
0.0508910791439313,0.06206758431170774,False,mean + 2 s.d. after unimodal BIC
0.0531124866104485,0.06206758431170774,False,mean + 2 s.d. after unimodal BIC
0.0516818714459277,0.06206758431170774,False,mean + 2 s.d. after unimodal BIC
0.0537954435985363,0.06206758431170774,False,mean + 2 s.d. after unimodal BIC
0.0473972149732927,0.06206758431170774,False,mean + 2 s.d. after unimodal BIC
0.0449745149208129,0.06206758431170774,False,mean + 2 s.d. after unimodal BIC
0.0441477775141803,0.06206758431170774,False,mean + 2 s.d. after unimodal BIC
0.0510779936880396,0.06206758431170774,False,mean + 2 s.d. after unimodal BIC
0.0531340536732302,0.06206758431170774,False,mean + 2 s.d. after unimodal BIC
0.0576487588155369,0.06206758431170774,False,mean + 2 s.d. after unimodal BIC
0.0375842014076103,0.06206758431170774,False,mean + 2 s.d. after unimodal BIC
0.0411283887247395,0.06206758431170774,False,mean + 2 s.d. after unimodal BIC
0.0386194204211328,0.06206758431170774,False,mean + 2 s.d. after unimodal BIC
0.027778376862855,0.06206758431170774,False,mean + 2 s.d. after unimodal BIC
0.0397121516020733,0.06206758431170774,False,mean + 2 s.d. after unimodal BIC
0.0395180480370378,0.06206758431170774,False,mean + 2 s.d. after unimodal BIC
0.0510276705415489,0.06206758431170774,False,mean + 2 s.d. after unimodal BIC
0.0463188618342068,0.06206758431170774,False,mean + 2 s.d. after unimodal BIC
0.0484971351751604,0.06206758431170774,False,mean + 2 s.d. after unimodal BIC
0.0394174017440564,0.06206758431170774,False,mean + 2 s.d. after unimodal BIC
0.0423577113032976,0.06206758431170774,False,mean + 2 s.d. after unimodal BIC
0.0516243592785098,0.06206758431170774,False,mean + 2 s.d. after unimodal BIC
0.0442340457653072,0.06206758431170774,False,mean + 2 s.d. after unimodal BIC
0.0487631289494683,0.06206758431170774,False,mean + 2 s.d. after unimodal BIC
0.043658924091128,0.06206758431170774,False,mean + 2 s.d. after unimodal BIC
0.0433282291284749,0.06206758431170774,False,mean + 2 s.d. after unimodal BIC
0.046685501901496,0.06206758431170774,False,mean + 2 s.d. after unimodal BIC
0.0425733819311148,0.06206758431170774,False,mean + 2 s.d. after unimodal BIC
0.049144147058612,0.06206758431170774,False,mean + 2 s.d. after unimodal BIC
0.0333139229768297,0.06206758431170774,False,mean + 2 s.d. after unimodal BIC
0.0427027843078051,0.06206758431170774,False,mean + 2 s.d. after unimodal BIC
0.0414950287920288,0.06206758431170774,False,mean + 2 s.d. after unimodal BIC
0.0445144175814695,0.06206758431170774,False,mean + 2 s.d. after unimodal BIC
0.050430981804588,0.06206758431170774,False,mean + 2 s.d. after unimodal BIC
0.0321493015866169,0.06206758431170774,False,mean + 2 s.d. after unimodal BIC
0.045786874285591,0.06206758431170774,False,mean + 2 s.d. after unimodal BIC
0.0573396309156655,0.06206758431170774,False,mean + 2 s.d. after unimodal BIC
0.0472678125966024,0.06206758431170774,False,mean + 2 s.d. after unimodal BIC
0.0437883264678183,0.06206758431170774,False,mean + 2 s.d. after unimodal BIC
0.0468292823200408,0.06206758431170774,False,mean + 2 s.d. after unimodal BIC
0.04242960151257,0.06206758431170774,False,mean + 2 s.d. after unimodal BIC
0.0446725760418688,0.06206758431170774,False,mean + 2 s.d. after unimodal BIC
0.0452261306532663,0.06206758431170774,False,mean + 2 s.d. after unimodal BIC
0.0549025528213312,0.06206758431170774,False,mean + 2 s.d. after unimodal BIC
0.0407258035528141,0.06206758431170774,False,mean + 2 s.d. after unimodal BIC
0.0428537537472771,0.06206758431170774,False,mean + 2 s.d. after unimodal BIC
0.0477279099359458,0.06206758431170774,False,mean + 2 s.d. after unimodal BIC
0.0397768527904184,0.06206758431170774,False,mean + 2 s.d. after unimodal BIC
0.0390507616767672,0.06206758431170774,False,mean + 2 s.d. after unimodal BIC
0.0478285562289271,0.06206758431170774,False,mean + 2 s.d. after unimodal BIC
0.049144147058612,0.06206758431170774,False,mean + 2 s.d. after unimodal BIC
0.0505028720138604,0.06206758431170774,False,mean + 2 s.d. after unimodal BIC
0.0383606156677522,0.06206758431170774,False,mean + 2 s.d. after unimodal BIC
0.0403951085901611,0.06206758431170774,False,mean + 2 s.d. after unimodal BIC
0.0500068295698808,0.06206758431170774,False,mean + 2 s.d. after unimodal BIC
0.0419407480895176,0.06206758431170774,False,mean + 2 s.d. after unimodal BIC
0.0425374368264786,0.06206758431170774,False,mean + 2 s.d. after unimodal BIC
0.0460528680598989,0.06206758431170774,False,mean + 2 s.d. after unimodal BIC
0.0458731425367179,0.06206758431170774,False,mean + 2 s.d. after unimodal BIC
0.042940021998404,0.06206758431170774,False,mean + 2 s.d. after unimodal BIC
0.0438602166770907,0.06206758431170774,False,mean + 2 s.d. after unimodal BIC
0.0261392800914443,0.06206758431170774,False,mean + 2 s.d. after unimodal BIC
0.0456215268042645,0.06206758431170774,False,mean + 2 s.d. after unimodal BIC
0.0450320270882308,0.06206758431170774,False,mean + 2 s.d. after unimodal BIC
0.0530909195476668,0.06206758431170774,False,mean + 2 s.d. after unimodal BIC
0.0480586048985988,0.06206758431170774,False,mean + 2 s.d. after unimodal BIC
0.0475266173499831,0.06206758431170774,False,mean + 2 s.d. after unimodal BIC
0.0440543202421262,0.06206758431170774,False,mean + 2 s.d. after unimodal BIC
0.0485402693007239,0.06206758431170774,False,mean + 2 s.d. after unimodal BIC
0.0378430061609909,0.06206758431170774,False,mean + 2 s.d. after unimodal BIC
0.0439033508026541,0.06206758431170774,False,mean + 2 s.d. after unimodal BIC
0.0429831561239674,0.06206758431170774,False,mean + 2 s.d. after unimodal BIC
0.0378933293074816,0.06206758431170774,False,mean + 2 s.d. after unimodal BIC
0.0463404288969885,0.06206758431170774,False,mean + 2 s.d. after unimodal BIC
0.0435438997562921,0.06206758431170774,False,mean + 2 s.d. after unimodal BIC
0.0430766133960216,0.06206758431170774,False,mean + 2 s.d. after unimodal BIC
0.0433210401075477,0.06206758431170774,False,mean + 2 s.d. after unimodal BIC
0.0385762862955694,0.06206758431170774,False,mean + 2 s.d. after unimodal BIC
0.0478357452498544,0.06206758431170774,False,mean + 2 s.d. after unimodal BIC
0.0412434130595754,0.06206758431170774,False,mean + 2 s.d. after unimodal BIC
0.0536876082846277,0.06206758431170774,False,mean + 2 s.d. after unimodal BIC
0.0458156303693,0.06206758431170774,False,mean + 2 s.d. after unimodal BIC
0.0509629693532037,0.06206758431170774,False,mean + 2 s.d. after unimodal BIC
0.0457437401600276,0.06206758431170774,False,mean + 2 s.d. after unimodal BIC
0.0448235454813409,0.06206758431170774,False,mean + 2 s.d. after unimodal BIC
0.0484468120286698,0.06206758431170774,False,mean + 2 s.d. after unimodal BIC
0.0458012523274455,0.06206758431170774,False,mean + 2 s.d. after unimodal BIC
0.0412506020805026,0.06206758431170774,False,mean + 2 s.d. after unimodal BIC
0.041681943336137,0.06206758431170774,False,mean + 2 s.d. after unimodal BIC
0.0516171702575826,0.06206758431170774,False,mean + 2 s.d. after unimodal BIC
0.0437451923422549,0.06206758431170774,False,mean + 2 s.d. after unimodal BIC
0.0431916377308574,0.06206758431170774,False,mean + 2 s.d. after unimodal BIC
0.0408623949504317,0.06206758431170774,False,mean + 2 s.d. after unimodal BIC
0.0392376762208754,0.06206758431170774,False,mean + 2 s.d. after unimodal BIC
0.0472318674919662,0.06206758431170774,False,mean + 2 s.d. after unimodal BIC
0.044198100660671,0.06206758431170774,False,mean + 2 s.d. after unimodal BIC
0.0496042443979554,0.06206758431170774,False,mean + 2 s.d. after unimodal BIC
0.0441262104513986,0.06206758431170774,False,mean + 2 s.d. after unimodal BIC
0.0409989863480492,0.06206758431170774,False,mean + 2 s.d. after unimodal BIC
0.0383749937096066,0.06206758431170774,False,mean + 2 s.d. after unimodal BIC
0.0359522936571268,0.06206758431170774,False,mean + 2 s.d. after unimodal BIC
0.0409846083061947,0.06206758431170774,False,mean + 2 s.d. after unimodal BIC
0.0514230666925471,0.06206758431170774,False,mean + 2 s.d. after unimodal BIC
0.0462613496667888,0.06206758431170774,False,mean + 2 s.d. after unimodal BIC
0.0370809699427035,0.06206758431170774,False,mean + 2 s.d. after unimodal BIC
0.0423073881568069,0.06206758431170774,False,mean + 2 s.d. after unimodal BIC
0.0465920446294419,0.06206758431170774,False,mean + 2 s.d. after unimodal BIC
0.0334864594790835,0.06206758431170774,False,mean + 2 s.d. after unimodal BIC
0.0424224124916427,0.06206758431170774,False,mean + 2 s.d. after unimodal BIC
0.0462182155412254,0.06206758431170774,False,mean + 2 s.d. after unimodal BIC
0.0460600570808261,0.06206758431170774,False,mean + 2 s.d. after unimodal BIC
0.0491800921632482,0.06206758431170774,False,mean + 2 s.d. after unimodal BIC
0.045995355892481,0.06206758431170774,False,mean + 2 s.d. after unimodal BIC
0.0422139308847528,0.06206758431170774,False,mean + 2 s.d. after unimodal BIC
0.046836471340968,0.06206758431170774,False,mean + 2 s.d. after unimodal BIC
0.041681943336137,0.06206758431170774,False,mean + 2 s.d. after unimodal BIC
0.0480442268567443,0.06206758431170774,False,mean + 2 s.d. after unimodal BIC
0.0531196756313757,0.06206758431170774,False,mean + 2 s.d. after unimodal BIC
0.0484036779031063,0.06206758431170774,False,mean + 2 s.d. after unimodal BIC
0.0437380033213276,0.06206758431170774,False,mean + 2 s.d. after unimodal BIC
0.0289286202112134,0.06206758431170774,False,mean + 2 s.d. after unimodal BIC
0.0426740282240961,0.06206758431170774,False,mean + 2 s.d. after unimodal BIC
0.0492879274771568,0.06206758431170774,False,mean + 2 s.d. after unimodal BIC
0.0419623151522994,0.06206758431170774,False,mean + 2 s.d. after unimodal BIC
0.0455136914903559,0.06206758431170774,False,mean + 2 s.d. after unimodal BIC
0.0417178884407732,0.06206758431170774,False,mean + 2 s.d. after unimodal BIC
0.046175081415662,0.06206758431170774,False,mean + 2 s.d. after unimodal BIC
0.0492879274771568,0.06206758431170774,False,mean + 2 s.d. after unimodal BIC
0.0484755681123787,0.06206758431170774,False,mean + 2 s.d. after unimodal BIC
0.0459162766622813,0.06206758431170774,False,mean + 2 s.d. after unimodal BIC
0.0446510089790871,0.06206758431170774,False,mean + 2 s.d. after unimodal BIC
0.0517250055714912,0.06206758431170774,False,mean + 2 s.d. after unimodal BIC
0.0381952681864256,0.06206758431170774,False,mean + 2 s.d. after unimodal BIC
0.0426812172450234,0.06206758431170774,False,mean + 2 s.d. after unimodal BIC
0.042940021998404,0.06206758431170774,False,mean + 2 s.d. after unimodal BIC
0.0507832438300227,0.06206758431170774,False,mean + 2 s.d. after unimodal BIC
0.0406107792179783,0.06206758431170774,False,mean + 2 s.d. after unimodal BIC
0.0455496365949921,0.06206758431170774,False,mean + 2 s.d. after unimodal BIC
0.0472534345547479,0.06206758431170774,False,mean + 2 s.d. after unimodal BIC
0.0443059359745796,0.06206758431170774,False,mean + 2 s.d. after unimodal BIC
0.050610707327769,0.06206758431170774,False,mean + 2 s.d. after unimodal BIC
0.0459090876413541,0.06206758431170774,False,mean + 2 s.d. after unimodal BIC
0.0369515675660131,0.06206758431170774,False,mean + 2 s.d. after unimodal BIC
0.0486481046146325,0.06206758431170774,False,mean + 2 s.d. after unimodal BIC
0.031135649635876,0.06206758431170774,False,mean + 2 s.d. after unimodal BIC
0.0474619161616379,0.06206758431170774,False,mean + 2 s.d. after unimodal BIC
0.0502440672604797,0.06206758431170774,False,mean + 2 s.d. after unimodal BIC
0.0289789433577041,0.06206758431170774,False,mean + 2 s.d. after unimodal BIC
0.0452836428206842,0.06206758431170774,False,mean + 2 s.d. after unimodal BIC
0.0449026247115405,0.06206758431170774,False,mean + 2 s.d. after unimodal BIC
0.0446797650627961,0.06206758431170774,False,mean + 2 s.d. after unimodal BIC
0.0431269365425122,0.06206758431170774,False,mean + 2 s.d. after unimodal BIC
0.0469586846967311,0.06206758431170774,False,mean + 2 s.d. after unimodal BIC
0.0475122393081286,0.06206758431170774,False,mean + 2 s.d. after unimodal BIC
0.0339609348602813,0.06206758431170774,False,mean + 2 s.d. after unimodal BIC
0.0471815443454755,0.06206758431170774,False,mean + 2 s.d. after unimodal BIC
0.0633208963271292,0.06206758431170774,True,mean + 2 s.d. after unimodal BIC
0.0443706371629247,0.06206758431170774,False,mean + 2 s.d. after unimodal BIC
0.0370234577752855,0.06206758431170774,False,mean + 2 s.d. after unimodal BIC
0.0374547990309199,0.06206758431170774,False,mean + 2 s.d. after unimodal BIC
0.0497911589420636,0.06206758431170774,False,mean + 2 s.d. after unimodal BIC
0.0475338063709103,0.06206758431170774,False,mean + 2 s.d. after unimodal BIC
0.0318257956448911,0.06206758431170774,False,mean + 2 s.d. after unimodal BIC
0.0388494690908045,0.06206758431170774,False,mean + 2 s.d. after unimodal BIC
0.0458228193902272,0.06206758431170774,False,mean + 2 s.d. after unimodal BIC
0.0406754804063234,0.06206758431170774,False,mean + 2 s.d. after unimodal BIC
0.0489356654517221,0.06206758431170774,False,mean + 2 s.d. after unimodal BIC
0.0525804990618327,0.06206758431170774,False,mean + 2 s.d. after unimodal BIC
0.0472462455338207,0.06206758431170774,False,mean + 2 s.d. after unimodal BIC
0.0418401017965363,0.06206758431170774,False,mean + 2 s.d. after unimodal BIC
0.0481592511915802,0.06206758431170774,False,mean + 2 s.d. after unimodal BIC
0.0402225720879073,0.06206758431170774,False,mean + 2 s.d. after unimodal BIC
0.0361248301593805,0.06206758431170774,False,mean + 2 s.d. after unimodal BIC
0.0428825098309861,0.06206758431170774,False,mean + 2 s.d. after unimodal BIC
0.0418688578802452,0.06206758431170774,False,mean + 2 s.d. after unimodal BIC
0.0414015715199746,0.06206758431170774,False,mean + 2 s.d. after unimodal BIC
0.0312147288660757,0.06206758431170774,False,mean + 2 s.d. after unimodal BIC
0.0411068216619578,0.06206758431170774,False,mean + 2 s.d. after unimodal BIC
0.0487918850331773,0.06206758431170774,False,mean + 2 s.d. after unimodal BIC
0.0412721691432843,0.06206758431170774,False,mean + 2 s.d. after unimodal BIC
0.0427459184333685,0.06206758431170774,False,mean + 2 s.d. after unimodal BIC
0.0486193485309235,0.06206758431170774,False,mean + 2 s.d. after unimodal BIC
0.053457559614956,0.06206758431170774,False,mean + 2 s.d. after unimodal BIC
0.0415381629175922,0.06206758431170774,False,mean + 2 s.d. after unimodal BIC
0.0465417214829512,0.06206758431170774,False,mean + 2 s.d. after unimodal BIC
0.0460600570808261,0.06206758431170774,False,mean + 2 s.d. after unimodal BIC
0.0479867146893264,0.06206758431170774,False,mean + 2 s.d. after unimodal BIC
0.0412074679549392,0.06206758431170774,False,mean + 2 s.d. after unimodal BIC
0.054356187230861,0.06206758431170774,False,mean + 2 s.d. after unimodal BIC
0.0482886535682705,0.06206758431170774,False,mean + 2 s.d. after unimodal BIC
0.0441333994723258,0.06206758431170774,False,mean + 2 s.d. after unimodal BIC
0.0440974543676896,0.06206758431170774,False,mean + 2 s.d. after unimodal BIC
0.025981121631045,0.06206758431170774,False,mean + 2 s.d. after unimodal BIC
0.0512577192112206,0.06206758431170774,False,mean + 2 s.d. after unimodal BIC
0.0464554532318243,0.06206758431170774,False,mean + 2 s.d. after unimodal BIC
0.0463619959597702,0.06206758431170774,False,mean + 2 s.d. after unimodal BIC
0.0630549025528213,0.06206758431170774,True,mean + 2 s.d. after unimodal BIC
0.0456718499507552,0.06206758431170774,False,mean + 2 s.d. after unimodal BIC
0.0551685465956391,0.06206758431170774,False,mean + 2 s.d. after unimodal BIC
0.0426668392031689,0.06206758431170774,False,mean + 2 s.d. after unimodal BIC
0.0429975341658219,0.06206758431170774,False,mean + 2 s.d. after unimodal BIC
0.050970158374131,0.06206758431170774,False,mean + 2 s.d. after unimodal BIC
0.0430550463332398,0.06206758431170774,False,mean + 2 s.d. after unimodal BIC
0.0492879274771568,0.06206758431170774,False,mean + 2 s.d. after unimodal BIC
0.0482383304217798,0.06206758431170774,False,mean + 2 s.d. after unimodal BIC
0.0429687780821129,0.06206758431170774,False,mean + 2 s.d. after unimodal BIC
0.0473037577012386,0.06206758431170774,False,mean + 2 s.d. after unimodal BIC
0.0495682992933192,0.06206758431170774,False,mean + 2 s.d. after unimodal BIC
0.044859490585977,0.06206758431170774,False,mean + 2 s.d. after unimodal BIC
0.0448738686278315,0.06206758431170774,False,mean + 2 s.d. after unimodal BIC
0.0483102206310522,0.06206758431170774,False,mean + 2 s.d. after unimodal BIC
0.0446725760418688,0.06206758431170774,False,mean + 2 s.d. after unimodal BIC
0.0414015715199746,0.06206758431170774,False,mean + 2 s.d. after unimodal BIC
0.0462182155412254,0.06206758431170774,False,mean + 2 s.d. after unimodal BIC
0.0501074758628622,0.06206758431170774,False,mean + 2 s.d. after unimodal BIC
0.053666041221846,0.06206758431170774,False,mean + 2 s.d. after unimodal BIC
0.0490075556609945,0.06206758431170774,False,mean + 2 s.d. after unimodal BIC
0.0469011725293132,0.06206758431170774,False,mean + 2 s.d. after unimodal BIC
0.049561110272392,0.06206758431170774,False,mean + 2 s.d. after unimodal BIC
0.0538098216403908,0.06206758431170774,False,mean + 2 s.d. after unimodal BIC
0.0508838901230041,0.06206758431170774,False,mean + 2 s.d. after unimodal BIC
0.0439321068863631,0.06206758431170774,False,mean + 2 s.d. after unimodal BIC
0.0477422879778003,0.06206758431170774,False,mean + 2 s.d. after unimodal BIC
0.0441477775141803,0.06206758431170774,False,mean + 2 s.d. after unimodal BIC
0.041502217812956,0.06206758431170774,False,mean + 2 s.d. after unimodal BIC
0.0369156224613769,0.06206758431170774,False,mean + 2 s.d. after unimodal BIC
0.0461391363110258,0.06206758431170774,False,mean + 2 s.d. after unimodal BIC
0.039913444188036,0.06206758431170774,False,mean + 2 s.d. after unimodal BIC
0.052918383045413,0.06206758431170774,False,mean + 2 s.d. after unimodal BIC
0.0452261306532663,0.06206758431170774,False,mean + 2 s.d. after unimodal BIC
0.054715638277223,0.06206758431170774,False,mean + 2 s.d. after unimodal BIC
0.047735098956873,0.06206758431170774,False,mean + 2 s.d. after unimodal BIC
0.0476272636429644,0.06206758431170774,False,mean + 2 s.d. after unimodal BIC
0.0503662806162428,0.06206758431170774,False,mean + 2 s.d. after unimodal BIC
0.0455927707205555,0.06206758431170774,False,mean + 2 s.d. after unimodal BIC
0.0383102925212615,0.06206758431170774,False,mean + 2 s.d. after unimodal BIC
0.0517825177389091,0.06206758431170774,False,mean + 2 s.d. after unimodal BIC
0.0375698233657558,0.06206758431170774,False,mean + 2 s.d. after unimodal BIC
0.0544352664610606,0.06206758431170774,False,mean + 2 s.d. after unimodal BIC
0.0475697514755465,0.06206758431170774,False,mean + 2 s.d. after unimodal BIC
0.0527961696896499,0.06206758431170774,False,mean + 2 s.d. after unimodal BIC
0.0417538335454094,0.06206758431170774,False,mean + 2 s.d. after unimodal BIC
0.0444425273721971,0.06206758431170774,False,mean + 2 s.d. after unimodal BIC
0.0440830763258351,0.06206758431170774,False,mean + 2 s.d. after unimodal BIC
0.0480729829404533,0.06206758431170774,False,mean + 2 s.d. after unimodal BIC
0.0541908397495345,0.06206758431170774,False,mean + 2 s.d. after unimodal BIC
0.03883509104895,0.06206758431170774,False,mean + 2 s.d. after unimodal BIC
0.0436373570283463,0.06206758431170774,False,mean + 2 s.d. after unimodal BIC
0.0326525330515237,0.06206758431170774,False,mean + 2 s.d. after unimodal BIC
0.0480370378358171,0.06206758431170774,False,mean + 2 s.d. after unimodal BIC
0.0441477775141803,0.06206758431170774,False,mean + 2 s.d. after unimodal BIC
0.0541045714984076,0.06206758431170774,False,mean + 2 s.d. after unimodal BIC
0.0416747543152098,0.06206758431170774,False,mean + 2 s.d. after unimodal BIC
0.0449601368789584,0.06206758431170774,False,mean + 2 s.d. after unimodal BIC
0.0442843689117979,0.06206758431170774,False,mean + 2 s.d. after unimodal BIC
0.0425374368264786,0.06206758431170774,False,mean + 2 s.d. after unimodal BIC
0.0526308222083234,0.06206758431170774,False,mean + 2 s.d. after unimodal BIC
0.0463835630225519,0.06206758431170774,False,mean + 2 s.d. after unimodal BIC
0.0421636077382621,0.06206758431170774,False,mean + 2 s.d. after unimodal BIC
0.0365993055405784,0.06206758431170774,False,mean + 2 s.d. after unimodal BIC
0.0411355777456668,0.06206758431170774,False,mean + 2 s.d. after unimodal BIC
0.0396330723718736,0.06206758431170774,False,mean + 2 s.d. after unimodal BIC
0.0501506099884256,0.06206758431170774,False,mean + 2 s.d. after unimodal BIC
0.0313225641799843,0.06206758431170774,False,mean + 2 s.d. after unimodal BIC
0.0453267769462476,0.06206758431170774,False,mean + 2 s.d. after unimodal BIC
0.0453267769462476,0.06206758431170774,False,mean + 2 s.d. after unimodal BIC
0.0466279897340781,0.06206758431170774,False,mean + 2 s.d. after unimodal BIC
0.0426596501822416,0.06206758431170774,False,mean + 2 s.d. after unimodal BIC
0.0385834753164966,0.06206758431170774,False,mean + 2 s.d. after unimodal BIC
0.0496042443979554,0.06206758431170774,False,mean + 2 s.d. after unimodal BIC
0.0392808103464389,0.06206758431170774,False,mean + 2 s.d. after unimodal BIC
0.0380371097260264,0.06206758431170774,False,mean + 2 s.d. after unimodal BIC
0.0457365511391003,0.06206758431170774,False,mean + 2 s.d. after unimodal BIC
0.0394533468486926,0.06206758431170774,False,mean + 2 s.d. after unimodal BIC
0.0515740361320191,0.06206758431170774,False,mean + 2 s.d. after unimodal BIC
0.0473109467221659,0.06206758431170774,False,mean + 2 s.d. after unimodal BIC
0.0387847679024593,0.06206758431170774,False,mean + 2 s.d. after unimodal BIC
0.0396330723718736,0.06206758431170774,False,mean + 2 s.d. after unimodal BIC
0.0535725839497918,0.06206758431170774,False,mean + 2 s.d. after unimodal BIC
0.0423792783660793,0.06206758431170774,False,mean + 2 s.d. after unimodal BIC
0.0495107871259013,0.06206758431170774,False,mean + 2 s.d. after unimodal BIC
0.04242960151257,0.06206758431170774,False,mean + 2 s.d. after unimodal BIC
0.0434001193377473,0.06206758431170774,False,mean + 2 s.d. after unimodal BIC
0.0445934968116692,0.06206758431170774,False,mean + 2 s.d. after unimodal BIC
0.0488637752424497,0.06206758431170774,False,mean + 2 s.d. after unimodal BIC
0.0475913185383282,0.06206758431170774,False,mean + 2 s.d. after unimodal BIC
0.0413871934781202,0.06206758431170774,False,mean + 2 s.d. after unimodal BIC
0.0483892998612518,0.06206758431170774,False,mean + 2 s.d. after unimodal BIC
0.0410708765573216,0.06206758431170774,False,mean + 2 s.d. after unimodal BIC
0.0395683711835285,0.06206758431170774,False,mean + 2 s.d. after unimodal BIC
0.0424943027009151,0.06206758431170774,False,mean + 2 s.d. after unimodal BIC
0.0507976218718772,0.06206758431170774,False,mean + 2 s.d. after unimodal BIC
0.0534072364684653,0.06206758431170774,False,mean + 2 s.d. after unimodal BIC
0.0401866269832711,0.06206758431170774,False,mean + 2 s.d. after unimodal BIC
0.0465129653992422,0.06206758431170774,False,mean + 2 s.d. after unimodal BIC
0.0437667594050366,0.06206758431170774,False,mean + 2 s.d. after unimodal BIC
0.0394317797859109,0.06206758431170774,False,mean + 2 s.d. after unimodal BIC
0.0371169150473397,0.06206758431170774,False,mean + 2 s.d. after unimodal BIC
0.0518615969691087,0.06206758431170774,False,mean + 2 s.d. after unimodal BIC
0.0518975420737449,0.06206758431170774,False,mean + 2 s.d. after unimodal BIC
0.0484899461542332,0.06206758431170774,False,mean + 2 s.d. after unimodal BIC
0.054866607716695,0.06206758431170774,False,mean + 2 s.d. after unimodal BIC
0.0490003666400672,0.06206758431170774,False,mean + 2 s.d. after unimodal BIC
0.0393167554510751,0.06206758431170774,False,mean + 2 s.d. after unimodal BIC
0.0517393836133457,0.06206758431170774,False,mean + 2 s.d. after unimodal BIC
0.0449817039417401,0.06206758431170774,False,mean + 2 s.d. after unimodal BIC
0.0457077950553914,0.06206758431170774,False,mean + 2 s.d. after unimodal BIC
0.0421851748010438,0.06206758431170774,False,mean + 2 s.d. after unimodal BIC
0.0408839620132134,0.06206758431170774,False,mean + 2 s.d. after unimodal BIC
0.0403375964227431,0.06206758431170774,False,mean + 2 s.d. after unimodal BIC
0.0478716903544906,0.06206758431170774,False,mean + 2 s.d. after unimodal BIC
0.0439249178654359,0.06206758431170774,False,mean + 2 s.d. after unimodal BIC
0.0443634481419975,0.06206758431170774,False,mean + 2 s.d. after unimodal BIC
0.0330479292025219,0.06206758431170774,False,mean + 2 s.d. after unimodal BIC
0.0397984198532001,0.06206758431170774,False,mean + 2 s.d. after unimodal BIC
0.0461607033738075,0.06206758431170774,False,mean + 2 s.d. after unimodal BIC
0.0466926909224232,0.06206758431170774,False,mean + 2 s.d. after unimodal BIC
0.0490075556609945,0.06206758431170774,False,mean + 2 s.d. after unimodal BIC
0.0401363038367804,0.06206758431170774,False,mean + 2 s.d. after unimodal BIC
0.0460456790389716,0.06206758431170774,False,mean + 2 s.d. after unimodal BIC
0.0222140746651713,0.06206758431170774,False,mean + 2 s.d. after unimodal BIC
0.0478213672079999,0.06206758431170774,False,mean + 2 s.d. after unimodal BIC
0.0445719297488875,0.06206758431170774,False,mean + 2 s.d. after unimodal BIC
0.0355137633805652,0.06206758431170774,False,mean + 2 s.d. after unimodal BIC
0.0425230587846241,0.06206758431170774,False,mean + 2 s.d. after unimodal BIC
0.060078647888944,0.06206758431170774,False,mean + 2 s.d. after unimodal BIC
0.0505028720138604,0.06206758431170774,False,mean + 2 s.d. after unimodal BIC
0.0438961617817269,0.06206758431170774,False,mean + 2 s.d. after unimodal BIC
0.0465704775666602,0.06206758431170774,False,mean + 2 s.d. after unimodal BIC
0.0492663604143751,0.06206758431170774,False,mean + 2 s.d. after unimodal BIC
0.0440327531793445,0.06206758431170774,False,mean + 2 s.d. after unimodal BIC
0.0454777463857197,0.06206758431170774,False,mean + 2 s.d. after unimodal BIC
0.0415453519385194,0.06206758431170774,False,mean + 2 s.d. after unimodal BIC
0.0386984996513324,0.06206758431170774,False,mean + 2 s.d. after unimodal BIC
0.0442699908699434,0.06206758431170774,False,mean + 2 s.d. after unimodal BIC
0.0456430938670462,0.06206758431170774,False,mean + 2 s.d. after unimodal BIC
0.0371312930891941,0.06206758431170774,False,mean + 2 s.d. after unimodal BIC
0.0459594107878448,0.06206758431170774,False,mean + 2 s.d. after unimodal BIC
0.0541117605193348,0.06206758431170774,False,mean + 2 s.d. after unimodal BIC
0.0366280616242873,0.06206758431170774,False,mean + 2 s.d. after unimodal BIC
0.0433713632540384,0.06206758431170774,False,mean + 2 s.d. after unimodal BIC
0.0482311414008526,0.06206758431170774,False,mean + 2 s.d. after unimodal BIC
0.0453771000927383,0.06206758431170774,False,mean + 2 s.d. after unimodal BIC
0.0484180559449608,0.06206758431170774,False,mean + 2 s.d. after unimodal BIC
0.0605171781655056,0.06206758431170774,False,mean + 2 s.d. after unimodal BIC
0.0459234656832086,0.06206758431170774,False,mean + 2 s.d. after unimodal BIC
0.0553842172234563,0.06206758431170774,False,mean + 2 s.d. after unimodal BIC
0.0419119920058087,0.06206758431170774,False,mean + 2 s.d. after unimodal BIC
0.0472462455338207,0.06206758431170774,False,mean + 2 s.d. after unimodal BIC
0.0427818635380047,0.06206758431170774,False,mean + 2 s.d. after unimodal BIC
0.0496186224398099,0.06206758431170774,False,mean + 2 s.d. after unimodal BIC
0.0508623230602224,0.06206758431170774,False,mean + 2 s.d. after unimodal BIC
0.0558515035837269,0.06206758431170774,False,mean + 2 s.d. after unimodal BIC
0.0424583575962789,0.06206758431170774,False,mean + 2 s.d. after unimodal BIC
0.0500571527163715,0.06206758431170774,False,mean + 2 s.d. after unimodal BIC
0.0433138510866205,0.06206758431170774,False,mean + 2 s.d. after unimodal BIC
0.0430191012286036,0.06206758431170774,False,mean + 2 s.d. after unimodal BIC
0.0488997203470859,0.06206758431170774,False,mean + 2 s.d. after unimodal BIC
0.047555373433692,0.06206758431170774,False,mean + 2 s.d. after unimodal BIC
0.0535653949288646,0.06206758431170774,False,mean + 2 s.d. after unimodal BIC
0.0432347718564208,0.06206758431170774,False,mean + 2 s.d. after unimodal BIC
0.0502153111767708,0.06206758431170774,False,mean + 2 s.d. after unimodal BIC
0.0483317876938339,0.06206758431170774,False,mean + 2 s.d. after unimodal BIC
0.0381377560190077,0.06206758431170774,False,mean + 2 s.d. after unimodal BIC
0.0426237050776054,0.06206758431170774,False,mean + 2 s.d. after unimodal BIC
0.044528795623324,0.06206758431170774,False,mean + 2 s.d. after unimodal BIC
0.0522713711619614,0.06206758431170774,False,mean + 2 s.d. after unimodal BIC
0.0544352664610606,0.06206758431170774,False,mean + 2 s.d. after unimodal BIC
0.0459594107878448,0.06206758431170774,False,mean + 2 s.d. after unimodal BIC
0.0479579586056175,0.06206758431170774,False,mean + 2 s.d. after unimodal BIC
0.0465632885457329,0.06206758431170774,False,mean + 2 s.d. after unimodal BIC
0.0481736292334347,0.06206758431170774,False,mean + 2 s.d. after unimodal BIC
0.0387056886722597,0.06206758431170774,False,mean + 2 s.d. after unimodal BIC
0.0412649801223571,0.06206758431170774,False,mean + 2 s.d. after unimodal BIC
0.0370594028799217,0.06206758431170774,False,mean + 2 s.d. after unimodal BIC
0.0444281493303427,0.06206758431170774,False,mean + 2 s.d. after unimodal BIC
0.0472390565128935,0.06206758431170774,False,mean + 2 s.d. after unimodal BIC
0.0483749218193974,0.06206758431170774,False,mean + 2 s.d. after unimodal BIC
0.0285691691648514,0.06206758431170774,False,mean + 2 s.d. after unimodal BIC
0.0562253326719434,0.06206758431170774,False,mean + 2 s.d. after unimodal BIC
0.0435582777981466,0.06206758431170774,False,mean + 2 s.d. after unimodal BIC
0.0254635121242837,0.06206758431170774,False,mean + 2 s.d. after unimodal BIC
0.0423145771777341,0.06206758431170774,False,mean + 2 s.d. after unimodal BIC
0.0445216066023968,0.06206758431170774,False,mean + 2 s.d. after unimodal BIC
0.0444497163931244,0.06206758431170774,False,mean + 2 s.d. after unimodal BIC
0.0434863875888742,0.06206758431170774,False,mean + 2 s.d. after unimodal BIC
0.0428249976635682,0.06206758431170774,False,mean + 2 s.d. after unimodal BIC
0.0395683711835285,0.06206758431170774,False,mean + 2 s.d. after unimodal BIC
0.0384540729398063,0.06206758431170774,False,mean + 2 s.d. after unimodal BIC
0.0334648924163018,0.06206758431170774,False,mean + 2 s.d. after unimodal BIC
0.0397552857276367,0.06206758431170774,False,mean + 2 s.d. after unimodal BIC
0.0476991538522368,0.06206758431170774,False,mean + 2 s.d. after unimodal BIC
0.0484755681123787,0.06206758431170774,False,mean + 2 s.d. after unimodal BIC
0.041322492289775,0.06206758431170774,False,mean + 2 s.d. after unimodal BIC
0.0420773394871352,0.06206758431170774,False,mean + 2 s.d. after unimodal BIC
0.0462901057504978,0.06206758431170774,False,mean + 2 s.d. after unimodal BIC
0.0473325137849476,0.06206758431170774,False,mean + 2 s.d. after unimodal BIC
0.0438170825515273,0.06206758431170774,False,mean + 2 s.d. after unimodal BIC
0.0400716026484353,0.06206758431170774,False,mean + 2 s.d. after unimodal BIC
0.0417610225663366,0.06206758431170774,False,mean + 2 s.d. after unimodal BIC
0.0408839620132134,0.06206758431170774,False,mean + 2 s.d. after unimodal BIC
0.04560714876241,0.06206758431170774,False,mean + 2 s.d. after unimodal BIC
0.0494748420212651,0.06206758431170774,False,mean + 2 s.d. after unimodal BIC
0.0448666796069043,0.06206758431170774,False,mean + 2 s.d. after unimodal BIC
0.045039216109158,0.06206758431170774,False,mean + 2 s.d. after unimodal BIC
0.0418976139639542,0.06206758431170774,False,mean + 2 s.d. after unimodal BIC
0.0388926032163679,0.06206758431170774,False,mean + 2 s.d. after unimodal BIC
0.0432060157727119,0.06206758431170774,False,mean + 2 s.d. after unimodal BIC
0.0466711238596415,0.06206758431170774,False,mean + 2 s.d. after unimodal BIC
0.0432060157727119,0.06206758431170774,False,mean + 2 s.d. after unimodal BIC
0.0498558601304088,0.06206758431170774,False,mean + 2 s.d. after unimodal BIC
0.0416172421477918,0.06206758431170774,False,mean + 2 s.d. after unimodal BIC
0.0395108590161105,0.06206758431170774,False,mean + 2 s.d. after unimodal BIC
0.0454346122601562,0.06206758431170774,False,mean + 2 s.d. after unimodal BIC
0.0402585171925435,0.06206758431170774,False,mean + 2 s.d. after unimodal BIC
0.0428825098309861,0.06206758431170774,False,mean + 2 s.d. after unimodal BIC
0.0482886535682705,0.06206758431170774,False,mean + 2 s.d. after unimodal BIC
0.0423001991358796,0.06206758431170774,False,mean + 2 s.d. after unimodal BIC
0.0422858210940252,0.06206758431170774,False,mean + 2 s.d. after unimodal BIC
0.0401506818786349,0.06206758431170774,False,mean + 2 s.d. after unimodal BIC
0.042372089345152,0.06206758431170774,False,mean + 2 s.d. after unimodal BIC
0.0491082019539758,0.06206758431170774,False,mean + 2 s.d. after unimodal BIC
0.0418832359220997,0.06206758431170774,False,mean + 2 s.d. after unimodal BIC
0.0357294340083823,0.06206758431170774,False,mean + 2 s.d. after unimodal BIC
0.052889626961704,0.06206758431170774,False,mean + 2 s.d. after unimodal BIC
0.0434648205260925,0.06206758431170774,False,mean + 2 s.d. after unimodal BIC
0.0452548867369752,0.06206758431170774,False,mean + 2 s.d. after unimodal BIC
0.0446438199581599,0.06206758431170774,False,mean + 2 s.d. after unimodal BIC
0.0432275828354936,0.06206758431170774,False,mean + 2 s.d. after unimodal BIC
0.0360457509291809,0.06206758431170774,False,mean + 2 s.d. after unimodal BIC
0.043658924091128,0.06206758431170774,False,mean + 2 s.d. after unimodal BIC
0.0440902653467624,0.06206758431170774,False,mean + 2 s.d. after unimodal BIC
0.0422642540312434,0.06206758431170774,False,mean + 2 s.d. after unimodal BIC
0.0444137712884882,0.06206758431170774,False,mean + 2 s.d. after unimodal BIC
0.0382312132910618,0.06206758431170774,False,mean + 2 s.d. after unimodal BIC
0.0473109467221659,0.06206758431170774,False,mean + 2 s.d. after unimodal BIC
0.0476344526638917,0.06206758431170774,False,mean + 2 s.d. after unimodal BIC
0.0351830684179121,0.06206758431170774,False,mean + 2 s.d. after unimodal BIC
0.0443059359745796,0.06206758431170774,False,mean + 2 s.d. after unimodal BIC
0.0421132845917714,0.06206758431170774,False,mean + 2 s.d. after unimodal BIC
0.0501937441139891,0.06206758431170774,False,mean + 2 s.d. after unimodal BIC
0.0423433332614431,0.06206758431170774,False,mean + 2 s.d. after unimodal BIC
0.0436229789864918,0.06206758431170774,False,mean + 2 s.d. after unimodal BIC
0.0417754006081911,0.06206758431170774,False,mean + 2 s.d. after unimodal BIC
0.0588852704150221,0.06206758431170774,False,mean + 2 s.d. after unimodal BIC
0.0436157899655645,0.06206758431170774,False,mean + 2 s.d. after unimodal BIC
0.0489500434935766,0.06206758431170774,False,mean + 2 s.d. after unimodal BIC
0.0508119999137317,0.06206758431170774,False,mean + 2 s.d. after unimodal BIC
0.0453627220508838,0.06206758431170774,False,mean + 2 s.d. after unimodal BIC
0.0509629693532037,0.06206758431170774,False,mean + 2 s.d. after unimodal BIC
0.0465920446294419,0.06206758431170774,False,mean + 2 s.d. after unimodal BIC
0.0452045635904846,0.06206758431170774,False,mean + 2 s.d. after unimodal BIC
0.0331629535373577,0.06206758431170774,False,mean + 2 s.d. after unimodal BIC
0.0458947095994996,0.06206758431170774,False,mean + 2 s.d. after unimodal BIC
0.0443275030373613,0.06206758431170774,False,mean + 2 s.d. after unimodal BIC
0.0510204815206217,0.06206758431170774,False,mean + 2 s.d. after unimodal BIC
0.0474762942034924,0.06206758431170774,False,mean + 2 s.d. after unimodal BIC
0.0477566660196547,0.06206758431170774,False,mean + 2 s.d. after unimodal BIC
0.0419910712360083,0.06206758431170774,False,mean + 2 s.d. after unimodal BIC
0.0446941431046505,0.06206758431170774,False,mean + 2 s.d. after unimodal BIC
0.0488350191587407,0.06206758431170774,False,mean + 2 s.d. after unimodal BIC
0.0464985873573877,0.06206758431170774,False,mean + 2 s.d. after unimodal BIC
0.0383031035003342,0.06206758431170774,False,mean + 2 s.d. after unimodal BIC
0.0363333117662705,0.06206758431170774,False,mean + 2 s.d. after unimodal BIC
0.0458659535157906,0.06206758431170774,False,mean + 2 s.d. after unimodal BIC
0.0527602245850137,0.06206758431170774,False,mean + 2 s.d. after unimodal BIC
0.0427962415798592,0.06206758431170774,False,mean + 2 s.d. after unimodal BIC
0.0446869540837233,0.06206758431170774,False,mean + 2 s.d. after unimodal BIC
0.0408767729922861,0.06206758431170774,False,mean + 2 s.d. after unimodal BIC
0.0534000474475381,0.06206758431170774,False,mean + 2 s.d. after unimodal BIC
0.0363980129546157,0.06206758431170774,False,mean + 2 s.d. after unimodal BIC
0.0288135958763775,0.06206758431170774,False,mean + 2 s.d. after unimodal BIC
0.037066591900849,0.06206758431170774,False,mean + 2 s.d. after unimodal BIC
0.0472534345547479,0.06206758431170774,False,mean + 2 s.d. after unimodal BIC
0.0558083694581634,0.06206758431170774,False,mean + 2 s.d. after unimodal BIC
0.0437955154887455,0.06206758431170774,False,mean + 2 s.d. after unimodal BIC
0.042192363821971,0.06206758431170774,False,mean + 2 s.d. after unimodal BIC
0.0445863077907419,0.06206758431170774,False,mean + 2 s.d. after unimodal BIC
0.0436445460492735,0.06206758431170774,False,mean + 2 s.d. after unimodal BIC
0.0487128058029776,0.06206758431170774,False,mean + 2 s.d. after unimodal BIC
0.0384540729398063,0.06206758431170774,False,mean + 2 s.d. after unimodal BIC
0.0542052177913889,0.06206758431170774,False,mean + 2 s.d. after unimodal BIC
0.0454489903020107,0.06206758431170774,False,mean + 2 s.d. after unimodal BIC
0.0460241119761899,0.06206758431170774,False,mean + 2 s.d. after unimodal BIC
0.0478573123126361,0.06206758431170774,False,mean + 2 s.d. after unimodal BIC
0.0438314605933817,0.06206758431170774,False,mean + 2 s.d. after unimodal BIC
0.0465632885457329,0.06206758431170774,False,mean + 2 s.d. after unimodal BIC
0.037605768470392,0.06206758431170774,False,mean + 2 s.d. after unimodal BIC
0.0482598974845615,0.06206758431170774,False,mean + 2 s.d. after unimodal BIC
0.0401578708995621,0.06206758431170774,False,mean + 2 s.d. after unimodal BIC
0.0387991459443138,0.06206758431170774,False,mean + 2 s.d. after unimodal BIC
0.0381089999352988,0.06206758431170774,False,mean + 2 s.d. after unimodal BIC
0.039374267618493,0.06206758431170774,False,mean + 2 s.d. after unimodal BIC
0.0439824300328538,0.06206758431170774,False,mean + 2 s.d. after unimodal BIC
0.0415812970431556,0.06206758431170774,False,mean + 2 s.d. after unimodal BIC
0.0476632087476006,0.06206758431170774,False,mean + 2 s.d. after unimodal BIC
0.0448091674394864,0.06206758431170774,False,mean + 2 s.d. after unimodal BIC
0.0497552138374274,0.06206758431170774,False,mean + 2 s.d. after unimodal BIC
0.0471312211989849,0.06206758431170774,False,mean + 2 s.d. after unimodal BIC
0.0528608708779951,0.06206758431170774,False,mean + 2 s.d. after unimodal BIC
0.0494460859375561,0.06206758431170774,False,mean + 2 s.d. after unimodal BIC
0.0306467962128237,0.06206758431170774,False,mean + 2 s.d. after unimodal BIC
0.0392520542627299,0.06206758431170774,False,mean + 2 s.d. after unimodal BIC
0.0513727435460564,0.06206758431170774,False,mean + 2 s.d. after unimodal BIC
0.048813452095959,0.06206758431170774,False,mean + 2 s.d. after unimodal BIC
0.0450320270882308,0.06206758431170774,False,mean + 2 s.d. after unimodal BIC
0.045039216109158,0.06206758431170774,False,mean + 2 s.d. after unimodal BIC
0.047735098956873,0.06206758431170774,False,mean + 2 s.d. after unimodal BIC
0.0518040848016908,0.06206758431170774,False,mean + 2 s.d. after unimodal BIC
0.0522426150782524,0.06206758431170774,False,mean + 2 s.d. after unimodal BIC
0.0245648845083788,0.06206758431170774,False,mean + 2 s.d. after unimodal BIC
0.0462397826040071,0.06206758431170774,False,mean + 2 s.d. after unimodal BIC
0.0403735415273793,0.06206758431170774,False,mean + 2 s.d. after unimodal BIC
0.0417250774617004,0.06206758431170774,False,mean + 2 s.d. after unimodal BIC
0.0412721691432843,0.06206758431170774,False,mean + 2 s.d. after unimodal BIC
0.0468796054665315,0.06206758431170774,False,mean + 2 s.d. after unimodal BIC
0.0490147446819217,0.06206758431170774,False,mean + 2 s.d. after unimodal BIC
0.0524367186432879,0.06206758431170774,False,mean + 2 s.d. after unimodal BIC
0.044377826183852,0.06206758431170774,False,mean + 2 s.d. after unimodal BIC
0.0495467322305375,0.06206758431170774,False,mean + 2 s.d. after unimodal BIC
0.0431628816471484,0.06206758431170774,False,mean + 2 s.d. after unimodal BIC
0.051329609420493,0.06206758431170774,False,mean + 2 s.d. after unimodal BIC
0.0470521419687852,0.06206758431170774,False,mean + 2 s.d. after unimodal BIC
0.0506897865579686,0.06206758431170774,False,mean + 2 s.d. after unimodal BIC
0.0463188618342068,0.06206758431170774,False,mean + 2 s.d. after unimodal BIC
0.036858110293959,0.06206758431170774,False,mean + 2 s.d. after unimodal BIC
0.0455568256159193,0.06206758431170774,False,mean + 2 s.d. after unimodal BIC
0.0411787118712302,0.06206758431170774,False,mean + 2 s.d. after unimodal BIC
0.0496258114607371,0.06206758431170774,False,mean + 2 s.d. after unimodal BIC
0.0458084413483727,0.06206758431170774,False,mean + 2 s.d. after unimodal BIC
0.0424367905334972,0.06206758431170774,False,mean + 2 s.d. after unimodal BIC
0.0515668471110919,0.06206758431170774,False,mean + 2 s.d. after unimodal BIC
0.047943580563763,0.06206758431170774,False,mean + 2 s.d. after unimodal BIC
0.0425158697636968,0.06206758431170774,False,mean + 2 s.d. after unimodal BIC
0.0357941351967275,0.06206758431170774,False,mean + 2 s.d. after unimodal BIC
0.0403663525064521,0.06206758431170774,False,mean + 2 s.d. after unimodal BIC
0.0433569852121839,0.06206758431170774,False,mean + 2 s.d. after unimodal BIC
0.0399350112508177,0.06206758431170774,False,mean + 2 s.d. after unimodal BIC
0.0395036699951833,0.06206758431170774,False,mean + 2 s.d. after unimodal BIC
0.040991797327122,0.06206758431170774,False,mean + 2 s.d. after unimodal BIC
0.0530190293383944,0.06206758431170774,False,mean + 2 s.d. after unimodal BIC
0.0422283089266072,0.06206758431170774,False,mean + 2 s.d. after unimodal BIC
0.0405532670505603,0.06206758431170774,False,mean + 2 s.d. after unimodal BIC
0.0364770921848153,0.06206758431170774,False,mean + 2 s.d. after unimodal BIC
0.0487343728657594,0.06206758431170774,False,mean + 2 s.d. after unimodal BIC
0.031495100682238,0.06206758431170774,False,mean + 2 s.d. after unimodal BIC
0.0445719297488875,0.06206758431170774,False,mean + 2 s.d. after unimodal BIC
0.0491010129330486,0.06206758431170774,False,mean + 2 s.d. after unimodal BIC
0.0454849354066469,0.06206758431170774,False,mean + 2 s.d. after unimodal BIC
0.0520269444504352,0.06206758431170774,False,mean + 2 s.d. after unimodal BIC
0.0389788714674948,0.06206758431170774,False,mean + 2 s.d. after unimodal BIC
0.0555495647047828,0.06206758431170774,False,mean + 2 s.d. after unimodal BIC
0.0407761266993048,0.06206758431170774,False,mean + 2 s.d. after unimodal BIC
0.0462182155412254,0.06206758431170774,False,mean + 2 s.d. after unimodal BIC
0.0437955154887455,0.06206758431170774,False,mean + 2 s.d. after unimodal BIC
0.0510204815206217,0.06206758431170774,False,mean + 2 s.d. after unimodal BIC
0.0425949489938965,0.06206758431170774,False,mean + 2 s.d. after unimodal BIC
0.0404598097785062,0.06206758431170774,False,mean + 2 s.d. after unimodal BIC
0.0457149840763186,0.06206758431170774,False,mean + 2 s.d. after unimodal BIC
0.0471384102199121,0.06206758431170774,False,mean + 2 s.d. after unimodal BIC
0.0471024651152759,0.06206758431170774,False,mean + 2 s.d. after unimodal BIC
0.0447876003767047,0.06206758431170774,False,mean + 2 s.d. after unimodal BIC
0.0555567537257101,0.06206758431170774,False,mean + 2 s.d. after unimodal BIC
0.0446078748535237,0.06206758431170774,False,mean + 2 s.d. after unimodal BIC
0.0447516552720684,0.06206758431170774,False,mean + 2 s.d. after unimodal BIC
0.0442699908699434,0.06206758431170774,False,mean + 2 s.d. after unimodal BIC
0.0430262902495309,0.06206758431170774,False,mean + 2 s.d. after unimodal BIC
0.0426380831194599,0.06206758431170774,False,mean + 2 s.d. after unimodal BIC
0.0592950446078748,0.06206758431170774,False,mean + 2 s.d. after unimodal BIC
0.0496186224398099,0.06206758431170774,False,mean + 2 s.d. after unimodal BIC
0.0486409155937052,0.06206758431170774,False,mean + 2 s.d. after unimodal BIC
0.0467430140689139,0.06206758431170774,False,mean + 2 s.d. after unimodal BIC
0.0333498680814659,0.06206758431170774,False,mean + 2 s.d. after unimodal BIC
0.0410277424317582,0.06206758431170774,False,mean + 2 s.d. after unimodal BIC
0.0380155426632446,0.06206758431170774,False,mean + 2 s.d. after unimodal BIC
0.0459234656832086,0.06206758431170774,False,mean + 2 s.d. after unimodal BIC
0.0482598974845615,0.06206758431170774,False,mean + 2 s.d. after unimodal BIC
0.0501793660721346,0.06206758431170774,False,mean + 2 s.d. after unimodal BIC
0.0441046433886169,0.06206758431170774,False,mean + 2 s.d. after unimodal BIC
0.0444784724768333,0.06206758431170774,False,mean + 2 s.d. after unimodal BIC
0.0477494769987275,0.06206758431170774,False,mean + 2 s.d. after unimodal BIC
0.0472462455338207,0.06206758431170774,False,mean + 2 s.d. after unimodal BIC
0.03703783581714,0.06206758431170774,False,mean + 2 s.d. after unimodal BIC
0.0432635279401298,0.06206758431170774,False,mean + 2 s.d. after unimodal BIC
0.0486121595099963,0.06206758431170774,False,mean + 2 s.d. after unimodal BIC
0.0515596580901647,0.06206758431170774,False,mean + 2 s.d. after unimodal BIC
0.0473684588895838,0.06206758431170774,False,mean + 2 s.d. after unimodal BIC
0.0481808182543619,0.06206758431170774,False,mean + 2 s.d. after unimodal BIC
0.0456646609298279,0.06206758431170774,False,mean + 2 s.d. after unimodal BIC
0.0400572246065808,0.06206758431170774,False,mean + 2 s.d. after unimodal BIC
0.0408192608248682,0.06206758431170774,False,mean + 2 s.d. after unimodal BIC
0.0466926909224232,0.06206758431170774,False,mean + 2 s.d. after unimodal BIC
0.0415956750850101,0.06206758431170774,False,mean + 2 s.d. after unimodal BIC
0.0435942229027828,0.06206758431170774,False,mean + 2 s.d. after unimodal BIC
0.0465920446294419,0.06206758431170774,False,mean + 2 s.d. after unimodal BIC
0.045578392678701,0.06206758431170774,False,mean + 2 s.d. after unimodal BIC
0.0412074679549392,0.06206758431170774,False,mean + 2 s.d. after unimodal BIC
0.042070150466208,0.06206758431170774,False,mean + 2 s.d. after unimodal BIC
0.0437092472376187,0.06206758431170774,False,mean + 2 s.d. after unimodal BIC
0.0448954356906132,0.06206758431170774,False,mean + 2 s.d. after unimodal BIC
0.0374691770727744,0.06206758431170774,False,mean + 2 s.d. after unimodal BIC
0.0468220932991136,0.06206758431170774,False,mean + 2 s.d. after unimodal BIC
0.0488781532843042,0.06206758431170774,False,mean + 2 s.d. after unimodal BIC
0.0533928584266108,0.06206758431170774,False,mean + 2 s.d. after unimodal BIC
0.0560671742115441,0.06206758431170774,False,mean + 2 s.d. after unimodal BIC
0.0408264498457955,0.06206758431170774,False,mean + 2 s.d. after unimodal BIC
0.039194542095312,0.06206758431170774,False,mean + 2 s.d. after unimodal BIC
0.0467861481944773,0.06206758431170774,False,mean + 2 s.d. after unimodal BIC
0.0430838024169488,0.06206758431170774,False,mean + 2 s.d. after unimodal BIC
0.025262219538321,0.06206758431170774,False,mean + 2 s.d. after unimodal BIC
0.0405388890087059,0.06206758431170774,False,mean + 2 s.d. after unimodal BIC
0.0448738686278315,0.06206758431170774,False,mean + 2 s.d. after unimodal BIC
0.0359235375734178,0.06206758431170774,False,mean + 2 s.d. after unimodal BIC
0.0419263700476632,0.06206758431170774,False,mean + 2 s.d. after unimodal BIC
0.0443562591210703,0.06206758431170774,False,mean + 2 s.d. after unimodal BIC
0.0489716105563583,0.06206758431170774,False,mean + 2 s.d. after unimodal BIC
0.0503447135534611,0.06206758431170774,False,mean + 2 s.d. after unimodal BIC
0.0464554532318243,0.06206758431170774,False,mean + 2 s.d. after unimodal BIC
0.0512361521484389,0.06206758431170774,False,mean + 2 s.d. after unimodal BIC
0.0411068216619578,0.06206758431170774,False,mean + 2 s.d. after unimodal BIC
0.0524942308107058,0.06206758431170774,False,mean + 2 s.d. after unimodal BIC
0.0571958504971207,0.06206758431170774,False,mean + 2 s.d. after unimodal BIC
0.0453339659671749,0.06206758431170774,False,mean + 2 s.d. after unimodal BIC
0.0514590117971833,0.06206758431170774,False,mean + 2 s.d. after unimodal BIC
0.0454921244275742,0.06206758431170774,False,mean + 2 s.d. after unimodal BIC
0.0481808182543619,0.06206758431170774,False,mean + 2 s.d. after unimodal BIC
0.0470305749060035,0.06206758431170774,False,mean + 2 s.d. after unimodal BIC
0.0407401815946686,0.06206758431170774,False,mean + 2 s.d. after unimodal BIC
0.0469227395920949,0.06206758431170774,False,mean + 2 s.d. after unimodal BIC
0.0500499636954443,0.06206758431170774,False,mean + 2 s.d. after unimodal BIC
0.0590578069172759,0.06206758431170774,False,mean + 2 s.d. after unimodal BIC
0.044859490585977,0.06206758431170774,False,mean + 2 s.d. after unimodal BIC
0.0433857412958929,0.06206758431170774,False,mean + 2 s.d. after unimodal BIC
0.0390076275512038,0.06206758431170774,False,mean + 2 s.d. after unimodal BIC
0.0401003587321442,0.06206758431170774,False,mean + 2 s.d. after unimodal BIC
0.040603590197051,0.06206758431170774,False,mean + 2 s.d. after unimodal BIC
0.0516315482994371,0.06206758431170774,False,mean + 2 s.d. after unimodal BIC
0.046836471340968,0.06206758431170774,False,mean + 2 s.d. after unimodal BIC
0.0374547990309199,0.06206758431170774,False,mean + 2 s.d. after unimodal BIC
0.0462901057504978,0.06206758431170774,False,mean + 2 s.d. after unimodal BIC
0.0459737888296992,0.06206758431170774,False,mean + 2 s.d. after unimodal BIC
0.0432491498982753,0.06206758431170774,False,mean + 2 s.d. after unimodal BIC
0.0391873530743848,0.06206758431170774,False,mean + 2 s.d. after unimodal BIC
0.0453267769462476,0.06206758431170774,False,mean + 2 s.d. after unimodal BIC
0.0401866269832711,0.06206758431170774,False,mean + 2 s.d. after unimodal BIC
0.0455208805112831,0.06206758431170774,False,mean + 2 s.d. after unimodal BIC
0.0470952760943487,0.06206758431170774,False,mean + 2 s.d. after unimodal BIC
0.0406826694272507,0.06206758431170774,False,mean + 2 s.d. after unimodal BIC
0.0455640146368466,0.06206758431170774,False,mean + 2 s.d. after unimodal BIC
0.0516962494877822,0.06206758431170774,False,mean + 2 s.d. after unimodal BIC
0.0504597378882969,0.06206758431170774,False,mean + 2 s.d. after unimodal BIC
0.041530973896665,0.06206758431170774,False,mean + 2 s.d. after unimodal BIC
0.0453771000927383,0.06206758431170774,False,mean + 2 s.d. after unimodal BIC
0.0412649801223571,0.06206758431170774,False,mean + 2 s.d. after unimodal BIC
0.0486265375518508,0.06206758431170774,False,mean + 2 s.d. after unimodal BIC
0.039553993141674,0.06206758431170774,False,mean + 2 s.d. after unimodal BIC
0.0440758873049079,0.06206758431170774,False,mean + 2 s.d. after unimodal BIC
0.0459090876413541,0.06206758431170774,False,mean + 2 s.d. after unimodal BIC
0.0405245109668514,0.06206758431170774,False,mean + 2 s.d. after unimodal BIC
0.0391154628651124,0.06206758431170774,False,mean + 2 s.d. after unimodal BIC
0.0481664402125074,0.06206758431170774,False,mean + 2 s.d. after unimodal BIC
0.0396690174765098,0.06206758431170774,False,mean + 2 s.d. after unimodal BIC
0.0506538414533324,0.06206758431170774,False,mean + 2 s.d. after unimodal BIC
0.05396798010079,0.06206758431170774,False,mean + 2 s.d. after unimodal BIC
0.0397409076857822,0.06206758431170774,False,mean + 2 s.d. after unimodal BIC
0.0483389767147612,0.06206758431170774,False,mean + 2 s.d. after unimodal BIC
0.0407689376783775,0.06206758431170774,False,mean + 2 s.d. after unimodal BIC
0.0416963213779915,0.06206758431170774,False,mean + 2 s.d. after unimodal BIC
0.0630405245109668,0.06206758431170774,True,mean + 2 s.d. after unimodal BIC
0.0491010129330486,0.06206758431170774,False,mean + 2 s.d. after unimodal BIC
0.0454777463857197,0.06206758431170774,False,mean + 2 s.d. after unimodal BIC
0.0502153111767708,0.06206758431170774,False,mean + 2 s.d. after unimodal BIC
0.0428034306007864,0.06206758431170774,False,mean + 2 s.d. after unimodal BIC
0.0502584453023342,0.06206758431170774,False,mean + 2 s.d. after unimodal BIC
0.0457724962437365,0.06206758431170774,False,mean + 2 s.d. after unimodal BIC
0.0526523892711051,0.06206758431170774,False,mean + 2 s.d. after unimodal BIC
0.0497767809002092,0.06206758431170774,False,mean + 2 s.d. after unimodal BIC
0.0436661131120552,0.06206758431170774,False,mean + 2 s.d. after unimodal BIC
0.044349070100143,0.06206758431170774,False,mean + 2 s.d. after unimodal BIC
0.0491082019539758,0.06206758431170774,False,mean + 2 s.d. after unimodal BIC
0.0498774271931905,0.06206758431170774,False,mean + 2 s.d. after unimodal BIC
0.0405892121551965,0.06206758431170774,False,mean + 2 s.d. after unimodal BIC
0.0436876801748369,0.06206758431170774,False,mean + 2 s.d. after unimodal BIC
0.0529687061919037,0.06206758431170774,False,mean + 2 s.d. after unimodal BIC
0.0400356575437991,0.06206758431170774,False,mean + 2 s.d. after unimodal BIC
0.0343203859066433,0.06206758431170774,False,mean + 2 s.d. after unimodal BIC
0.0349745868110222,0.06206758431170774,False,mean + 2 s.d. after unimodal BIC
0.0444928505186878,0.06206758431170774,False,mean + 2 s.d. after unimodal BIC
0.0390579506976944,0.06206758431170774,False,mean + 2 s.d. after unimodal BIC
0.0444640944349789,0.06206758431170774,False,mean + 2 s.d. after unimodal BIC
0.0482670865054888,0.06206758431170774,False,mean + 2 s.d. after unimodal BIC
0.0513799325669837,0.06206758431170774,False,mean + 2 s.d. after unimodal BIC
0.0408336388667227,0.06206758431170774,False,mean + 2 s.d. after unimodal BIC
0.0580585330083895,0.06206758431170774,False,mean + 2 s.d. after unimodal BIC
0.0499636954443174,0.06206758431170774,False,mean + 2 s.d. after unimodal BIC
0.042609327035751,0.06206758431170774,False,mean + 2 s.d. after unimodal BIC
0.0442915579327251,0.06206758431170774,False,mean + 2 s.d. after unimodal BIC
0.0401938160041983,0.06206758431170774,False,mean + 2 s.d. after unimodal BIC
0.0427818635380047,0.06206758431170774,False,mean + 2 s.d. after unimodal BIC
0.0489428544726493,0.06206758431170774,False,mean + 2 s.d. after unimodal BIC
0.0473828369314383,0.06206758431170774,False,mean + 2 s.d. after unimodal BIC
0.0449026247115405,0.06206758431170774,False,mean + 2 s.d. after unimodal BIC
0.0488781532843042,0.06206758431170774,False,mean + 2 s.d. after unimodal BIC
0.052350450392161,0.06206758431170774,False,mean + 2 s.d. after unimodal BIC
0.0474187820360745,0.06206758431170774,False,mean + 2 s.d. after unimodal BIC
0.041710699419846,0.06206758431170774,False,mean + 2 s.d. after unimodal BIC
0.0418688578802452,0.06206758431170774,False,mean + 2 s.d. after unimodal BIC
0.0442915579327251,0.06206758431170774,False,mean + 2 s.d. after unimodal BIC
0.0378717622446998,0.06206758431170774,False,mean + 2 s.d. after unimodal BIC
0.0426884062659506,0.06206758431170774,False,mean + 2 s.d. after unimodal BIC
0.0454130451973745,0.06206758431170774,False,mean + 2 s.d. after unimodal BIC
0.0483461657356884,0.06206758431170774,False,mean + 2 s.d. after unimodal BIC
0.0523576394130883,0.06206758431170774,False,mean + 2 s.d. after unimodal BIC
0.0464410751899698,0.06206758431170774,False,mean + 2 s.d. after unimodal BIC
0.0471887333664028,0.06206758431170774,False,mean + 2 s.d. after unimodal BIC
0.0232636717205483,0.06206758431170774,False,mean + 2 s.d. after unimodal BIC
0.0391729750325303,0.06206758431170774,False,mean + 2 s.d. after unimodal BIC
0.0391585969906758,0.06206758431170774,False,mean + 2 s.d. after unimodal BIC
0.0471024651152759,0.06206758431170774,False,mean + 2 s.d. after unimodal BIC
0.0357725681339458,0.06206758431170774,False,mean + 2 s.d. after unimodal BIC
0.0520269444504352,0.06206758431170774,False,mean + 2 s.d. after unimodal BIC
0.0428321866844954,0.06206758431170774,False,mean + 2 s.d. after unimodal BIC
0.0409342851597041,0.06206758431170774,False,mean + 2 s.d. after unimodal BIC
0.0472103004291845,0.06206758431170774,False,mean + 2 s.d. after unimodal BIC
0.0455999597414828,0.06206758431170774,False,mean + 2 s.d. after unimodal BIC
0.0366855737917053,0.06206758431170774,False,mean + 2 s.d. after unimodal BIC
0.0410924436201033,0.06206758431170774,False,mean + 2 s.d. after unimodal BIC
0.0509845364159855,0.06206758431170774,False,mean + 2 s.d. after unimodal BIC
0.0406970474691051,0.06206758431170774,False,mean + 2 s.d. after unimodal BIC
0.0428896988519133,0.06206758431170774,False,mean + 2 s.d. after unimodal BIC
0.0456143377833372,0.06206758431170774,False,mean + 2 s.d. after unimodal BIC
0.0491657141213938,0.06206758431170774,False,mean + 2 s.d. after unimodal BIC
0.0396474504137281,0.06206758431170774,False,mean + 2 s.d. after unimodal BIC
0.0441046433886169,0.06206758431170774,False,mean + 2 s.d. after unimodal BIC
0.0457293621181731,0.06206758431170774,False,mean + 2 s.d. after unimodal BIC
0.045096728276576,0.06206758431170774,False,mean + 2 s.d. after unimodal BIC
0.051689060466855,0.06206758431170774,False,mean + 2 s.d. after unimodal BIC
0.0408911510341406,0.06206758431170774,False,mean + 2 s.d. after unimodal BIC
0.0455136914903559,0.06206758431170774,False,mean + 2 s.d. after unimodal BIC
0.042041394382499,0.06206758431170774,False,mean + 2 s.d. after unimodal BIC
0.0396402613928009,0.06206758431170774,False,mean + 2 s.d. after unimodal BIC
0.0420485834034262,0.06206758431170774,False,mean + 2 s.d. after unimodal BIC
0.0492519823725206,0.06206758431170774,False,mean + 2 s.d. after unimodal BIC
0.046836471340968,0.06206758431170774,False,mean + 2 s.d. after unimodal BIC
0.0526883343757413,0.06206758431170774,False,mean + 2 s.d. after unimodal BIC
0.0507257316626048,0.06206758431170774,False,mean + 2 s.d. after unimodal BIC
0.048303031610125,0.06206758431170774,False,mean + 2 s.d. after unimodal BIC
0.0371528601519759,0.06206758431170774,False,mean + 2 s.d. after unimodal BIC
0.0363836349127612,0.06206758431170774,False,mean + 2 s.d. after unimodal BIC
0.0485618363635056,0.06206758431170774,False,mean + 2 s.d. after unimodal BIC
0.0500140185908081,0.06206758431170774,False,mean + 2 s.d. after unimodal BIC
0.0470377639269307,0.06206758431170774,False,mean + 2 s.d. after unimodal BIC
0.0453627220508838,0.06206758431170774,False,mean + 2 s.d. after unimodal BIC
0.0461822704365892,0.06206758431170774,False,mean + 2 s.d. after unimodal BIC
0.0422642540312434,0.06206758431170774,False,mean + 2 s.d. after unimodal BIC
0.0379292744121178,0.06206758431170774,False,mean + 2 s.d. after unimodal BIC
0.0468867944874587,0.06206758431170774,False,mean + 2 s.d. after unimodal BIC
0.0408983400550679,0.06206758431170774,False,mean + 2 s.d. after unimodal BIC
0.0472174894501117,0.06206758431170774,False,mean + 2 s.d. after unimodal BIC
0.0382743474166253,0.06206758431170774,False,mean + 2 s.d. after unimodal BIC
0.044888246669686,0.06206758431170774,False,mean + 2 s.d. after unimodal BIC
0.049144147058612,0.06206758431170774,False,mean + 2 s.d. after unimodal BIC
0.0564913264462512,0.06206758431170774,False,mean + 2 s.d. after unimodal BIC
0.0467214470061322,0.06206758431170774,False,mean + 2 s.d. after unimodal BIC
0.048813452095959,0.06206758431170774,False,mean + 2 s.d. after unimodal BIC
0.0452692647788297,0.06206758431170774,False,mean + 2 s.d. after unimodal BIC
0.0517825177389091,0.06206758431170774,False,mean + 2 s.d. after unimodal BIC
0.0383678046886794,0.06206758431170774,False,mean + 2 s.d. after unimodal BIC
0.0482311414008526,0.06206758431170774,False,mean + 2 s.d. after unimodal BIC
0.0483245986729067,0.06206758431170774,False,mean + 2 s.d. after unimodal BIC
0.0409486632015585,0.06206758431170774,False,mean + 2 s.d. after unimodal BIC
0.0348092393296956,0.06206758431170774,False,mean + 2 s.d. after unimodal BIC
0.0467358250479867,0.06206758431170774,False,mean + 2 s.d. after unimodal BIC
0.0413728154362657,0.06206758431170774,False,mean + 2 s.d. after unimodal BIC
0.0351830684179121,0.06206758431170774,False,mean + 2 s.d. after unimodal BIC
0.0441621555560348,0.06206758431170774,False,mean + 2 s.d. after unimodal BIC
0.0398703100624725,0.06206758431170774,False,mean + 2 s.d. after unimodal BIC
0.0403519744645976,0.06206758431170774,False,mean + 2 s.d. after unimodal BIC
0.0534216145103198,0.06206758431170774,False,mean + 2 s.d. after unimodal BIC
0.0469299286130221,0.06206758431170774,False,mean + 2 s.d. after unimodal BIC
0.044708521146505,0.06206758431170774,False,mean + 2 s.d. after unimodal BIC
0.0377998720354274,0.06206758431170774,False,mean + 2 s.d. after unimodal BIC
0.03703783581714,0.06206758431170774,False,mean + 2 s.d. after unimodal BIC
0.0472534345547479,0.06206758431170774,False,mean + 2 s.d. after unimodal BIC
0.0433929303168201,0.06206758431170774,False,mean + 2 s.d. after unimodal BIC
0.0446294419163054,0.06206758431170774,False,mean + 2 s.d. after unimodal BIC
0.0474691051825651,0.06206758431170774,False,mean + 2 s.d. after unimodal BIC
0.041710699419846,0.06206758431170774,False,mean + 2 s.d. after unimodal BIC
0.027569895255965,0.06206758431170774,False,mean + 2 s.d. after unimodal BIC
0.0381737011236439,0.06206758431170774,False,mean + 2 s.d. after unimodal BIC
0.0480801719613805,0.06206758431170774,False,mean + 2 s.d. after unimodal BIC
0.0454777463857197,0.06206758431170774,False,mean + 2 s.d. after unimodal BIC
0.0435295217144377,0.06206758431170774,False,mean + 2 s.d. after unimodal BIC
0.0327891244491412,0.06206758431170774,False,mean + 2 s.d. after unimodal BIC
0.0342844408020071,0.06206758431170774,False,mean + 2 s.d. after unimodal BIC
0.0419119920058087,0.06206758431170774,False,mean + 2 s.d. after unimodal BIC
0.0401003587321442,0.06206758431170774,False,mean + 2 s.d. after unimodal BIC
0.0489212874098676,0.06206758431170774,False,mean + 2 s.d. after unimodal BIC
0.0479939037102537,0.06206758431170774,False,mean + 2 s.d. after unimodal BIC
0.0486840497192687,0.06206758431170774,False,mean + 2 s.d. after unimodal BIC
0.0533928584266108,0.06206758431170774,False,mean + 2 s.d. after unimodal BIC
0.0483174096519795,0.06206758431170774,False,mean + 2 s.d. after unimodal BIC
0.0524439076642152,0.06206758431170774,False,mean + 2 s.d. after unimodal BIC
0.0533281572382657,0.06206758431170774,False,mean + 2 s.d. after unimodal BIC
0.0553842172234563,0.06206758431170774,False,mean + 2 s.d. after unimodal BIC
0.0474187820360745,0.06206758431170774,False,mean + 2 s.d. after unimodal BIC
0.0298991380363908,0.06206758431170774,False,mean + 2 s.d. after unimodal BIC
0.0454489903020107,0.06206758431170774,False,mean + 2 s.d. after unimodal BIC
0.0451686184858484,0.06206758431170774,False,mean + 2 s.d. after unimodal BIC
0.0428609427682043,0.06206758431170774,False,mean + 2 s.d. after unimodal BIC
0.0426524611613144,0.06206758431170774,False,mean + 2 s.d. after unimodal BIC
0.0478860683963451,0.06206758431170774,False,mean + 2 s.d. after unimodal BIC
0.045995355892481,0.06206758431170774,False,mean + 2 s.d. after unimodal BIC
0.0442556128280889,0.06206758431170774,False,mean + 2 s.d. after unimodal BIC
0.0460672461017534,0.06206758431170774,False,mean + 2 s.d. after unimodal BIC
0.0503015794278977,0.06206758431170774,False,mean + 2 s.d. after unimodal BIC
0.0474762942034924,0.06206758431170774,False,mean + 2 s.d. after unimodal BIC
0.0302010769153349,0.06206758431170774,False,mean + 2 s.d. after unimodal BIC
0.0460960021854623,0.06206758431170774,False,mean + 2 s.d. after unimodal BIC
0.0448523015650498,0.06206758431170774,False,mean + 2 s.d. after unimodal BIC
0.0422067418638255,0.06206758431170774,False,mean + 2 s.d. after unimodal BIC
0.0451829965277028,0.06206758431170774,False,mean + 2 s.d. after unimodal BIC
0.039913444188036,0.06206758431170774,False,mean + 2 s.d. after unimodal BIC
0.0426380831194599,0.06206758431170774,False,mean + 2 s.d. after unimodal BIC
0.0445791187698147,0.06206758431170774,False,mean + 2 s.d. after unimodal BIC
0.0410708765573216,0.06206758431170774,False,mean + 2 s.d. after unimodal BIC
0.0487128058029776,0.06206758431170774,False,mean + 2 s.d. after unimodal BIC
0.0477063428731641,0.06206758431170774,False,mean + 2 s.d. after unimodal BIC
0.0399206332089632,0.06206758431170774,False,mean + 2 s.d. after unimodal BIC
0.044528795623324,0.06206758431170774,False,mean + 2 s.d. after unimodal BIC
0.0472534345547479,0.06206758431170774,False,mean + 2 s.d. after unimodal BIC
0.0433857412958929,0.06206758431170774,False,mean + 2 s.d. after unimodal BIC
0.0411499557875213,0.06206758431170774,False,mean + 2 s.d. after unimodal BIC
0.0459162766622813,0.06206758431170774,False,mean + 2 s.d. after unimodal BIC
0.0310206253010402,0.06206758431170774,False,mean + 2 s.d. after unimodal BIC
0.0516099812366553,0.06206758431170774,False,mean + 2 s.d. after unimodal BIC
0.0344354102414792,0.06206758431170774,False,mean + 2 s.d. after unimodal BIC
0.0577494051085182,0.06206758431170774,False,mean + 2 s.d. after unimodal BIC
0.0483174096519795,0.06206758431170774,False,mean + 2 s.d. after unimodal BIC
0.0482527084636343,0.06206758431170774,False,mean + 2 s.d. after unimodal BIC
0.0411859008921575,0.06206758431170774,False,mean + 2 s.d. after unimodal BIC
0.042731540391514,0.06206758431170774,False,mean + 2 s.d. after unimodal BIC
0.0431413145843667,0.06206758431170774,False,mean + 2 s.d. after unimodal BIC
0.0336446179394828,0.06206758431170774,False,mean + 2 s.d. after unimodal BIC
0.0364770921848153,0.06206758431170774,False,mean + 2 s.d. after unimodal BIC
0.0454849354066469,0.06206758431170774,False,mean + 2 s.d. after unimodal BIC
0.0390076275512038,0.06206758431170774,False,mean + 2 s.d. after unimodal BIC
0.0437380033213276,0.06206758431170774,False,mean + 2 s.d. after unimodal BIC
0.0575840576271917,0.06206758431170774,False,mean + 2 s.d. after unimodal BIC
0.0427459184333685,0.06206758431170774,False,mean + 2 s.d. after unimodal BIC
0.0439680519909993,0.06206758431170774,False,mean + 2 s.d. after unimodal BIC
0.0432635279401298,0.06206758431170774,False,mean + 2 s.d. after unimodal BIC
0.044198100660671,0.06206758431170774,False,mean + 2 s.d. after unimodal BIC
0.0437523813631821,0.06206758431170774,False,mean + 2 s.d. after unimodal BIC
0.0353915500248021,0.06206758431170774,False,mean + 2 s.d. after unimodal BIC
0.0478357452498544,0.06206758431170774,False,mean + 2 s.d. after unimodal BIC
0.0394821029324016,0.06206758431170774,False,mean + 2 s.d. after unimodal BIC
0.0366136835824329,0.06206758431170774,False,mean + 2 s.d. after unimodal BIC
0.0334433253535201,0.06206758431170774,False,mean + 2 s.d. after unimodal BIC
0.0488781532843042,0.06206758431170774,False,mean + 2 s.d. after unimodal BIC
0.0280228035743812,0.06206758431170774,False,mean + 2 s.d. after unimodal BIC
0.0480298488148899,0.06206758431170774,False,mean + 2 s.d. after unimodal BIC
0.0417682115872639,0.06206758431170774,False,mean + 2 s.d. after unimodal BIC
0.0436517350702007,0.06206758431170774,False,mean + 2 s.d. after unimodal BIC
0.0372750735077389,0.06206758431170774,False,mean + 2 s.d. after unimodal BIC
0.0460600570808261,0.06206758431170774,False,mean + 2 s.d. after unimodal BIC
0.0482383304217798,0.06206758431170774,False,mean + 2 s.d. after unimodal BIC
0.0408911510341406,0.06206758431170774,False,mean + 2 s.d. after unimodal BIC
0.0431700706680757,0.06206758431170774,False,mean + 2 s.d. after unimodal BIC
0.0391801640534575,0.06206758431170774,False,mean + 2 s.d. after unimodal BIC
0.0394102127231292,0.06206758431170774,False,mean + 2 s.d. after unimodal BIC
0.0413368703316295,0.06206758431170774,False,mean + 2 s.d. after unimodal BIC
0.0444065822675609,0.06206758431170774,False,mean + 2 s.d. after unimodal BIC
0.0333283010186842,0.06206758431170774,False,mean + 2 s.d. after unimodal BIC
0.0446797650627961,0.06206758431170774,False,mean + 2 s.d. after unimodal BIC
0.0521204017224894,0.06206758431170774,False,mean + 2 s.d. after unimodal BIC
0.0443346920582885,0.06206758431170774,False,mean + 2 s.d. after unimodal BIC
0.0493023055190113,0.06206758431170774,False,mean + 2 s.d. after unimodal BIC
0.0453842891136656,0.06206758431170774,False,mean + 2 s.d. after unimodal BIC
0.0403519744645976,0.06206758431170774,False,mean + 2 s.d. after unimodal BIC
0.0460960021854623,0.06206758431170774,False,mean + 2 s.d. after unimodal BIC
0.0483821108403246,0.06206758431170774,False,mean + 2 s.d. after unimodal BIC
0.0533641023429019,0.06206758431170774,False,mean + 2 s.d. after unimodal BIC
0.048454001049597,0.06206758431170774,False,mean + 2 s.d. after unimodal BIC
0.0414662727083198,0.06206758431170774,False,mean + 2 s.d. after unimodal BIC
0.0417825896291184,0.06206758431170774,False,mean + 2 s.d. after unimodal BIC
0.035089611145858,0.06206758431170774,False,mean + 2 s.d. after unimodal BIC
0.0331845206001394,0.06206758431170774,False,mean + 2 s.d. after unimodal BIC
0.0464698312736788,0.06206758431170774,False,mean + 2 s.d. after unimodal BIC
0.0426237050776054,0.06206758431170774,False,mean + 2 s.d. after unimodal BIC
0.0406107792179783,0.06206758431170774,False,mean + 2 s.d. after unimodal BIC
0.0389788714674948,0.06206758431170774,False,mean + 2 s.d. after unimodal BIC
0.0471527882617666,0.06206758431170774,False,mean + 2 s.d. after unimodal BIC
0.0455424475740648,0.06206758431170774,False,mean + 2 s.d. after unimodal BIC
0.0545287237331147,0.06206758431170774,False,mean + 2 s.d. after unimodal BIC
0.0454489903020107,0.06206758431170774,False,mean + 2 s.d. after unimodal BIC
0.0371384821101214,0.06206758431170774,False,mean + 2 s.d. after unimodal BIC
0.0446653870209416,0.06206758431170774,False,mean + 2 s.d. after unimodal BIC
0.0444281493303427,0.06206758431170774,False,mean + 2 s.d. after unimodal BIC
0.051990999345799,0.06206758431170774,False,mean + 2 s.d. after unimodal BIC
0.044888246669686,0.06206758431170774,False,mean + 2 s.d. after unimodal BIC
0.0409127180969223,0.06206758431170774,False,mean + 2 s.d. after unimodal BIC
0.0475194283290558,0.06206758431170774,False,mean + 2 s.d. after unimodal BIC
0.0472893796593841,0.06206758431170774,False,mean + 2 s.d. after unimodal BIC
0.0501434209674984,0.06206758431170774,False,mean + 2 s.d. after unimodal BIC
0.0462182155412254,0.06206758431170774,False,mean + 2 s.d. after unimodal BIC
0.0340975262578989,0.06206758431170774,False,mean + 2 s.d. after unimodal BIC
0.0430622353541671,0.06206758431170774,False,mean + 2 s.d. after unimodal BIC
0.0517609506761274,0.06206758431170774,False,mean + 2 s.d. after unimodal BIC
0.0400356575437991,0.06206758431170774,False,mean + 2 s.d. after unimodal BIC
0.0485043241960877,0.06206758431170774,False,mean + 2 s.d. after unimodal BIC
0.0423792783660793,0.06206758431170774,False,mean + 2 s.d. after unimodal BIC
0.0337955873789548,0.06206758431170774,False,mean + 2 s.d. after unimodal BIC
0.0520700785759987,0.06206758431170774,False,mean + 2 s.d. after unimodal BIC
0.0435295217144377,0.06206758431170774,False,mean + 2 s.d. after unimodal BIC
0.0401938160041983,0.06206758431170774,False,mean + 2 s.d. after unimodal BIC
0.0398487429996908,0.06206758431170774,False,mean + 2 s.d. after unimodal BIC
0.0494676530003378,0.06206758431170774,False,mean + 2 s.d. after unimodal BIC
0.0370809699427035,0.06206758431170774,False,mean + 2 s.d. after unimodal BIC
0.0506610304742597,0.06206758431170774,False,mean + 2 s.d. after unimodal BIC
0.0487487509076138,0.06206758431170774,False,mean + 2 s.d. after unimodal BIC
0.0525445539571965,0.06206758431170774,False,mean + 2 s.d. after unimodal BIC
0.0444137712884882,0.06206758431170774,False,mean + 2 s.d. after unimodal BIC
0.0544855896075513,0.06206758431170774,False,mean + 2 s.d. after unimodal BIC
0.0398127978950546,0.06206758431170774,False,mean + 2 s.d. after unimodal BIC
0.0439033508026541,0.06206758431170774,False,mean + 2 s.d. after unimodal BIC
0.038684121609478,0.06206758431170774,False,mean + 2 s.d. after unimodal BIC
0.0454921244275742,0.06206758431170774,False,mean + 2 s.d. after unimodal BIC
0.0452908318416114,0.06206758431170774,False,mean + 2 s.d. after unimodal BIC
0.0437092472376187,0.06206758431170774,False,mean + 2 s.d. after unimodal BIC
0.0467933372154046,0.06206758431170774,False,mean + 2 s.d. after unimodal BIC
0.0467502030898411,0.06206758431170774,False,mean + 2 s.d. after unimodal BIC
0.0406107792179783,0.06206758431170774,False,mean + 2 s.d. after unimodal BIC
0.046656745817787,0.06206758431170774,False,mean + 2 s.d. after unimodal BIC
0.0381305669980805,0.06206758431170774,False,mean + 2 s.d. after unimodal BIC
0.0437164362585459,0.06206758431170774,False,mean + 2 s.d. after unimodal BIC
0.0454058561764473,0.06206758431170774,False,mean + 2 s.d. after unimodal BIC
0.0370018907125038,0.06206758431170774,False,mean + 2 s.d. after unimodal BIC
0.038863847132659,0.06206758431170774,False,mean + 2 s.d. after unimodal BIC
0.0480514158776716,0.06206758431170774,False,mean + 2 s.d. after unimodal BIC
0.0355928426107648,0.06206758431170774,False,mean + 2 s.d. after unimodal BIC
0.0514230666925471,0.06206758431170774,False,mean + 2 s.d. after unimodal BIC
0.0551038454072939,0.06206758431170774,False,mean + 2 s.d. after unimodal BIC
0.0403663525064521,0.06206758431170774,False,mean + 2 s.d. after unimodal BIC
0.0496401895025916,0.06206758431170774,False,mean + 2 s.d. after unimodal BIC
0.0404813768412879,0.06206758431170774,False,mean + 2 s.d. after unimodal BIC
0.0482023853171436,0.06206758431170774,False,mean + 2 s.d. after unimodal BIC
0.042940021998404,0.06206758431170774,False,mean + 2 s.d. after unimodal BIC
0.0444137712884882,0.06206758431170774,False,mean + 2 s.d. after unimodal BIC
0.0458803315576451,0.06206758431170774,False,mean + 2 s.d. after unimodal BIC
0.0506394634114779,0.06206758431170774,False,mean + 2 s.d. after unimodal BIC
0.035089611145858,0.06206758431170774,False,mean + 2 s.d. after unimodal BIC
0.0425014917218424,0.06206758431170774,False,mean + 2 s.d. after unimodal BIC
0.0412649801223571,0.06206758431170774,False,mean + 2 s.d. after unimodal BIC
0.0449385698161767,0.06206758431170774,False,mean + 2 s.d. after unimodal BIC
0.042760296475223,0.06206758431170774,False,mean + 2 s.d. after unimodal BIC
0.0473253247640203,0.06206758431170774,False,mean + 2 s.d. after unimodal BIC
0.041681943336137,0.06206758431170774,False,mean + 2 s.d. after unimodal BIC
0.0415884860640829,0.06206758431170774,False,mean + 2 s.d. after unimodal BIC
0.0501721770512074,0.06206758431170774,False,mean + 2 s.d. after unimodal BIC
0.0476272636429644,0.06206758431170774,False,mean + 2 s.d. after unimodal BIC
0.0514446337553288,0.06206758431170774,False,mean + 2 s.d. after unimodal BIC
0.0453123989043932,0.06206758431170774,False,mean + 2 s.d. after unimodal BIC
0.0527027124175958,0.06206758431170774,False,mean + 2 s.d. after unimodal BIC
0.0495179761468285,0.06206758431170774,False,mean + 2 s.d. after unimodal BIC
0.0461678923947347,0.06206758431170774,False,mean + 2 s.d. after unimodal BIC
0.0437955154887455,0.06206758431170774,False,mean + 2 s.d. after unimodal BIC
0.0426596501822416,0.06206758431170774,False,mean + 2 s.d. after unimodal BIC
0.0449529478580312,0.06206758431170774,False,mean + 2 s.d. after unimodal BIC
0.0435582777981466,0.06206758431170774,False,mean + 2 s.d. after unimodal BIC
0.0455065024694286,0.06206758431170774,False,mean + 2 s.d. after unimodal BIC
0.043630168007419,0.06206758431170774,False,mean + 2 s.d. after unimodal BIC
0.0352909037318207,0.06206758431170774,False,mean + 2 s.d. after unimodal BIC
0.0460600570808261,0.06206758431170774,False,mean + 2 s.d. after unimodal BIC
0.0412793581642116,0.06206758431170774,False,mean + 2 s.d. after unimodal BIC
0.0447157101674322,0.06206758431170774,False,mean + 2 s.d. after unimodal BIC
0.0374188539262837,0.06206758431170774,False,mean + 2 s.d. after unimodal BIC
0.0444784724768333,0.06206758431170774,False,mean + 2 s.d. after unimodal BIC
0.0405173219459241,0.06206758431170774,False,mean + 2 s.d. after unimodal BIC
0.0387200667141142,0.06206758431170774,False,mean + 2 s.d. after unimodal BIC
0.0464626422527515,0.06206758431170774,False,mean + 2 s.d. after unimodal BIC
0.0394605358696199,0.06206758431170774,False,mean + 2 s.d. after unimodal BIC
0.0470018188222945,0.06206758431170774,False,mean + 2 s.d. after unimodal BIC
0.0470305749060035,0.06206758431170774,False,mean + 2 s.d. after unimodal BIC
0.0475481844127648,0.06206758431170774,False,mean + 2 s.d. after unimodal BIC
0.055614265893128,0.06206758431170774,False,mean + 2 s.d. after unimodal BIC
0.0513655545251292,0.06206758431170774,False,mean + 2 s.d. after unimodal BIC
0.0454489903020107,0.06206758431170774,False,mean + 2 s.d. after unimodal BIC
0.0490363117447034,0.06206758431170774,False,mean + 2 s.d. after unimodal BIC
0.0437523813631821,0.06206758431170774,False,mean + 2 s.d. after unimodal BIC
0.0359451046361996,0.06206758431170774,False,mean + 2 s.d. after unimodal BIC
0.0475625624546193,0.06206758431170774,False,mean + 2 s.d. after unimodal BIC
0.0470952760943487,0.06206758431170774,False,mean + 2 s.d. after unimodal BIC
0.0416388092105736,0.06206758431170774,False,mean + 2 s.d. after unimodal BIC
0.046477020294606,0.06206758431170774,False,mean + 2 s.d. after unimodal BIC
0.0523432613712338,0.06206758431170774,False,mean + 2 s.d. after unimodal BIC
0.0400572246065808,0.06206758431170774,False,mean + 2 s.d. after unimodal BIC
0.0424224124916427,0.06206758431170774,False,mean + 2 s.d. after unimodal BIC
0.0452908318416114,0.06206758431170774,False,mean + 2 s.d. after unimodal BIC
0.0470593309897125,0.06206758431170774,False,mean + 2 s.d. after unimodal BIC
0.0528033587105772,0.06206758431170774,False,mean + 2 s.d. after unimodal BIC
0.0407545596365231,0.06206758431170774,False,mean + 2 s.d. after unimodal BIC
0.0419695041732266,0.06206758431170774,False,mean + 2 s.d. after unimodal BIC
0.0507976218718772,0.06206758431170774,False,mean + 2 s.d. after unimodal BIC
0.0376201465122464,0.06206758431170774,False,mean + 2 s.d. after unimodal BIC
0.0444497163931244,0.06206758431170774,False,mean + 2 s.d. after unimodal BIC
0.0344282212205519,0.06206758431170774,False,mean + 2 s.d. after unimodal BIC
0.0414806507501743,0.06206758431170774,False,mean + 2 s.d. after unimodal BIC
0.0502584453023342,0.06206758431170774,False,mean + 2 s.d. after unimodal BIC
0.0365777384777967,0.06206758431170774,False,mean + 2 s.d. after unimodal BIC
0.041832912775609,0.06206758431170774,False,mean + 2 s.d. after unimodal BIC
0.0413871934781202,0.06206758431170774,False,mean + 2 s.d. after unimodal BIC
0.0555136196001466,0.06206758431170774,False,mean + 2 s.d. after unimodal BIC
0.0469371176339494,0.06206758431170774,False,mean + 2 s.d. after unimodal BIC
0.0429831561239674,0.06206758431170774,False,mean + 2 s.d. after unimodal BIC
0.0423073881568069,0.06206758431170774,False,mean + 2 s.d. after unimodal BIC
0.0458156303693,0.06206758431170774,False,mean + 2 s.d. after unimodal BIC
0.0412506020805026,0.06206758431170774,False,mean + 2 s.d. after unimodal BIC
0.0345001114298243,0.06206758431170774,False,mean + 2 s.d. after unimodal BIC
0.0385259631490787,0.06206758431170774,False,mean + 2 s.d. after unimodal BIC
0.0527170904594503,0.06206758431170774,False,mean + 2 s.d. after unimodal BIC
0.0466279897340781,0.06206758431170774,False,mean + 2 s.d. after unimodal BIC
0.0527314685013048,0.06206758431170774,False,mean + 2 s.d. after unimodal BIC
0.0334936485000107,0.06206758431170774,False,mean + 2 s.d. after unimodal BIC
0.0408695839713589,0.06206758431170774,False,mean + 2 s.d. after unimodal BIC
0.0573611979784473,0.06206758431170774,False,mean + 2 s.d. after unimodal BIC
0.0250609269523583,0.06206758431170774,False,mean + 2 s.d. after unimodal BIC
0.0435798448609283,0.06206758431170774,False,mean + 2 s.d. after unimodal BIC
0.0464338861690426,0.06206758431170774,False,mean + 2 s.d. after unimodal BIC
0.0619262262672446,0.06206758431170774,False,mean + 2 s.d. after unimodal BIC
0.0464338861690426,0.06206758431170774,False,mean + 2 s.d. after unimodal BIC
0.0459809778506265,0.06206758431170774,False,mean + 2 s.d. after unimodal BIC
0.0495826773351737,0.06206758431170774,False,mean + 2 s.d. after unimodal BIC
0.0551685465956391,0.06206758431170774,False,mean + 2 s.d. after unimodal BIC
0.0491513360795393,0.06206758431170774,False,mean + 2 s.d. after unimodal BIC
0.0426452721403872,0.06206758431170774,False,mean + 2 s.d. after unimodal BIC
0.0429544000402585,0.06206758431170774,False,mean + 2 s.d. after unimodal BIC
0.0411859008921575,0.06206758431170774,False,mean + 2 s.d. after unimodal BIC
0.0478141781870727,0.06206758431170774,False,mean + 2 s.d. after unimodal BIC
0.0497552138374274,0.06206758431170774,False,mean + 2 s.d. after unimodal BIC
0.0484252449658881,0.06206758431170774,False,mean + 2 s.d. after unimodal BIC
0.0425446258474058,0.06206758431170774,False,mean + 2 s.d. after unimodal BIC
0.0307114974011689,0.06206758431170774,False,mean + 2 s.d. after unimodal BIC
0.0419263700476632,0.06206758431170774,False,mean + 2 s.d. after unimodal BIC
0.047914824480054,0.06206758431170774,False,mean + 2 s.d. after unimodal BIC
0.0476919648313096,0.06206758431170774,False,mean + 2 s.d. after unimodal BIC
0.0440543202421262,0.06206758431170774,False,mean + 2 s.d. after unimodal BIC
0.0513799325669837,0.06206758431170774,False,mean + 2 s.d. after unimodal BIC
0.0552404368049115,0.06206758431170774,False,mean + 2 s.d. after unimodal BIC
0.0481808182543619,0.06206758431170774,False,mean + 2 s.d. after unimodal BIC
0.058072911050244,0.06206758431170774,False,mean + 2 s.d. after unimodal BIC
0.0464985873573877,0.06206758431170774,False,mean + 2 s.d. after unimodal BIC
0.0472462455338207,0.06206758431170774,False,mean + 2 s.d. after unimodal BIC
0.0390579506976944,0.06206758431170774,False,mean + 2 s.d. after unimodal BIC
0.0575193564388465,0.06206758431170774,False,mean + 2 s.d. after unimodal BIC
0.0443059359745796,0.06206758431170774,False,mean + 2 s.d. after unimodal BIC
0.0309056009662044,0.06206758431170774,False,mean + 2 s.d. after unimodal BIC
0.0477207209150185,0.06206758431170774,False,mean + 2 s.d. after unimodal BIC
0.0471743553245483,0.06206758431170774,False,mean + 2 s.d. after unimodal BIC
0.0492663604143751,0.06206758431170774,False,mean + 2 s.d. after unimodal BIC
0.0375051221774106,0.06206758431170774,False,mean + 2 s.d. after unimodal BIC
0.0520053773876535,0.06206758431170774,False,mean + 2 s.d. after unimodal BIC
0.046117569248244,0.06206758431170774,False,mean + 2 s.d. after unimodal BIC
0.0276202184024557,0.06206758431170774,False,mean + 2 s.d. after unimodal BIC
0.040064413627508,0.06206758431170774,False,mean + 2 s.d. after unimodal BIC
0.0442556128280889,0.06206758431170774,False,mean + 2 s.d. after unimodal BIC
0.0426165160566782,0.06206758431170774,False,mean + 2 s.d. after unimodal BIC
0.042911265914695,0.06206758431170774,False,mean + 2 s.d. after unimodal BIC
0.0507832438300227,0.06206758431170774,False,mean + 2 s.d. after unimodal BIC
0.0401003587321442,0.06206758431170774,False,mean + 2 s.d. after unimodal BIC
0.0580369659456078,0.06206758431170774,False,mean + 2 s.d. after unimodal BIC
0.0435007656307287,0.06206758431170774,False,mean + 2 s.d. after unimodal BIC
0.0561606314835982,0.06206758431170774,False,mean + 2 s.d. after unimodal BIC
0.0436086009446373,0.06206758431170774,False,mean + 2 s.d. after unimodal BIC
0.0416891323570642,0.06206758431170774,False,mean + 2 s.d. after unimodal BIC
0.036858110293959,0.06206758431170774,False,mean + 2 s.d. after unimodal BIC
0.0404166756529428,0.06206758431170774,False,mean + 2 s.d. after unimodal BIC
0.0458156303693,0.06206758431170774,False,mean + 2 s.d. after unimodal BIC
0.0463116728132795,0.06206758431170774,False,mean + 2 s.d. after unimodal BIC
0.0468939835083859,0.06206758431170774,False,mean + 2 s.d. after unimodal BIC
0.0368293542102501,0.06206758431170774,False,mean + 2 s.d. after unimodal BIC
0.0490794458702669,0.06206758431170774,False,mean + 2 s.d. after unimodal BIC
0.0446510089790871,0.06206758431170774,False,mean + 2 s.d. after unimodal BIC
0.0475625624546193,0.06206758431170774,False,mean + 2 s.d. after unimodal BIC
0.050761676767241,0.06206758431170774,False,mean + 2 s.d. after unimodal BIC
0.0483605437775429,0.06206758431170774,False,mean + 2 s.d. after unimodal BIC
0.0451254843602849,0.06206758431170774,False,mean + 2 s.d. after unimodal BIC
0.0533712913638291,0.06206758431170774,False,mean + 2 s.d. after unimodal BIC
0.0392592432836572,0.06206758431170774,False,mean + 2 s.d. after unimodal BIC
0.0515309020064557,0.06206758431170774,False,mean + 2 s.d. after unimodal BIC
0.0547947175074226,0.06206758431170774,False,mean + 2 s.d. after unimodal BIC
0.0479292025219085,0.06206758431170774,False,mean + 2 s.d. after unimodal BIC
0.0436733021329825,0.06206758431170774,False,mean + 2 s.d. after unimodal BIC
0.0398056088741274,0.06206758431170774,False,mean + 2 s.d. after unimodal BIC
0.0438098935306,0.06206758431170774,False,mean + 2 s.d. after unimodal BIC
0.0385619082537149,0.06206758431170774,False,mean + 2 s.d. after unimodal BIC
0.051509334943674,0.06206758431170774,False,mean + 2 s.d. after unimodal BIC
0.0393383225138568,0.06206758431170774,False,mean + 2 s.d. after unimodal BIC
0.0480657939195261,0.06206758431170774,False,mean + 2 s.d. after unimodal BIC
0.0471815443454755,0.06206758431170774,False,mean + 2 s.d. after unimodal BIC
0.041473461729247,0.06206758431170774,False,mean + 2 s.d. after unimodal BIC
0.0490147446819217,0.06206758431170774,False,mean + 2 s.d. after unimodal BIC
0.0353915500248021,0.06206758431170774,False,mean + 2 s.d. after unimodal BIC
0.0417322664826277,0.06206758431170774,False,mean + 2 s.d. after unimodal BIC
0.0479723366474719,0.06206758431170774,False,mean + 2 s.d. after unimodal BIC
0.0488709642633769,0.06206758431170774,False,mean + 2 s.d. after unimodal BIC
0.0439177288445086,0.06206758431170774,False,mean + 2 s.d. after unimodal BIC
0.0399422002717449,0.06206758431170774,False,mean + 2 s.d. after unimodal BIC
0.046656745817787,0.06206758431170774,False,mean + 2 s.d. after unimodal BIC
0.0409486632015585,0.06206758431170774,False,mean + 2 s.d. after unimodal BIC
0.0447300882092867,0.06206758431170774,False,mean + 2 s.d. after unimodal BIC
0.0428896988519133,0.06206758431170774,False,mean + 2 s.d. after unimodal BIC
0.0481017390241623,0.06206758431170774,False,mean + 2 s.d. after unimodal BIC
0.0424799246590606,0.06206758431170774,False,mean + 2 s.d. after unimodal BIC
0.0518040848016908,0.06206758431170774,False,mean + 2 s.d. after unimodal BIC
0.0354418731712928,0.06206758431170774,False,mean + 2 s.d. after unimodal BIC
0.0521922919317618,0.06206758431170774,False,mean + 2 s.d. after unimodal BIC
0.0269947735817858,0.06206758431170774,False,mean + 2 s.d. after unimodal BIC
0.03862660944206,0.06206758431170774,False,mean + 2 s.d. after unimodal BIC
0.0419263700476632,0.06206758431170774,False,mean + 2 s.d. after unimodal BIC
0.0485402693007239,0.06206758431170774,False,mean + 2 s.d. after unimodal BIC
0.0445503626861057,0.06206758431170774,False,mean + 2 s.d. after unimodal BIC
0.0429256439565495,0.06206758431170774,False,mean + 2 s.d. after unimodal BIC
0.0474547271407107,0.06206758431170774,False,mean + 2 s.d. after unimodal BIC
0.0372319393821755,0.06206758431170774,False,mean + 2 s.d. after unimodal BIC
0.0129330486481046,0.06206758431170774,False,mean + 2 s.d. after unimodal BIC
0.0418688578802452,0.06206758431170774,False,mean + 2 s.d. after unimodal BIC
0.0364339580592519,0.06206758431170774,False,mean + 2 s.d. after unimodal BIC
0.0442843689117979,0.06206758431170774,False,mean + 2 s.d. after unimodal BIC
0.0445863077907419,0.06206758431170774,False,mean + 2 s.d. after unimodal BIC
0.0473540808477293,0.06206758431170774,False,mean + 2 s.d. after unimodal BIC
0.0445791187698147,0.06206758431170774,False,mean + 2 s.d. after unimodal BIC
0.0474115930151472,0.06206758431170774,False,mean + 2 s.d. after unimodal BIC
0.0402297611088345,0.06206758431170774,False,mean + 2 s.d. after unimodal BIC
0.0449457588371039,0.06206758431170774,False,mean + 2 s.d. after unimodal BIC
0.0395683711835285,0.06206758431170774,False,mean + 2 s.d. after unimodal BIC
0.0378142500772819,0.06206758431170774,False,mean + 2 s.d. after unimodal BIC
0.0506897865579686,0.06206758431170774,False,mean + 2 s.d. after unimodal BIC
0.0479220135009813,0.06206758431170774,False,mean + 2 s.d. after unimodal BIC
0.028497278955579,0.06206758431170774,False,mean + 2 s.d. after unimodal BIC
0.036678384770778,0.06206758431170774,False,mean + 2 s.d. after unimodal BIC
0.0522929382247431,0.06206758431170774,False,mean + 2 s.d. after unimodal BIC
0.0481089280450895,0.06206758431170774,False,mean + 2 s.d. after unimodal BIC
0.0446366309372326,0.06206758431170774,False,mean + 2 s.d. after unimodal BIC
0.0403304074018159,0.06206758431170774,False,mean + 2 s.d. after unimodal BIC
0.0470305749060035,0.06206758431170774,False,mean + 2 s.d. after unimodal BIC
0.0449241917743222,0.06206758431170774,False,mean + 2 s.d. after unimodal BIC
0.0415453519385194,0.06206758431170774,False,mean + 2 s.d. after unimodal BIC
0.0427243513705868,0.06206758431170774,False,mean + 2 s.d. after unimodal BIC
0.0374332319681382,0.06206758431170774,False,mean + 2 s.d. after unimodal BIC
0.0482167633589981,0.06206758431170774,False,mean + 2 s.d. after unimodal BIC
0.0477135318940913,0.06206758431170774,False,mean + 2 s.d. after unimodal BIC
0.0515740361320191,0.06206758431170774,False,mean + 2 s.d. after unimodal BIC
0.0448163564604136,0.06206758431170774,False,mean + 2 s.d. after unimodal BIC
0.0452117526114118,0.06206758431170774,False,mean + 2 s.d. after unimodal BIC
0.0458156303693,0.06206758431170774,False,mean + 2 s.d. after unimodal BIC
0.0426812172450234,0.06206758431170774,False,mean + 2 s.d. after unimodal BIC
0.0413800044571929,0.06206758431170774,False,mean + 2 s.d. after unimodal BIC
0.0316029359961466,0.06206758431170774,False,mean + 2 s.d. after unimodal BIC
0.0467645811316956,0.06206758431170774,False,mean + 2 s.d. after unimodal BIC
0.0399637673345267,0.06206758431170774,False,mean + 2 s.d. after unimodal BIC
0.0416316201896463,0.06206758431170774,False,mean + 2 s.d. after unimodal BIC
0.0418113457128273,0.06206758431170774,False,mean + 2 s.d. after unimodal BIC
0.0479651476265447,0.06206758431170774,False,mean + 2 s.d. after unimodal BIC
0.0471743553245483,0.06206758431170774,False,mean + 2 s.d. after unimodal BIC
0.0472318674919662,0.06206758431170774,False,mean + 2 s.d. after unimodal BIC
0.0482598974845615,0.06206758431170774,False,mean + 2 s.d. after unimodal BIC
0.0550319551980215,0.06206758431170774,False,mean + 2 s.d. after unimodal BIC
0.0458659535157906,0.06206758431170774,False,mean + 2 s.d. after unimodal BIC
0.0479220135009813,0.06206758431170774,False,mean + 2 s.d. after unimodal BIC
0.0427818635380047,0.06206758431170774,False,mean + 2 s.d. after unimodal BIC
0.0423577113032976,0.06206758431170774,False,mean + 2 s.d. after unimodal BIC
0.0414231385827564,0.06206758431170774,False,mean + 2 s.d. after unimodal BIC
0.0422354979475345,0.06206758431170774,False,mean + 2 s.d. after unimodal BIC
0.0499780734861719,0.06206758431170774,False,mean + 2 s.d. after unimodal BIC
0.0437523813631821,0.06206758431170774,False,mean + 2 s.d. after unimodal BIC
0.0529040050035585,0.06206758431170774,False,mean + 2 s.d. after unimodal BIC
0.0503303355116066,0.06206758431170774,False,mean + 2 s.d. after unimodal BIC
0.0418185347337546,0.06206758431170774,False,mean + 2 s.d. after unimodal BIC
0.046297294771425,0.06206758431170774,False,mean + 2 s.d. after unimodal BIC
0.0469443066548766,0.06206758431170774,False,mean + 2 s.d. after unimodal BIC
0.0514302557134743,0.06206758431170774,False,mean + 2 s.d. after unimodal BIC
0.0436229789864918,0.06206758431170774,False,mean + 2 s.d. after unimodal BIC
0.0447013321255778,0.06206758431170774,False,mean + 2 s.d. after unimodal BIC
0.0555208086210739,0.06206758431170774,False,mean + 2 s.d. after unimodal BIC
0.0412793581642116,0.06206758431170774,False,mean + 2 s.d. after unimodal BIC
0.0459162766622813,0.06206758431170774,False,mean + 2 s.d. after unimodal BIC
0.0417754006081911,0.06206758431170774,False,mean + 2 s.d. after unimodal BIC
0.0440615092630534,0.06206758431170774,False,mean + 2 s.d. after unimodal BIC
0.0457006060344641,0.06206758431170774,False,mean + 2 s.d. after unimodal BIC
0.0384181278351701,0.06206758431170774,False,mean + 2 s.d. after unimodal BIC
0.0533497243010474,0.06206758431170774,False,mean + 2 s.d. after unimodal BIC
0.0462685386877161,0.06206758431170774,False,mean + 2 s.d. after unimodal BIC
0.044377826183852,0.06206758431170774,False,mean + 2 s.d. after unimodal BIC
0.0450104600254491,0.06206758431170774,False,mean + 2 s.d. after unimodal BIC
0.0411355777456668,0.06206758431170774,False,mean + 2 s.d. after unimodal BIC
0.0466711238596415,0.06206758431170774,False,mean + 2 s.d. after unimodal BIC
0.0489500434935766,0.06206758431170774,False,mean + 2 s.d. after unimodal BIC
0.0540470593309897,0.06206758431170774,False,mean + 2 s.d. after unimodal BIC
0.050430981804588,0.06206758431170774,False,mean + 2 s.d. after unimodal BIC
0.0457365511391003,0.06206758431170774,False,mean + 2 s.d. after unimodal BIC
0.0456646609298279,0.06206758431170774,False,mean + 2 s.d. after unimodal BIC
0.0457293621181731,0.06206758431170774,False,mean + 2 s.d. after unimodal BIC
0.0527170904594503,0.06206758431170774,False,mean + 2 s.d. after unimodal BIC
0.0391298409069668,0.06206758431170774,False,mean + 2 s.d. after unimodal BIC
0.0490578788074852,0.06206758431170774,False,mean + 2 s.d. after unimodal BIC
0.0384828290235152,0.06206758431170774,False,mean + 2 s.d. after unimodal BIC
0.045039216109158,0.06206758431170774,False,mean + 2 s.d. after unimodal BIC
0.0457293621181731,0.06206758431170774,False,mean + 2 s.d. after unimodal BIC
0.0417754006081911,0.06206758431170774,False,mean + 2 s.d. after unimodal BIC
0.0396330723718736,0.06206758431170774,False,mean + 2 s.d. after unimodal BIC
0.0413943824990474,0.06206758431170774,False,mean + 2 s.d. after unimodal BIC
0.0425374368264786,0.06206758431170774,False,mean + 2 s.d. after unimodal BIC
0.0396330723718736,0.06206758431170774,False,mean + 2 s.d. after unimodal BIC
0.0395108590161105,0.06206758431170774,False,mean + 2 s.d. after unimodal BIC
0.0433713632540384,0.06206758431170774,False,mean + 2 s.d. after unimodal BIC
0.0362398544942164,0.06206758431170774,False,mean + 2 s.d. after unimodal BIC
0.0390723287395489,0.06206758431170774,False,mean + 2 s.d. after unimodal BIC
0.0478069891661454,0.06206758431170774,False,mean + 2 s.d. after unimodal BIC
0.0518328408853998,0.06206758431170774,False,mean + 2 s.d. after unimodal BIC
0.0481161170660167,0.06206758431170774,False,mean + 2 s.d. after unimodal BIC
0.0471527882617666,0.06206758431170774,False,mean + 2 s.d. after unimodal BIC
0.0418760469011725,0.06206758431170774,False,mean + 2 s.d. after unimodal BIC
0.0510923717298941,0.06206758431170774,False,mean + 2 s.d. after unimodal BIC
0.040812071803941,0.06206758431170774,False,mean + 2 s.d. after unimodal BIC
0.0432779059819843,0.06206758431170774,False,mean + 2 s.d. after unimodal BIC
0.0423361442405158,0.06206758431170774,False,mean + 2 s.d. after unimodal BIC
0.051121127813603,0.06206758431170774,False,mean + 2 s.d. after unimodal BIC
0.0518903530528177,0.06206758431170774,False,mean + 2 s.d. after unimodal BIC
0.0418688578802452,0.06206758431170774,False,mean + 2 s.d. after unimodal BIC
0.0410780655782489,0.06206758431170774,False,mean + 2 s.d. after unimodal BIC
0.046477020294606,0.06206758431170774,False,mean + 2 s.d. after unimodal BIC
0.0452692647788297,0.06206758431170774,False,mean + 2 s.d. after unimodal BIC
0.0422570650103162,0.06206758431170774,False,mean + 2 s.d. after unimodal BIC
0.0462038374993709,0.06206758431170774,False,mean + 2 s.d. after unimodal BIC
0.0335799167511376,0.06206758431170774,False,mean + 2 s.d. after unimodal BIC
0.0423936564079338,0.06206758431170774,False,mean + 2 s.d. after unimodal BIC
0.0481304951078712,0.06206758431170774,False,mean + 2 s.d. after unimodal BIC
0.0490435007656307,0.06206758431170774,False,mean + 2 s.d. after unimodal BIC
0.0438098935306,0.06206758431170774,False,mean + 2 s.d. after unimodal BIC
0.0473397028058748,0.06206758431170774,False,mean + 2 s.d. after unimodal BIC
0.047044952947858,0.06206758431170774,False,mean + 2 s.d. after unimodal BIC
0.0477063428731641,0.06206758431170774,False,mean + 2 s.d. after unimodal BIC
0.0452333196741935,0.06206758431170774,False,mean + 2 s.d. after unimodal BIC
0.0506610304742597,0.06206758431170774,False,mean + 2 s.d. after unimodal BIC
0.0423001991358796,0.06206758431170774,False,mean + 2 s.d. after unimodal BIC
0.0446725760418688,0.06206758431170774,False,mean + 2 s.d. after unimodal BIC
0.0397265296439277,0.06206758431170774,False,mean + 2 s.d. after unimodal BIC
0.0533712913638291,0.06206758431170774,False,mean + 2 s.d. after unimodal BIC
0.0404454317366517,0.06206758431170774,False,mean + 2 s.d. after unimodal BIC
0.0549169308631857,0.06206758431170774,False,mean + 2 s.d. after unimodal BIC
0.0411930899130847,0.06206758431170774,False,mean + 2 s.d. after unimodal BIC
0.0507041645998231,0.06206758431170774,False,mean + 2 s.d. after unimodal BIC
0.0368437322521045,0.06206758431170774,False,mean + 2 s.d. after unimodal BIC
0.0400787916693625,0.06206758431170774,False,mean + 2 s.d. after unimodal BIC
0.0534072364684653,0.06206758431170774,False,mean + 2 s.d. after unimodal BIC
0.0486481046146325,0.06206758431170774,False,mean + 2 s.d. after unimodal BIC
0.051868785990036,0.06206758431170774,False,mean + 2 s.d. after unimodal BIC
0.0427674854961502,0.06206758431170774,False,mean + 2 s.d. after unimodal BIC
0.0473325137849476,0.06206758431170774,False,mean + 2 s.d. after unimodal BIC
0.0418185347337546,0.06206758431170774,False,mean + 2 s.d. after unimodal BIC
0.0486265375518508,0.06206758431170774,False,mean + 2 s.d. after unimodal BIC
0.0448738686278315,0.06206758431170774,False,mean + 2 s.d. after unimodal BIC
0.045276453799757,0.06206758431170774,False,mean + 2 s.d. after unimodal BIC
0.0410061753689765,0.06206758431170774,False,mean + 2 s.d. after unimodal BIC
0.0345073004507516,0.06206758431170774,False,mean + 2 s.d. after unimodal BIC
0.0456215268042645,0.06206758431170774,False,mean + 2 s.d. after unimodal BIC
0.0410205534108309,0.06206758431170774,False,mean + 2 s.d. after unimodal BIC
0.0481448731497257,0.06206758431170774,False,mean + 2 s.d. after unimodal BIC
0.048964421535431,0.06206758431170774,False,mean + 2 s.d. after unimodal BIC
0.0393239444720023,0.06206758431170774,False,mean + 2 s.d. after unimodal BIC
0.0540830044356259,0.06206758431170774,False,mean + 2 s.d. after unimodal BIC
0.0499708844652446,0.06206758431170774,False,mean + 2 s.d. after unimodal BIC
0.0480657939195261,0.06206758431170774,False,mean + 2 s.d. after unimodal BIC
0.0515812251529464,0.06206758431170774,False,mean + 2 s.d. after unimodal BIC
0.0419407480895176,0.06206758431170774,False,mean + 2 s.d. after unimodal BIC
0.0417538335454094,0.06206758431170774,False,mean + 2 s.d. after unimodal BIC
0.0423145771777341,0.06206758431170774,False,mean + 2 s.d. after unimodal BIC
0.0480298488148899,0.06206758431170774,False,mean + 2 s.d. after unimodal BIC
0.0440471312211989,0.06206758431170774,False,mean + 2 s.d. after unimodal BIC
0.0545790468796054,0.06206758431170774,False,mean + 2 s.d. after unimodal BIC
0.0439177288445086,0.06206758431170774,False,mean + 2 s.d. after unimodal BIC
0.0409774192852675,0.06206758431170774,False,mean + 2 s.d. after unimodal BIC
0.0388997922372952,0.06206758431170774,False,mean + 2 s.d. after unimodal BIC
0.0588708923731677,0.06206758431170774,False,mean + 2 s.d. after unimodal BIC
0.0531124866104485,0.06206758431170774,False,mean + 2 s.d. after unimodal BIC
0.0439536739491448,0.06206758431170774,False,mean + 2 s.d. after unimodal BIC
0.0461894594575164,0.06206758431170774,False,mean + 2 s.d. after unimodal BIC
0.0433857412958929,0.06206758431170774,False,mean + 2 s.d. after unimodal BIC
0.0350320989784401,0.06206758431170774,False,mean + 2 s.d. after unimodal BIC
0.060049891805235,0.06206758431170774,False,mean + 2 s.d. after unimodal BIC
0.0496977016700095,0.06206758431170774,False,mean + 2 s.d. after unimodal BIC
0.0455208805112831,0.06206758431170774,False,mean + 2 s.d. after unimodal BIC
0.0410421204736127,0.06206758431170774,False,mean + 2 s.d. after unimodal BIC
0.0467717701526229,0.06206758431170774,False,mean + 2 s.d. after unimodal BIC
0.0415669190013012,0.06206758431170774,False,mean + 2 s.d. after unimodal BIC
0.0471384102199121,0.06206758431170774,False,mean + 2 s.d. after unimodal BIC
0.0425158697636968,0.06206758431170774,False,mean + 2 s.d. after unimodal BIC
0.044859490585977,0.06206758431170774,False,mean + 2 s.d. after unimodal BIC
0.0515021459227467,0.06206758431170774,False,mean + 2 s.d. after unimodal BIC
0.0393814566394202,0.06206758431170774,False,mean + 2 s.d. after unimodal BIC
0.0412649801223571,0.06206758431170774,False,mean + 2 s.d. after unimodal BIC
0.0422426869684617,0.06206758431170774,False,mean + 2 s.d. after unimodal BIC
0.0419551261313721,0.06206758431170774,False,mean + 2 s.d. after unimodal BIC
0.0475266173499831,0.06206758431170774,False,mean + 2 s.d. after unimodal BIC
0.0346510808692964,0.06206758431170774,False,mean + 2 s.d. after unimodal BIC
0.0353268488364569,0.06206758431170774,False,mean + 2 s.d. after unimodal BIC
0.0506322743905507,0.06206758431170774,False,mean + 2 s.d. after unimodal BIC
0.0465632885457329,0.06206758431170774,False,mean + 2 s.d. after unimodal BIC
0.0501290429256439,0.06206758431170774,False,mean + 2 s.d. after unimodal BIC
0.0461031912063896,0.06206758431170774,False,mean + 2 s.d. after unimodal BIC
0.0334145692698111,0.06206758431170774,False,mean + 2 s.d. after unimodal BIC
0.0456790389716824,0.06206758431170774,False,mean + 2 s.d. after unimodal BIC
0.0542555409378796,0.06206758431170774,False,mean + 2 s.d. after unimodal BIC
0.0426021380148237,0.06206758431170774,False,mean + 2 s.d. after unimodal BIC
0.0476200746220372,0.06206758431170774,False,mean + 2 s.d. after unimodal BIC
0.0498774271931905,0.06206758431170774,False,mean + 2 s.d. after unimodal BIC
0.0385906643374238,0.06206758431170774,False,mean + 2 s.d. after unimodal BIC
0.0526811453548141,0.06206758431170774,False,mean + 2 s.d. after unimodal BIC
0.0433929303168201,0.06206758431170774,False,mean + 2 s.d. after unimodal BIC
0.0417250774617004,0.06206758431170774,False,mean + 2 s.d. after unimodal BIC
0.0437523813631821,0.06206758431170774,False,mean + 2 s.d. after unimodal BIC
0.0500930978210077,0.06206758431170774,False,mean + 2 s.d. after unimodal BIC
0.0399781453763811,0.06206758431170774,False,mean + 2 s.d. after unimodal BIC
0.0361176411384533,0.06206758431170774,False,mean + 2 s.d. after unimodal BIC
0.040603590197051,0.06206758431170774,False,mean + 2 s.d. after unimodal BIC
0.0441909116397437,0.06206758431170774,False,mean + 2 s.d. after unimodal BIC
0.0422067418638255,0.06206758431170774,False,mean + 2 s.d. after unimodal BIC
0.0444712834559061,0.06206758431170774,False,mean + 2 s.d. after unimodal BIC
0.0452261306532663,0.06206758431170774,False,mean + 2 s.d. after unimodal BIC
0.0516459263412915,0.06206758431170774,False,mean + 2 s.d. after unimodal BIC
0.0411355777456668,0.06206758431170774,False,mean + 2 s.d. after unimodal BIC
0.0303304792920252,0.06206758431170774,False,mean + 2 s.d. after unimodal BIC
0.0477710440615092,0.06206758431170774,False,mean + 2 s.d. after unimodal BIC
0.0499349393606084,0.06206758431170774,False,mean + 2 s.d. after unimodal BIC
0.0461103802273168,0.06206758431170774,False,mean + 2 s.d. after unimodal BIC
0.0517825177389091,0.06206758431170774,False,mean + 2 s.d. after unimodal BIC
0.0630189574481851,0.06206758431170774,True,mean + 2 s.d. after unimodal BIC
0.0458515754739362,0.06206758431170774,False,mean + 2 s.d. after unimodal BIC
0.0433354181494022,0.06206758431170774,False,mean + 2 s.d. after unimodal BIC
0.0400572246065808,0.06206758431170774,False,mean + 2 s.d. after unimodal BIC
0.0545431017749692,0.06206758431170774,False,mean + 2 s.d. after unimodal BIC
0.0452908318416114,0.06206758431170774,False,mean + 2 s.d. after unimodal BIC
0.0510492376043306,0.06206758431170774,False,mean + 2 s.d. after unimodal BIC
0.0537954435985363,0.06206758431170774,False,mean + 2 s.d. after unimodal BIC
0.0355497084852014,0.06206758431170774,False,mean + 2 s.d. after unimodal BIC
0.0530837305267395,0.06206758431170774,False,mean + 2 s.d. after unimodal BIC
0.0486840497192687,0.06206758431170774,False,mean + 2 s.d. after unimodal BIC
0.0464913983364605,0.06206758431170774,False,mean + 2 s.d. after unimodal BIC
0.039014816572131,0.06206758431170774,False,mean + 2 s.d. after unimodal BIC
0.0472174894501117,0.06206758431170774,False,mean + 2 s.d. after unimodal BIC
0.0464123191062609,0.06206758431170774,False,mean + 2 s.d. after unimodal BIC
0.0398918771252543,0.06206758431170774,False,mean + 2 s.d. after unimodal BIC
0.0433497961912567,0.06206758431170774,False,mean + 2 s.d. after unimodal BIC
0.0482886535682705,0.06206758431170774,False,mean + 2 s.d. after unimodal BIC
0.0473684588895838,0.06206758431170774,False,mean + 2 s.d. after unimodal BIC
0.0519838103248718,0.06206758431170774,False,mean + 2 s.d. after unimodal BIC
0.0566566739275778,0.06206758431170774,False,mean + 2 s.d. after unimodal BIC
0.0435295217144377,0.06206758431170774,False,mean + 2 s.d. after unimodal BIC
0.0434432534633108,0.06206758431170774,False,mean + 2 s.d. after unimodal BIC
0.0510420485834034,0.06206758431170774,False,mean + 2 s.d. after unimodal BIC
0.0478213672079999,0.06206758431170774,False,mean + 2 s.d. after unimodal BIC
0.0467717701526229,0.06206758431170774,False,mean + 2 s.d. after unimodal BIC
0.0453914781345928,0.06206758431170774,False,mean + 2 s.d. after unimodal BIC
0.0409989863480492,0.06206758431170774,False,mean + 2 s.d. after unimodal BIC
0.039704962581146,0.06206758431170774,False,mean + 2 s.d. after unimodal BIC
0.0419551261313721,0.06206758431170774,False,mean + 2 s.d. after unimodal BIC
0.0542195958332434,0.06206758431170774,False,mean + 2 s.d. after unimodal BIC
0.0432850950029115,0.06206758431170774,False,mean + 2 s.d. after unimodal BIC
0.0459234656832086,0.06206758431170774,False,mean + 2 s.d. after unimodal BIC
0.0462038374993709,0.06206758431170774,False,mean + 2 s.d. after unimodal BIC
0.0437595703841093,0.06206758431170774,False,mean + 2 s.d. after unimodal BIC
0.0456790389716824,0.06206758431170774,False,mean + 2 s.d. after unimodal BIC
0.0413943824990474,0.06206758431170774,False,mean + 2 s.d. after unimodal BIC
0.0458875205785724,0.06206758431170774,False,mean + 2 s.d. after unimodal BIC
0.0404382427157245,0.06206758431170774,False,mean + 2 s.d. after unimodal BIC
0.0495539212514647,0.06206758431170774,False,mean + 2 s.d. after unimodal BIC
0.0314735336194563,0.06206758431170774,False,mean + 2 s.d. after unimodal BIC
0.0455640146368466,0.06206758431170774,False,mean + 2 s.d. after unimodal BIC
0.0396833955183643,0.06206758431170774,False,mean + 2 s.d. after unimodal BIC
0.044888246669686,0.06206758431170774,False,mean + 2 s.d. after unimodal BIC
0.0484108669240336,0.06206758431170774,False,mean + 2 s.d. after unimodal BIC
0.0434432534633108,0.06206758431170774,False,mean + 2 s.d. after unimodal BIC
0.0337524532533914,0.06206758431170774,False,mean + 2 s.d. after unimodal BIC
0.0347804832459867,0.06206758431170774,False,mean + 2 s.d. after unimodal BIC
0.0429975341658219,0.06206758431170774,False,mean + 2 s.d. after unimodal BIC
0.0411859008921575,0.06206758431170774,False,mean + 2 s.d. after unimodal BIC
0.0499996405489536,0.06206758431170774,False,mean + 2 s.d. after unimodal BIC
0.037066591900849,0.06206758431170774,False,mean + 2 s.d. after unimodal BIC
0.0525661210199782,0.06206758431170774,False,mean + 2 s.d. after unimodal BIC
0.0489500434935766,0.06206758431170774,False,mean + 2 s.d. after unimodal BIC
0.0447804113557774,0.06206758431170774,False,mean + 2 s.d. after unimodal BIC
0.0430478573123126,0.06206758431170774,False,mean + 2 s.d. after unimodal BIC
0.0269588284771496,0.06206758431170774,False,mean + 2 s.d. after unimodal BIC
0.0448019784185591,0.06206758431170774,False,mean + 2 s.d. after unimodal BIC
0.0404741878203607,0.06206758431170774,False,mean + 2 s.d. after unimodal BIC
0.0437020582166914,0.06206758431170774,False,mean + 2 s.d. after unimodal BIC
0.0452261306532663,0.06206758431170774,False,mean + 2 s.d. after unimodal BIC
0.0420270163406445,0.06206758431170774,False,mean + 2 s.d. after unimodal BIC
0.0497192687327912,0.06206758431170774,False,mean + 2 s.d. after unimodal BIC
0.041832912775609,0.06206758431170774,False,mean + 2 s.d. after unimodal BIC
0.0474691051825651,0.06206758431170774,False,mean + 2 s.d. after unimodal BIC
0.0445863077907419,0.06206758431170774,False,mean + 2 s.d. after unimodal BIC
0.0390291946139855,0.06206758431170774,False,mean + 2 s.d. after unimodal BIC
0.050251256281407,0.06206758431170774,False,mean + 2 s.d. after unimodal BIC
0.0454130451973745,0.06206758431170774,False,mean + 2 s.d. after unimodal BIC
0.0392017311162392,0.06206758431170774,False,mean + 2 s.d. after unimodal BIC
0.0410349314526854,0.06206758431170774,False,mean + 2 s.d. after unimodal BIC
0.0476344526638917,0.06206758431170774,False,mean + 2 s.d. after unimodal BIC
0.0509557803322765,0.06206758431170774,False,mean + 2 s.d. after unimodal BIC
0.0211644776097943,0.06206758431170774,False,mean + 2 s.d. after unimodal BIC
0.0367215188963415,0.06206758431170774,False,mean + 2 s.d. after unimodal BIC
0.0394821029324016,0.06206758431170774,False,mean + 2 s.d. after unimodal BIC
0.0384109388142428,0.06206758431170774,False,mean + 2 s.d. after unimodal BIC
0.0438817837398724,0.06206758431170774,False,mean + 2 s.d. after unimodal BIC
0.0469371176339494,0.06206758431170774,False,mean + 2 s.d. after unimodal BIC
0.0399637673345267,0.06206758431170774,False,mean + 2 s.d. after unimodal BIC
0.0490506897865579,0.06206758431170774,False,mean + 2 s.d. after unimodal BIC
0.044377826183852,0.06206758431170774,False,mean + 2 s.d. after unimodal BIC
0.0430694243750943,0.06206758431170774,False,mean + 2 s.d. after unimodal BIC
0.0524151515805062,0.06206758431170774,False,mean + 2 s.d. after unimodal BIC
0.0383390486049704,0.06206758431170774,False,mean + 2 s.d. after unimodal BIC
0.0455496365949921,0.06206758431170774,False,mean + 2 s.d. after unimodal BIC
0.0401147367739987,0.06206758431170774,False,mean + 2 s.d. after unimodal BIC
0.044859490585977,0.06206758431170774,False,mean + 2 s.d. after unimodal BIC
0.0414662727083198,0.06206758431170774,False,mean + 2 s.d. after unimodal BIC
0.0520341334713625,0.06206758431170774,False,mean + 2 s.d. after unimodal BIC
0.0456646609298279,0.06206758431170774,False,mean + 2 s.d. after unimodal BIC
0.0473181357430931,0.06206758431170774,False,mean + 2 s.d. after unimodal BIC
0.0420629614452807,0.06206758431170774,False,mean + 2 s.d. after unimodal BIC
0.0463835630225519,0.06206758431170774,False,mean + 2 s.d. after unimodal BIC
0.0459594107878448,0.06206758431170774,False,mean + 2 s.d. after unimodal BIC
0.0414806507501743,0.06206758431170774,False,mean + 2 s.d. after unimodal BIC
0.0438314605933817,0.06206758431170774,False,mean + 2 s.d. after unimodal BIC
0.0428393757054226,0.06206758431170774,False,mean + 2 s.d. after unimodal BIC
0.0406754804063234,0.06206758431170774,False,mean + 2 s.d. after unimodal BIC
0.0531915658406481,0.06206758431170774,False,mean + 2 s.d. after unimodal BIC
0.0423792783660793,0.06206758431170774,False,mean + 2 s.d. after unimodal BIC
0.0514590117971833,0.06206758431170774,False,mean + 2 s.d. after unimodal BIC
0.0476991538522368,0.06206758431170774,False,mean + 2 s.d. after unimodal BIC
0.0418472908174635,0.06206758431170774,False,mean + 2 s.d. after unimodal BIC
0.0419335590685904,0.06206758431170774,False,mean + 2 s.d. after unimodal BIC
0.0414231385827564,0.06206758431170774,False,mean + 2 s.d. after unimodal BIC
0.0447516552720684,0.06206758431170774,False,mean + 2 s.d. after unimodal BIC
0.0572605516854659,0.06206758431170774,False,mean + 2 s.d. after unimodal BIC
0.0425949489938965,0.06206758431170774,False,mean + 2 s.d. after unimodal BIC
0.0431628816471484,0.06206758431170774,False,mean + 2 s.d. after unimodal BIC
0.0465489105038784,0.06206758431170774,False,mean + 2 s.d. after unimodal BIC
0.0395180480370378,0.06206758431170774,False,mean + 2 s.d. after unimodal BIC
0.0486768606983414,0.06206758431170774,False,mean + 2 s.d. after unimodal BIC
0.0446366309372326,0.06206758431170774,False,mean + 2 s.d. after unimodal BIC
0.0338027763998821,0.06206758431170774,False,mean + 2 s.d. after unimodal BIC
0.0458731425367179,0.06206758431170774,False,mean + 2 s.d. after unimodal BIC
0.0498271040466998,0.06206758431170774,False,mean + 2 s.d. after unimodal BIC
0.0498271040466998,0.06206758431170774,False,mean + 2 s.d. after unimodal BIC
0.0413800044571929,0.06206758431170774,False,mean + 2 s.d. after unimodal BIC
0.0539104679333721,0.06206758431170774,False,mean + 2 s.d. after unimodal BIC
0.046534532462024,0.06206758431170774,False,mean + 2 s.d. after unimodal BIC
0.048842208179668,0.06206758431170774,False,mean + 2 s.d. after unimodal BIC
0.0542771080006613,0.06206758431170774,False,mean + 2 s.d. after unimodal BIC
0.0513367984414202,0.06206758431170774,False,mean + 2 s.d. after unimodal BIC
0.0378358171400637,0.06206758431170774,False,mean + 2 s.d. after unimodal BIC
0.0475266173499831,0.06206758431170774,False,mean + 2 s.d. after unimodal BIC
0.0457365511391003,0.06206758431170774,False,mean + 2 s.d. after unimodal BIC
0.0481880072752891,0.06206758431170774,False,mean + 2 s.d. after unimodal BIC
0.0483821108403246,0.06206758431170774,False,mean + 2 s.d. after unimodal BIC
0.0437811374468911,0.06206758431170774,False,mean + 2 s.d. after unimodal BIC
0.0519838103248718,0.06206758431170774,False,mean + 2 s.d. after unimodal BIC
0.042731540391514,0.06206758431170774,False,mean + 2 s.d. after unimodal BIC
0.0417897786500456,0.06206758431170774,False,mean + 2 s.d. after unimodal BIC
0.0437667594050366,0.06206758431170774,False,mean + 2 s.d. after unimodal BIC
0.0441046433886169,0.06206758431170774,False,mean + 2 s.d. after unimodal BIC
0.0432060157727119,0.06206758431170774,False,mean + 2 s.d. after unimodal BIC
0.052889626961704,0.06206758431170774,False,mean + 2 s.d. after unimodal BIC
0.0577925392340817,0.06206758431170774,False,mean + 2 s.d. after unimodal BIC
0.0428249976635682,0.06206758431170774,False,mean + 2 s.d. after unimodal BIC
0.044708521146505,0.06206758431170774,False,mean + 2 s.d. after unimodal BIC
0.0508119999137317,0.06206758431170774,False,mean + 2 s.d. after unimodal BIC
0.0411571448084485,0.06206758431170774,False,mean + 2 s.d. after unimodal BIC
0.031495100682238,0.06206758431170774,False,mean + 2 s.d. after unimodal BIC
0.0423505222823703,0.06206758431170774,False,mean + 2 s.d. after unimodal BIC
0.0508048108928045,0.06206758431170774,False,mean + 2 s.d. after unimodal BIC
0.0403519744645976,0.06206758431170774,False,mean + 2 s.d. after unimodal BIC
0.0411859008921575,0.06206758431170774,False,mean + 2 s.d. after unimodal BIC
0.038116188956226,0.06206758431170774,False,mean + 2 s.d. after unimodal BIC
0.0406970474691051,0.06206758431170774,False,mean + 2 s.d. after unimodal BIC
0.0459306547041358,0.06206758431170774,False,mean + 2 s.d. after unimodal BIC
0.0490938239121214,0.06206758431170774,False,mean + 2 s.d. after unimodal BIC
0.0455496365949921,0.06206758431170774,False,mean + 2 s.d. after unimodal BIC
0.047555373433692,0.06206758431170774,False,mean + 2 s.d. after unimodal BIC
0.0408695839713589,0.06206758431170774,False,mean + 2 s.d. after unimodal BIC
0.0451614294649211,0.06206758431170774,False,mean + 2 s.d. after unimodal BIC
0.0386697435676235,0.06206758431170774,False,mean + 2 s.d. after unimodal BIC
0.0462757277086433,0.06206758431170774,False,mean + 2 s.d. after unimodal BIC
0.0431700706680757,0.06206758431170774,False,mean + 2 s.d. after unimodal BIC
0.041710699419846,0.06206758431170774,False,mean + 2 s.d. after unimodal BIC
0.0479867146893264,0.06206758431170774,False,mean + 2 s.d. after unimodal BIC
0.0486840497192687,0.06206758431170774,False,mean + 2 s.d. after unimodal BIC
0.0338459105254455,0.06206758431170774,False,mean + 2 s.d. after unimodal BIC
0.0463476179179157,0.06206758431170774,False,mean + 2 s.d. after unimodal BIC
0.0483174096519795,0.06206758431170774,False,mean + 2 s.d. after unimodal BIC
0.0442628018490161,0.06206758431170774,False,mean + 2 s.d. after unimodal BIC
0.0410852545991761,0.06206758431170774,False,mean + 2 s.d. after unimodal BIC
0.0500499636954443,0.06206758431170774,False,mean + 2 s.d. after unimodal BIC
0.0393958346812747,0.06206758431170774,False,mean + 2 s.d. after unimodal BIC
0.045456179322938,0.06206758431170774,False,mean + 2 s.d. after unimodal BIC
0.0495107871259013,0.06206758431170774,False,mean + 2 s.d. after unimodal BIC
0.0488781532843042,0.06206758431170774,False,mean + 2 s.d. after unimodal BIC
0.0523145052875248,0.06206758431170774,False,mean + 2 s.d. after unimodal BIC
0.0513871215879109,0.06206758431170774,False,mean + 2 s.d. after unimodal BIC
0.0465704775666602,0.06206758431170774,False,mean + 2 s.d. after unimodal BIC
0.0458587644948634,0.06206758431170774,False,mean + 2 s.d. after unimodal BIC
0.0446078748535237,0.06206758431170774,False,mean + 2 s.d. after unimodal BIC
0.0586839778290594,0.06206758431170774,False,mean + 2 s.d. after unimodal BIC
0.0451254843602849,0.06206758431170774,False,mean + 2 s.d. after unimodal BIC
0.0444712834559061,0.06206758431170774,False,mean + 2 s.d. after unimodal BIC
0.055075089323585,0.06206758431170774,False,mean + 2 s.d. after unimodal BIC
0.0459594107878448,0.06206758431170774,False,mean + 2 s.d. after unimodal BIC
0.0407186145318869,0.06206758431170774,False,mean + 2 s.d. after unimodal BIC
0.0479723366474719,0.06206758431170774,False,mean + 2 s.d. after unimodal BIC
0.0478141781870727,0.06206758431170774,False,mean + 2 s.d. after unimodal BIC
0.0485546473425784,0.06206758431170774,False,mean + 2 s.d. after unimodal BIC
0.0408983400550679,0.06206758431170774,False,mean + 2 s.d. after unimodal BIC
0.0456646609298279,0.06206758431170774,False,mean + 2 s.d. after unimodal BIC
0.0516027922157281,0.06206758431170774,False,mean + 2 s.d. after unimodal BIC
0.0442843689117979,0.06206758431170774,False,mean + 2 s.d. after unimodal BIC
0.0451542404439939,0.06206758431170774,False,mean + 2 s.d. after unimodal BIC
0.0477135318940913,0.06206758431170774,False,mean + 2 s.d. after unimodal BIC
0.0503159574697522,0.06206758431170774,False,mean + 2 s.d. after unimodal BIC
0.0420198273197173,0.06206758431170774,False,mean + 2 s.d. after unimodal BIC
0.0457940633065182,0.06206758431170774,False,mean + 2 s.d. after unimodal BIC
0.0515884141738736,0.06206758431170774,False,mean + 2 s.d. after unimodal BIC
0.0437667594050366,0.06206758431170774,False,mean + 2 s.d. after unimodal BIC
0.0283966326625976,0.06206758431170774,False,mean + 2 s.d. after unimodal BIC
0.045096728276576,0.06206758431170774,False,mean + 2 s.d. after unimodal BIC
0.0416172421477918,0.06206758431170774,False,mean + 2 s.d. after unimodal BIC
0.0512002070438027,0.06206758431170774,False,mean + 2 s.d. after unimodal BIC
0.0512002070438027,0.06206758431170774,False,mean + 2 s.d. after unimodal BIC
0.0468077152572591,0.06206758431170774,False,mean + 2 s.d. after unimodal BIC
0.041890424943027,0.06206758431170774,False,mean + 2 s.d. after unimodal BIC
0.0385403411909332,0.06206758431170774,False,mean + 2 s.d. after unimodal BIC
0.0302298329990438,0.06206758431170774,False,mean + 2 s.d. after unimodal BIC
0.0465632885457329,0.06206758431170774,False,mean + 2 s.d. after unimodal BIC
0.0464554532318243,0.06206758431170774,False,mean + 2 s.d. after unimodal BIC
0.0328753927002681,0.06206758431170774,False,mean + 2 s.d. after unimodal BIC
0.0402225720879073,0.06206758431170774,False,mean + 2 s.d. after unimodal BIC
0.0391226518860396,0.06206758431170774,False,mean + 2 s.d. after unimodal BIC
0.0389932495093493,0.06206758431170774,False,mean + 2 s.d. after unimodal BIC
0.0449601368789584,0.06206758431170774,False,mean + 2 s.d. after unimodal BIC
0.0408048827830137,0.06206758431170774,False,mean + 2 s.d. after unimodal BIC
0.0498702381722633,0.06206758431170774,False,mean + 2 s.d. after unimodal BIC
0.0366927628126325,0.06206758431170774,False,mean + 2 s.d. after unimodal BIC
0.0298560039108273,0.06206758431170774,False,mean + 2 s.d. after unimodal BIC
0.04401837513749,0.06206758431170774,False,mean + 2 s.d. after unimodal BIC
0.0432635279401298,0.06206758431170774,False,mean + 2 s.d. after unimodal BIC
0.0438098935306,0.06206758431170774,False,mean + 2 s.d. after unimodal BIC
0.0417754006081911,0.06206758431170774,False,mean + 2 s.d. after unimodal BIC
0.0423073881568069,0.06206758431170774,False,mean + 2 s.d. after unimodal BIC
0.0516099812366553,0.06206758431170774,False,mean + 2 s.d. after unimodal BIC
0.0432922840238387,0.06206758431170774,False,mean + 2 s.d. after unimodal BIC
0.0506969755788959,0.06206758431170774,False,mean + 2 s.d. after unimodal BIC
0.0494317078957016,0.06206758431170774,False,mean + 2 s.d. after unimodal BIC
0.0544712115656968,0.06206758431170774,False,mean + 2 s.d. after unimodal BIC
0.0419982602569356,0.06206758431170774,False,mean + 2 s.d. after unimodal BIC
0.0376632806378099,0.06206758431170774,False,mean + 2 s.d. after unimodal BIC
0.0377495488889368,0.06206758431170774,False,mean + 2 s.d. after unimodal BIC
0.0498055369839181,0.06206758431170774,False,mean + 2 s.d. after unimodal BIC
0.0393527005557113,0.06206758431170774,False,mean + 2 s.d. after unimodal BIC
0.0463835630225519,0.06206758431170774,False,mean + 2 s.d. after unimodal BIC
0.051480578859965,0.06206758431170774,False,mean + 2 s.d. after unimodal BIC
0.0296403332830101,0.06206758431170774,False,mean + 2 s.d. after unimodal BIC
0.042789052558932,0.06206758431170774,False,mean + 2 s.d. after unimodal BIC
0.0514086886506926,0.06206758431170774,False,mean + 2 s.d. after unimodal BIC
0.0455424475740648,0.06206758431170774,False,mean + 2 s.d. after unimodal BIC
0.0482095743380708,0.06206758431170774,False,mean + 2 s.d. after unimodal BIC
0.0233211838879662,0.06206758431170774,False,mean + 2 s.d. after unimodal BIC
0.0503950366999518,0.06206758431170774,False,mean + 2 s.d. after unimodal BIC
0.0410205534108309,0.06206758431170774,False,mean + 2 s.d. after unimodal BIC
0.0379005183284088,0.06206758431170774,False,mean + 2 s.d. after unimodal BIC
0.0446725760418688,0.06206758431170774,False,mean + 2 s.d. after unimodal BIC
0.0521204017224894,0.06206758431170774,False,mean + 2 s.d. after unimodal BIC
0.0493598176864292,0.06206758431170774,False,mean + 2 s.d. after unimodal BIC
0.0542052177913889,0.06206758431170774,False,mean + 2 s.d. after unimodal BIC
0.056872344555395,0.06206758431170774,False,mean + 2 s.d. after unimodal BIC
0.0487128058029776,0.06206758431170774,False,mean + 2 s.d. after unimodal BIC
0.0536013400335008,0.06206758431170774,False,mean + 2 s.d. after unimodal BIC
0.0452692647788297,0.06206758431170774,False,mean + 2 s.d. after unimodal BIC
0.0511930180228754,0.06206758431170774,False,mean + 2 s.d. after unimodal BIC
0.0410349314526854,0.06206758431170774,False,mean + 2 s.d. after unimodal BIC
0.042372089345152,0.06206758431170774,False,mean + 2 s.d. after unimodal BIC
0.0439536739491448,0.06206758431170774,False,mean + 2 s.d. after unimodal BIC
0.0618399580161177,0.06206758431170774,False,mean + 2 s.d. after unimodal BIC
0.0341550384253168,0.06206758431170774,False,mean + 2 s.d. after unimodal BIC
0.0530190293383944,0.06206758431170774,False,mean + 2 s.d. after unimodal BIC
0.0462469716249344,0.06206758431170774,False,mean + 2 s.d. after unimodal BIC
0.0424224124916427,0.06206758431170774,False,mean + 2 s.d. after unimodal BIC
0.0455568256159193,0.06206758431170774,False,mean + 2 s.d. after unimodal BIC
0.0387632008396776,0.06206758431170774,False,mean + 2 s.d. after unimodal BIC
0.0389716824465676,0.06206758431170774,False,mean + 2 s.d. after unimodal BIC
0.0440543202421262,0.06206758431170774,False,mean + 2 s.d. after unimodal BIC
0.041322492289775,0.06206758431170774,False,mean + 2 s.d. after unimodal BIC
0.0509126462067131,0.06206758431170774,False,mean + 2 s.d. after unimodal BIC
0.0444712834559061,0.06206758431170774,False,mean + 2 s.d. after unimodal BIC
0.0492376043306662,0.06206758431170774,False,mean + 2 s.d. after unimodal BIC
0.0473037577012386,0.06206758431170774,False,mean + 2 s.d. after unimodal BIC
0.0553770282025291,0.06206758431170774,False,mean + 2 s.d. after unimodal BIC
0.0414087605409019,0.06206758431170774,False,mean + 2 s.d. after unimodal BIC
0.0523648284340155,0.06206758431170774,False,mean + 2 s.d. after unimodal BIC
0.0497480248165002,0.06206758431170774,False,mean + 2 s.d. after unimodal BIC
0.0410780655782489,0.06206758431170774,False,mean + 2 s.d. after unimodal BIC
0.0499636954443174,0.06206758431170774,False,mean + 2 s.d. after unimodal BIC
0.0439033508026541,0.06206758431170774,False,mean + 2 s.d. after unimodal BIC
0.0431125585006577,0.06206758431170774,False,mean + 2 s.d. after unimodal BIC
0.0468724164456042,0.06206758431170774,False,mean + 2 s.d. after unimodal BIC
0.0426596501822416,0.06206758431170774,False,mean + 2 s.d. after unimodal BIC
0.0510492376043306,0.06206758431170774,False,mean + 2 s.d. after unimodal BIC
0.0501290429256439,0.06206758431170774,False,mean + 2 s.d. after unimodal BIC
0.0509198352276403,0.06206758431170774,False,mean + 2 s.d. after unimodal BIC
0.0381880791654984,0.06206758431170774,False,mean + 2 s.d. after unimodal BIC
0.0422642540312434,0.06206758431170774,False,mean + 2 s.d. after unimodal BIC
0.0437236252794731,0.06206758431170774,False,mean + 2 s.d. after unimodal BIC
0.0488206411168862,0.06206758431170774,False,mean + 2 s.d. after unimodal BIC
0.0362110984105074,0.06206758431170774,False,mean + 2 s.d. after unimodal BIC
0.057713460003882,0.06206758431170774,False,mean + 2 s.d. after unimodal BIC
0.0401650599204894,0.06206758431170774,False,mean + 2 s.d. after unimodal BIC
0.0439824300328538,0.06206758431170774,False,mean + 2 s.d. after unimodal BIC
0.0305317718779879,0.06206758431170774,False,mean + 2 s.d. after unimodal BIC
0.0486265375518508,0.06206758431170774,False,mean + 2 s.d. after unimodal BIC
0.043119747521585,0.06206758431170774,False,mean + 2 s.d. after unimodal BIC
0.0388997922372952,0.06206758431170774,False,mean + 2 s.d. after unimodal BIC
0.0424224124916427,0.06206758431170774,False,mean + 2 s.d. after unimodal BIC
0.0383678046886794,0.06206758431170774,False,mean + 2 s.d. after unimodal BIC
0.0440399422002717,0.06206758431170774,False,mean + 2 s.d. after unimodal BIC
0.0410708765573216,0.06206758431170774,False,mean + 2 s.d. after unimodal BIC
0.0466711238596415,0.06206758431170774,False,mean + 2 s.d. after unimodal BIC
0.0415094068338832,0.06206758431170774,False,mean + 2 s.d. after unimodal BIC
0.0342844408020071,0.06206758431170774,False,mean + 2 s.d. after unimodal BIC
0.0322211917958893,0.06206758431170774,False,mean + 2 s.d. after unimodal BIC
0.0449026247115405,0.06206758431170774,False,mean + 2 s.d. after unimodal BIC
0.0457437401600276,0.06206758431170774,False,mean + 2 s.d. after unimodal BIC
0.0443562591210703,0.06206758431170774,False,mean + 2 s.d. after unimodal BIC
0.0606465805421959,0.06206758431170774,False,mean + 2 s.d. after unimodal BIC
0.0488637752424497,0.06206758431170774,False,mean + 2 s.d. after unimodal BIC
0.0429759671030402,0.06206758431170774,False,mean + 2 s.d. after unimodal BIC
0.0460097339343354,0.06206758431170774,False,mean + 2 s.d. after unimodal BIC
0.0483749218193974,0.06206758431170774,False,mean + 2 s.d. after unimodal BIC
0.0383102925212615,0.06206758431170774,False,mean + 2 s.d. after unimodal BIC
0.0447157101674322,0.06206758431170774,False,mean + 2 s.d. after unimodal BIC
0.0553410830978929,0.06206758431170774,False,mean + 2 s.d. after unimodal BIC
0.0317754724984004,0.06206758431170774,False,mean + 2 s.d. after unimodal BIC
0.0435510887772194,0.06206758431170774,False,mean + 2 s.d. after unimodal BIC
0.0460600570808261,0.06206758431170774,False,mean + 2 s.d. after unimodal BIC
0.0463044837923523,0.06206758431170774,False,mean + 2 s.d. after unimodal BIC
0.035600031631692,0.06206758431170774,False,mean + 2 s.d. after unimodal BIC
0.0442915579327251,0.06206758431170774,False,mean + 2 s.d. after unimodal BIC
0.0469155505711677,0.06206758431170774,False,mean + 2 s.d. after unimodal BIC
0.0476703977685279,0.06206758431170774,False,mean + 2 s.d. after unimodal BIC
0.040812071803941,0.06206758431170774,False,mean + 2 s.d. after unimodal BIC
0.0424439795544244,0.06206758431170774,False,mean + 2 s.d. after unimodal BIC
0.0409270961387768,0.06206758431170774,False,mean + 2 s.d. after unimodal BIC
0.0290867786716127,0.06206758431170774,False,mean + 2 s.d. after unimodal BIC
0.0469730627385856,0.06206758431170774,False,mean + 2 s.d. after unimodal BIC
0.044169344576962,0.06206758431170774,False,mean + 2 s.d. after unimodal BIC
0.0542986750634431,0.06206758431170774,False,mean + 2 s.d. after unimodal BIC
0.0327028561980143,0.06206758431170774,False,mean + 2 s.d. after unimodal BIC
0.0464410751899698,0.06206758431170774,False,mean + 2 s.d. after unimodal BIC
0.0452836428206842,0.06206758431170774,False,mean + 2 s.d. after unimodal BIC
0.053788254577609,0.06206758431170774,False,mean + 2 s.d. after unimodal BIC
0.0387128776931869,0.06206758431170774,False,mean + 2 s.d. after unimodal BIC
0.0523288833293793,0.06206758431170774,False,mean + 2 s.d. after unimodal BIC
0.0384253168560973,0.06206758431170774,False,mean + 2 s.d. after unimodal BIC
0.049352628665502,0.06206758431170774,False,mean + 2 s.d. after unimodal BIC
0.0414447056455381,0.06206758431170774,False,mean + 2 s.d. after unimodal BIC
0.0379292744121178,0.06206758431170774,False,mean + 2 s.d. after unimodal BIC
0.0414159495618291,0.06206758431170774,False,mean + 2 s.d. after unimodal BIC
0.0449313807952495,0.06206758431170774,False,mean + 2 s.d. after unimodal BIC
0.0510636156461851,0.06206758431170774,False,mean + 2 s.d. after unimodal BIC
0.0474403490988562,0.06206758431170774,False,mean + 2 s.d. after unimodal BIC
0.0491944702051027,0.06206758431170774,False,mean + 2 s.d. after unimodal BIC
0.0417322664826277,0.06206758431170774,False,mean + 2 s.d. after unimodal BIC
0.0440255641584172,0.06206758431170774,False,mean + 2 s.d. after unimodal BIC
0.0379795975586084,0.06206758431170774,False,mean + 2 s.d. after unimodal BIC
0.048454001049597,0.06206758431170774,False,mean + 2 s.d. after unimodal BIC
0.0261464691123715,0.06206758431170774,False,mean + 2 s.d. after unimodal BIC
0.0434001193377473,0.06206758431170774,False,mean + 2 s.d. after unimodal BIC
0.0526164441664689,0.06206758431170774,False,mean + 2 s.d. after unimodal BIC
0.0459018986204268,0.06206758431170774,False,mean + 2 s.d. after unimodal BIC
0.0328466366165591,0.06206758431170774,False,mean + 2 s.d. after unimodal BIC
0.0371312930891941,0.06206758431170774,False,mean + 2 s.d. after unimodal BIC
0.047555373433692,0.06206758431170774,False,mean + 2 s.d. after unimodal BIC
0.0414806507501743,0.06206758431170774,False,mean + 2 s.d. after unimodal BIC
0.045786874285591,0.06206758431170774,False,mean + 2 s.d. after unimodal BIC
0.0427099733287323,0.06206758431170774,False,mean + 2 s.d. after unimodal BIC
0.0371384821101214,0.06206758431170774,False,mean + 2 s.d. after unimodal BIC
0.0456287158251917,0.06206758431170774,False,mean + 2 s.d. after unimodal BIC
0.0307546315267323,0.06206758431170774,False,mean + 2 s.d. after unimodal BIC
0.0406251572598327,0.06206758431170774,False,mean + 2 s.d. after unimodal BIC
0.0353699829620204,0.06206758431170774,False,mean + 2 s.d. after unimodal BIC
0.051149883897312,0.06206758431170774,False,mean + 2 s.d. after unimodal BIC
0.0529543281500492,0.06206758431170774,False,mean + 2 s.d. after unimodal BIC
0.0428106196217137,0.06206758431170774,False,mean + 2 s.d. after unimodal BIC
0.04719592238733,0.06206758431170774,False,mean + 2 s.d. after unimodal BIC
0.0395108590161105,0.06206758431170774,False,mean + 2 s.d. after unimodal BIC
0.0504813049510787,0.06206758431170774,False,mean + 2 s.d. after unimodal BIC
0.0442915579327251,0.06206758431170774,False,mean + 2 s.d. after unimodal BIC
0.057023313994867,0.06206758431170774,False,mean + 2 s.d. after unimodal BIC
0.0482095743380708,0.06206758431170774,False,mean + 2 s.d. after unimodal BIC
0.0503806586580973,0.06206758431170774,False,mean + 2 s.d. after unimodal BIC
0.0412865471851388,0.06206758431170774,False,mean + 2 s.d. after unimodal BIC
0.0544208884192061,0.06206758431170774,False,mean + 2 s.d. after unimodal BIC
0.0654991696680829,0.06206758431170774,True,mean + 2 s.d. after unimodal BIC
0.0446294419163054,0.06206758431170774,False,mean + 2 s.d. after unimodal BIC
0.0441333994723258,0.06206758431170774,False,mean + 2 s.d. after unimodal BIC
0.0419191810267359,0.06206758431170774,False,mean + 2 s.d. after unimodal BIC
0.0356503547781827,0.06206758431170774,False,mean + 2 s.d. after unimodal BIC
0.0405820231342693,0.06206758431170774,False,mean + 2 s.d. after unimodal BIC
0.049532354188683,0.06206758431170774,False,mean + 2 s.d. after unimodal BIC
0.0451111063184304,0.06206758431170774,False,mean + 2 s.d. after unimodal BIC
0.043270716961057,0.06206758431170774,False,mean + 2 s.d. after unimodal BIC
0.0413800044571929,0.06206758431170774,False,mean + 2 s.d. after unimodal BIC
0.042731540391514,0.06206758431170774,False,mean + 2 s.d. after unimodal BIC
0.0473468918268021,0.06206758431170774,False,mean + 2 s.d. after unimodal BIC
0.0457940633065182,0.06206758431170774,False,mean + 2 s.d. after unimodal BIC
0.040783315720232,0.06206758431170774,False,mean + 2 s.d. after unimodal BIC
0.040963041243413,0.06206758431170774,False,mean + 2 s.d. after unimodal BIC
0.0443706371629247,0.06206758431170774,False,mean + 2 s.d. after unimodal BIC
0.0414303276036836,0.06206758431170774,False,mean + 2 s.d. after unimodal BIC
0.046685501901496,0.06206758431170774,False,mean + 2 s.d. after unimodal BIC
0.0461678923947347,0.06206758431170774,False,mean + 2 s.d. after unimodal BIC
0.0488853423052314,0.06206758431170774,False,mean + 2 s.d. after unimodal BIC
0.0457509291809548,0.06206758431170774,False,mean + 2 s.d. after unimodal BIC
0.0525373649362693,0.06206758431170774,False,mean + 2 s.d. after unimodal BIC
0.0535222608033012,0.06206758431170774,False,mean + 2 s.d. after unimodal BIC
0.0425949489938965,0.06206758431170774,False,mean + 2 s.d. after unimodal BIC
0.0446438199581599,0.06206758431170774,False,mean + 2 s.d. after unimodal BIC
0.0437523813631821,0.06206758431170774,False,mean + 2 s.d. after unimodal BIC
0.0458443864530089,0.06206758431170774,False,mean + 2 s.d. after unimodal BIC
0.0553051379932566,0.06206758431170774,False,mean + 2 s.d. after unimodal BIC
0.0423433332614431,0.06206758431170774,False,mean + 2 s.d. after unimodal BIC
0.0545718578586782,0.06206758431170774,False,mean + 2 s.d. after unimodal BIC
0.0509773473950582,0.06206758431170774,False,mean + 2 s.d. after unimodal BIC
0.0481736292334347,0.06206758431170774,False,mean + 2 s.d. after unimodal BIC
0.0457940633065182,0.06206758431170774,False,mean + 2 s.d. after unimodal BIC
0.0400428465647263,0.06206758431170774,False,mean + 2 s.d. after unimodal BIC
0.0494748420212651,0.06206758431170774,False,mean + 2 s.d. after unimodal BIC
0.0444209603094154,0.06206758431170774,False,mean + 2 s.d. after unimodal BIC
0.0499924515280264,0.06206758431170774,False,mean + 2 s.d. after unimodal BIC
0.0491369580376848,0.06206758431170774,False,mean + 2 s.d. after unimodal BIC
0.0315957469752194,0.06206758431170774,False,mean + 2 s.d. after unimodal BIC
0.0455927707205555,0.06206758431170774,False,mean + 2 s.d. after unimodal BIC
0.043090991437876,0.06206758431170774,False,mean + 2 s.d. after unimodal BIC
0.043450442484238,0.06206758431170774,False,mean + 2 s.d. after unimodal BIC
0.0479363915428357,0.06206758431170774,False,mean + 2 s.d. after unimodal BIC
0.0519766213039446,0.06206758431170774,False,mean + 2 s.d. after unimodal BIC
0.0438170825515273,0.06206758431170774,False,mean + 2 s.d. after unimodal BIC
0.0415741080222284,0.06206758431170774,False,mean + 2 s.d. after unimodal BIC
0.0435438997562921,0.06206758431170774,False,mean + 2 s.d. after unimodal BIC
0.0253053536638845,0.06206758431170774,False,mean + 2 s.d. after unimodal BIC
0.0458659535157906,0.06206758431170774,False,mean + 2 s.d. after unimodal BIC
0.0435367107353649,0.06206758431170774,False,mean + 2 s.d. after unimodal BIC
0.0430191012286036,0.06206758431170774,False,mean + 2 s.d. after unimodal BIC
0.045067972192867,0.06206758431170774,False,mean + 2 s.d. after unimodal BIC
0.0411859008921575,0.06206758431170774,False,mean + 2 s.d. after unimodal BIC
0.04920165922603,0.06206758431170774,False,mean + 2 s.d. after unimodal BIC
0.0532850231127022,0.06206758431170774,False,mean + 2 s.d. after unimodal BIC
0.0471024651152759,0.06206758431170774,False,mean + 2 s.d. after unimodal BIC
0.0509485913113493,0.06206758431170774,False,mean + 2 s.d. after unimodal BIC
0.0486409155937052,0.06206758431170774,False,mean + 2 s.d. after unimodal BIC
0.0452548867369752,0.06206758431170774,False,mean + 2 s.d. after unimodal BIC
0.0422283089266072,0.06206758431170774,False,mean + 2 s.d. after unimodal BIC
0.0499133722978267,0.06206758431170774,False,mean + 2 s.d. after unimodal BIC
0.0462541606458616,0.06206758431170774,False,mean + 2 s.d. after unimodal BIC
0.0472893796593841,0.06206758431170774,False,mean + 2 s.d. after unimodal BIC
0.0472893796593841,0.06206758431170774,False,mean + 2 s.d. after unimodal BIC
0.0497695918792819,0.06206758431170774,False,mean + 2 s.d. after unimodal BIC
0.0502800123651159,0.06206758431170774,False,mean + 2 s.d. after unimodal BIC
0.0427027843078051,0.06206758431170774,False,mean + 2 s.d. after unimodal BIC
0.041322492289775,0.06206758431170774,False,mean + 2 s.d. after unimodal BIC
0.0450464051300853,0.06206758431170774,False,mean + 2 s.d. after unimodal BIC
0.0428393757054226,0.06206758431170774,False,mean + 2 s.d. after unimodal BIC
0.0498989942559722,0.06206758431170774,False,mean + 2 s.d. after unimodal BIC
0.0511139387926758,0.06206758431170774,False,mean + 2 s.d. after unimodal BIC
0.0446294419163054,0.06206758431170774,False,mean + 2 s.d. after unimodal BIC
0.0444353383512699,0.06206758431170774,False,mean + 2 s.d. after unimodal BIC
0.0436876801748369,0.06206758431170774,False,mean + 2 s.d. after unimodal BIC
0.0466064226712963,0.06206758431170774,False,mean + 2 s.d. after unimodal BIC
0.0366568177079963,0.06206758431170774,False,mean + 2 s.d. after unimodal BIC
0.0440830763258351,0.06206758431170774,False,mean + 2 s.d. after unimodal BIC
0.049712079711864,0.06206758431170774,False,mean + 2 s.d. after unimodal BIC
0.0453339659671749,0.06206758431170774,False,mean + 2 s.d. after unimodal BIC
0.0522354260573252,0.06206758431170774,False,mean + 2 s.d. after unimodal BIC
0.0414231385827564,0.06206758431170774,False,mean + 2 s.d. after unimodal BIC
0.0371528601519759,0.06206758431170774,False,mean + 2 s.d. after unimodal BIC
0.0551973026793481,0.06206758431170774,False,mean + 2 s.d. after unimodal BIC
0.0376992257424461,0.06206758431170774,False,mean + 2 s.d. after unimodal BIC
0.0392017311162392,0.06206758431170774,False,mean + 2 s.d. after unimodal BIC
0.046297294771425,0.06206758431170774,False,mean + 2 s.d. after unimodal BIC
0.0647515114916499,0.06206758431170774,True,mean + 2 s.d. after unimodal BIC
0.0476056965801827,0.06206758431170774,False,mean + 2 s.d. after unimodal BIC
0.043838649614309,0.06206758431170774,False,mean + 2 s.d. after unimodal BIC
0.0441118324095441,0.06206758431170774,False,mean + 2 s.d. after unimodal BIC
0.0416747543152098,0.06206758431170774,False,mean + 2 s.d. after unimodal BIC
0.043119747521585,0.06206758431170774,False,mean + 2 s.d. after unimodal BIC
0.0531124866104485,0.06206758431170774,False,mean + 2 s.d. after unimodal BIC
0.0395899382463102,0.06206758431170774,False,mean + 2 s.d. after unimodal BIC
0.0476200746220372,0.06206758431170774,False,mean + 2 s.d. after unimodal BIC
0.0415381629175922,0.06206758431170774,False,mean + 2 s.d. after unimodal BIC
0.0422858210940252,0.06206758431170774,False,mean + 2 s.d. after unimodal BIC
0.0398631210415453,0.06206758431170774,False,mean + 2 s.d. after unimodal BIC
0.0405964011761238,0.06206758431170774,False,mean + 2 s.d. after unimodal BIC
0.0414087605409019,0.06206758431170774,False,mean + 2 s.d. after unimodal BIC
0.0424439795544244,0.06206758431170774,False,mean + 2 s.d. after unimodal BIC
0.047555373433692,0.06206758431170774,False,mean + 2 s.d. after unimodal BIC
0.0385690972746421,0.06206758431170774,False,mean + 2 s.d. after unimodal BIC
0.0403088403390342,0.06206758431170774,False,mean + 2 s.d. after unimodal BIC
0.0467861481944773,0.06206758431170774,False,mean + 2 s.d. after unimodal BIC
0.0377998720354274,0.06206758431170774,False,mean + 2 s.d. after unimodal BIC
0.0407689376783775,0.06206758431170774,False,mean + 2 s.d. after unimodal BIC
0.0502728233441887,0.06206758431170774,False,mean + 2 s.d. after unimodal BIC
0.0462397826040071,0.06206758431170774,False,mean + 2 s.d. after unimodal BIC
0.044888246669686,0.06206758431170774,False,mean + 2 s.d. after unimodal BIC
0.0487271838448321,0.06206758431170774,False,mean + 2 s.d. after unimodal BIC
0.0413800044571929,0.06206758431170774,False,mean + 2 s.d. after unimodal BIC
0.047763855040582,0.06206758431170774,False,mean + 2 s.d. after unimodal BIC
0.0357366230293096,0.06206758431170774,False,mean + 2 s.d. after unimodal BIC
0.0557005341442548,0.06206758431170774,False,mean + 2 s.d. after unimodal BIC
0.0522641821410342,0.06206758431170774,False,mean + 2 s.d. after unimodal BIC
0.0393814566394202,0.06206758431170774,False,mean + 2 s.d. after unimodal BIC
0.0441837226188165,0.06206758431170774,False,mean + 2 s.d. after unimodal BIC
0.043479198567947,0.06206758431170774,False,mean + 2 s.d. after unimodal BIC
0.0509773473950582,0.06206758431170774,False,mean + 2 s.d. after unimodal BIC
0.0448163564604136,0.06206758431170774,False,mean + 2 s.d. after unimodal BIC
0.0446581980000143,0.06206758431170774,False,mean + 2 s.d. after unimodal BIC
0.0529255720663402,0.06206758431170774,False,mean + 2 s.d. after unimodal BIC
0.0418976139639542,0.06206758431170774,False,mean + 2 s.d. after unimodal BIC
0.0526164441664689,0.06206758431170774,False,mean + 2 s.d. after unimodal BIC
0.0343491419903523,0.06206758431170774,False,mean + 2 s.d. after unimodal BIC
0.0368365432311773,0.06206758431170774,False,mean + 2 s.d. after unimodal BIC
0.0473684588895838,0.06206758431170774,False,mean + 2 s.d. after unimodal BIC
0.0582957706989885,0.06206758431170774,False,mean + 2 s.d. after unimodal BIC
0.0498414820885543,0.06206758431170774,False,mean + 2 s.d. after unimodal BIC
0.0453627220508838,0.06206758431170774,False,mean + 2 s.d. after unimodal BIC
0.0445863077907419,0.06206758431170774,False,mean + 2 s.d. after unimodal BIC
0.054356187230861,0.06206758431170774,False,mean + 2 s.d. after unimodal BIC
0.0439968080747083,0.06206758431170774,False,mean + 2 s.d. after unimodal BIC
0.0513511764832747,0.06206758431170774,False,mean + 2 s.d. after unimodal BIC
0.0316316920798556,0.06206758431170774,False,mean + 2 s.d. after unimodal BIC
0.0490866348911941,0.06206758431170774,False,mean + 2 s.d. after unimodal BIC
0.0413584373944112,0.06206758431170774,False,mean + 2 s.d. after unimodal BIC
0.03904357265584,0.06206758431170774,False,mean + 2 s.d. after unimodal BIC
0.0502440672604797,0.06206758431170774,False,mean + 2 s.d. after unimodal BIC
0.0560527961696896,0.06206758431170774,False,mean + 2 s.d. after unimodal BIC
0.0506250853696235,0.06206758431170774,False,mean + 2 s.d. after unimodal BIC
0.0601505380982164,0.06206758431170774,False,mean + 2 s.d. after unimodal BIC
0.0388135239861683,0.06206758431170774,False,mean + 2 s.d. after unimodal BIC
0.0479651476265447,0.06206758431170774,False,mean + 2 s.d. after unimodal BIC
0.0504094147418063,0.06206758431170774,False,mean + 2 s.d. after unimodal BIC
0.0414447056455381,0.06206758431170774,False,mean + 2 s.d. after unimodal BIC
0.0369947016915766,0.06206758431170774,False,mean + 2 s.d. after unimodal BIC
0.0444281493303427,0.06206758431170774,False,mean + 2 s.d. after unimodal BIC
0.0540973824774803,0.06206758431170774,False,mean + 2 s.d. after unimodal BIC
0.0565847837183054,0.06206758431170774,False,mean + 2 s.d. after unimodal BIC
0.0431556926262212,0.06206758431170774,False,mean + 2 s.d. after unimodal BIC
0.039704962581146,0.06206758431170774,False,mean + 2 s.d. after unimodal BIC
0.0464123191062609,0.06206758431170774,False,mean + 2 s.d. after unimodal BIC
0.0524798527688514,0.06206758431170774,False,mean + 2 s.d. after unimodal BIC
0.0455136914903559,0.06206758431170774,False,mean + 2 s.d. after unimodal BIC
0.0391442189488213,0.06206758431170774,False,mean + 2 s.d. after unimodal BIC
0.0349314526854587,0.06206758431170774,False,mean + 2 s.d. after unimodal BIC
0.0420054492778628,0.06206758431170774,False,mean + 2 s.d. after unimodal BIC
0.0480154707730354,0.06206758431170774,False,mean + 2 s.d. after unimodal BIC
0.0535510168870101,0.06206758431170774,False,mean + 2 s.d. after unimodal BIC
0.0437092472376187,0.06206758431170774,False,mean + 2 s.d. after unimodal BIC
0.0465776665875874,0.06206758431170774,False,mean + 2 s.d. after unimodal BIC
0.0389141702791496,0.06206758431170774,False,mean + 2 s.d. after unimodal BIC
0.040963041243413,0.06206758431170774,False,mean + 2 s.d. after unimodal BIC
0.0441262104513986,0.06206758431170774,False,mean + 2 s.d. after unimodal BIC
0.0507113536207503,0.06206758431170774,False,mean + 2 s.d. after unimodal BIC
0.0440543202421262,0.06206758431170774,False,mean + 2 s.d. after unimodal BIC
0.0390291946139855,0.06206758431170774,False,mean + 2 s.d. after unimodal BIC
0.0406970474691051,0.06206758431170774,False,mean + 2 s.d. after unimodal BIC
0.0442628018490161,0.06206758431170774,False,mean + 2 s.d. after unimodal BIC
0.0498702381722633,0.06206758431170774,False,mean + 2 s.d. after unimodal BIC
0.0407114255109596,0.06206758431170774,False,mean + 2 s.d. after unimodal BIC
0.0515812251529464,0.06206758431170774,False,mean + 2 s.d. after unimodal BIC
0.034399465136843,0.06206758431170774,False,mean + 2 s.d. after unimodal BIC
0.0510061034787672,0.06206758431170774,False,mean + 2 s.d. after unimodal BIC
0.0407401815946686,0.06206758431170774,False,mean + 2 s.d. after unimodal BIC
0.0376848477005916,0.06206758431170774,False,mean + 2 s.d. after unimodal BIC
0.0503734696371701,0.06206758431170774,False,mean + 2 s.d. after unimodal BIC
0.0477998001452182,0.06206758431170774,False,mean + 2 s.d. after unimodal BIC
0.0462182155412254,0.06206758431170774,False,mean + 2 s.d. after unimodal BIC
0.0470305749060035,0.06206758431170774,False,mean + 2 s.d. after unimodal BIC
0.0587486790174046,0.06206758431170774,False,mean + 2 s.d. after unimodal BIC
0.0412865471851388,0.06206758431170774,False,mean + 2 s.d. after unimodal BIC
0.0376345245541009,0.06206758431170774,False,mean + 2 s.d. after unimodal BIC
0.0396330723718736,0.06206758431170774,False,mean + 2 s.d. after unimodal BIC
0.0431413145843667,0.06206758431170774,False,mean + 2 s.d. after unimodal BIC
0.0436373570283463,0.06206758431170774,False,mean + 2 s.d. after unimodal BIC
0.0403879195692338,0.06206758431170774,False,mean + 2 s.d. after unimodal BIC
0.043989619053781,0.06206758431170774,False,mean + 2 s.d. after unimodal BIC
0.0307186864220961,0.06206758431170774,False,mean + 2 s.d. after unimodal BIC
0.045995355892481,0.06206758431170774,False,mean + 2 s.d. after unimodal BIC
0.0478573123126361,0.06206758431170774,False,mean + 2 s.d. after unimodal BIC
0.0497336467746457,0.06206758431170774,False,mean + 2 s.d. after unimodal BIC
0.0420054492778628,0.06206758431170774,False,mean + 2 s.d. after unimodal BIC
0.0424799246590606,0.06206758431170774,False,mean + 2 s.d. after unimodal BIC
0.0425230587846241,0.06206758431170774,False,mean + 2 s.d. after unimodal BIC
0.0431988267517846,0.06206758431170774,False,mean + 2 s.d. after unimodal BIC
0.0443706371629247,0.06206758431170774,False,mean + 2 s.d. after unimodal BIC
0.0444209603094154,0.06206758431170774,False,mean + 2 s.d. after unimodal BIC
0.0396762064974371,0.06206758431170774,False,mean + 2 s.d. after unimodal BIC
0.0411499557875213,0.06206758431170774,False,mean + 2 s.d. after unimodal BIC
0.0518544079481815,0.06206758431170774,False,mean + 2 s.d. after unimodal BIC
0.0431269365425122,0.06206758431170774,False,mean + 2 s.d. after unimodal BIC
0.0487199948239049,0.06206758431170774,False,mean + 2 s.d. after unimodal BIC
0.0480729829404533,0.06206758431170774,False,mean + 2 s.d. after unimodal BIC
0.0477926111242909,0.06206758431170774,False,mean + 2 s.d. after unimodal BIC
0.0539751691217173,0.06206758431170774,False,mean + 2 s.d. after unimodal BIC
0.0441765335978893,0.06206758431170774,False,mean + 2 s.d. after unimodal BIC
0.0388782251745134,0.06206758431170774,False,mean + 2 s.d. after unimodal BIC
0.0619190372463174,0.06206758431170774,False,mean + 2 s.d. after unimodal BIC
0.0468580384037497,0.06206758431170774,False,mean + 2 s.d. after unimodal BIC
0.0542195958332434,0.06206758431170774,False,mean + 2 s.d. after unimodal BIC
0.0426524611613144,0.06206758431170774,False,mean + 2 s.d. after unimodal BIC
0.0457221730972458,0.06206758431170774,False,mean + 2 s.d. after unimodal BIC
0.0443346920582885,0.06206758431170774,False,mean + 2 s.d. after unimodal BIC
0.0396905845392915,0.06206758431170774,False,mean + 2 s.d. after unimodal BIC
0.0449026247115405,0.06206758431170774,False,mean + 2 s.d. after unimodal BIC
0.0455855816996283,0.06206758431170774,False,mean + 2 s.d. after unimodal BIC
0.0554561074327287,0.06206758431170774,False,mean + 2 s.d. after unimodal BIC
0.0464842093155333,0.06206758431170774,False,mean + 2 s.d. after unimodal BIC
0.0524223406014334,0.06206758431170774,False,mean + 2 s.d. after unimodal BIC
0.042192363821971,0.06206758431170774,False,mean + 2 s.d. after unimodal BIC
0.0495107871259013,0.06206758431170774,False,mean + 2 s.d. after unimodal BIC
0.0405964011761238,0.06206758431170774,False,mean + 2 s.d. after unimodal BIC
0.044557551707033,0.06206758431170774,False,mean + 2 s.d. after unimodal BIC
0.0458731425367179,0.06206758431170774,False,mean + 2 s.d. after unimodal BIC
0.0460816241436078,0.06206758431170774,False,mean + 2 s.d. after unimodal BIC
0.0431413145843667,0.06206758431170774,False,mean + 2 s.d. after unimodal BIC
0.0593381787334382,0.06206758431170774,False,mean + 2 s.d. after unimodal BIC
0.0462541606458616,0.06206758431170774,False,mean + 2 s.d. after unimodal BIC
0.040244139150689,0.06206758431170774,False,mean + 2 s.d. after unimodal BIC
0.0467645811316956,0.06206758431170774,False,mean + 2 s.d. after unimodal BIC
0.0479867146893264,0.06206758431170774,False,mean + 2 s.d. after unimodal BIC
0.0535078827614467,0.06206758431170774,False,mean + 2 s.d. after unimodal BIC
0.0490075556609945,0.06206758431170774,False,mean + 2 s.d. after unimodal BIC
0.0531412426941574,0.06206758431170774,False,mean + 2 s.d. after unimodal BIC
0.051149883897312,0.06206758431170774,False,mean + 2 s.d. after unimodal BIC
0.0505460061394238,0.06206758431170774,False,mean + 2 s.d. after unimodal BIC
0.0451614294649211,0.06206758431170774,False,mean + 2 s.d. after unimodal BIC
0.0413943824990474,0.06206758431170774,False,mean + 2 s.d. after unimodal BIC
0.0369371895241587,0.06206758431170774,False,mean + 2 s.d. after unimodal BIC
0.0469514956758039,0.06206758431170774,False,mean + 2 s.d. after unimodal BIC
0.036167964284944,0.06206758431170774,False,mean + 2 s.d. after unimodal BIC
0.0408552059295044,0.06206758431170774,False,mean + 2 s.d. after unimodal BIC
0.042192363821971,0.06206758431170774,False,mean + 2 s.d. after unimodal BIC
0.044917002753395,0.06206758431170774,False,mean + 2 s.d. after unimodal BIC
0.0438098935306,0.06206758431170774,False,mean + 2 s.d. after unimodal BIC
0.0534072364684653,0.06206758431170774,False,mean + 2 s.d. after unimodal BIC
0.0469946298013673,0.06206758431170774,False,mean + 2 s.d. after unimodal BIC
0.0468867944874587,0.06206758431170774,False,mean + 2 s.d. after unimodal BIC
0.0457724962437365,0.06206758431170774,False,mean + 2 s.d. after unimodal BIC
0.0421995528428983,0.06206758431170774,False,mean + 2 s.d. after unimodal BIC
0.0499277503396812,0.06206758431170774,False,mean + 2 s.d. after unimodal BIC
0.0437164362585459,0.06206758431170774,False,mean + 2 s.d. after unimodal BIC
0.037907707349336,0.06206758431170774,False,mean + 2 s.d. after unimodal BIC
0.0511067497717485,0.06206758431170774,False,mean + 2 s.d. after unimodal BIC
0.0449960819835946,0.06206758431170774,False,mean + 2 s.d. after unimodal BIC
0.0417969676709728,0.06206758431170774,False,mean + 2 s.d. after unimodal BIC
0.0507976218718772,0.06206758431170774,False,mean + 2 s.d. after unimodal BIC
0.0503231464906794,0.06206758431170774,False,mean + 2 s.d. after unimodal BIC
0.0460528680598989,0.06206758431170774,False,mean + 2 s.d. after unimodal BIC
0.0538960898915176,0.06206758431170774,False,mean + 2 s.d. after unimodal BIC
0.0399925234182356,0.06206758431170774,False,mean + 2 s.d. after unimodal BIC
0.0497480248165002,0.06206758431170774,False,mean + 2 s.d. after unimodal BIC
0.0452836428206842,0.06206758431170774,False,mean + 2 s.d. after unimodal BIC
0.0386194204211328,0.06206758431170774,False,mean + 2 s.d. after unimodal BIC
0.0473540808477293,0.06206758431170774,False,mean + 2 s.d. after unimodal BIC
0.0384181278351701,0.06206758431170774,False,mean + 2 s.d. after unimodal BIC
0.0514446337553288,0.06206758431170774,False,mean + 2 s.d. after unimodal BIC
0.0389069812582224,0.06206758431170774,False,mean + 2 s.d. after unimodal BIC
0.0376920367215189,0.06206758431170774,False,mean + 2 s.d. after unimodal BIC
0.040244139150689,0.06206758431170774,False,mean + 2 s.d. after unimodal BIC
0.0421779857801166,0.06206758431170774,False,mean + 2 s.d. after unimodal BIC
0.0499708844652446,0.06206758431170774,False,mean + 2 s.d. after unimodal BIC
0.0473325137849476,0.06206758431170774,False,mean + 2 s.d. after unimodal BIC
0.0341406603834623,0.06206758431170774,False,mean + 2 s.d. after unimodal BIC
0.0404885658622152,0.06206758431170774,False,mean + 2 s.d. after unimodal BIC
0.0492160372678844,0.06206758431170774,False,mean + 2 s.d. after unimodal BIC
0.0458300084111544,0.06206758431170774,False,mean + 2 s.d. after unimodal BIC
0.0407545596365231,0.06206758431170774,False,mean + 2 s.d. after unimodal BIC
0.04560714876241,0.06206758431170774,False,mean + 2 s.d. after unimodal BIC
0.0411068216619578,0.06206758431170774,False,mean + 2 s.d. after unimodal BIC
0.0475409953918375,0.06206758431170774,False,mean + 2 s.d. after unimodal BIC
0.0429759671030402,0.06206758431170774,False,mean + 2 s.d. after unimodal BIC
0.0443346920582885,0.06206758431170774,False,mean + 2 s.d. after unimodal BIC
0.0438458386352362,0.06206758431170774,False,mean + 2 s.d. after unimodal BIC
0.0462829167295706,0.06206758431170774,False,mean + 2 s.d. after unimodal BIC
0.0391873530743848,0.06206758431170774,False,mean + 2 s.d. after unimodal BIC
0.0507041645998231,0.06206758431170774,False,mean + 2 s.d. after unimodal BIC
0.0447732223348502,0.06206758431170774,False,mean + 2 s.d. after unimodal BIC
0.0423792783660793,0.06206758431170774,False,mean + 2 s.d. after unimodal BIC
0.0461103802273168,0.06206758431170774,False,mean + 2 s.d. after unimodal BIC
0.0541117605193348,0.06206758431170774,False,mean + 2 s.d. after unimodal BIC
0.0478069891661454,0.06206758431170774,False,mean + 2 s.d. after unimodal BIC
0.0440399422002717,0.06206758431170774,False,mean + 2 s.d. after unimodal BIC
0.0457293621181731,0.06206758431170774,False,mean + 2 s.d. after unimodal BIC
0.0369947016915766,0.06206758431170774,False,mean + 2 s.d. after unimodal BIC
0.0452117526114118,0.06206758431170774,False,mean + 2 s.d. after unimodal BIC
0.0442987469536523,0.06206758431170774,False,mean + 2 s.d. after unimodal BIC
0.0433497961912567,0.06206758431170774,False,mean + 2 s.d. after unimodal BIC
0.0509557803322765,0.06206758431170774,False,mean + 2 s.d. after unimodal BIC
0.0520341334713625,0.06206758431170774,False,mean + 2 s.d. after unimodal BIC
0.0406826694272507,0.06206758431170774,False,mean + 2 s.d. after unimodal BIC
0.0414950287920288,0.06206758431170774,False,mean + 2 s.d. after unimodal BIC
0.0423001991358796,0.06206758431170774,False,mean + 2 s.d. after unimodal BIC
0.0476632087476006,0.06206758431170774,False,mean + 2 s.d. after unimodal BIC
0.0452836428206842,0.06206758431170774,False,mean + 2 s.d. after unimodal BIC
0.0465848556085146,0.06206758431170774,False,mean + 2 s.d. after unimodal BIC
0.0446222528953781,0.06206758431170774,False,mean + 2 s.d. after unimodal BIC
0.046656745817787,0.06206758431170774,False,mean + 2 s.d. after unimodal BIC
0.0398271759369091,0.06206758431170774,False,mean + 2 s.d. after unimodal BIC
0.0535510168870101,0.06206758431170774,False,mean + 2 s.d. after unimodal BIC
0.0479723366474719,0.06206758431170774,False,mean + 2 s.d. after unimodal BIC
0.038655365525769,0.06206758431170774,False,mean + 2 s.d. after unimodal BIC
0.0439608629700721,0.06206758431170774,False,mean + 2 s.d. after unimodal BIC
0.0433066620656932,0.06206758431170774,False,mean + 2 s.d. after unimodal BIC
0.040783315720232,0.06206758431170774,False,mean + 2 s.d. after unimodal BIC
0.0461966484784437,0.06206758431170774,False,mean + 2 s.d. after unimodal BIC
0.048454001049597,0.06206758431170774,False,mean + 2 s.d. after unimodal BIC
0.0487775069913228,0.06206758431170774,False,mean + 2 s.d. after unimodal BIC
0.0457509291809548,0.06206758431170774,False,mean + 2 s.d. after unimodal BIC
0.0437739484259638,0.06206758431170774,False,mean + 2 s.d. after unimodal BIC
0.0550966563863667,0.06206758431170774,False,mean + 2 s.d. after unimodal BIC
0.0460744351226806,0.06206758431170774,False,mean + 2 s.d. after unimodal BIC
0.0414662727083198,0.06206758431170774,False,mean + 2 s.d. after unimodal BIC
0.0407976937620865,0.06206758431170774,False,mean + 2 s.d. after unimodal BIC
0.0438458386352362,0.06206758431170774,False,mean + 2 s.d. after unimodal BIC
0.0420557724243535,0.06206758431170774,False,mean + 2 s.d. after unimodal BIC
0.0262327373634984,0.06206758431170774,False,mean + 2 s.d. after unimodal BIC
0.0513943106088381,0.06206758431170774,False,mean + 2 s.d. after unimodal BIC
0.0234362082228021,0.06206758431170774,False,mean + 2 s.d. after unimodal BIC
0.0505603841812783,0.06206758431170774,False,mean + 2 s.d. after unimodal BIC
0.0383965607723884,0.06206758431170774,False,mean + 2 s.d. after unimodal BIC
0.0417466445244822,0.06206758431170774,False,mean + 2 s.d. after unimodal BIC
0.0567501311996319,0.06206758431170774,False,mean + 2 s.d. after unimodal BIC
0.0389573044047131,0.06206758431170774,False,mean + 2 s.d. after unimodal BIC
0.0360169948454719,0.06206758431170774,False,mean + 2 s.d. after unimodal BIC
0.045096728276576,0.06206758431170774,False,mean + 2 s.d. after unimodal BIC
0.0407473706155958,0.06206758431170774,False,mean + 2 s.d. after unimodal BIC
0.0489140983889404,0.06206758431170774,False,mean + 2 s.d. after unimodal BIC
0.0411355777456668,0.06206758431170774,False,mean + 2 s.d. after unimodal BIC
0.0436157899655645,0.06206758431170774,False,mean + 2 s.d. after unimodal BIC
0.0363764458918339,0.06206758431170774,False,mean + 2 s.d. after unimodal BIC
0.0472462455338207,0.06206758431170774,False,mean + 2 s.d. after unimodal BIC
0.043119747521585,0.06206758431170774,False,mean + 2 s.d. after unimodal BIC
0.0488350191587407,0.06206758431170774,False,mean + 2 s.d. after unimodal BIC
0.0403088403390342,0.06206758431170774,False,mean + 2 s.d. after unimodal BIC
0.0428825098309861,0.06206758431170774,False,mean + 2 s.d. after unimodal BIC
0.0288064068554503,0.06206758431170774,False,mean + 2 s.d. after unimodal BIC
0.0458803315576451,0.06206758431170774,False,mean + 2 s.d. after unimodal BIC
0.0433929303168201,0.06206758431170774,False,mean + 2 s.d. after unimodal BIC
0.0589859167080035,0.06206758431170774,False,mean + 2 s.d. after unimodal BIC
0.0277639988210005,0.06206758431170774,False,mean + 2 s.d. after unimodal BIC
0.0440686982839807,0.06206758431170774,False,mean + 2 s.d. after unimodal BIC
0.0443418810792158,0.06206758431170774,False,mean + 2 s.d. after unimodal BIC
0.0492232262888117,0.06206758431170774,False,mean + 2 s.d. after unimodal BIC
0.0479723366474719,0.06206758431170774,False,mean + 2 s.d. after unimodal BIC
0.0477279099359458,0.06206758431170774,False,mean + 2 s.d. after unimodal BIC
0.0461319472900985,0.06206758431170774,False,mean + 2 s.d. after unimodal BIC
0.0451901855486301,0.06206758431170774,False,mean + 2 s.d. after unimodal BIC
0.041322492289775,0.06206758431170774,False,mean + 2 s.d. after unimodal BIC
0.0482167633589981,0.06206758431170774,False,mean + 2 s.d. after unimodal BIC
0.0476919648313096,0.06206758431170774,False,mean + 2 s.d. after unimodal BIC
0.049381384749211,0.06206758431170774,False,mean + 2 s.d. after unimodal BIC
0.0502872013860432,0.06206758431170774,False,mean + 2 s.d. after unimodal BIC
0.0469227395920949,0.06206758431170774,False,mean + 2 s.d. after unimodal BIC
0.0496330004816644,0.06206758431170774,False,mean + 2 s.d. after unimodal BIC
0.037907707349336,0.06206758431170774,False,mean + 2 s.d. after unimodal BIC
0.0392664323045844,0.06206758431170774,False,mean + 2 s.d. after unimodal BIC
0.0489069093680131,0.06206758431170774,False,mean + 2 s.d. after unimodal BIC
0.0510061034787672,0.06206758431170774,False,mean + 2 s.d. after unimodal BIC
0.0517609506761274,0.06206758431170774,False,mean + 2 s.d. after unimodal BIC
0.0468508493828225,0.06206758431170774,False,mean + 2 s.d. after unimodal BIC
0.0452045635904846,0.06206758431170774,False,mean + 2 s.d. after unimodal BIC
0.0507257316626048,0.06206758431170774,False,mean + 2 s.d. after unimodal BIC
0.0489572325145038,0.06206758431170774,False,mean + 2 s.d. after unimodal BIC
0.0481736292334347,0.06206758431170774,False,mean + 2 s.d. after unimodal BIC
0.0417754006081911,0.06206758431170774,False,mean + 2 s.d. after unimodal BIC
0.0424511685753517,0.06206758431170774,False,mean + 2 s.d. after unimodal BIC
0.042609327035751,0.06206758431170774,False,mean + 2 s.d. after unimodal BIC
0.0393239444720023,0.06206758431170774,False,mean + 2 s.d. after unimodal BIC
0.0450248380673036,0.06206758431170774,False,mean + 2 s.d. after unimodal BIC
0.0391154628651124,0.06206758431170774,False,mean + 2 s.d. after unimodal BIC
0.0382384023119891,0.06206758431170774,False,mean + 2 s.d. after unimodal BIC
0.0498271040466998,0.06206758431170774,False,mean + 2 s.d. after unimodal BIC
0.0457653072228093,0.06206758431170774,False,mean + 2 s.d. after unimodal BIC
0.0551541685537846,0.06206758431170774,False,mean + 2 s.d. after unimodal BIC
0.0448235454813409,0.06206758431170774,False,mean + 2 s.d. after unimodal BIC
0.0328682036793409,0.06206758431170774,False,mean + 2 s.d. after unimodal BIC
0.0432779059819843,0.06206758431170774,False,mean + 2 s.d. after unimodal BIC
0.043119747521585,0.06206758431170774,False,mean + 2 s.d. after unimodal BIC
0.043630168007419,0.06206758431170774,False,mean + 2 s.d. after unimodal BIC
0.0458156303693,0.06206758431170774,False,mean + 2 s.d. after unimodal BIC
0.0503159574697522,0.06206758431170774,False,mean + 2 s.d. after unimodal BIC
0.0521779138899073,0.06206758431170774,False,mean + 2 s.d. after unimodal BIC
0.0437380033213276,0.06206758431170774,False,mean + 2 s.d. after unimodal BIC
0.0397624747485639,0.06206758431170774,False,mean + 2 s.d. after unimodal BIC
0.0420629614452807,0.06206758431170774,False,mean + 2 s.d. after unimodal BIC
0.0424439795544244,0.06206758431170774,False,mean + 2 s.d. after unimodal BIC
0.0451973745695573,0.06206758431170774,False,mean + 2 s.d. after unimodal BIC
0.0511283168345303,0.06206758431170774,False,mean + 2 s.d. after unimodal BIC
0.0499708844652446,0.06206758431170774,False,mean + 2 s.d. after unimodal BIC
0.0559018267302176,0.06206758431170774,False,mean + 2 s.d. after unimodal BIC
0.044198100660671,0.06206758431170774,False,mean + 2 s.d. after unimodal BIC
0.0460384900180444,0.06206758431170774,False,mean + 2 s.d. after unimodal BIC
0.0503159574697522,0.06206758431170774,False,mean + 2 s.d. after unimodal BIC
0.0482095743380708,0.06206758431170774,False,mean + 2 s.d. after unimodal BIC
0.0434863875888742,0.06206758431170774,False,mean + 2 s.d. after unimodal BIC
0.0415165958548105,0.06206758431170774,False,mean + 2 s.d. after unimodal BIC
0.0426165160566782,0.06206758431170774,False,mean + 2 s.d. after unimodal BIC
0.0358516473641454,0.06206758431170774,False,mean + 2 s.d. after unimodal BIC
0.0366280616242873,0.06206758431170774,False,mean + 2 s.d. after unimodal BIC
0.0539032789124449,0.06206758431170774,False,mean + 2 s.d. after unimodal BIC
0.0513583655042019,0.06206758431170774,False,mean + 2 s.d. after unimodal BIC
0.0416100531268646,0.06206758431170774,False,mean + 2 s.d. after unimodal BIC
0.0369587565869404,0.06206758431170774,False,mean + 2 s.d. after unimodal BIC
0.0442196677234527,0.06206758431170774,False,mean + 2 s.d. after unimodal BIC
0.0365346043522332,0.06206758431170774,False,mean + 2 s.d. after unimodal BIC
0.0473468918268021,0.06206758431170774,False,mean + 2 s.d. after unimodal BIC
0.0414662727083198,0.06206758431170774,False,mean + 2 s.d. after unimodal BIC
0.0485618363635056,0.06206758431170774,False,mean + 2 s.d. after unimodal BIC
0.0416244311687191,0.06206758431170774,False,mean + 2 s.d. after unimodal BIC
0.0294462297179747,0.06206758431170774,False,mean + 2 s.d. after unimodal BIC
0.0444425273721971,0.06206758431170774,False,mean + 2 s.d. after unimodal BIC
0.0390004385302765,0.06206758431170774,False,mean + 2 s.d. after unimodal BIC
0.0458443864530089,0.06206758431170774,False,mean + 2 s.d. after unimodal BIC
0.0468796054665315,0.06206758431170774,False,mean + 2 s.d. after unimodal BIC
0.0406611023644689,0.06206758431170774,False,mean + 2 s.d. after unimodal BIC
0.0403591634855249,0.06206758431170774,False,mean + 2 s.d. after unimodal BIC
0.0483964888821791,0.06206758431170774,False,mean + 2 s.d. after unimodal BIC
0.0466639348387143,0.06206758431170774,False,mean + 2 s.d. after unimodal BIC
0.0420054492778628,0.06206758431170774,False,mean + 2 s.d. after unimodal BIC
0.0507401097044593,0.06206758431170774,False,mean + 2 s.d. after unimodal BIC
0.053608529054428,0.06206758431170774,False,mean + 2 s.d. after unimodal BIC
0.0516674934040733,0.06206758431170774,False,mean + 2 s.d. after unimodal BIC
0.0498127260048454,0.06206758431170774,False,mean + 2 s.d. after unimodal BIC
0.0548522296748405,0.06206758431170774,False,mean + 2 s.d. after unimodal BIC
0.0498989942559722,0.06206758431170774,False,mean + 2 s.d. after unimodal BIC
0.0432419608773481,0.06206758431170774,False,mean + 2 s.d. after unimodal BIC
0.0389357373419314,0.06206758431170774,False,mean + 2 s.d. after unimodal BIC
0.0440615092630534,0.06206758431170774,False,mean + 2 s.d. after unimodal BIC
0.0428465647263499,0.06206758431170774,False,mean + 2 s.d. after unimodal BIC
0.0426524611613144,0.06206758431170774,False,mean + 2 s.d. after unimodal BIC
0.0370594028799217,0.06206758431170774,False,mean + 2 s.d. after unimodal BIC
0.0469443066548766,0.06206758431170774,False,mean + 2 s.d. after unimodal BIC
0.0499493174024629,0.06206758431170774,False,mean + 2 s.d. after unimodal BIC
0.0496330004816644,0.06206758431170774,False,mean + 2 s.d. after unimodal BIC
0.0496977016700095,0.06206758431170774,False,mean + 2 s.d. after unimodal BIC
0.0448235454813409,0.06206758431170774,False,mean + 2 s.d. after unimodal BIC
0.0506322743905507,0.06206758431170774,False,mean + 2 s.d. after unimodal BIC
0.0525661210199782,0.06206758431170774,False,mean + 2 s.d. after unimodal BIC
0.0432203938145663,0.06206758431170774,False,mean + 2 s.d. after unimodal BIC
0.0394389688068382,0.06206758431170774,False,mean + 2 s.d. after unimodal BIC
0.0602224283074888,0.06206758431170774,False,mean + 2 s.d. after unimodal BIC
0.0488206411168862,0.06206758431170774,False,mean + 2 s.d. after unimodal BIC
0.0422570650103162,0.06206758431170774,False,mean + 2 s.d. after unimodal BIC
0.0408408278876499,0.06206758431170774,False,mean + 2 s.d. after unimodal BIC
0.046865227424677,0.06206758431170774,False,mean + 2 s.d. after unimodal BIC
0.0430478573123126,0.06206758431170774,False,mean + 2 s.d. after unimodal BIC
0.0547731504446409,0.06206758431170774,False,mean + 2 s.d. after unimodal BIC
0.0444928505186878,0.06206758431170774,False,mean + 2 s.d. after unimodal BIC
0.033292355914048,0.06206758431170774,False,mean + 2 s.d. after unimodal BIC
0.0413368703316295,0.06206758431170774,False,mean + 2 s.d. after unimodal BIC
0.0440830763258351,0.06206758431170774,False,mean + 2 s.d. after unimodal BIC
0.0466495567968598,0.06206758431170774,False,mean + 2 s.d. after unimodal BIC
0.0444209603094154,0.06206758431170774,False,mean + 2 s.d. after unimodal BIC
0.0486840497192687,0.06206758431170774,False,mean + 2 s.d. after unimodal BIC
0.0439177288445086,0.06206758431170774,False,mean + 2 s.d. after unimodal BIC
0.0485187022379422,0.06206758431170774,False,mean + 2 s.d. after unimodal BIC
0.0413584373944112,0.06206758431170774,False,mean + 2 s.d. after unimodal BIC
0.05058195124406,0.06206758431170774,False,mean + 2 s.d. after unimodal BIC
0.0373900978425748,0.06206758431170774,False,mean + 2 s.d. after unimodal BIC
0.0390938958023306,0.06206758431170774,False,mean + 2 s.d. after unimodal BIC
0.0473181357430931,0.06206758431170774,False,mean + 2 s.d. after unimodal BIC
0.0489859885982128,0.06206758431170774,False,mean + 2 s.d. after unimodal BIC
0.0485187022379422,0.06206758431170774,False,mean + 2 s.d. after unimodal BIC
0.0327747464072867,0.06206758431170774,False,mean + 2 s.d. after unimodal BIC
0.0458515754739362,0.06206758431170774,False,mean + 2 s.d. after unimodal BIC
0.025262219538321,0.06206758431170774,False,mean + 2 s.d. after unimodal BIC
0.0433426071703294,0.06206758431170774,False,mean + 2 s.d. after unimodal BIC
0.0465273434410967,0.06206758431170774,False,mean + 2 s.d. after unimodal BIC
0.0441477775141803,0.06206758431170774,False,mean + 2 s.d. after unimodal BIC
0.0379292744121178,0.06206758431170774,False,mean + 2 s.d. after unimodal BIC
0.0397624747485639,0.06206758431170774,False,mean + 2 s.d. after unimodal BIC
0.0440255641584172,0.06206758431170774,False,mean + 2 s.d. after unimodal BIC
0.0473253247640203,0.06206758431170774,False,mean + 2 s.d. after unimodal BIC
0.0460600570808261,0.06206758431170774,False,mean + 2 s.d. after unimodal BIC
0.0478788793754178,0.06206758431170774,False,mean + 2 s.d. after unimodal BIC
0.0465417214829512,0.06206758431170774,False,mean + 2 s.d. after unimodal BIC
0.04201263829879,0.06206758431170774,False,mean + 2 s.d. after unimodal BIC
0.0402153830669801,0.06206758431170774,False,mean + 2 s.d. after unimodal BIC
0.047375647910511,0.06206758431170774,False,mean + 2 s.d. after unimodal BIC
0.0491800921632482,0.06206758431170774,False,mean + 2 s.d. after unimodal BIC
0.0539320349961538,0.06206758431170774,False,mean + 2 s.d. after unimodal BIC
0.0464913983364605,0.06206758431170774,False,mean + 2 s.d. after unimodal BIC
0.0453411549881021,0.06206758431170774,False,mean + 2 s.d. after unimodal BIC
0.0483605437775429,0.06206758431170774,False,mean + 2 s.d. after unimodal BIC
0.0455712036577738,0.06206758431170774,False,mean + 2 s.d. after unimodal BIC
0.0446006858325964,0.06206758431170774,False,mean + 2 s.d. after unimodal BIC
0.049532354188683,0.06206758431170774,False,mean + 2 s.d. after unimodal BIC
0.0509629693532037,0.06206758431170774,False,mean + 2 s.d. after unimodal BIC
0.0446725760418688,0.06206758431170774,False,mean + 2 s.d. after unimodal BIC
0.0415525409594467,0.06206758431170774,False,mean + 2 s.d. after unimodal BIC
0.0479795256683992,0.06206758431170774,False,mean + 2 s.d. after unimodal BIC
0.0464482642108971,0.06206758431170774,False,mean + 2 s.d. after unimodal BIC
0.0507185426416776,0.06206758431170774,False,mean + 2 s.d. after unimodal BIC
0.0395683711835285,0.06206758431170774,False,mean + 2 s.d. after unimodal BIC
0.0423145771777341,0.06206758431170774,False,mean + 2 s.d. after unimodal BIC
0.0534719376568105,0.06206758431170774,False,mean + 2 s.d. after unimodal BIC
0.0493310616027203,0.06206758431170774,False,mean + 2 s.d. after unimodal BIC
0.0376920367215189,0.06206758431170774,False,mean + 2 s.d. after unimodal BIC
0.0413153032688478,0.06206758431170774,False,mean + 2 s.d. after unimodal BIC
0.0521563468271256,0.06206758431170774,False,mean + 2 s.d. after unimodal BIC
0.0474691051825651,0.06206758431170774,False,mean + 2 s.d. after unimodal BIC
0.0495467322305375,0.06206758431170774,False,mean + 2 s.d. after unimodal BIC
0.0503734696371701,0.06206758431170774,False,mean + 2 s.d. after unimodal BIC
0.0431700706680757,0.06206758431170774,False,mean + 2 s.d. after unimodal BIC
0.0473037577012386,0.06206758431170774,False,mean + 2 s.d. after unimodal BIC
0.0452405086951208,0.06206758431170774,False,mean + 2 s.d. after unimodal BIC
0.0522857492038159,0.06206758431170774,False,mean + 2 s.d. after unimodal BIC
0.0428681317891316,0.06206758431170774,False,mean + 2 s.d. after unimodal BIC
0.0478645013335633,0.06206758431170774,False,mean + 2 s.d. after unimodal BIC
0.0418257237546818,0.06206758431170774,False,mean + 2 s.d. after unimodal BIC
0.0606537695631232,0.06206758431170774,False,mean + 2 s.d. after unimodal BIC
0.0415237848757377,0.06206758431170774,False,mean + 2 s.d. after unimodal BIC
0.0258445302334275,0.06206758431170774,False,mean + 2 s.d. after unimodal BIC
0.0439608629700721,0.06206758431170774,False,mean + 2 s.d. after unimodal BIC
0.0460888131645351,0.06206758431170774,False,mean + 2 s.d. after unimodal BIC
0.043989619053781,0.06206758431170774,False,mean + 2 s.d. after unimodal BIC
0.0501793660721346,0.06206758431170774,False,mean + 2 s.d. after unimodal BIC
0.0405460780296331,0.06206758431170774,False,mean + 2 s.d. after unimodal BIC
0.0443203140164341,0.06206758431170774,False,mean + 2 s.d. after unimodal BIC
0.0403879195692338,0.06206758431170774,False,mean + 2 s.d. after unimodal BIC
0.0438530276561635,0.06206758431170774,False,mean + 2 s.d. after unimodal BIC
0.0460241119761899,0.06206758431170774,False,mean + 2 s.d. after unimodal BIC
0.0462829167295706,0.06206758431170774,False,mean + 2 s.d. after unimodal BIC
0.0468724164456042,0.06206758431170774,False,mean + 2 s.d. after unimodal BIC
0.0444856614977606,0.06206758431170774,False,mean + 2 s.d. after unimodal BIC
0.0452692647788297,0.06206758431170774,False,mean + 2 s.d. after unimodal BIC
0.0567429421787046,0.06206758431170774,False,mean + 2 s.d. after unimodal BIC
0.0432850950029115,0.06206758431170774,False,mean + 2 s.d. after unimodal BIC
0.0504453598464425,0.06206758431170774,False,mean + 2 s.d. after unimodal BIC
0.0530262183593216,0.06206758431170774,False,mean + 2 s.d. after unimodal BIC
0.0452836428206842,0.06206758431170774,False,mean + 2 s.d. after unimodal BIC
0.0443418810792158,0.06206758431170774,False,mean + 2 s.d. after unimodal BIC
0.0367358969381959,0.06206758431170774,False,mean + 2 s.d. after unimodal BIC
0.045096728276576,0.06206758431170774,False,mean + 2 s.d. after unimodal BIC
0.0463188618342068,0.06206758431170774,False,mean + 2 s.d. after unimodal BIC
0.0532562670289933,0.06206758431170774,False,mean + 2 s.d. after unimodal BIC
0.041832912775609,0.06206758431170774,False,mean + 2 s.d. after unimodal BIC
0.0501506099884256,0.06206758431170774,False,mean + 2 s.d. after unimodal BIC
0.0444065822675609,0.06206758431170774,False,mean + 2 s.d. after unimodal BIC
0.0465417214829512,0.06206758431170774,False,mean + 2 s.d. after unimodal BIC
0.0424152234707155,0.06206758431170774,False,mean + 2 s.d. after unimodal BIC
0.0526020661246144,0.06206758431170774,False,mean + 2 s.d. after unimodal BIC
0.0408408278876499,0.06206758431170774,False,mean + 2 s.d. after unimodal BIC
0.0425590038892603,0.06206758431170774,False,mean + 2 s.d. after unimodal BIC
0.0438530276561635,0.06206758431170774,False,mean + 2 s.d. after unimodal BIC
0.0412865471851388,0.06206758431170774,False,mean + 2 s.d. after unimodal BIC
0.0558802596674358,0.06206758431170774,False,mean + 2 s.d. after unimodal BIC
0.0548162845702043,0.06206758431170774,False,mean + 2 s.d. after unimodal BIC
0.0429903451448947,0.06206758431170774,False,mean + 2 s.d. after unimodal BIC
0.0312434849497846,0.06206758431170774,False,mean + 2 s.d. after unimodal BIC
0.045218941632339,0.06206758431170774,False,mean + 2 s.d. after unimodal BIC
0.0353699829620204,0.06206758431170774,False,mean + 2 s.d. after unimodal BIC
0.0456574719089007,0.06206758431170774,False,mean + 2 s.d. after unimodal BIC
0.0404885658622152,0.06206758431170774,False,mean + 2 s.d. after unimodal BIC
0.0265562433052242,0.06206758431170774,False,mean + 2 s.d. after unimodal BIC
0.0586911668499867,0.06206758431170774,False,mean + 2 s.d. after unimodal BIC
0.0415525409594467,0.06206758431170774,False,mean + 2 s.d. after unimodal BIC
0.0374691770727744,0.06206758431170774,False,mean + 2 s.d. after unimodal BIC
0.0407761266993048,0.06206758431170774,False,mean + 2 s.d. after unimodal BIC
0.0412434130595754,0.06206758431170774,False,mean + 2 s.d. after unimodal BIC
0.0513511764832747,0.06206758431170774,False,mean + 2 s.d. after unimodal BIC
0.0509629693532037,0.06206758431170774,False,mean + 2 s.d. after unimodal BIC
0.0452980208625387,0.06206758431170774,False,mean + 2 s.d. after unimodal BIC
0.0451326733812122,0.06206758431170774,False,mean + 2 s.d. after unimodal BIC
0.0416244311687191,0.06206758431170774,False,mean + 2 s.d. after unimodal BIC
0.0480082817521081,0.06206758431170774,False,mean + 2 s.d. after unimodal BIC
0.0403304074018159,0.06206758431170774,False,mean + 2 s.d. after unimodal BIC
0.050251256281407,0.06206758431170774,False,mean + 2 s.d. after unimodal BIC
0.031193161803294,0.06206758431170774,False,mean + 2 s.d. after unimodal BIC
0.0401003587321442,0.06206758431170774,False,mean + 2 s.d. after unimodal BIC
0.0558227475000179,0.06206758431170774,False,mean + 2 s.d. after unimodal BIC
0.054866607716695,0.06206758431170774,False,mean + 2 s.d. after unimodal BIC
0.0452333196741935,0.06206758431170774,False,mean + 2 s.d. after unimodal BIC
0.0467430140689139,0.06206758431170774,False,mean + 2 s.d. after unimodal BIC
0.042731540391514,0.06206758431170774,False,mean + 2 s.d. after unimodal BIC
0.0451470514230666,0.06206758431170774,False,mean + 2 s.d. after unimodal BIC
0.0478645013335633,0.06206758431170774,False,mean + 2 s.d. after unimodal BIC
0.0578284843387179,0.06206758431170774,False,mean + 2 s.d. after unimodal BIC
0.0351039891877125,0.06206758431170774,False,mean + 2 s.d. after unimodal BIC
0.0449385698161767,0.06206758431170774,False,mean + 2 s.d. after unimodal BIC
0.0440399422002717,0.06206758431170774,False,mean + 2 s.d. after unimodal BIC
0.041890424943027,0.06206758431170774,False,mean + 2 s.d. after unimodal BIC
0.0454705573647924,0.06206758431170774,False,mean + 2 s.d. after unimodal BIC
0.0496401895025916,0.06206758431170774,False,mean + 2 s.d. after unimodal BIC
0.0364052019755429,0.06206758431170774,False,mean + 2 s.d. after unimodal BIC
0.0442412347862344,0.06206758431170774,False,mean + 2 s.d. after unimodal BIC
0.0454346122601562,0.06206758431170774,False,mean + 2 s.d. after unimodal BIC
0.0526523892711051,0.06206758431170774,False,mean + 2 s.d. after unimodal BIC
0.0455640146368466,0.06206758431170774,False,mean + 2 s.d. after unimodal BIC
0.0498271040466998,0.06206758431170774,False,mean + 2 s.d. after unimodal BIC
0.0541261385611893,0.06206758431170774,False,mean + 2 s.d. after unimodal BIC
0.047016196864149,0.06206758431170774,False,mean + 2 s.d. after unimodal BIC
0.0416603762733553,0.06206758431170774,False,mean + 2 s.d. after unimodal BIC
0.0543202421262248,0.06206758431170774,False,mean + 2 s.d. after unimodal BIC
0.0478788793754178,0.06206758431170774,False,mean + 2 s.d. after unimodal BIC
0.0408408278876499,0.06206758431170774,False,mean + 2 s.d. after unimodal BIC
0.0424799246590606,0.06206758431170774,False,mean + 2 s.d. after unimodal BIC
0.0526236331873962,0.06206758431170774,False,mean + 2 s.d. after unimodal BIC
0.0418113457128273,0.06206758431170774,False,mean + 2 s.d. after unimodal BIC
0.0450248380673036,0.06206758431170774,False,mean + 2 s.d. after unimodal BIC
0.0424799246590606,0.06206758431170774,False,mean + 2 s.d. after unimodal BIC
0.0457653072228093,0.06206758431170774,False,mean + 2 s.d. after unimodal BIC
0.0437308143004004,0.06206758431170774,False,mean + 2 s.d. after unimodal BIC
0.043119747521585,0.06206758431170774,False,mean + 2 s.d. after unimodal BIC
0.0419048029848814,0.06206758431170774,False,mean + 2 s.d. after unimodal BIC
0.0485905924472146,0.06206758431170774,False,mean + 2 s.d. after unimodal BIC
0.0508838901230041,0.06206758431170774,False,mean + 2 s.d. after unimodal BIC
0.0425158697636968,0.06206758431170774,False,mean + 2 s.d. after unimodal BIC
0.0439824300328538,0.06206758431170774,False,mean + 2 s.d. after unimodal BIC
0.0271026088956944,0.06206758431170774,False,mean + 2 s.d. after unimodal BIC
0.0445647407279602,0.06206758431170774,False,mean + 2 s.d. after unimodal BIC
0.0472678125966024,0.06206758431170774,False,mean + 2 s.d. after unimodal BIC
0.05396798010079,0.06206758431170774,False,mean + 2 s.d. after unimodal BIC
0.0505603841812783,0.06206758431170774,False,mean + 2 s.d. after unimodal BIC
0.0591872092939662,0.06206758431170774,False,mean + 2 s.d. after unimodal BIC
0.041861668859318,0.06206758431170774,False,mean + 2 s.d. after unimodal BIC
0.0413440593525567,0.06206758431170774,False,mean + 2 s.d. after unimodal BIC
0.0535653949288646,0.06206758431170774,False,mean + 2 s.d. after unimodal BIC
0.0401291148158532,0.06206758431170774,False,mean + 2 s.d. after unimodal BIC
0.0504237927836607,0.06206758431170774,False,mean + 2 s.d. after unimodal BIC
0.0390795177604762,0.06206758431170774,False,mean + 2 s.d. after unimodal BIC
0.0482167633589981,0.06206758431170774,False,mean + 2 s.d. after unimodal BIC
0.043658924091128,0.06206758431170774,False,mean + 2 s.d. after unimodal BIC
0.0412218459967936,0.06206758431170774,False,mean + 2 s.d. after unimodal BIC
0.0440039970956355,0.06206758431170774,False,mean + 2 s.d. after unimodal BIC
0.0401506818786349,0.06206758431170774,False,mean + 2 s.d. after unimodal BIC
0.0358732144269271,0.06206758431170774,False,mean + 2 s.d. after unimodal BIC
0.0484036779031063,0.06206758431170774,False,mean + 2 s.d. after unimodal BIC
0.0449313807952495,0.06206758431170774,False,mean + 2 s.d. after unimodal BIC
0.0471384102199121,0.06206758431170774,False,mean + 2 s.d. after unimodal BIC
0.0421995528428983,0.06206758431170774,False,mean + 2 s.d. after unimodal BIC
0.0495467322305375,0.06206758431170774,False,mean + 2 s.d. after unimodal BIC
0.0446941431046505,0.06206758431170774,False,mean + 2 s.d. after unimodal BIC
0.0454849354066469,0.06206758431170774,False,mean + 2 s.d. after unimodal BIC
0.035959482678054,0.06206758431170774,False,mean + 2 s.d. after unimodal BIC
0.0407401815946686,0.06206758431170774,False,mean + 2 s.d. after unimodal BIC
0.0516243592785098,0.06206758431170774,False,mean + 2 s.d. after unimodal BIC
0.0466998799433505,0.06206758431170774,False,mean + 2 s.d. after unimodal BIC
0.0463763740016247,0.06206758431170774,False,mean + 2 s.d. after unimodal BIC
0.0462110265202982,0.06206758431170774,False,mean + 2 s.d. after unimodal BIC
0.034341952969425,0.06206758431170774,False,mean + 2 s.d. after unimodal BIC
0.0448523015650498,0.06206758431170774,False,mean + 2 s.d. after unimodal BIC
0.0476200746220372,0.06206758431170774,False,mean + 2 s.d. after unimodal BIC
0.0414950287920288,0.06206758431170774,False,mean + 2 s.d. after unimodal BIC
0.0578356733596451,0.06206758431170774,False,mean + 2 s.d. after unimodal BIC
0.0524151515805062,0.06206758431170774,False,mean + 2 s.d. after unimodal BIC
0.0366496286870691,0.06206758431170774,False,mean + 2 s.d. after unimodal BIC
0.046656745817787,0.06206758431170774,False,mean + 2 s.d. after unimodal BIC
0.0473037577012386,0.06206758431170774,False,mean + 2 s.d. after unimodal BIC
0.062206598083407,0.06206758431170774,True,mean + 2 s.d. after unimodal BIC
0.0533497243010474,0.06206758431170774,False,mean + 2 s.d. after unimodal BIC
0.0512936643158568,0.06206758431170774,False,mean + 2 s.d. after unimodal BIC
0.0350033428947311,0.06206758431170774,False,mean + 2 s.d. after unimodal BIC
0.04222111990568,0.06206758431170774,False,mean + 2 s.d. after unimodal BIC
0.0438170825515273,0.06206758431170774,False,mean + 2 s.d. after unimodal BIC
0.044377826183852,0.06206758431170774,False,mean + 2 s.d. after unimodal BIC
0.0384900180444425,0.06206758431170774,False,mean + 2 s.d. after unimodal BIC
0.0465992336503691,0.06206758431170774,False,mean + 2 s.d. after unimodal BIC
0.0331557645164305,0.06206758431170774,False,mean + 2 s.d. after unimodal BIC
0.0447732223348502,0.06206758431170774,False,mean + 2 s.d. after unimodal BIC
0.044377826183852,0.06206758431170774,False,mean + 2 s.d. after unimodal BIC
0.0500283966326626,0.06206758431170774,False,mean + 2 s.d. after unimodal BIC
0.0490506897865579,0.06206758431170774,False,mean + 2 s.d. after unimodal BIC
0.0334361363325928,0.06206758431170774,False,mean + 2 s.d. after unimodal BIC
0.0399565783135994,0.06206758431170774,False,mean + 2 s.d. after unimodal BIC
0.0405388890087059,0.06206758431170774,False,mean + 2 s.d. after unimodal BIC
0.0384181278351701,0.06206758431170774,False,mean + 2 s.d. after unimodal BIC
0.0419191810267359,0.06206758431170774,False,mean + 2 s.d. after unimodal BIC
0.0509342132694948,0.06206758431170774,False,mean + 2 s.d. after unimodal BIC
0.0544640225447696,0.06206758431170774,False,mean + 2 s.d. after unimodal BIC
0.0403016513181069,0.06206758431170774,False,mean + 2 s.d. after unimodal BIC
0.0402153830669801,0.06206758431170774,False,mean + 2 s.d. after unimodal BIC
0.0518256518644725,0.06206758431170774,False,mean + 2 s.d. after unimodal BIC
0.0459737888296992,0.06206758431170774,False,mean + 2 s.d. after unimodal BIC
0.0459881668715537,0.06206758431170774,False,mean + 2 s.d. after unimodal BIC
0.0434648205260925,0.06206758431170774,False,mean + 2 s.d. after unimodal BIC
0.0437595703841093,0.06206758431170774,False,mean + 2 s.d. after unimodal BIC
0.0461031912063896,0.06206758431170774,False,mean + 2 s.d. after unimodal BIC
0.0475194283290558,0.06206758431170774,False,mean + 2 s.d. after unimodal BIC
0.0386481765048418,0.06206758431170774,False,mean + 2 s.d. after unimodal BIC
0.0410493094945399,0.06206758431170774,False,mean + 2 s.d. after unimodal BIC
0.0445431736651785,0.06206758431170774,False,mean + 2 s.d. after unimodal BIC
0.0425086807427696,0.06206758431170774,False,mean + 2 s.d. after unimodal BIC
0.0362901776407071,0.06206758431170774,False,mean + 2 s.d. after unimodal BIC
0.044377826183852,0.06206758431170774,False,mean + 2 s.d. after unimodal BIC
0.049144147058612,0.06206758431170774,False,mean + 2 s.d. after unimodal BIC
0.0457149840763186,0.06206758431170774,False,mean + 2 s.d. after unimodal BIC
0.0369300005032314,0.06206758431170774,False,mean + 2 s.d. after unimodal BIC
0.0516459263412915,0.06206758431170774,False,mean + 2 s.d. after unimodal BIC
0.0422067418638255,0.06206758431170774,False,mean + 2 s.d. after unimodal BIC
0.0479723366474719,0.06206758431170774,False,mean + 2 s.d. after unimodal BIC
0.0419263700476632,0.06206758431170774,False,mean + 2 s.d. after unimodal BIC
0.0559018267302176,0.06206758431170774,False,mean + 2 s.d. after unimodal BIC
0.0413009252269933,0.06206758431170774,False,mean + 2 s.d. after unimodal BIC
0.039403023702202,0.06206758431170774,False,mean + 2 s.d. after unimodal BIC
0.0445719297488875,0.06206758431170774,False,mean + 2 s.d. after unimodal BIC
0.0504166037627335,0.06206758431170774,False,mean + 2 s.d. after unimodal BIC
0.0523432613712338,0.06206758431170774,False,mean + 2 s.d. after unimodal BIC
0.0326597220724509,0.06206758431170774,False,mean + 2 s.d. after unimodal BIC
0.0393239444720023,0.06206758431170774,False,mean + 2 s.d. after unimodal BIC
0.0335942947929921,0.06206758431170774,False,mean + 2 s.d. after unimodal BIC
0.0439824300328538,0.06206758431170774,False,mean + 2 s.d. after unimodal BIC
0.0477494769987275,0.06206758431170774,False,mean + 2 s.d. after unimodal BIC
0.0370234577752855,0.06206758431170774,False,mean + 2 s.d. after unimodal BIC
0.0435870338818556,0.06206758431170774,False,mean + 2 s.d. after unimodal BIC
0.05058195124406,0.06206758431170774,False,mean + 2 s.d. after unimodal BIC
0.0469227395920949,0.06206758431170774,False,mean + 2 s.d. after unimodal BIC
0.0443131249955068,0.06206758431170774,False,mean + 2 s.d. after unimodal BIC
0.0349745868110222,0.06206758431170774,False,mean + 2 s.d. after unimodal BIC
0.046836471340968,0.06206758431170774,False,mean + 2 s.d. after unimodal BIC
0.0512505301902933,0.06206758431170774,False,mean + 2 s.d. after unimodal BIC
0.0378789512656271,0.06206758431170774,False,mean + 2 s.d. after unimodal BIC
0.0435942229027828,0.06206758431170774,False,mean + 2 s.d. after unimodal BIC
0.0448235454813409,0.06206758431170774,False,mean + 2 s.d. after unimodal BIC
0.0440830763258351,0.06206758431170774,False,mean + 2 s.d. after unimodal BIC
0.0524295296223607,0.06206758431170774,False,mean + 2 s.d. after unimodal BIC
0.0509342132694948,0.06206758431170774,False,mean + 2 s.d. after unimodal BIC
0.0487631289494683,0.06206758431170774,False,mean + 2 s.d. after unimodal BIC
0.041351248373484,0.06206758431170774,False,mean + 2 s.d. after unimodal BIC
0.0458947095994996,0.06206758431170774,False,mean + 2 s.d. after unimodal BIC
0.040963041243413,0.06206758431170774,False,mean + 2 s.d. after unimodal BIC
0.045758118201882,0.06206758431170774,False,mean + 2 s.d. after unimodal BIC
0.0395108590161105,0.06206758431170774,False,mean + 2 s.d. after unimodal BIC
0.045635904846119,0.06206758431170774,False,mean + 2 s.d. after unimodal BIC
0.0549097418422585,0.06206758431170774,False,mean + 2 s.d. after unimodal BIC
0.0455136914903559,0.06206758431170774,False,mean + 2 s.d. after unimodal BIC
0.0427099733287323,0.06206758431170774,False,mean + 2 s.d. after unimodal BIC
0.0463979410644064,0.06206758431170774,False,mean + 2 s.d. after unimodal BIC
0.0493023055190113,0.06206758431170774,False,mean + 2 s.d. after unimodal BIC
0.0444281493303427,0.06206758431170774,False,mean + 2 s.d. after unimodal BIC
0.043090991437876,0.06206758431170774,False,mean + 2 s.d. after unimodal BIC
0.0435007656307287,0.06206758431170774,False,mean + 2 s.d. after unimodal BIC
0.0446510089790871,0.06206758431170774,False,mean + 2 s.d. after unimodal BIC
0.0516243592785098,0.06206758431170774,False,mean + 2 s.d. after unimodal BIC
0.0467430140689139,0.06206758431170774,False,mean + 2 s.d. after unimodal BIC
0.0487199948239049,0.06206758431170774,False,mean + 2 s.d. after unimodal BIC
0.0506250853696235,0.06206758431170774,False,mean + 2 s.d. after unimodal BIC
0.0357510010711641,0.06206758431170774,False,mean + 2 s.d. after unimodal BIC
0.0339249897556451,0.06206758431170774,False,mean + 2 s.d. after unimodal BIC
0.0486840497192687,0.06206758431170774,False,mean + 2 s.d. after unimodal BIC
0.0379005183284088,0.06206758431170774,False,mean + 2 s.d. after unimodal BIC
0.0357725681339458,0.06206758431170774,False,mean + 2 s.d. after unimodal BIC
0.0393886456603475,0.06206758431170774,False,mean + 2 s.d. after unimodal BIC
0.0492447933515934,0.06206758431170774,False,mean + 2 s.d. after unimodal BIC
0.0436876801748369,0.06206758431170774,False,mean + 2 s.d. after unimodal BIC
0.0437667594050366,0.06206758431170774,False,mean + 2 s.d. after unimodal BIC
0.0492519823725206,0.06206758431170774,False,mean + 2 s.d. after unimodal BIC
0.0427171623496596,0.06206758431170774,False,mean + 2 s.d. after unimodal BIC
0.0516243592785098,0.06206758431170774,False,mean + 2 s.d. after unimodal BIC
0.0490866348911941,0.06206758431170774,False,mean + 2 s.d. after unimodal BIC
0.040093169711217,0.06206758431170774,False,mean + 2 s.d. after unimodal BIC
0.0414303276036836,0.06206758431170774,False,mean + 2 s.d. after unimodal BIC
0.0454418012810835,0.06206758431170774,False,mean + 2 s.d. after unimodal BIC
0.0438745947189452,0.06206758431170774,False,mean + 2 s.d. after unimodal BIC
0.0496977016700095,0.06206758431170774,False,mean + 2 s.d. after unimodal BIC
0.0519262981574539,0.06206758431170774,False,mean + 2 s.d. after unimodal BIC
0.0520557005341442,0.06206758431170774,False,mean + 2 s.d. after unimodal BIC
0.053428803531247,0.06206758431170774,False,mean + 2 s.d. after unimodal BIC
0.0412793581642116,0.06206758431170774,False,mean + 2 s.d. after unimodal BIC
0.0440686982839807,0.06206758431170774,False,mean + 2 s.d. after unimodal BIC
0.0452692647788297,0.06206758431170774,False,mean + 2 s.d. after unimodal BIC
0.043658924091128,0.06206758431170774,False,mean + 2 s.d. after unimodal BIC
0.0435151436725832,0.06206758431170774,False,mean + 2 s.d. after unimodal BIC
0.0444497163931244,0.06206758431170774,False,mean + 2 s.d. after unimodal BIC
0.0437092472376187,0.06206758431170774,False,mean + 2 s.d. after unimodal BIC
0.0442484238071617,0.06206758431170774,False,mean + 2 s.d. after unimodal BIC
0.0525948771036872,0.06206758431170774,False,mean + 2 s.d. after unimodal BIC
0.0568076433670498,0.06206758431170774,False,mean + 2 s.d. after unimodal BIC
0.0541117605193348,0.06206758431170774,False,mean + 2 s.d. after unimodal BIC
0.0438458386352362,0.06206758431170774,False,mean + 2 s.d. after unimodal BIC
0.0449241917743222,0.06206758431170774,False,mean + 2 s.d. after unimodal BIC
0.0438314605933817,0.06206758431170774,False,mean + 2 s.d. after unimodal BIC
0.0537954435985363,0.06206758431170774,False,mean + 2 s.d. after unimodal BIC
0.0547228272981502,0.06206758431170774,False,mean + 2 s.d. after unimodal BIC
0.0455424475740648,0.06206758431170774,False,mean + 2 s.d. after unimodal BIC
0.0463044837923523,0.06206758431170774,False,mean + 2 s.d. after unimodal BIC
0.0478357452498544,0.06206758431170774,False,mean + 2 s.d. after unimodal BIC
0.0380586767888081,0.06206758431170774,False,mean + 2 s.d. after unimodal BIC
0.0379724085376812,0.06206758431170774,False,mean + 2 s.d. after unimodal BIC
0.0398774990833998,0.06206758431170774,False,mean + 2 s.d. after unimodal BIC
0.034701404015787,0.06206758431170774,False,mean + 2 s.d. after unimodal BIC
0.0418401017965363,0.06206758431170774,False,mean + 2 s.d. after unimodal BIC
0.0412218459967936,0.06206758431170774,False,mean + 2 s.d. after unimodal BIC
0.0504381708255152,0.06206758431170774,False,mean + 2 s.d. after unimodal BIC
0.0497336467746457,0.06206758431170774,False,mean + 2 s.d. after unimodal BIC
0.0561821985463799,0.06206758431170774,False,mean + 2 s.d. after unimodal BIC
0.0490794458702669,0.06206758431170774,False,mean + 2 s.d. after unimodal BIC
0.0494173298538472,0.06206758431170774,False,mean + 2 s.d. after unimodal BIC
0.0491513360795393,0.06206758431170774,False,mean + 2 s.d. after unimodal BIC
0.052889626961704,0.06206758431170774,False,mean + 2 s.d. after unimodal BIC
0.041142766766594,0.06206758431170774,False,mean + 2 s.d. after unimodal BIC
0.0439680519909993,0.06206758431170774,False,mean + 2 s.d. after unimodal BIC
0.0496330004816644,0.06206758431170774,False,mean + 2 s.d. after unimodal BIC
0.030653985233751,0.06206758431170774,False,mean + 2 s.d. after unimodal BIC
0.0387775788815321,0.06206758431170774,False,mean + 2 s.d. after unimodal BIC
0.0460025449134082,0.06206758431170774,False,mean + 2 s.d. after unimodal BIC
0.0437739484259638,0.06206758431170774,False,mean + 2 s.d. after unimodal BIC
0.048813452095959,0.06206758431170774,False,mean + 2 s.d. after unimodal BIC
0.0536013400335008,0.06206758431170774,False,mean + 2 s.d. after unimodal BIC
0.0434001193377473,0.06206758431170774,False,mean + 2 s.d. after unimodal BIC
0.0457653072228093,0.06206758431170774,False,mean + 2 s.d. after unimodal BIC
0.0519766213039446,0.06206758431170774,False,mean + 2 s.d. after unimodal BIC
0.0456430938670462,0.06206758431170774,False,mean + 2 s.d. after unimodal BIC
0.0507976218718772,0.06206758431170774,False,mean + 2 s.d. after unimodal BIC
0.0504525488673697,0.06206758431170774,False,mean + 2 s.d. after unimodal BIC
0.0586695997872049,0.06206758431170774,False,mean + 2 s.d. after unimodal BIC
0.0465632885457329,0.06206758431170774,False,mean + 2 s.d. after unimodal BIC
0.0430478573123126,0.06206758431170774,False,mean + 2 s.d. after unimodal BIC
0.0543202421262248,0.06206758431170774,False,mean + 2 s.d. after unimodal BIC
0.047224678471039,0.06206758431170774,False,mean + 2 s.d. after unimodal BIC
0.0319048748750907,0.06206758431170774,False,mean + 2 s.d. after unimodal BIC
0.0460672461017534,0.06206758431170774,False,mean + 2 s.d. after unimodal BIC
0.0447947893976319,0.06206758431170774,False,mean + 2 s.d. after unimodal BIC
0.0446725760418688,0.06206758431170774,False,mean + 2 s.d. after unimodal BIC
0.0408983400550679,0.06206758431170774,False,mean + 2 s.d. after unimodal BIC
0.0512792862740023,0.06206758431170774,False,mean + 2 s.d. after unimodal BIC
0.0403160293599614,0.06206758431170774,False,mean + 2 s.d. after unimodal BIC
0.0458587644948634,0.06206758431170774,False,mean + 2 s.d. after unimodal BIC
0.053249078008066,0.06206758431170774,False,mean + 2 s.d. after unimodal BIC
0.0318114176030366,0.06206758431170774,False,mean + 2 s.d. after unimodal BIC
0.0444425273721971,0.06206758431170774,False,mean + 2 s.d. after unimodal BIC
0.0502368782395525,0.06206758431170774,False,mean + 2 s.d. after unimodal BIC
0.0452117526114118,0.06206758431170774,False,mean + 2 s.d. after unimodal BIC
0.0492304153097389,0.06206758431170774,False,mean + 2 s.d. after unimodal BIC
0.040812071803941,0.06206758431170774,False,mean + 2 s.d. after unimodal BIC
0.0465704775666602,0.06206758431170774,False,mean + 2 s.d. after unimodal BIC
0.0486768606983414,0.06206758431170774,False,mean + 2 s.d. after unimodal BIC
0.0559593388976355,0.06206758431170774,False,mean + 2 s.d. after unimodal BIC
0.0510492376043306,0.06206758431170774,False,mean + 2 s.d. after unimodal BIC
0.0479004464381995,0.06206758431170774,False,mean + 2 s.d. after unimodal BIC
0.0468724164456042,0.06206758431170774,False,mean + 2 s.d. after unimodal BIC
0.0327172342398688,0.06206758431170774,False,mean + 2 s.d. after unimodal BIC
0.0459234656832086,0.06206758431170774,False,mean + 2 s.d. after unimodal BIC
0.0503590915953156,0.06206758431170774,False,mean + 2 s.d. after unimodal BIC
0.0463332398760612,0.06206758431170774,False,mean + 2 s.d. after unimodal BIC
0.0517178165505639,0.06206758431170774,False,mean + 2 s.d. after unimodal BIC
0.0432563389192025,0.06206758431170774,False,mean + 2 s.d. after unimodal BIC
0.0447947893976319,0.06206758431170774,False,mean + 2 s.d. after unimodal BIC
0.0410061753689765,0.06206758431170774,False,mean + 2 s.d. after unimodal BIC
0.0438458386352362,0.06206758431170774,False,mean + 2 s.d. after unimodal BIC
0.041653187252428,0.06206758431170774,False,mean + 2 s.d. after unimodal BIC
0.0489500434935766,0.06206758431170774,False,mean + 2 s.d. after unimodal BIC
0.041861668859318,0.06206758431170774,False,mean + 2 s.d. after unimodal BIC
0.0377064147633733,0.06206758431170774,False,mean + 2 s.d. after unimodal BIC
0.0423217661986614,0.06206758431170774,False,mean + 2 s.d. after unimodal BIC
0.0413728154362657,0.06206758431170774,False,mean + 2 s.d. after unimodal BIC
0.0425446258474058,0.06206758431170774,False,mean + 2 s.d. after unimodal BIC
0.0496905126490823,0.06206758431170774,False,mean + 2 s.d. after unimodal BIC
0.0472103004291845,0.06206758431170774,False,mean + 2 s.d. after unimodal BIC
0.0340759591951172,0.06206758431170774,False,mean + 2 s.d. after unimodal BIC
0.042580570952042,0.06206758431170774,False,mean + 2 s.d. after unimodal BIC
0.0413153032688478,0.06206758431170774,False,mean + 2 s.d. after unimodal BIC
0.0383462376258977,0.06206758431170774,False,mean + 2 s.d. after unimodal BIC
0.039913444188036,0.06206758431170774,False,mean + 2 s.d. after unimodal BIC
0.0367790310637594,0.06206758431170774,False,mean + 2 s.d. after unimodal BIC
0.0406754804063234,0.06206758431170774,False,mean + 2 s.d. after unimodal BIC
0.0498989942559722,0.06206758431170774,False,mean + 2 s.d. after unimodal BIC
0.0514086886506926,0.06206758431170774,False,mean + 2 s.d. after unimodal BIC
0.0435007656307287,0.06206758431170774,False,mean + 2 s.d. after unimodal BIC
0.0461031912063896,0.06206758431170774,False,mean + 2 s.d. after unimodal BIC
0.051149883897312,0.06206758431170774,False,mean + 2 s.d. after unimodal BIC
0.0457724962437365,0.06206758431170774,False,mean + 2 s.d. after unimodal BIC
0.0466136116922236,0.06206758431170774,False,mean + 2 s.d. after unimodal BIC
0.0293743395087023,0.06206758431170774,False,mean + 2 s.d. after unimodal BIC
0.0513367984414202,0.06206758431170774,False,mean + 2 s.d. after unimodal BIC
0.0381593230817894,0.06206758431170774,False,mean + 2 s.d. after unimodal BIC
0.042580570952042,0.06206758431170774,False,mean + 2 s.d. after unimodal BIC
0.0499277503396812,0.06206758431170774,False,mean + 2 s.d. after unimodal BIC
0.0455640146368466,0.06206758431170774,False,mean + 2 s.d. after unimodal BIC
0.0445503626861057,0.06206758431170774,False,mean + 2 s.d. after unimodal BIC
0.041861668859318,0.06206758431170774,False,mean + 2 s.d. after unimodal BIC
0.0480010927311809,0.06206758431170774,False,mean + 2 s.d. after unimodal BIC
0.0416100531268646,0.06206758431170774,False,mean + 2 s.d. after unimodal BIC
0.0401075477530715,0.06206758431170774,False,mean + 2 s.d. after unimodal BIC
0.042760296475223,0.06206758431170774,False,mean + 2 s.d. after unimodal BIC
0.0621275188532073,0.06206758431170774,True,mean + 2 s.d. after unimodal BIC
0.0472174894501117,0.06206758431170774,False,mean + 2 s.d. after unimodal BIC
0.0438170825515273,0.06206758431170774,False,mean + 2 s.d. after unimodal BIC
0.0422354979475345,0.06206758431170774,False,mean + 2 s.d. after unimodal BIC
0.0447516552720684,0.06206758431170774,False,mean + 2 s.d. after unimodal BIC
0.0452261306532663,0.06206758431170774,False,mean + 2 s.d. after unimodal BIC
0.0547300163190775,0.06206758431170774,False,mean + 2 s.d. after unimodal BIC
0.042400845428861,0.06206758431170774,False,mean + 2 s.d. after unimodal BIC
0.037397286863502,0.06206758431170774,False,mean + 2 s.d. after unimodal BIC
0.0457077950553914,0.06206758431170774,False,mean + 2 s.d. after unimodal BIC
0.0307618205476596,0.06206758431170774,False,mean + 2 s.d. after unimodal BIC
0.048964421535431,0.06206758431170774,False,mean + 2 s.d. after unimodal BIC
0.0274117367955658,0.06206758431170774,False,mean + 2 s.d. after unimodal BIC
0.0398990661461815,0.06206758431170774,False,mean + 2 s.d. after unimodal BIC
0.042372089345152,0.06206758431170774,False,mean + 2 s.d. after unimodal BIC
0.0492447933515934,0.06206758431170774,False,mean + 2 s.d. after unimodal BIC
0.0435510887772194,0.06206758431170774,False,mean + 2 s.d. after unimodal BIC
0.0447804113557774,0.06206758431170774,False,mean + 2 s.d. after unimodal BIC
0.045096728276576,0.06206758431170774,False,mean + 2 s.d. after unimodal BIC
0.0425086807427696,0.06206758431170774,False,mean + 2 s.d. after unimodal BIC
0.0455855816996283,0.06206758431170774,False,mean + 2 s.d. after unimodal BIC
0.0415094068338832,0.06206758431170774,False,mean + 2 s.d. after unimodal BIC
0.0436157899655645,0.06206758431170774,False,mean + 2 s.d. after unimodal BIC
0.0424655466172062,0.06206758431170774,False,mean + 2 s.d. after unimodal BIC
0.0456430938670462,0.06206758431170774,False,mean + 2 s.d. after unimodal BIC
0.0535653949288646,0.06206758431170774,False,mean + 2 s.d. after unimodal BIC
0.0523935845177245,0.06206758431170774,False,mean + 2 s.d. after unimodal BIC
0.0506897865579686,0.06206758431170774,False,mean + 2 s.d. after unimodal BIC
0.040272895234398,0.06206758431170774,False,mean + 2 s.d. after unimodal BIC
0.0402153830669801,0.06206758431170774,False,mean + 2 s.d. after unimodal BIC
0.0424727356381334,0.06206758431170774,False,mean + 2 s.d. after unimodal BIC
0.0491010129330486,0.06206758431170774,False,mean + 2 s.d. after unimodal BIC
0.0439608629700721,0.06206758431170774,False,mean + 2 s.d. after unimodal BIC
0.0382743474166253,0.06206758431170774,False,mean + 2 s.d. after unimodal BIC
0.0443131249955068,0.06206758431170774,False,mean + 2 s.d. after unimodal BIC
0.0410133643899037,0.06206758431170774,False,mean + 2 s.d. after unimodal BIC
0.0355137633805652,0.06206758431170774,False,mean + 2 s.d. after unimodal BIC
0.0483964888821791,0.06206758431170774,False,mean + 2 s.d. after unimodal BIC
0.0447876003767047,0.06206758431170774,False,mean + 2 s.d. after unimodal BIC
0.0409558522224858,0.06206758431170774,False,mean + 2 s.d. after unimodal BIC
0.0508407559974407,0.06206758431170774,False,mean + 2 s.d. after unimodal BIC
0.0472031114082573,0.06206758431170774,False,mean + 2 s.d. after unimodal BIC
0.0447947893976319,0.06206758431170774,False,mean + 2 s.d. after unimodal BIC
0.0415884860640829,0.06206758431170774,False,mean + 2 s.d. after unimodal BIC
0.0448163564604136,0.06206758431170774,False,mean + 2 s.d. after unimodal BIC
0.0527314685013048,0.06206758431170774,False,mean + 2 s.d. after unimodal BIC
0.0463907520434792,0.06206758431170774,False,mean + 2 s.d. after unimodal BIC
0.0383534266468249,0.06206758431170774,False,mean + 2 s.d. after unimodal BIC
0.0500930978210077,0.06206758431170774,False,mean + 2 s.d. after unimodal BIC
0.048274275526416,0.06206758431170774,False,mean + 2 s.d. after unimodal BIC
0.0428825098309861,0.06206758431170774,False,mean + 2 s.d. after unimodal BIC
0.0350392879993673,0.06206758431170774,False,mean + 2 s.d. after unimodal BIC
0.0387991459443138,0.06206758431170774,False,mean + 2 s.d. after unimodal BIC
0.046354806938843,0.06206758431170774,False,mean + 2 s.d. after unimodal BIC
0.0472606235756752,0.06206758431170774,False,mean + 2 s.d. after unimodal BIC
0.0489716105563583,0.06206758431170774,False,mean + 2 s.d. after unimodal BIC
0.04242960151257,0.06206758431170774,False,mean + 2 s.d. after unimodal BIC
0.0452405086951208,0.06206758431170774,False,mean + 2 s.d. after unimodal BIC
0.0495826773351737,0.06206758431170774,False,mean + 2 s.d. after unimodal BIC
0.0417538335454094,0.06206758431170774,False,mean + 2 s.d. after unimodal BIC
0.0519262981574539,0.06206758431170774,False,mean + 2 s.d. after unimodal BIC
0.0523216943084521,0.06206758431170774,False,mean + 2 s.d. after unimodal BIC
0.0460384900180444,0.06206758431170774,False,mean + 2 s.d. after unimodal BIC
0.0435223326935104,0.06206758431170774,False,mean + 2 s.d. after unimodal BIC
0.05079043285095,0.06206758431170774,False,mean + 2 s.d. after unimodal BIC
0.0557005341442548,0.06206758431170774,False,mean + 2 s.d. after unimodal BIC
0.0373685307797931,0.06206758431170774,False,mean + 2 s.d. after unimodal BIC
0.0524510966851424,0.06206758431170774,False,mean + 2 s.d. after unimodal BIC
0.0394317797859109,0.06206758431170774,False,mean + 2 s.d. after unimodal BIC
0.0431341255634395,0.06206758431170774,False,mean + 2 s.d. after unimodal BIC
0.0490147446819217,0.06206758431170774,False,mean + 2 s.d. after unimodal BIC
0.0468508493828225,0.06206758431170774,False,mean + 2 s.d. after unimodal BIC
0.0446222528953781,0.06206758431170774,False,mean + 2 s.d. after unimodal BIC
0.0533209682173384,0.06206758431170774,False,mean + 2 s.d. after unimodal BIC
0.0459737888296992,0.06206758431170774,False,mean + 2 s.d. after unimodal BIC
0.050430981804588,0.06206758431170774,False,mean + 2 s.d. after unimodal BIC
0.0497767809002092,0.06206758431170774,False,mean + 2 s.d. after unimodal BIC
0.0488350191587407,0.06206758431170774,False,mean + 2 s.d. after unimodal BIC
0.0432635279401298,0.06206758431170774,False,mean + 2 s.d. after unimodal BIC
0.0441046433886169,0.06206758431170774,False,mean + 2 s.d. after unimodal BIC
0.0468220932991136,0.06206758431170774,False,mean + 2 s.d. after unimodal BIC
0.0437739484259638,0.06206758431170774,False,mean + 2 s.d. after unimodal BIC
0.0420557724243535,0.06206758431170774,False,mean + 2 s.d. after unimodal BIC
0.0474762942034924,0.06206758431170774,False,mean + 2 s.d. after unimodal BIC
0.05597371693949,0.06206758431170774,False,mean + 2 s.d. after unimodal BIC
0.0408552059295044,0.06206758431170774,False,mean + 2 s.d. after unimodal BIC
0.0396402613928009,0.06206758431170774,False,mean + 2 s.d. after unimodal BIC
0.0460025449134082,0.06206758431170774,False,mean + 2 s.d. after unimodal BIC
0.0453339659671749,0.06206758431170774,False,mean + 2 s.d. after unimodal BIC
0.0403591634855249,0.06206758431170774,False,mean + 2 s.d. after unimodal BIC
0.0358516473641454,0.06206758431170774,False,mean + 2 s.d. after unimodal BIC
0.0532994011545567,0.06206758431170774,False,mean + 2 s.d. after unimodal BIC
0.0486265375518508,0.06206758431170774,False,mean + 2 s.d. after unimodal BIC
0.0506322743905507,0.06206758431170774,False,mean + 2 s.d. after unimodal BIC
0.0444569054140516,0.06206758431170774,False,mean + 2 s.d. after unimodal BIC
0.0445503626861057,0.06206758431170774,False,mean + 2 s.d. after unimodal BIC
0.0461607033738075,0.06206758431170774,False,mean + 2 s.d. after unimodal BIC
0.0417035103989187,0.06206758431170774,False,mean + 2 s.d. after unimodal BIC
0.0426524611613144,0.06206758431170774,False,mean + 2 s.d. after unimodal BIC
0.0483102206310522,0.06206758431170774,False,mean + 2 s.d. after unimodal BIC
0.0440615092630534,0.06206758431170774,False,mean + 2 s.d. after unimodal BIC
0.0491225799958303,0.06206758431170774,False,mean + 2 s.d. after unimodal BIC
0.0451758075067756,0.06206758431170774,False,mean + 2 s.d. after unimodal BIC
0.0508263779555862,0.06206758431170774,False,mean + 2 s.d. after unimodal BIC
0.042940021998404,0.06206758431170774,False,mean + 2 s.d. after unimodal BIC
0.0458587644948634,0.06206758431170774,False,mean + 2 s.d. after unimodal BIC
0.0464195081271881,0.06206758431170774,False,mean + 2 s.d. after unimodal BIC
0.0448235454813409,0.06206758431170774,False,mean + 2 s.d. after unimodal BIC
0.0540398703100624,0.06206758431170774,False,mean + 2 s.d. after unimodal BIC
0.0479579586056175,0.06206758431170774,False,mean + 2 s.d. after unimodal BIC
0.038446883918879,0.06206758431170774,False,mean + 2 s.d. after unimodal BIC
0.0416459982315008,0.06206758431170774,False,mean + 2 s.d. after unimodal BIC
0.0374619880518472,0.06206758431170774,False,mean + 2 s.d. after unimodal BIC
0.0457796852646638,0.06206758431170774,False,mean + 2 s.d. after unimodal BIC
0.0456143377833372,0.06206758431170774,False,mean + 2 s.d. after unimodal BIC
0.0412865471851388,0.06206758431170774,False,mean + 2 s.d. after unimodal BIC
0.0487990740541045,0.06206758431170774,False,mean + 2 s.d. after unimodal BIC
0.0344210321996247,0.06206758431170774,False,mean + 2 s.d. after unimodal BIC
0.042070150466208,0.06206758431170774,False,mean + 2 s.d. after unimodal BIC
0.0380011646213902,0.06206758431170774,False,mean + 2 s.d. after unimodal BIC
0.0339034226928634,0.06206758431170774,False,mean + 2 s.d. after unimodal BIC
0.0421636077382621,0.06206758431170774,False,mean + 2 s.d. after unimodal BIC
0.0457365511391003,0.06206758431170774,False,mean + 2 s.d. after unimodal BIC
0.0458803315576451,0.06206758431170774,False,mean + 2 s.d. after unimodal BIC
0.0415884860640829,0.06206758431170774,False,mean + 2 s.d. after unimodal BIC
0.05597371693949,0.06206758431170774,False,mean + 2 s.d. after unimodal BIC
0.0470593309897125,0.06206758431170774,False,mean + 2 s.d. after unimodal BIC
0.037066591900849,0.06206758431170774,False,mean + 2 s.d. after unimodal BIC
0.053788254577609,0.06206758431170774,False,mean + 2 s.d. after unimodal BIC
0.0433713632540384,0.06206758431170774,False,mean + 2 s.d. after unimodal BIC
0.0469586846967311,0.06206758431170774,False,mean + 2 s.d. after unimodal BIC
0.0259739326101178,0.06206758431170774,False,mean + 2 s.d. after unimodal BIC
0.0237884702482368,0.06206758431170774,False,mean + 2 s.d. after unimodal BIC
0.0517537616552001,0.06206758431170774,False,mean + 2 s.d. after unimodal BIC
0.0498271040466998,0.06206758431170774,False,mean + 2 s.d. after unimodal BIC
0.0426955952868778,0.06206758431170774,False,mean + 2 s.d. after unimodal BIC
0.0387703898606048,0.06206758431170774,False,mean + 2 s.d. after unimodal BIC
0.037965219516754,0.06206758431170774,False,mean + 2 s.d. after unimodal BIC
0.0461966484784437,0.06206758431170774,False,mean + 2 s.d. after unimodal BIC
0.0449385698161767,0.06206758431170774,False,mean + 2 s.d. after unimodal BIC
0.0311428386568033,0.06206758431170774,False,mean + 2 s.d. after unimodal BIC
0.0460528680598989,0.06206758431170774,False,mean + 2 s.d. after unimodal BIC
0.0459234656832086,0.06206758431170774,False,mean + 2 s.d. after unimodal BIC
0.0437883264678183,0.06206758431170774,False,mean + 2 s.d. after unimodal BIC
0.0472534345547479,0.06206758431170774,False,mean + 2 s.d. after unimodal BIC
0.042731540391514,0.06206758431170774,False,mean + 2 s.d. after unimodal BIC
0.0543489982099337,0.06206758431170774,False,mean + 2 s.d. after unimodal BIC
0.0326093989259602,0.06206758431170774,False,mean + 2 s.d. after unimodal BIC
0.0491800921632482,0.06206758431170774,False,mean + 2 s.d. after unimodal BIC
0.0442196677234527,0.06206758431170774,False,mean + 2 s.d. after unimodal BIC
0.0401219257949259,0.06206758431170774,False,mean + 2 s.d. after unimodal BIC
0.0482886535682705,0.06206758431170774,False,mean + 2 s.d. after unimodal BIC
0.0470377639269307,0.06206758431170774,False,mean + 2 s.d. after unimodal BIC
0.0421636077382621,0.06206758431170774,False,mean + 2 s.d. after unimodal BIC
0.0384900180444425,0.06206758431170774,False,mean + 2 s.d. after unimodal BIC
0.0403951085901611,0.06206758431170774,False,mean + 2 s.d. after unimodal BIC
0.0360385619082537,0.06206758431170774,False,mean + 2 s.d. after unimodal BIC
0.0414878397711015,0.06206758431170774,False,mean + 2 s.d. after unimodal BIC
0.0360385619082537,0.06206758431170774,False,mean + 2 s.d. after unimodal BIC
0.0494820310421923,0.06206758431170774,False,mean + 2 s.d. after unimodal BIC
0.0403735415273793,0.06206758431170774,False,mean + 2 s.d. after unimodal BIC
0.0459234656832086,0.06206758431170774,False,mean + 2 s.d. after unimodal BIC
0.038475640002588,0.06206758431170774,False,mean + 2 s.d. after unimodal BIC
0.0404454317366517,0.06206758431170774,False,mean + 2 s.d. after unimodal BIC
0.0474187820360745,0.06206758431170774,False,mean + 2 s.d. after unimodal BIC
0.0366568177079963,0.06206758431170774,False,mean + 2 s.d. after unimodal BIC
0.0531915658406481,0.06206758431170774,False,mean + 2 s.d. after unimodal BIC
0.0409774192852675,0.06206758431170774,False,mean + 2 s.d. after unimodal BIC
0.0537307424101911,0.06206758431170774,False,mean + 2 s.d. after unimodal BIC
0.0410421204736127,0.06206758431170774,False,mean + 2 s.d. after unimodal BIC
0.0430334792704581,0.06206758431170774,False,mean + 2 s.d. after unimodal BIC
0.0436733021329825,0.06206758431170774,False,mean + 2 s.d. after unimodal BIC
0.0339609348602813,0.06206758431170774,False,mean + 2 s.d. after unimodal BIC
0.0502153111767708,0.06206758431170774,False,mean + 2 s.d. after unimodal BIC
0.0458084413483727,0.06206758431170774,False,mean + 2 s.d. after unimodal BIC
0.0428537537472771,0.06206758431170774,False,mean + 2 s.d. after unimodal BIC
0.0448810576487588,0.06206758431170774,False,mean + 2 s.d. after unimodal BIC
0.0438745947189452,0.06206758431170774,False,mean + 2 s.d. after unimodal BIC
0.0481736292334347,0.06206758431170774,False,mean + 2 s.d. after unimodal BIC
0.0399637673345267,0.06206758431170774,False,mean + 2 s.d. after unimodal BIC
0.0483749218193974,0.06206758431170774,False,mean + 2 s.d. after unimodal BIC
0.0431053694797305,0.06206758431170774,False,mean + 2 s.d. after unimodal BIC
0.0472174894501117,0.06206758431170774,False,mean + 2 s.d. after unimodal BIC
0.0465129653992422,0.06206758431170774,False,mean + 2 s.d. after unimodal BIC
0.0484108669240336,0.06206758431170774,False,mean + 2 s.d. after unimodal BIC
0.0376848477005916,0.06206758431170774,False,mean + 2 s.d. after unimodal BIC
0.0422786320730979,0.06206758431170774,False,mean + 2 s.d. after unimodal BIC
0.0480442268567443,0.06206758431170774,False,mean + 2 s.d. after unimodal BIC
0.0303879914594431,0.06206758431170774,False,mean + 2 s.d. after unimodal BIC
0.0477710440615092,0.06206758431170774,False,mean + 2 s.d. after unimodal BIC
0.0366568177079963,0.06206758431170774,False,mean + 2 s.d. after unimodal BIC
0.039194542095312,0.06206758431170774,False,mean + 2 s.d. after unimodal BIC
0.0450823502347215,0.06206758431170774,False,mean + 2 s.d. after unimodal BIC
0.0459881668715537,0.06206758431170774,False,mean + 2 s.d. after unimodal BIC
0.0503447135534611,0.06206758431170774,False,mean + 2 s.d. after unimodal BIC
0.0260673898821719,0.06206758431170774,False,mean + 2 s.d. after unimodal BIC
0.0465273434410967,0.06206758431170774,False,mean + 2 s.d. after unimodal BIC
0.0590578069172759,0.06206758431170774,False,mean + 2 s.d. after unimodal BIC
0.0360169948454719,0.06206758431170774,False,mean + 2 s.d. after unimodal BIC
0.0456790389716824,0.06206758431170774,False,mean + 2 s.d. after unimodal BIC
0.0439680519909993,0.06206758431170774,False,mean + 2 s.d. after unimodal BIC
0.0371816162356848,0.06206758431170774,False,mean + 2 s.d. after unimodal BIC
0.0394317797859109,0.06206758431170774,False,mean + 2 s.d. after unimodal BIC
0.0498846162141178,0.06206758431170774,False,mean + 2 s.d. after unimodal BIC
0.0436876801748369,0.06206758431170774,False,mean + 2 s.d. after unimodal BIC
0.0506610304742597,0.06206758431170774,False,mean + 2 s.d. after unimodal BIC
0.0494173298538472,0.06206758431170774,False,mean + 2 s.d. after unimodal BIC
0.0462325935830799,0.06206758431170774,False,mean + 2 s.d. after unimodal BIC
0.0418257237546818,0.06206758431170774,False,mean + 2 s.d. after unimodal BIC
0.0420054492778628,0.06206758431170774,False,mean + 2 s.d. after unimodal BIC
0.0409414741806313,0.06206758431170774,False,mean + 2 s.d. after unimodal BIC
0.0468724164456042,0.06206758431170774,False,mean + 2 s.d. after unimodal BIC
0.0463476179179157,0.06206758431170774,False,mean + 2 s.d. after unimodal BIC
0.0408408278876499,0.06206758431170774,False,mean + 2 s.d. after unimodal BIC
0.0459162766622813,0.06206758431170774,False,mean + 2 s.d. after unimodal BIC
0.0540470593309897,0.06206758431170774,False,mean + 2 s.d. after unimodal BIC
0.0500355856535898,0.06206758431170774,False,mean + 2 s.d. after unimodal BIC
0.0525445539571965,0.06206758431170774,False,mean + 2 s.d. after unimodal BIC
0.0421564187173348,0.06206758431170774,False,mean + 2 s.d. after unimodal BIC
0.0401578708995621,0.06206758431170774,False,mean + 2 s.d. after unimodal BIC
0.0492088482469572,0.06206758431170774,False,mean + 2 s.d. after unimodal BIC
0.0515165239646012,0.06206758431170774,False,mean + 2 s.d. after unimodal BIC
0.0439968080747083,0.06206758431170774,False,mean + 2 s.d. after unimodal BIC
0.0194894357337474,0.06206758431170774,False,mean + 2 s.d. after unimodal BIC
0.0538601447868814,0.06206758431170774,False,mean + 2 s.d. after unimodal BIC
0.0458515754739362,0.06206758431170774,False,mean + 2 s.d. after unimodal BIC
0.0525445539571965,0.06206758431170774,False,mean + 2 s.d. after unimodal BIC
0.0591368861474755,0.06206758431170774,False,mean + 2 s.d. after unimodal BIC
0.0400428465647263,0.06206758431170774,False,mean + 2 s.d. after unimodal BIC
0.0470377639269307,0.06206758431170774,False,mean + 2 s.d. after unimodal BIC
0.0416459982315008,0.06206758431170774,False,mean + 2 s.d. after unimodal BIC
0.0453052098834659,0.06206758431170774,False,mean + 2 s.d. after unimodal BIC
0.0416316201896463,0.06206758431170774,False,mean + 2 s.d. after unimodal BIC
0.0514949569018195,0.06206758431170774,False,mean + 2 s.d. after unimodal BIC
0.0508910791439313,0.06206758431170774,False,mean + 2 s.d. after unimodal BIC
0.0436445460492735,0.06206758431170774,False,mean + 2 s.d. after unimodal BIC
0.0339681238812086,0.06206758431170774,False,mean + 2 s.d. after unimodal BIC
0.0471743553245483,0.06206758431170774,False,mean + 2 s.d. after unimodal BIC
0.0488278301378135,0.06206758431170774,False,mean + 2 s.d. after unimodal BIC
0.0355281414224196,0.06206758431170774,False,mean + 2 s.d. after unimodal BIC
0.0485115132170149,0.06206758431170774,False,mean + 2 s.d. after unimodal BIC
0.0414806507501743,0.06206758431170774,False,mean + 2 s.d. after unimodal BIC
0.0475338063709103,0.06206758431170774,False,mean + 2 s.d. after unimodal BIC
0.0525445539571965,0.06206758431170774,False,mean + 2 s.d. after unimodal BIC
0.041171522850303,0.06206758431170774,False,mean + 2 s.d. after unimodal BIC
0.0539751691217173,0.06206758431170774,False,mean + 2 s.d. after unimodal BIC
0.0392232981790209,0.06206758431170774,False,mean + 2 s.d. after unimodal BIC
0.0458803315576451,0.06206758431170774,False,mean + 2 s.d. after unimodal BIC
0.0464985873573877,0.06206758431170774,False,mean + 2 s.d. after unimodal BIC
0.038504396086297,0.06206758431170774,False,mean + 2 s.d. after unimodal BIC
0.0490291227237762,0.06206758431170774,False,mean + 2 s.d. after unimodal BIC
0.044859490585977,0.06206758431170774,False,mean + 2 s.d. after unimodal BIC
0.0398990661461815,0.06206758431170774,False,mean + 2 s.d. after unimodal BIC
0.0412434130595754,0.06206758431170774,False,mean + 2 s.d. after unimodal BIC
0.053817010661318,0.06206758431170774,False,mean + 2 s.d. after unimodal BIC
0.0435367107353649,0.06206758431170774,False,mean + 2 s.d. after unimodal BIC
0.0480586048985988,0.06206758431170774,False,mean + 2 s.d. after unimodal BIC
0.0463763740016247,0.06206758431170774,False,mean + 2 s.d. after unimodal BIC
0.0492591713934479,0.06206758431170774,False,mean + 2 s.d. after unimodal BIC
0.0546365590470233,0.06206758431170774,False,mean + 2 s.d. after unimodal BIC
0.048842208179668,0.06206758431170774,False,mean + 2 s.d. after unimodal BIC
0.0451973745695573,0.06206758431170774,False,mean + 2 s.d. after unimodal BIC
0.0478357452498544,0.06206758431170774,False,mean + 2 s.d. after unimodal BIC
0.0430478573123126,0.06206758431170774,False,mean + 2 s.d. after unimodal BIC
0.0496761346072278,0.06206758431170774,False,mean + 2 s.d. after unimodal BIC
0.0432347718564208,0.06206758431170774,False,mean + 2 s.d. after unimodal BIC
0.0484899461542332,0.06206758431170774,False,mean + 2 s.d. after unimodal BIC
0.0381808901445712,0.06206758431170774,False,mean + 2 s.d. after unimodal BIC
0.0400428465647263,0.06206758431170774,False,mean + 2 s.d. after unimodal BIC
0.0455999597414828,0.06206758431170774,False,mean + 2 s.d. after unimodal BIC
0.042940021998404,0.06206758431170774,False,mean + 2 s.d. after unimodal BIC
0.0416028641059374,0.06206758431170774,False,mean + 2 s.d. after unimodal BIC
0.0540901934565531,0.06206758431170774,False,mean + 2 s.d. after unimodal BIC
0.0489428544726493,0.06206758431170774,False,mean + 2 s.d. after unimodal BIC
0.043090991437876,0.06206758431170774,False,mean + 2 s.d. after unimodal BIC
0.0429328329774768,0.06206758431170774,False,mean + 2 s.d. after unimodal BIC
0.0534791266777377,0.06206758431170774,False,mean + 2 s.d. after unimodal BIC
0.0413584373944112,0.06206758431170774,False,mean + 2 s.d. after unimodal BIC
0.0413943824990474,0.06206758431170774,False,mean + 2 s.d. after unimodal BIC
0.0446941431046505,0.06206758431170774,False,mean + 2 s.d. after unimodal BIC
0.0409414741806313,0.06206758431170774,False,mean + 2 s.d. after unimodal BIC
0.0399206332089632,0.06206758431170774,False,mean + 2 s.d. after unimodal BIC
0.0472318674919662,0.06206758431170774,False,mean + 2 s.d. after unimodal BIC
0.0438961617817269,0.06206758431170774,False,mean + 2 s.d. after unimodal BIC
0.0394317797859109,0.06206758431170774,False,mean + 2 s.d. after unimodal BIC
0.0406826694272507,0.06206758431170774,False,mean + 2 s.d. after unimodal BIC
0.0413943824990474,0.06206758431170774,False,mean + 2 s.d. after unimodal BIC
0.0505388171184966,0.06206758431170774,False,mean + 2 s.d. after unimodal BIC
0.0451829965277028,0.06206758431170774,False,mean + 2 s.d. after unimodal BIC
0.0475194283290558,0.06206758431170774,False,mean + 2 s.d. after unimodal BIC
0.0418041566919001,0.06206758431170774,False,mean + 2 s.d. after unimodal BIC
0.0533209682173384,0.06206758431170774,False,mean + 2 s.d. after unimodal BIC
0.0482311414008526,0.06206758431170774,False,mean + 2 s.d. after unimodal BIC
0.0357941351967275,0.06206758431170774,False,mean + 2 s.d. after unimodal BIC
0.0387632008396776,0.06206758431170774,False,mean + 2 s.d. after unimodal BIC
0.0477279099359458,0.06206758431170774,False,mean + 2 s.d. after unimodal BIC
0.0521060236806349,0.06206758431170774,False,mean + 2 s.d. after unimodal BIC
0.0437164362585459,0.06206758431170774,False,mean + 2 s.d. after unimodal BIC
0.0410780655782489,0.06206758431170774,False,mean + 2 s.d. after unimodal BIC
0.0532922121336295,0.06206758431170774,False,mean + 2 s.d. after unimodal BIC
0.0454130451973745,0.06206758431170774,False,mean + 2 s.d. after unimodal BIC
0.0424511685753517,0.06206758431170774,False,mean + 2 s.d. after unimodal BIC
0.0305605279616968,0.06206758431170774,False,mean + 2 s.d. after unimodal BIC
0.0450895392556487,0.06206758431170774,False,mean + 2 s.d. after unimodal BIC
0.0400572246065808,0.06206758431170774,False,mean + 2 s.d. after unimodal BIC
0.0490435007656307,0.06206758431170774,False,mean + 2 s.d. after unimodal BIC
0.0396330723718736,0.06206758431170774,False,mean + 2 s.d. after unimodal BIC
0.049144147058612,0.06206758431170774,False,mean + 2 s.d. after unimodal BIC
0.0416675652942825,0.06206758431170774,False,mean + 2 s.d. after unimodal BIC
0.0510276705415489,0.06206758431170774,False,mean + 2 s.d. after unimodal BIC
0.0417682115872639,0.06206758431170774,False,mean + 2 s.d. after unimodal BIC
0.0383606156677522,0.06206758431170774,False,mean + 2 s.d. after unimodal BIC
0.0431485036052939,0.06206758431170774,False,mean + 2 s.d. after unimodal BIC
0.0605962573957052,0.06206758431170774,False,mean + 2 s.d. after unimodal BIC
0.0446150638744509,0.06206758431170774,False,mean + 2 s.d. after unimodal BIC
0.0412434130595754,0.06206758431170774,False,mean + 2 s.d. after unimodal BIC
0.0420629614452807,0.06206758431170774,False,mean + 2 s.d. after unimodal BIC
0.0488278301378135,0.06206758431170774,False,mean + 2 s.d. after unimodal BIC
0.0410133643899037,0.06206758431170774,False,mean + 2 s.d. after unimodal BIC
0.0450104600254491,0.06206758431170774,False,mean + 2 s.d. after unimodal BIC
0.0445144175814695,0.06206758431170774,False,mean + 2 s.d. after unimodal BIC
0.0478213672079999,0.06206758431170774,False,mean + 2 s.d. after unimodal BIC
0.0409702302643403,0.06206758431170774,False,mean + 2 s.d. after unimodal BIC
0.0464338861690426,0.06206758431170774,False,mean + 2 s.d. after unimodal BIC
0.0446725760418688,0.06206758431170774,False,mean + 2 s.d. after unimodal BIC
0.0483389767147612,0.06206758431170774,False,mean + 2 s.d. after unimodal BIC
0.0385403411909332,0.06206758431170774,False,mean + 2 s.d. after unimodal BIC
0.0520628895550715,0.06206758431170774,False,mean + 2 s.d. after unimodal BIC
0.0490506897865579,0.06206758431170774,False,mean + 2 s.d. after unimodal BIC
0.0349170746436042,0.06206758431170774,False,mean + 2 s.d. after unimodal BIC
0.0465273434410967,0.06206758431170774,False,mean + 2 s.d. after unimodal BIC
0.0437020582166914,0.06206758431170774,False,mean + 2 s.d. after unimodal BIC
0.0411643338293757,0.06206758431170774,False,mean + 2 s.d. after unimodal BIC
0.0356359767363282,0.06206758431170774,False,mean + 2 s.d. after unimodal BIC
0.0444928505186878,0.06206758431170774,False,mean + 2 s.d. after unimodal BIC
0.0402153830669801,0.06206758431170774,False,mean + 2 s.d. after unimodal BIC
0.0416603762733553,0.06206758431170774,False,mean + 2 s.d. after unimodal BIC
0.0408552059295044,0.06206758431170774,False,mean + 2 s.d. after unimodal BIC
0.040783315720232,0.06206758431170774,False,mean + 2 s.d. after unimodal BIC
0.0427099733287323,0.06206758431170774,False,mean + 2 s.d. after unimodal BIC
0.045067972192867,0.06206758431170774,False,mean + 2 s.d. after unimodal BIC
0.0499708844652446,0.06206758431170774,False,mean + 2 s.d. after unimodal BIC
0.0374188539262837,0.06206758431170774,False,mean + 2 s.d. after unimodal BIC
0.0381808901445712,0.06206758431170774,False,mean + 2 s.d. after unimodal BIC
0.0416172421477918,0.06206758431170774,False,mean + 2 s.d. after unimodal BIC
0.0492519823725206,0.06206758431170774,False,mean + 2 s.d. after unimodal BIC
0.0454058561764473,0.06206758431170774,False,mean + 2 s.d. after unimodal BIC
0.0492376043306662,0.06206758431170774,False,mean + 2 s.d. after unimodal BIC
0.0479867146893264,0.06206758431170774,False,mean + 2 s.d. after unimodal BIC
0.0429328329774768,0.06206758431170774,False,mean + 2 s.d. after unimodal BIC
0.0305605279616968,0.06206758431170774,False,mean + 2 s.d. after unimodal BIC
0.0450823502347215,0.06206758431170774,False,mean + 2 s.d. after unimodal BIC
0.0519766213039446,0.06206758431170774,False,mean + 2 s.d. after unimodal BIC
0.0461247582691713,0.06206758431170774,False,mean + 2 s.d. after unimodal BIC
0.0446294419163054,0.06206758431170774,False,mean + 2 s.d. after unimodal BIC
0.0495970553770282,0.06206758431170774,False,mean + 2 s.d. after unimodal BIC
0.0465273434410967,0.06206758431170774,False,mean + 2 s.d. after unimodal BIC
0.048964421535431,0.06206758431170774,False,mean + 2 s.d. after unimodal BIC
0.0398774990833998,0.06206758431170774,False,mean + 2 s.d. after unimodal BIC
0.040452620757579,0.06206758431170774,False,mean + 2 s.d. after unimodal BIC
0.0494245188747744,0.06206758431170774,False,mean + 2 s.d. after unimodal BIC
0.0379939756004629,0.06206758431170774,False,mean + 2 s.d. after unimodal BIC
0.0431053694797305,0.06206758431170774,False,mean + 2 s.d. after unimodal BIC
0.0551038454072939,0.06206758431170774,False,mean + 2 s.d. after unimodal BIC
0.0400787916693625,0.06206758431170774,False,mean + 2 s.d. after unimodal BIC
0.0393095664301478,0.06206758431170774,False,mean + 2 s.d. after unimodal BIC
0.0497767809002092,0.06206758431170774,False,mean + 2 s.d. after unimodal BIC
0.0521060236806349,0.06206758431170774,False,mean + 2 s.d. after unimodal BIC
0.0295684430737377,0.06206758431170774,False,mean + 2 s.d. after unimodal BIC
0.0505388171184966,0.06206758431170774,False,mean + 2 s.d. after unimodal BIC
0.0448163564604136,0.06206758431170774,False,mean + 2 s.d. after unimodal BIC
0.0379939756004629,0.06206758431170774,False,mean + 2 s.d. after unimodal BIC
0.0489428544726493,0.06206758431170774,False,mean + 2 s.d. after unimodal BIC
0.0510492376043306,0.06206758431170774,False,mean + 2 s.d. after unimodal BIC
0.035060855062149,0.06206758431170774,False,mean + 2 s.d. after unimodal BIC
0.0421779857801166,0.06206758431170774,False,mean + 2 s.d. after unimodal BIC
0.0506754085161141,0.06206758431170774,False,mean + 2 s.d. after unimodal BIC
0.042249875989389,0.06206758431170774,False,mean + 2 s.d. after unimodal BIC
0.0505172500557149,0.06206758431170774,False,mean + 2 s.d. after unimodal BIC
0.048274275526416,0.06206758431170774,False,mean + 2 s.d. after unimodal BIC
0.0512433411693661,0.06206758431170774,False,mean + 2 s.d. after unimodal BIC
0.0479867146893264,0.06206758431170774,False,mean + 2 s.d. after unimodal BIC
0.0404669987994335,0.06206758431170774,False,mean + 2 s.d. after unimodal BIC
0.0442052896815982,0.06206758431170774,False,mean + 2 s.d. after unimodal BIC
0.0480010927311809,0.06206758431170774,False,mean + 2 s.d. after unimodal BIC
0.0544208884192061,0.06206758431170774,False,mean + 2 s.d. after unimodal BIC
0.0508623230602224,0.06206758431170774,False,mean + 2 s.d. after unimodal BIC
0.0390004385302765,0.06206758431170774,False,mean + 2 s.d. after unimodal BIC
0.05237920647587,0.06206758431170774,False,mean + 2 s.d. after unimodal BIC
0.0378573842028454,0.06206758431170774,False,mean + 2 s.d. after unimodal BIC
0.048454001049597,0.06206758431170774,False,mean + 2 s.d. after unimodal BIC
0.0375410672820468,0.06206758431170774,False,mean + 2 s.d. after unimodal BIC
0.0594675811101286,0.06206758431170774,False,mean + 2 s.d. after unimodal BIC
0.033500837520938,0.06206758431170774,False,mean + 2 s.d. after unimodal BIC
0.0507257316626048,0.06206758431170774,False,mean + 2 s.d. after unimodal BIC
0.0472678125966024,0.06206758431170774,False,mean + 2 s.d. after unimodal BIC
0.0407976937620865,0.06206758431170774,False,mean + 2 s.d. after unimodal BIC
0.0440902653467624,0.06206758431170774,False,mean + 2 s.d. after unimodal BIC
0.0532059438825026,0.06206758431170774,False,mean + 2 s.d. after unimodal BIC
0.0350033428947311,0.06206758431170774,False,mean + 2 s.d. after unimodal BIC
0.0501577990093529,0.06206758431170774,False,mean + 2 s.d. after unimodal BIC
0.0431628816471484,0.06206758431170774,False,mean + 2 s.d. after unimodal BIC
0.0380155426632446,0.06206758431170774,False,mean + 2 s.d. after unimodal BIC
0.0477135318940913,0.06206758431170774,False,mean + 2 s.d. after unimodal BIC
0.0468149042781863,0.06206758431170774,False,mean + 2 s.d. after unimodal BIC
0.0556574000186914,0.06206758431170774,False,mean + 2 s.d. after unimodal BIC
0.0448738686278315,0.06206758431170774,False,mean + 2 s.d. after unimodal BIC
0.0295900101365195,0.06206758431170774,False,mean + 2 s.d. after unimodal BIC
0.0455065024694286,0.06206758431170774,False,mean + 2 s.d. after unimodal BIC
0.0448019784185591,0.06206758431170774,False,mean + 2 s.d. after unimodal BIC
0.033831532483591,0.06206758431170774,False,mean + 2 s.d. after unimodal BIC
0.0316532591426373,0.06206758431170774,False,mean + 2 s.d. after unimodal BIC
0.0446725760418688,0.06206758431170774,False,mean + 2 s.d. after unimodal BIC
0.053817010661318,0.06206758431170774,False,mean + 2 s.d. after unimodal BIC
0.0503375245325339,0.06206758431170774,False,mean + 2 s.d. after unimodal BIC
0.0410996326410306,0.06206758431170774,False,mean + 2 s.d. after unimodal BIC
0.0388207130070955,0.06206758431170774,False,mean + 2 s.d. after unimodal BIC
0.0431844487099301,0.06206758431170774,False,mean + 2 s.d. after unimodal BIC
0.0482455194427071,0.06206758431170774,False,mean + 2 s.d. after unimodal BIC
0.0474762942034924,0.06206758431170774,False,mean + 2 s.d. after unimodal BIC
0.0528464928361406,0.06206758431170774,False,mean + 2 s.d. after unimodal BIC
0.0376129574913192,0.06206758431170774,False,mean + 2 s.d. after unimodal BIC
0.0431341255634395,0.06206758431170774,False,mean + 2 s.d. after unimodal BIC
0.0420485834034262,0.06206758431170774,False,mean + 2 s.d. after unimodal BIC
0.0397121516020733,0.06206758431170774,False,mean + 2 s.d. after unimodal BIC
0.0316316920798556,0.06206758431170774,False,mean + 2 s.d. after unimodal BIC
0.0459234656832086,0.06206758431170774,False,mean + 2 s.d. after unimodal BIC
0.0375554453239013,0.06206758431170774,False,mean + 2 s.d. after unimodal BIC
0.038504396086297,0.06206758431170774,False,mean + 2 s.d. after unimodal BIC
0.0354418731712928,0.06206758431170774,False,mean + 2 s.d. after unimodal BIC
0.048633726572778,0.06206758431170774,False,mean + 2 s.d. after unimodal BIC
0.05396798010079,0.06206758431170774,False,mean + 2 s.d. after unimodal BIC
0.0540111142263535,0.06206758431170774,False,mean + 2 s.d. after unimodal BIC
0.0562900338602885,0.06206758431170774,False,mean + 2 s.d. after unimodal BIC
0.0520413224922897,0.06206758431170774,False,mean + 2 s.d. after unimodal BIC
0.0444425273721971,0.06206758431170774,False,mean + 2 s.d. after unimodal BIC
0.0469730627385856,0.06206758431170774,False,mean + 2 s.d. after unimodal BIC
0.0428393757054226,0.06206758431170774,False,mean + 2 s.d. after unimodal BIC
0.0503806586580973,0.06206758431170774,False,mean + 2 s.d. after unimodal BIC
0.0496905126490823,0.06206758431170774,False,mean + 2 s.d. after unimodal BIC
0.0413871934781202,0.06206758431170774,False,mean + 2 s.d. after unimodal BIC
0.0455424475740648,0.06206758431170774,False,mean + 2 s.d. after unimodal BIC
0.0367862200846866,0.06206758431170774,False,mean + 2 s.d. after unimodal BIC
0.0421204736126986,0.06206758431170774,False,mean + 2 s.d. after unimodal BIC
0.0470593309897125,0.06206758431170774,False,mean + 2 s.d. after unimodal BIC
0.0531771877987936,0.06206758431170774,False,mean + 2 s.d. after unimodal BIC
0.0435367107353649,0.06206758431170774,False,mean + 2 s.d. after unimodal BIC
0.0554561074327287,0.06206758431170774,False,mean + 2 s.d. after unimodal BIC
0.0441190214304713,0.06206758431170774,False,mean + 2 s.d. after unimodal BIC
0.0450176490463763,0.06206758431170774,False,mean + 2 s.d. after unimodal BIC
0.0436373570283463,0.06206758431170774,False,mean + 2 s.d. after unimodal BIC
0.0330623072443763,0.06206758431170774,False,mean + 2 s.d. after unimodal BIC
0.0485043241960877,0.06206758431170774,False,mean + 2 s.d. after unimodal BIC
0.0347229710785688,0.06206758431170774,False,mean + 2 s.d. after unimodal BIC
0.0400069014600901,0.06206758431170774,False,mean + 2 s.d. after unimodal BIC
0.0496545675444461,0.06206758431170774,False,mean + 2 s.d. after unimodal BIC
0.039165786011603,0.06206758431170774,False,mean + 2 s.d. after unimodal BIC
0.0498342930676271,0.06206758431170774,False,mean + 2 s.d. after unimodal BIC
0.0382599693747708,0.06206758431170774,False,mean + 2 s.d. after unimodal BIC
0.0434144973796018,0.06206758431170774,False,mean + 2 s.d. after unimodal BIC
0.0478860683963451,0.06206758431170774,False,mean + 2 s.d. after unimodal BIC
0.0478788793754178,0.06206758431170774,False,mean + 2 s.d. after unimodal BIC
0.0458156303693,0.06206758431170774,False,mean + 2 s.d. after unimodal BIC
0.043838649614309,0.06206758431170774,False,mean + 2 s.d. after unimodal BIC
0.0403160293599614,0.06206758431170774,False,mean + 2 s.d. after unimodal BIC
0.0482311414008526,0.06206758431170774,False,mean + 2 s.d. after unimodal BIC
0.046505776378315,0.06206758431170774,False,mean + 2 s.d. after unimodal BIC
0.046354806938843,0.06206758431170774,False,mean + 2 s.d. after unimodal BIC
0.0401147367739987,0.06206758431170774,False,mean + 2 s.d. after unimodal BIC
0.0464266971481154,0.06206758431170774,False,mean + 2 s.d. after unimodal BIC
0.0436733021329825,0.06206758431170774,False,mean + 2 s.d. after unimodal BIC
0.042940021998404,0.06206758431170774,False,mean + 2 s.d. after unimodal BIC
0.0427746745170775,0.06206758431170774,False,mean + 2 s.d. after unimodal BIC
0.0387703898606048,0.06206758431170774,False,mean + 2 s.d. after unimodal BIC
0.0453483440090294,0.06206758431170774,False,mean + 2 s.d. after unimodal BIC
0.0560456071487624,0.06206758431170774,False,mean + 2 s.d. after unimodal BIC
0.0415669190013012,0.06206758431170774,False,mean + 2 s.d. after unimodal BIC
0.0410421204736127,0.06206758431170774,False,mean + 2 s.d. after unimodal BIC
0.0516171702575826,0.06206758431170774,False,mean + 2 s.d. after unimodal BIC
0.0415237848757377,0.06206758431170774,False,mean + 2 s.d. after unimodal BIC
0.048604970489069,0.06206758431170774,False,mean + 2 s.d. after unimodal BIC
0.0499636954443174,0.06206758431170774,False,mean + 2 s.d. after unimodal BIC
0.0474403490988562,0.06206758431170774,False,mean + 2 s.d. after unimodal BIC
0.0410564985154671,0.06206758431170774,False,mean + 2 s.d. after unimodal BIC
0.0489500434935766,0.06206758431170774,False,mean + 2 s.d. after unimodal BIC
0.0471743553245483,0.06206758431170774,False,mean + 2 s.d. after unimodal BIC
0.0385690972746421,0.06206758431170774,False,mean + 2 s.d. after unimodal BIC
0.0442987469536523,0.06206758431170774,False,mean + 2 s.d. after unimodal BIC
0.0492663604143751,0.06206758431170774,False,mean + 2 s.d. after unimodal BIC
0.0461247582691713,0.06206758431170774,False,mean + 2 s.d. after unimodal BIC
0.0452117526114118,0.06206758431170774,False,mean + 2 s.d. after unimodal BIC
0.0443275030373613,0.06206758431170774,False,mean + 2 s.d. after unimodal BIC
0.0448163564604136,0.06206758431170774,False,mean + 2 s.d. after unimodal BIC
0.0398703100624725,0.06206758431170774,False,mean + 2 s.d. after unimodal BIC
0.0405604560714876,0.06206758431170774,False,mean + 2 s.d. after unimodal BIC
0.0507185426416776,0.06206758431170774,False,mean + 2 s.d. after unimodal BIC
0.0458156303693,0.06206758431170774,False,mean + 2 s.d. after unimodal BIC
0.0456790389716824,0.06206758431170774,False,mean + 2 s.d. after unimodal BIC
0.0414159495618291,0.06206758431170774,False,mean + 2 s.d. after unimodal BIC
0.0418472908174635,0.06206758431170774,False,mean + 2 s.d. after unimodal BIC
0.0464985873573877,0.06206758431170774,False,mean + 2 s.d. after unimodal BIC
0.048842208179668,0.06206758431170774,False,mean + 2 s.d. after unimodal BIC
0.0437667594050366,0.06206758431170774,False,mean + 2 s.d. after unimodal BIC
0.0456430938670462,0.06206758431170774,False,mean + 2 s.d. after unimodal BIC
0.041861668859318,0.06206758431170774,False,mean + 2 s.d. after unimodal BIC
0.0421132845917714,0.06206758431170774,False,mean + 2 s.d. after unimodal BIC
0.0377998720354274,0.06206758431170774,False,mean + 2 s.d. after unimodal BIC
0.0443993932466337,0.06206758431170774,False,mean + 2 s.d. after unimodal BIC
0.0550319551980215,0.06206758431170774,False,mean + 2 s.d. after unimodal BIC
0.042041394382499,0.06206758431170774,False,mean + 2 s.d. after unimodal BIC
0.0488062630750318,0.06206758431170774,False,mean + 2 s.d. after unimodal BIC
0.0442556128280889,0.06206758431170774,False,mean + 2 s.d. after unimodal BIC
0.0521491578061983,0.06206758431170774,False,mean + 2 s.d. after unimodal BIC
0.0428034306007864,0.06206758431170774,False,mean + 2 s.d. after unimodal BIC
0.0435151436725832,0.06206758431170774,False,mean + 2 s.d. after unimodal BIC
0.0371888052566121,0.06206758431170774,False,mean + 2 s.d. after unimodal BIC
0.04899317761914,0.06206758431170774,False,mean + 2 s.d. after unimodal BIC
0.0446150638744509,0.06206758431170774,False,mean + 2 s.d. after unimodal BIC
0.0446438199581599,0.06206758431170774,False,mean + 2 s.d. after unimodal BIC
0.0483174096519795,0.06206758431170774,False,mean + 2 s.d. after unimodal BIC
0.03565754379911,0.06206758431170774,False,mean + 2 s.d. after unimodal BIC
0.0417897786500456,0.06206758431170774,False,mean + 2 s.d. after unimodal BIC
0.0466998799433505,0.06206758431170774,False,mean + 2 s.d. after unimodal BIC
0.0402944622971797,0.06206758431170774,False,mean + 2 s.d. after unimodal BIC
0.0464985873573877,0.06206758431170774,False,mean + 2 s.d. after unimodal BIC
0.0428178086426409,0.06206758431170774,False,mean + 2 s.d. after unimodal BIC
0.0426812172450234,0.06206758431170774,False,mean + 2 s.d. after unimodal BIC
0.0461103802273168,0.06206758431170774,False,mean + 2 s.d. after unimodal BIC
0.0410564985154671,0.06206758431170774,False,mean + 2 s.d. after unimodal BIC
0.0303232902710979,0.06206758431170774,False,mean + 2 s.d. after unimodal BIC
0.0417394555035549,0.06206758431170774,False,mean + 2 s.d. after unimodal BIC
0.046146325331953,0.06206758431170774,False,mean + 2 s.d. after unimodal BIC
0.0495682992933192,0.06206758431170774,False,mean + 2 s.d. after unimodal BIC
0.0421204736126986,0.06206758431170774,False,mean + 2 s.d. after unimodal BIC
0.0391298409069668,0.06206758431170774,False,mean + 2 s.d. after unimodal BIC
0.0507113536207503,0.06206758431170774,False,mean + 2 s.d. after unimodal BIC
0.038504396086297,0.06206758431170774,False,mean + 2 s.d. after unimodal BIC
0.0522138589945435,0.06206758431170774,False,mean + 2 s.d. after unimodal BIC
0.0521563468271256,0.06206758431170774,False,mean + 2 s.d. after unimodal BIC
0.0487056167820504,0.06206758431170774,False,mean + 2 s.d. after unimodal BIC
0.0494245188747744,0.06206758431170774,False,mean + 2 s.d. after unimodal BIC
0.0385690972746421,0.06206758431170774,False,mean + 2 s.d. after unimodal BIC
0.0442052896815982,0.06206758431170774,False,mean + 2 s.d. after unimodal BIC
0.0476128856011099,0.06206758431170774,False,mean + 2 s.d. after unimodal BIC
0.0472390565128935,0.06206758431170774,False,mean + 2 s.d. after unimodal BIC
0.0440686982839807,0.06206758431170774,False,mean + 2 s.d. after unimodal BIC
0.0460384900180444,0.06206758431170774,False,mean + 2 s.d. after unimodal BIC
0.0407042364900324,0.06206758431170774,False,mean + 2 s.d. after unimodal BIC
0.0378358171400637,0.06206758431170774,False,mean + 2 s.d. after unimodal BIC
0.0389788714674948,0.06206758431170774,False,mean + 2 s.d. after unimodal BIC
0.0439177288445086,0.06206758431170774,False,mean + 2 s.d. after unimodal BIC
0.0499708844652446,0.06206758431170774,False,mean + 2 s.d. after unimodal BIC
0.0434144973796018,0.06206758431170774,False,mean + 2 s.d. after unimodal BIC
0.0496042443979554,0.06206758431170774,False,mean + 2 s.d. after unimodal BIC
0.049891805235045,0.06206758431170774,False,mean + 2 s.d. after unimodal BIC
0.0415956750850101,0.06206758431170774,False,mean + 2 s.d. after unimodal BIC
0.0524870417897786,0.06206758431170774,False,mean + 2 s.d. after unimodal BIC
0.0530621634639578,0.06206758431170774,False,mean + 2 s.d. after unimodal BIC
0.0436373570283463,0.06206758431170774,False,mean + 2 s.d. after unimodal BIC
0.0467861481944773,0.06206758431170774,False,mean + 2 s.d. after unimodal BIC
0.0554201623280925,0.06206758431170774,False,mean + 2 s.d. after unimodal BIC
0.0439177288445086,0.06206758431170774,False,mean + 2 s.d. after unimodal BIC
0.0457365511391003,0.06206758431170774,False,mean + 2 s.d. after unimodal BIC
0.0361535862430895,0.06206758431170774,False,mean + 2 s.d. after unimodal BIC
0.0399781453763811,0.06206758431170774,False,mean + 2 s.d. after unimodal BIC
0.0425374368264786,0.06206758431170774,False,mean + 2 s.d. after unimodal BIC
0.0443059359745796,0.06206758431170774,False,mean + 2 s.d. after unimodal BIC
0.0403160293599614,0.06206758431170774,False,mean + 2 s.d. after unimodal BIC
0.0489428544726493,0.06206758431170774,False,mean + 2 s.d. after unimodal BIC
0.0454849354066469,0.06206758431170774,False,mean + 2 s.d. after unimodal BIC
0.0397984198532001,0.06206758431170774,False,mean + 2 s.d. after unimodal BIC
0.0452836428206842,0.06206758431170774,False,mean + 2 s.d. after unimodal BIC
0.0433066620656932,0.06206758431170774,False,mean + 2 s.d. after unimodal BIC
0.0372894515495934,0.06206758431170774,False,mean + 2 s.d. after unimodal BIC
0.0437451923422549,0.06206758431170774,False,mean + 2 s.d. after unimodal BIC
0.0354993853387107,0.06206758431170774,False,mean + 2 s.d. after unimodal BIC
0.0466136116922236,0.06206758431170774,False,mean + 2 s.d. after unimodal BIC
0.0465632885457329,0.06206758431170774,False,mean + 2 s.d. after unimodal BIC
0.0450895392556487,0.06206758431170774,False,mean + 2 s.d. after unimodal BIC
0.0491800921632482,0.06206758431170774,False,mean + 2 s.d. after unimodal BIC
0.0544208884192061,0.06206758431170774,False,mean + 2 s.d. after unimodal BIC
0.0388135239861683,0.06206758431170774,False,mean + 2 s.d. after unimodal BIC
0.0427962415798592,0.06206758431170774,False,mean + 2 s.d. after unimodal BIC
0.0470521419687852,0.06206758431170774,False,mean + 2 s.d. after unimodal BIC
0.042192363821971,0.06206758431170774,False,mean + 2 s.d. after unimodal BIC
0.0443993932466337,0.06206758431170774,False,mean + 2 s.d. after unimodal BIC
0.0449313807952495,0.06206758431170774,False,mean + 2 s.d. after unimodal BIC
0.0520988346597076,0.06206758431170774,False,mean + 2 s.d. after unimodal BIC
0.043838649614309,0.06206758431170774,False,mean + 2 s.d. after unimodal BIC
0.0420557724243535,0.06206758431170774,False,mean + 2 s.d. after unimodal BIC
0.048274275526416,0.06206758431170774,False,mean + 2 s.d. after unimodal BIC
0.0441262104513986,0.06206758431170774,False,mean + 2 s.d. after unimodal BIC
0.0276921086117281,0.06206758431170774,False,mean + 2 s.d. after unimodal BIC
0.0483389767147612,0.06206758431170774,False,mean + 2 s.d. after unimodal BIC
0.0492951164980841,0.06206758431170774,False,mean + 2 s.d. after unimodal BIC
0.0429975341658219,0.06206758431170774,False,mean + 2 s.d. after unimodal BIC
0.0440111861165627,0.06206758431170774,False,mean + 2 s.d. after unimodal BIC
0.0480298488148899,0.06206758431170774,False,mean + 2 s.d. after unimodal BIC
0.0608981962746493,0.06206758431170774,False,mean + 2 s.d. after unimodal BIC
0.0543058640843703,0.06206758431170774,False,mean + 2 s.d. after unimodal BIC
0.0460169229552627,0.06206758431170774,False,mean + 2 s.d. after unimodal BIC
0.0439608629700721,0.06206758431170774,False,mean + 2 s.d. after unimodal BIC
0.039345511534784,0.06206758431170774,False,mean + 2 s.d. after unimodal BIC
0.0495107871259013,0.06206758431170774,False,mean + 2 s.d. after unimodal BIC
0.0488206411168862,0.06206758431170774,False,mean + 2 s.d. after unimodal BIC
0.0434935766098015,0.06206758431170774,False,mean + 2 s.d. after unimodal BIC
0.0559665279185627,0.06206758431170774,False,mean + 2 s.d. after unimodal BIC
0.0448091674394864,0.06206758431170774,False,mean + 2 s.d. after unimodal BIC
0.0488997203470859,0.06206758431170774,False,mean + 2 s.d. after unimodal BIC
0.0347876722669139,0.06206758431170774,False,mean + 2 s.d. after unimodal BIC
0.0454633683438652,0.06206758431170774,False,mean + 2 s.d. after unimodal BIC
0.035420306108511,0.06206758431170774,False,mean + 2 s.d. after unimodal BIC
0.0455855816996283,0.06206758431170774,False,mean + 2 s.d. after unimodal BIC
0.0457077950553914,0.06206758431170774,False,mean + 2 s.d. after unimodal BIC
0.0413440593525567,0.06206758431170774,False,mean + 2 s.d. after unimodal BIC
0.0384253168560973,0.06206758431170774,False,mean + 2 s.d. after unimodal BIC
0.0426524611613144,0.06206758431170774,False,mean + 2 s.d. after unimodal BIC
0.0478932574172723,0.06206758431170774,False,mean + 2 s.d. after unimodal BIC
0.0460384900180444,0.06206758431170774,False,mean + 2 s.d. after unimodal BIC
0.0410780655782489,0.06206758431170774,False,mean + 2 s.d. after unimodal BIC
0.0431485036052939,0.06206758431170774,False,mean + 2 s.d. after unimodal BIC
0.0404885658622152,0.06206758431170774,False,mean + 2 s.d. after unimodal BIC
0.0367287079172687,0.06206758431170774,False,mean + 2 s.d. after unimodal BIC
0.0416388092105736,0.06206758431170774,False,mean + 2 s.d. after unimodal BIC
0.0399709563554539,0.06206758431170774,False,mean + 2 s.d. after unimodal BIC
0.0474547271407107,0.06206758431170774,False,mean + 2 s.d. after unimodal BIC
0.0515237129855285,0.06206758431170774,False,mean + 2 s.d. after unimodal BIC
0.0463619959597702,0.06206758431170774,False,mean + 2 s.d. after unimodal BIC
0.0469874407804401,0.06206758431170774,False,mean + 2 s.d. after unimodal BIC
0.0383102925212615,0.06206758431170774,False,mean + 2 s.d. after unimodal BIC
0.045247697716048,0.06206758431170774,False,mean + 2 s.d. after unimodal BIC
0.0558874486883631,0.06206758431170774,False,mean + 2 s.d. after unimodal BIC
0.0516818714459277,0.06206758431170774,False,mean + 2 s.d. after unimodal BIC
0.0348739405180408,0.06206758431170774,False,mean + 2 s.d. after unimodal BIC
0.0363692568709067,0.06206758431170774,False,mean + 2 s.d. after unimodal BIC
0.0403807305483066,0.06206758431170774,False,mean + 2 s.d. after unimodal BIC
0.0477854221033637,0.06206758431170774,False,mean + 2 s.d. after unimodal BIC
0.0437523813631821,0.06206758431170774,False,mean + 2 s.d. after unimodal BIC
0.0508910791439313,0.06206758431170774,False,mean + 2 s.d. after unimodal BIC
0.0410996326410306,0.06206758431170774,False,mean + 2 s.d. after unimodal BIC
0.0481448731497257,0.06206758431170774,False,mean + 2 s.d. after unimodal BIC
0.0427746745170775,0.06206758431170774,False,mean + 2 s.d. after unimodal BIC
0.0447660333139229,0.06206758431170774,False,mean + 2 s.d. after unimodal BIC
0.0376632806378099,0.06206758431170774,False,mean + 2 s.d. after unimodal BIC
0.0478141781870727,0.06206758431170774,False,mean + 2 s.d. after unimodal BIC
0.0492735494353024,0.06206758431170774,False,mean + 2 s.d. after unimodal BIC
0.0465273434410967,0.06206758431170774,False,mean + 2 s.d. after unimodal BIC
0.0394389688068382,0.06206758431170774,False,mean + 2 s.d. after unimodal BIC
0.043658924091128,0.06206758431170774,False,mean + 2 s.d. after unimodal BIC
0.0479651476265447,0.06206758431170774,False,mean + 2 s.d. after unimodal BIC
0.0471455992408393,0.06206758431170774,False,mean + 2 s.d. after unimodal BIC
0.0476703977685279,0.06206758431170774,False,mean + 2 s.d. after unimodal BIC
0.0411499557875213,0.06206758431170774,False,mean + 2 s.d. after unimodal BIC
0.0413800044571929,0.06206758431170774,False,mean + 2 s.d. after unimodal BIC
0.0470593309897125,0.06206758431170774,False,mean + 2 s.d. after unimodal BIC
0.0422067418638255,0.06206758431170774,False,mean + 2 s.d. after unimodal BIC
0.0350680440830763,0.06206758431170774,False,mean + 2 s.d. after unimodal BIC
0.0504453598464425,0.06206758431170774,False,mean + 2 s.d. after unimodal BIC
0.0405748341133421,0.06206758431170774,False,mean + 2 s.d. after unimodal BIC
0.0438027045096728,0.06206758431170774,False,mean + 2 s.d. after unimodal BIC
0.0448738686278315,0.06206758431170774,False,mean + 2 s.d. after unimodal BIC
0.043989619053781,0.06206758431170774,False,mean + 2 s.d. after unimodal BIC
0.0484611900705242,0.06206758431170774,False,mean + 2 s.d. after unimodal BIC
0.0486409155937052,0.06206758431170774,False,mean + 2 s.d. after unimodal BIC
0.049352628665502,0.06206758431170774,False,mean + 2 s.d. after unimodal BIC
0.0392592432836572,0.06206758431170774,False,mean + 2 s.d. after unimodal BIC
0.0325015636120516,0.06206758431170774,False,mean + 2 s.d. after unimodal BIC
0.0343347639484978,0.06206758431170774,False,mean + 2 s.d. after unimodal BIC
0.0548881747794767,0.06206758431170774,False,mean + 2 s.d. after unimodal BIC
0.047375647910511,0.06206758431170774,False,mean + 2 s.d. after unimodal BIC
0.0459881668715537,0.06206758431170774,False,mean + 2 s.d. after unimodal BIC
0.0491585251004665,0.06206758431170774,False,mean + 2 s.d. after unimodal BIC
0.0432850950029115,0.06206758431170774,False,mean + 2 s.d. after unimodal BIC
0.0429831561239674,0.06206758431170774,False,mean + 2 s.d. after unimodal BIC
0.0470521419687852,0.06206758431170774,False,mean + 2 s.d. after unimodal BIC
0.0516099812366553,0.06206758431170774,False,mean + 2 s.d. after unimodal BIC
0.0456934170135369,0.06206758431170774,False,mean + 2 s.d. after unimodal BIC
0.0386481765048418,0.06206758431170774,False,mean + 2 s.d. after unimodal BIC
0.0468220932991136,0.06206758431170774,False,mean + 2 s.d. after unimodal BIC
0.0432922840238387,0.06206758431170774,False,mean + 2 s.d. after unimodal BIC
0.0392376762208754,0.06206758431170774,False,mean + 2 s.d. after unimodal BIC
0.0412434130595754,0.06206758431170774,False,mean + 2 s.d. after unimodal BIC
0.0392808103464389,0.06206758431170774,False,mean + 2 s.d. after unimodal BIC
0.0528752489198496,0.06206758431170774,False,mean + 2 s.d. after unimodal BIC
0.0381952681864256,0.06206758431170774,False,mean + 2 s.d. after unimodal BIC
0.0446581980000143,0.06206758431170774,False,mean + 2 s.d. after unimodal BIC
0.0425014917218424,0.06206758431170774,False,mean + 2 s.d. after unimodal BIC
0.0496689455863006,0.06206758431170774,False,mean + 2 s.d. after unimodal BIC
0.0468508493828225,0.06206758431170774,False,mean + 2 s.d. after unimodal BIC
0.0514949569018195,0.06206758431170774,False,mean + 2 s.d. after unimodal BIC
0.043090991437876,0.06206758431170774,False,mean + 2 s.d. after unimodal BIC
0.0484180559449608,0.06206758431170774,False,mean + 2 s.d. after unimodal BIC
0.0469011725293132,0.06206758431170774,False,mean + 2 s.d. after unimodal BIC
0.0414806507501743,0.06206758431170774,False,mean + 2 s.d. after unimodal BIC
0.0509557803322765,0.06206758431170774,False,mean + 2 s.d. after unimodal BIC
0.0486912387401959,0.06206758431170774,False,mean + 2 s.d. after unimodal BIC
0.0473828369314383,0.06206758431170774,False,mean + 2 s.d. after unimodal BIC
0.0442699908699434,0.06206758431170774,False,mean + 2 s.d. after unimodal BIC
0.0501577990093529,0.06206758431170774,False,mean + 2 s.d. after unimodal BIC
0.044528795623324,0.06206758431170774,False,mean + 2 s.d. after unimodal BIC
0.0446294419163054,0.06206758431170774,False,mean + 2 s.d. after unimodal BIC
0.0480010927311809,0.06206758431170774,False,mean + 2 s.d. after unimodal BIC
0.0550031991143126,0.06206758431170774,False,mean + 2 s.d. after unimodal BIC
0.040783315720232,0.06206758431170774,False,mean + 2 s.d. after unimodal BIC
0.045039216109158,0.06206758431170774,False,mean + 2 s.d. after unimodal BIC
0.0393023774092206,0.06206758431170774,False,mean + 2 s.d. after unimodal BIC
0.043270716961057,0.06206758431170774,False,mean + 2 s.d. after unimodal BIC
0.0372391284031027,0.06206758431170774,False,mean + 2 s.d. after unimodal BIC
0.0431628816471484,0.06206758431170774,False,mean + 2 s.d. after unimodal BIC
0.0569154786809584,0.06206758431170774,False,mean + 2 s.d. after unimodal BIC
0.0496761346072278,0.06206758431170774,False,mean + 2 s.d. after unimodal BIC
0.0502153111767708,0.06206758431170774,False,mean + 2 s.d. after unimodal BIC
0.0503231464906794,0.06206758431170774,False,mean + 2 s.d. after unimodal BIC
0.0418472908174635,0.06206758431170774,False,mean + 2 s.d. after unimodal BIC
0.0447732223348502,0.06206758431170774,False,mean + 2 s.d. after unimodal BIC
0.0522210480154707,0.06206758431170774,False,mean + 2 s.d. after unimodal BIC
0.0477422879778003,0.06206758431170774,False,mean + 2 s.d. after unimodal BIC
0.0389141702791496,0.06206758431170774,False,mean + 2 s.d. after unimodal BIC
0.038295914479407,0.06206758431170774,False,mean + 2 s.d. after unimodal BIC
0.0453627220508838,0.06206758431170774,False,mean + 2 s.d. after unimodal BIC
0.0393598895766385,0.06206758431170774,False,mean + 2 s.d. after unimodal BIC
0.0328250695537774,0.06206758431170774,False,mean + 2 s.d. after unimodal BIC
0.0377711159517185,0.06206758431170774,False,mean + 2 s.d. after unimodal BIC
0.0482527084636343,0.06206758431170774,False,mean + 2 s.d. after unimodal BIC
0.0484036779031063,0.06206758431170774,False,mean + 2 s.d. after unimodal BIC
0.0400859806902897,0.06206758431170774,False,mean + 2 s.d. after unimodal BIC
0.0379939756004629,0.06206758431170774,False,mean + 2 s.d. after unimodal BIC
0.0468508493828225,0.06206758431170774,False,mean + 2 s.d. after unimodal BIC
0.0546437480679506,0.06206758431170774,False,mean + 2 s.d. after unimodal BIC
0.0459234656832086,0.06206758431170774,False,mean + 2 s.d. after unimodal BIC
0.040963041243413,0.06206758431170774,False,mean + 2 s.d. after unimodal BIC
0.047584129517401,0.06206758431170774,False,mean + 2 s.d. after unimodal BIC
0.0495107871259013,0.06206758431170774,False,mean + 2 s.d. after unimodal BIC
0.0535150717823739,0.06206758431170774,False,mean + 2 s.d. after unimodal BIC
0.0531987548615754,0.06206758431170774,False,mean + 2 s.d. after unimodal BIC
0.049144147058612,0.06206758431170774,False,mean + 2 s.d. after unimodal BIC
0.0456790389716824,0.06206758431170774,False,mean + 2 s.d. after unimodal BIC
0.0420270163406445,0.06206758431170774,False,mean + 2 s.d. after unimodal BIC
0.0510708046671123,0.06206758431170774,False,mean + 2 s.d. after unimodal BIC
0.05597371693949,0.06206758431170774,False,mean + 2 s.d. after unimodal BIC
0.0436661131120552,0.06206758431170774,False,mean + 2 s.d. after unimodal BIC
0.0393814566394202,0.06206758431170774,False,mean + 2 s.d. after unimodal BIC
0.0455280695322104,0.06206758431170774,False,mean + 2 s.d. after unimodal BIC
0.0405101329249969,0.06206758431170774,False,mean + 2 s.d. after unimodal BIC
0.0510636156461851,0.06206758431170774,False,mean + 2 s.d. after unimodal BIC
0.0455352585531376,0.06206758431170774,False,mean + 2 s.d. after unimodal BIC
0.0462325935830799,0.06206758431170774,False,mean + 2 s.d. after unimodal BIC
0.0411068216619578,0.06206758431170774,False,mean + 2 s.d. after unimodal BIC
0.0393311334929296,0.06206758431170774,False,mean + 2 s.d. after unimodal BIC
0.0467142579852049,0.06206758431170774,False,mean + 2 s.d. after unimodal BIC
0.0354921963177834,0.06206758431170774,False,mean + 2 s.d. after unimodal BIC
0.0490794458702669,0.06206758431170774,False,mean + 2 s.d. after unimodal BIC
0.0328682036793409,0.06206758431170774,False,mean + 2 s.d. after unimodal BIC
0.0431341255634395,0.06206758431170774,False,mean + 2 s.d. after unimodal BIC
0.0478501232917089,0.06206758431170774,False,mean + 2 s.d. after unimodal BIC
0.0505747622231328,0.06206758431170774,False,mean + 2 s.d. after unimodal BIC
0.0497048906909368,0.06206758431170774,False,mean + 2 s.d. after unimodal BIC
0.0480657939195261,0.06206758431170774,False,mean + 2 s.d. after unimodal BIC
0.0431413145843667,0.06206758431170774,False,mean + 2 s.d. after unimodal BIC
0.0437236252794731,0.06206758431170774,False,mean + 2 s.d. after unimodal BIC
0.0474691051825651,0.06206758431170774,False,mean + 2 s.d. after unimodal BIC
0.0414447056455381,0.06206758431170774,False,mean + 2 s.d. after unimodal BIC
0.0552188697421298,0.06206758431170774,False,mean + 2 s.d. after unimodal BIC
0.0449960819835946,0.06206758431170774,False,mean + 2 s.d. after unimodal BIC
0.0465417214829512,0.06206758431170774,False,mean + 2 s.d. after unimodal BIC
0.0409414741806313,0.06206758431170774,False,mean + 2 s.d. after unimodal BIC
0.0426524611613144,0.06206758431170774,False,mean + 2 s.d. after unimodal BIC
0.0438027045096728,0.06206758431170774,False,mean + 2 s.d. after unimodal BIC
0.0402585171925435,0.06206758431170774,False,mean + 2 s.d. after unimodal BIC
0.048482757133306,0.06206758431170774,False,mean + 2 s.d. after unimodal BIC
0.0457365511391003,0.06206758431170774,False,mean + 2 s.d. after unimodal BIC
0.0425949489938965,0.06206758431170774,False,mean + 2 s.d. after unimodal BIC
0.0400500355856535,0.06206758431170774,False,mean + 2 s.d. after unimodal BIC
0.0428753208100588,0.06206758431170774,False,mean + 2 s.d. after unimodal BIC
0.0449026247115405,0.06206758431170774,False,mean + 2 s.d. after unimodal BIC
0.0417682115872639,0.06206758431170774,False,mean + 2 s.d. after unimodal BIC
0.0418113457128273,0.06206758431170774,False,mean + 2 s.d. after unimodal BIC
0.0397552857276367,0.06206758431170774,False,mean + 2 s.d. after unimodal BIC
0.0495898663561009,0.06206758431170774,False,mean + 2 s.d. after unimodal BIC
0.0487343728657594,0.06206758431170774,False,mean + 2 s.d. after unimodal BIC
0.0428465647263499,0.06206758431170774,False,mean + 2 s.d. after unimodal BIC
0.0407401815946686,0.06206758431170774,False,mean + 2 s.d. after unimodal BIC
0.0469227395920949,0.06206758431170774,False,mean + 2 s.d. after unimodal BIC
0.0463044837923523,0.06206758431170774,False,mean + 2 s.d. after unimodal BIC
0.0453411549881021,0.06206758431170774,False,mean + 2 s.d. after unimodal BIC
0.0490363117447034,0.06206758431170774,False,mean + 2 s.d. after unimodal BIC
0.0387056886722597,0.06206758431170774,False,mean + 2 s.d. after unimodal BIC
0.0416675652942825,0.06206758431170774,False,mean + 2 s.d. after unimodal BIC
0.0494604639794106,0.06206758431170774,False,mean + 2 s.d. after unimodal BIC
0.045758118201882,0.06206758431170774,False,mean + 2 s.d. after unimodal BIC
0.0433857412958929,0.06206758431170774,False,mean + 2 s.d. after unimodal BIC
0.0441477775141803,0.06206758431170774,False,mean + 2 s.d. after unimodal BIC
0.0480514158776716,0.06206758431170774,False,mean + 2 s.d. after unimodal BIC
0.0487199948239049,0.06206758431170774,False,mean + 2 s.d. after unimodal BIC
0.0435367107353649,0.06206758431170774,False,mean + 2 s.d. after unimodal BIC
0.0396330723718736,0.06206758431170774,False,mean + 2 s.d. after unimodal BIC
0.0483174096519795,0.06206758431170774,False,mean + 2 s.d. after unimodal BIC
0.0381089999352988,0.06206758431170774,False,mean + 2 s.d. after unimodal BIC
0.0426021380148237,0.06206758431170774,False,mean + 2 s.d. after unimodal BIC
0.0523001272456704,0.06206758431170774,False,mean + 2 s.d. after unimodal BIC
0.0454346122601562,0.06206758431170774,False,mean + 2 s.d. after unimodal BIC
0.048123306086944,0.06206758431170774,False,mean + 2 s.d. after unimodal BIC
0.0465776665875874,0.06206758431170774,False,mean + 2 s.d. after unimodal BIC
0.0436804911539097,0.06206758431170774,False,mean + 2 s.d. after unimodal BIC
0.0537594984939001,0.06206758431170774,False,mean + 2 s.d. after unimodal BIC
0.043989619053781,0.06206758431170774,False,mean + 2 s.d. after unimodal BIC
0.0351039891877125,0.06206758431170774,False,mean + 2 s.d. after unimodal BIC
0.0488925313261586,0.06206758431170774,False,mean + 2 s.d. after unimodal BIC
0.0430334792704581,0.06206758431170774,False,mean + 2 s.d. after unimodal BIC
0.0405676450924148,0.06206758431170774,False,mean + 2 s.d. after unimodal BIC
0.04719592238733,0.06206758431170774,False,mean + 2 s.d. after unimodal BIC
0.0555567537257101,0.06206758431170774,False,mean + 2 s.d. after unimodal BIC
0.0491225799958303,0.06206758431170774,False,mean + 2 s.d. after unimodal BIC
0.0391226518860396,0.06206758431170774,False,mean + 2 s.d. after unimodal BIC
0.0496473785235188,0.06206758431170774,False,mean + 2 s.d. after unimodal BIC
0.0394964809742561,0.06206758431170774,False,mean + 2 s.d. after unimodal BIC
0.0430191012286036,0.06206758431170774,False,mean + 2 s.d. after unimodal BIC
0.0448666796069043,0.06206758431170774,False,mean + 2 s.d. after unimodal BIC
0.0451326733812122,0.06206758431170774,False,mean + 2 s.d. after unimodal BIC
0.0488925313261586,0.06206758431170774,False,mean + 2 s.d. after unimodal BIC
0.0468724164456042,0.06206758431170774,False,mean + 2 s.d. after unimodal BIC
0.0441477775141803,0.06206758431170774,False,mean + 2 s.d. after unimodal BIC
0.0583460938454791,0.06206758431170774,False,mean + 2 s.d. after unimodal BIC
0.0388422800698772,0.06206758431170774,False,mean + 2 s.d. after unimodal BIC
0.0507544877463138,0.06206758431170774,False,mean + 2 s.d. after unimodal BIC
0.0289789433577041,0.06206758431170774,False,mean + 2 s.d. after unimodal BIC
0.042580570952042,0.06206758431170774,False,mean + 2 s.d. after unimodal BIC
0.0404454317366517,0.06206758431170774,False,mean + 2 s.d. after unimodal BIC
0.0442340457653072,0.06206758431170774,False,mean + 2 s.d. after unimodal BIC
0.0451111063184304,0.06206758431170774,False,mean + 2 s.d. after unimodal BIC
0.0518328408853998,0.06206758431170774,False,mean + 2 s.d. after unimodal BIC
0.0416675652942825,0.06206758431170774,False,mean + 2 s.d. after unimodal BIC
0.0451398624021394,0.06206758431170774,False,mean + 2 s.d. after unimodal BIC
0.0415237848757377,0.06206758431170774,False,mean + 2 s.d. after unimodal BIC
0.0330263621397401,0.06206758431170774,False,mean + 2 s.d. after unimodal BIC
0.0431628816471484,0.06206758431170774,False,mean + 2 s.d. after unimodal BIC
0.0492447933515934,0.06206758431170774,False,mean + 2 s.d. after unimodal BIC
0.0362614215569981,0.06206758431170774,False,mean + 2 s.d. after unimodal BIC
0.0392089201371665,0.06206758431170774,False,mean + 2 s.d. after unimodal BIC
0.0424583575962789,0.06206758431170774,False,mean + 2 s.d. after unimodal BIC
0.0492591713934479,0.06206758431170774,False,mean + 2 s.d. after unimodal BIC
0.0454202342183018,0.06206758431170774,False,mean + 2 s.d. after unimodal BIC
0.0437451923422549,0.06206758431170774,False,mean + 2 s.d. after unimodal BIC
0.0528105477315044,0.06206758431170774,False,mean + 2 s.d. after unimodal BIC
0.0441333994723258,0.06206758431170774,False,mean + 2 s.d. after unimodal BIC
0.0411499557875213,0.06206758431170774,False,mean + 2 s.d. after unimodal BIC
0.0373829088216475,0.06206758431170774,False,mean + 2 s.d. after unimodal BIC
0.0476200746220372,0.06206758431170774,False,mean + 2 s.d. after unimodal BIC
0.0454346122601562,0.06206758431170774,False,mean + 2 s.d. after unimodal BIC
0.0522785601828886,0.06206758431170774,False,mean + 2 s.d. after unimodal BIC
0.0481736292334347,0.06206758431170774,False,mean + 2 s.d. after unimodal BIC
0.0410421204736127,0.06206758431170774,False,mean + 2 s.d. after unimodal BIC
0.0475481844127648,0.06206758431170774,False,mean + 2 s.d. after unimodal BIC
0.0488206411168862,0.06206758431170774,False,mean + 2 s.d. after unimodal BIC
0.0472750016175297,0.06206758431170774,False,mean + 2 s.d. after unimodal BIC
0.0411068216619578,0.06206758431170774,False,mean + 2 s.d. after unimodal BIC
0.0390220055930582,0.06206758431170774,False,mean + 2 s.d. after unimodal BIC
0.0449098137324677,0.06206758431170774,False,mean + 2 s.d. after unimodal BIC
0.0467430140689139,0.06206758431170774,False,mean + 2 s.d. after unimodal BIC
0.0470665200106397,0.06206758431170774,False,mean + 2 s.d. after unimodal BIC
0.0399853343973084,0.06206758431170774,False,mean + 2 s.d. after unimodal BIC
0.0453339659671749,0.06206758431170774,False,mean + 2 s.d. after unimodal BIC
0.034521678492606,0.06206758431170774,False,mean + 2 s.d. after unimodal BIC
0.0488206411168862,0.06206758431170774,False,mean + 2 s.d. after unimodal BIC
0.0406395353016872,0.06206758431170774,False,mean + 2 s.d. after unimodal BIC
0.0473181357430931,0.06206758431170774,False,mean + 2 s.d. after unimodal BIC
0.0385403411909332,0.06206758431170774,False,mean + 2 s.d. after unimodal BIC
0.0521635358480528,0.06206758431170774,False,mean + 2 s.d. after unimodal BIC
0.0369875126706493,0.06206758431170774,False,mean + 2 s.d. after unimodal BIC
0.0394389688068382,0.06206758431170774,False,mean + 2 s.d. after unimodal BIC
0.0522354260573252,0.06206758431170774,False,mean + 2 s.d. after unimodal BIC
0.0495826773351737,0.06206758431170774,False,mean + 2 s.d. after unimodal BIC
0.0441333994723258,0.06206758431170774,False,mean + 2 s.d. after unimodal BIC
0.0482670865054888,0.06206758431170774,False,mean + 2 s.d. after unimodal BIC
0.044888246669686,0.06206758431170774,False,mean + 2 s.d. after unimodal BIC
0.0441333994723258,0.06206758431170774,False,mean + 2 s.d. after unimodal BIC
0.0315741799124377,0.06206758431170774,False,mean + 2 s.d. after unimodal BIC
0.0394605358696199,0.06206758431170774,False,mean + 2 s.d. after unimodal BIC
0.0457221730972458,0.06206758431170774,False,mean + 2 s.d. after unimodal BIC
0.0503015794278977,0.06206758431170774,False,mean + 2 s.d. after unimodal BIC
0.0498846162141178,0.06206758431170774,False,mean + 2 s.d. after unimodal BIC
0.0289573762949223,0.06206758431170774,False,mean + 2 s.d. after unimodal BIC
0.0442843689117979,0.06206758431170774,False,mean + 2 s.d. after unimodal BIC
0.0426021380148237,0.06206758431170774,False,mean + 2 s.d. after unimodal BIC
0.0453483440090294,0.06206758431170774,False,mean + 2 s.d. after unimodal BIC
0.0361104521175261,0.06206758431170774,False,mean + 2 s.d. after unimodal BIC
0.0504525488673697,0.06206758431170774,False,mean + 2 s.d. after unimodal BIC
0.0444569054140516,0.06206758431170774,False,mean + 2 s.d. after unimodal BIC
0.0520628895550715,0.06206758431170774,False,mean + 2 s.d. after unimodal BIC
0.0487990740541045,0.06206758431170774,False,mean + 2 s.d. after unimodal BIC
0.0481808182543619,0.06206758431170774,False,mean + 2 s.d. after unimodal BIC
0.0489572325145038,0.06206758431170774,False,mean + 2 s.d. after unimodal BIC
0.0497264577537185,0.06206758431170774,False,mean + 2 s.d. after unimodal BIC
0.0570448810576487,0.06206758431170774,False,mean + 2 s.d. after unimodal BIC
0.0286841934996872,0.06206758431170774,False,mean + 2 s.d. after unimodal BIC
0.0396258833509464,0.06206758431170774,False,mean + 2 s.d. after unimodal BIC
0.0442484238071617,0.06206758431170774,False,mean + 2 s.d. after unimodal BIC
0.0378214390982092,0.06206758431170774,False,mean + 2 s.d. after unimodal BIC
0.0374691770727744,0.06206758431170774,False,mean + 2 s.d. after unimodal BIC
0.0494892200631196,0.06206758431170774,False,mean + 2 s.d. after unimodal BIC
0.0449241917743222,0.06206758431170774,False,mean + 2 s.d. after unimodal BIC
0.045758118201882,0.06206758431170774,False,mean + 2 s.d. after unimodal BIC
0.041142766766594,0.06206758431170774,False,mean + 2 s.d. after unimodal BIC
0.0409774192852675,0.06206758431170774,False,mean + 2 s.d. after unimodal BIC
0.0425158697636968,0.06206758431170774,False,mean + 2 s.d. after unimodal BIC
0.022774818297496,0.06206758431170774,False,mean + 2 s.d. after unimodal BIC
0.064003853315217,0.06206758431170774,True,mean + 2 s.d. after unimodal BIC
0.0436229789864918,0.06206758431170774,False,mean + 2 s.d. after unimodal BIC
0.0477494769987275,0.06206758431170774,False,mean + 2 s.d. after unimodal BIC
0.0440974543676896,0.06206758431170774,False,mean + 2 s.d. after unimodal BIC
0.042940021998404,0.06206758431170774,False,mean + 2 s.d. after unimodal BIC
0.0357222449874551,0.06206758431170774,False,mean + 2 s.d. after unimodal BIC
0.0462469716249344,0.06206758431170774,False,mean + 2 s.d. after unimodal BIC
0.0398559320206181,0.06206758431170774,False,mean + 2 s.d. after unimodal BIC
0.0417394555035549,0.06206758431170774,False,mean + 2 s.d. after unimodal BIC
0.049381384749211,0.06206758431170774,False,mean + 2 s.d. after unimodal BIC
0.0435726558400011,0.06206758431170774,False,mean + 2 s.d. after unimodal BIC
0.0515452800483102,0.06206758431170774,False,mean + 2 s.d. after unimodal BIC
0.0407329925737413,0.06206758431170774,False,mean + 2 s.d. after unimodal BIC
0.053996736184499,0.06206758431170774,False,mean + 2 s.d. after unimodal BIC
0.04719592238733,0.06206758431170774,False,mean + 2 s.d. after unimodal BIC
0.0389069812582224,0.06206758431170774,False,mean + 2 s.d. after unimodal BIC
0.0520413224922897,0.06206758431170774,False,mean + 2 s.d. after unimodal BIC
0.0450176490463763,0.06206758431170774,False,mean + 2 s.d. after unimodal BIC
0.0400859806902897,0.06206758431170774,False,mean + 2 s.d. after unimodal BIC
0.0412362240386481,0.06206758431170774,False,mean + 2 s.d. after unimodal BIC
0.0430478573123126,0.06206758431170774,False,mean + 2 s.d. after unimodal BIC
0.0498558601304088,0.06206758431170774,False,mean + 2 s.d. after unimodal BIC
0.0407401815946686,0.06206758431170774,False,mean + 2 s.d. after unimodal BIC
0.053637285138137,0.06206758431170774,False,mean + 2 s.d. after unimodal BIC
0.0493454396445748,0.06206758431170774,False,mean + 2 s.d. after unimodal BIC
0.052889626961704,0.06206758431170774,False,mean + 2 s.d. after unimodal BIC
0.0453123989043932,0.06206758431170774,False,mean + 2 s.d. after unimodal BIC
0.0590937520219121,0.06206758431170774,False,mean + 2 s.d. after unimodal BIC
0.0520269444504352,0.06206758431170774,False,mean + 2 s.d. after unimodal BIC
0.052048511513217,0.06206758431170774,False,mean + 2 s.d. after unimodal BIC
0.047763855040582,0.06206758431170774,False,mean + 2 s.d. after unimodal BIC
0.0446510089790871,0.06206758431170774,False,mean + 2 s.d. after unimodal BIC
0.041832912775609,0.06206758431170774,False,mean + 2 s.d. after unimodal BIC
0.0464482642108971,0.06206758431170774,False,mean + 2 s.d. after unimodal BIC
0.0401722489414166,0.06206758431170774,False,mean + 2 s.d. after unimodal BIC
0.0386913106304052,0.06206758431170774,False,mean + 2 s.d. after unimodal BIC
0.0467573921107684,0.06206758431170774,False,mean + 2 s.d. after unimodal BIC
0.0368940553985952,0.06206758431170774,False,mean + 2 s.d. after unimodal BIC
0.0491225799958303,0.06206758431170774,False,mean + 2 s.d. after unimodal BIC
0.0559305828139265,0.06206758431170774,False,mean + 2 s.d. after unimodal BIC
0.0409414741806313,0.06206758431170774,False,mean + 2 s.d. after unimodal BIC
0.0467214470061322,0.06206758431170774,False,mean + 2 s.d. after unimodal BIC
0.0457077950553914,0.06206758431170774,False,mean + 2 s.d. after unimodal BIC
0.0422354979475345,0.06206758431170774,False,mean + 2 s.d. after unimodal BIC
0.0435295217144377,0.06206758431170774,False,mean + 2 s.d. after unimodal BIC
0.0383678046886794,0.06206758431170774,False,mean + 2 s.d. after unimodal BIC
0.0442196677234527,0.06206758431170774,False,mean + 2 s.d. after unimodal BIC
0.0439536739491448,0.06206758431170774,False,mean + 2 s.d. after unimodal BIC
0.044198100660671,0.06206758431170774,False,mean + 2 s.d. after unimodal BIC
0.0531628097569392,0.06206758431170774,False,mean + 2 s.d. after unimodal BIC
0.0396258833509464,0.06206758431170774,False,mean + 2 s.d. after unimodal BIC
0.0419766931941538,0.06206758431170774,False,mean + 2 s.d. after unimodal BIC
0.0438745947189452,0.06206758431170774,False,mean + 2 s.d. after unimodal BIC
0.0459522217669175,0.06206758431170774,False,mean + 2 s.d. after unimodal BIC
0.0400069014600901,0.06206758431170774,False,mean + 2 s.d. after unimodal BIC
0.0439608629700721,0.06206758431170774,False,mean + 2 s.d. after unimodal BIC
0.0437523813631821,0.06206758431170774,False,mean + 2 s.d. after unimodal BIC
0.0371888052566121,0.06206758431170774,False,mean + 2 s.d. after unimodal BIC
0.045995355892481,0.06206758431170774,False,mean + 2 s.d. after unimodal BIC
0.0451901855486301,0.06206758431170774,False,mean + 2 s.d. after unimodal BIC
0.0407545596365231,0.06206758431170774,False,mean + 2 s.d. after unimodal BIC
0.0379005183284088,0.06206758431170774,False,mean + 2 s.d. after unimodal BIC
0.0415812970431556,0.06206758431170774,False,mean + 2 s.d. after unimodal BIC
0.0442915579327251,0.06206758431170774,False,mean + 2 s.d. after unimodal BIC
0.0382312132910618,0.06206758431170774,False,mean + 2 s.d. after unimodal BIC
0.0423289552195886,0.06206758431170774,False,mean + 2 s.d. after unimodal BIC
0.048604970489069,0.06206758431170774,False,mean + 2 s.d. after unimodal BIC
0.0376632806378099,0.06206758431170774,False,mean + 2 s.d. after unimodal BIC
0.044737277230214,0.06206758431170774,False,mean + 2 s.d. after unimodal BIC
0.044377826183852,0.06206758431170774,False,mean + 2 s.d. after unimodal BIC
0.0519047310946722,0.06206758431170774,False,mean + 2 s.d. after unimodal BIC
0.051329609420493,0.06206758431170774,False,mean + 2 s.d. after unimodal BIC
0.0471168431571304,0.06206758431170774,False,mean + 2 s.d. after unimodal BIC
0.0514374447344016,0.06206758431170774,False,mean + 2 s.d. after unimodal BIC
0.0440543202421262,0.06206758431170774,False,mean + 2 s.d. after unimodal BIC
0.0463619959597702,0.06206758431170774,False,mean + 2 s.d. after unimodal BIC
0.051329609420493,0.06206758431170774,False,mean + 2 s.d. after unimodal BIC
0.0421204736126986,0.06206758431170774,False,mean + 2 s.d. after unimodal BIC
0.0447300882092867,0.06206758431170774,False,mean + 2 s.d. after unimodal BIC
0.0380802438515898,0.06206758431170774,False,mean + 2 s.d. after unimodal BIC
0.045578392678701,0.06206758431170774,False,mean + 2 s.d. after unimodal BIC
0.0518184628435453,0.06206758431170774,False,mean + 2 s.d. after unimodal BIC
0.0450032710045218,0.06206758431170774,False,mean + 2 s.d. after unimodal BIC
0.0456430938670462,0.06206758431170774,False,mean + 2 s.d. after unimodal BIC
0.0497839699211364,0.06206758431170774,False,mean + 2 s.d. after unimodal BIC
0.0470737090315669,0.06206758431170774,False,mean + 2 s.d. after unimodal BIC
0.0412793581642116,0.06206758431170774,False,mean + 2 s.d. after unimodal BIC
0.0399853343973084,0.06206758431170774,False,mean + 2 s.d. after unimodal BIC
0.0538098216403908,0.06206758431170774,False,mean + 2 s.d. after unimodal BIC
0.0503878476790245,0.06206758431170774,False,mean + 2 s.d. after unimodal BIC
0.0527817916477954,0.06206758431170774,False,mean + 2 s.d. after unimodal BIC
0.0395683711835285,0.06206758431170774,False,mean + 2 s.d. after unimodal BIC
0.0455640146368466,0.06206758431170774,False,mean + 2 s.d. after unimodal BIC
0.0424439795544244,0.06206758431170774,False,mean + 2 s.d. after unimodal BIC
0.0427027843078051,0.06206758431170774,False,mean + 2 s.d. after unimodal BIC
0.0469011725293132,0.06206758431170774,False,mean + 2 s.d. after unimodal BIC
0.0559880949813444,0.06206758431170774,False,mean + 2 s.d. after unimodal BIC
0.0514374447344016,0.06206758431170774,False,mean + 2 s.d. after unimodal BIC
0.0453195879253204,0.06206758431170774,False,mean + 2 s.d. after unimodal BIC
0.0507401097044593,0.06206758431170774,False,mean + 2 s.d. after unimodal BIC
0.0427459184333685,0.06206758431170774,False,mean + 2 s.d. after unimodal BIC
0.0466639348387143,0.06206758431170774,False,mean + 2 s.d. after unimodal BIC
0.0414015715199746,0.06206758431170774,False,mean + 2 s.d. after unimodal BIC
0.0472174894501117,0.06206758431170774,False,mean + 2 s.d. after unimodal BIC
0.0519694322830173,0.06206758431170774,False,mean + 2 s.d. after unimodal BIC
0.0568004543461226,0.06206758431170774,False,mean + 2 s.d. after unimodal BIC
0.0405604560714876,0.06206758431170774,False,mean + 2 s.d. after unimodal BIC
0.0509557803322765,0.06206758431170774,False,mean + 2 s.d. after unimodal BIC
0.0389573044047131,0.06206758431170774,False,mean + 2 s.d. after unimodal BIC
0.0315741799124377,0.06206758431170774,False,mean + 2 s.d. after unimodal BIC
0.0480657939195261,0.06206758431170774,False,mean + 2 s.d. after unimodal BIC
0.0444425273721971,0.06206758431170774,False,mean + 2 s.d. after unimodal BIC
0.0377926830145002,0.06206758431170774,False,mean + 2 s.d. after unimodal BIC
0.0458803315576451,0.06206758431170774,False,mean + 2 s.d. after unimodal BIC
0.0360169948454719,0.06206758431170774,False,mean + 2 s.d. after unimodal BIC
0.0408264498457955,0.06206758431170774,False,mean + 2 s.d. after unimodal BIC
0.04878469601225,0.06206758431170774,False,mean + 2 s.d. after unimodal BIC
0.0558443145627996,0.06206758431170774,False,mean + 2 s.d. after unimodal BIC
0.0459450327459903,0.06206758431170774,False,mean + 2 s.d. after unimodal BIC
0.0523863954967972,0.06206758431170774,False,mean + 2 s.d. after unimodal BIC
0.0402297611088345,0.06206758431170774,False,mean + 2 s.d. after unimodal BIC
0.0416028641059374,0.06206758431170774,False,mean + 2 s.d. after unimodal BIC
0.0533856694056836,0.06206758431170774,False,mean + 2 s.d. after unimodal BIC
0.0490435007656307,0.06206758431170774,False,mean + 2 s.d. after unimodal BIC
0.0510061034787672,0.06206758431170774,False,mean + 2 s.d. after unimodal BIC
0.0475697514755465,0.06206758431170774,False,mean + 2 s.d. after unimodal BIC
0.0472750016175297,0.06206758431170774,False,mean + 2 s.d. after unimodal BIC
0.0364627141429608,0.06206758431170774,False,mean + 2 s.d. after unimodal BIC
0.0458012523274455,0.06206758431170774,False,mean + 2 s.d. after unimodal BIC
0.0380514877678808,0.06206758431170774,False,mean + 2 s.d. after unimodal BIC
0.0389429263628586,0.06206758431170774,False,mean + 2 s.d. after unimodal BIC
0.046297294771425,0.06206758431170774,False,mean + 2 s.d. after unimodal BIC
0.043090991437876,0.06206758431170774,False,mean + 2 s.d. after unimodal BIC
0.0459090876413541,0.06206758431170774,False,mean + 2 s.d. after unimodal BIC
0.0524942308107058,0.06206758431170774,False,mean + 2 s.d. after unimodal BIC
0.047016196864149,0.06206758431170774,False,mean + 2 s.d. after unimodal BIC
0.0487199948239049,0.06206758431170774,False,mean + 2 s.d. after unimodal BIC
0.0339681238812086,0.06206758431170774,False,mean + 2 s.d. after unimodal BIC
0.023342750950748,0.06206758431170774,False,mean + 2 s.d. after unimodal BIC
0.0503806586580973,0.06206758431170774,False,mean + 2 s.d. after unimodal BIC
0.0365849274987239,0.06206758431170774,False,mean + 2 s.d. after unimodal BIC
0.0386122314002056,0.06206758431170774,False,mean + 2 s.d. after unimodal BIC
0.0471024651152759,0.06206758431170774,False,mean + 2 s.d. after unimodal BIC
0.0419982602569356,0.06206758431170774,False,mean + 2 s.d. after unimodal BIC
0.0488493972005952,0.06206758431170774,False,mean + 2 s.d. after unimodal BIC
0.0499493174024629,0.06206758431170774,False,mean + 2 s.d. after unimodal BIC
0.0434216864005291,0.06206758431170774,False,mean + 2 s.d. after unimodal BIC
0.0411859008921575,0.06206758431170774,False,mean + 2 s.d. after unimodal BIC
0.0374763660937016,0.06206758431170774,False,mean + 2 s.d. after unimodal BIC
0.0429759671030402,0.06206758431170774,False,mean + 2 s.d. after unimodal BIC
0.0513224203995657,0.06206758431170774,False,mean + 2 s.d. after unimodal BIC
0.0480442268567443,0.06206758431170774,False,mean + 2 s.d. after unimodal BIC
0.0430478573123126,0.06206758431170774,False,mean + 2 s.d. after unimodal BIC
0.0410061753689765,0.06206758431170774,False,mean + 2 s.d. after unimodal BIC
0.0416388092105736,0.06206758431170774,False,mean + 2 s.d. after unimodal BIC
0.040244139150689,0.06206758431170774,False,mean + 2 s.d. after unimodal BIC
0.040812071803941,0.06206758431170774,False,mean + 2 s.d. after unimodal BIC
0.0522426150782524,0.06206758431170774,False,mean + 2 s.d. after unimodal BIC
0.0436661131120552,0.06206758431170774,False,mean + 2 s.d. after unimodal BIC
0.0456430938670462,0.06206758431170774,False,mean + 2 s.d. after unimodal BIC
0.0402585171925435,0.06206758431170774,False,mean + 2 s.d. after unimodal BIC
0.0390291946139855,0.06206758431170774,False,mean + 2 s.d. after unimodal BIC
0.0489787995772855,0.06206758431170774,False,mean + 2 s.d. after unimodal BIC
0.050222500197698,0.06206758431170774,False,mean + 2 s.d. after unimodal BIC
0.0514518227762561,0.06206758431170774,False,mean + 2 s.d. after unimodal BIC
0.0523720174549428,0.06206758431170774,False,mean + 2 s.d. after unimodal BIC
0.0349026966017498,0.06206758431170774,False,mean + 2 s.d. after unimodal BIC
0.0427674854961502,0.06206758431170774,False,mean + 2 s.d. after unimodal BIC
0.0420054492778628,0.06206758431170774,False,mean + 2 s.d. after unimodal BIC
0.0410133643899037,0.06206758431170774,False,mean + 2 s.d. after unimodal BIC
0.0403447854436704,0.06206758431170774,False,mean + 2 s.d. after unimodal BIC
0.0461391363110258,0.06206758431170774,False,mean + 2 s.d. after unimodal BIC
0.0451542404439939,0.06206758431170774,False,mean + 2 s.d. after unimodal BIC
0.0450464051300853,0.06206758431170774,False,mean + 2 s.d. after unimodal BIC
0.0526020661246144,0.06206758431170774,False,mean + 2 s.d. after unimodal BIC
0.0442412347862344,0.06206758431170774,False,mean + 2 s.d. after unimodal BIC
0.0494604639794106,0.06206758431170774,False,mean + 2 s.d. after unimodal BIC
0.0434935766098015,0.06206758431170774,False,mean + 2 s.d. after unimodal BIC
0.0473900259523655,0.06206758431170774,False,mean + 2 s.d. after unimodal BIC
0.0392879993673661,0.06206758431170774,False,mean + 2 s.d. after unimodal BIC
0.0516818714459277,0.06206758431170774,False,mean + 2 s.d. after unimodal BIC
0.0470808980524942,0.06206758431170774,False,mean + 2 s.d. after unimodal BIC
0.0449385698161767,0.06206758431170774,False,mean + 2 s.d. after unimodal BIC
0.0435151436725832,0.06206758431170774,False,mean + 2 s.d. after unimodal BIC
0.0335080265418652,0.06206758431170774,False,mean + 2 s.d. after unimodal BIC
0.0410852545991761,0.06206758431170774,False,mean + 2 s.d. after unimodal BIC
0.0493454396445748,0.06206758431170774,False,mean + 2 s.d. after unimodal BIC
0.0414590836873926,0.06206758431170774,False,mean + 2 s.d. after unimodal BIC
0.0397265296439277,0.06206758431170774,False,mean + 2 s.d. after unimodal BIC
0.0314807226403836,0.06206758431170774,False,mean + 2 s.d. after unimodal BIC
0.0466423677759325,0.06206758431170774,False,mean + 2 s.d. after unimodal BIC
0.0487559399285411,0.06206758431170774,False,mean + 2 s.d. after unimodal BIC
0.0446653870209416,0.06206758431170774,False,mean + 2 s.d. after unimodal BIC
0.0493310616027203,0.06206758431170774,False,mean + 2 s.d. after unimodal BIC
0.0468220932991136,0.06206758431170774,False,mean + 2 s.d. after unimodal BIC
0.0451901855486301,0.06206758431170774,False,mean + 2 s.d. after unimodal BIC
0.0435942229027828,0.06206758431170774,False,mean + 2 s.d. after unimodal BIC
0.049532354188683,0.06206758431170774,False,mean + 2 s.d. after unimodal BIC
0.0305389608989151,0.06206758431170774,False,mean + 2 s.d. after unimodal BIC
0.0430478573123126,0.06206758431170774,False,mean + 2 s.d. after unimodal BIC
0.0420773394871352,0.06206758431170774,False,mean + 2 s.d. after unimodal BIC
0.0355568975061286,0.06206758431170774,False,mean + 2 s.d. after unimodal BIC
0.0465776665875874,0.06206758431170774,False,mean + 2 s.d. after unimodal BIC
0.0455496365949921,0.06206758431170774,False,mean + 2 s.d. after unimodal BIC
0.0452692647788297,0.06206758431170774,False,mean + 2 s.d. after unimodal BIC
0.0420342053615718,0.06206758431170774,False,mean + 2 s.d. after unimodal BIC
0.0614301838232651,0.06206758431170774,False,mean + 2 s.d. after unimodal BIC
0.0464123191062609,0.06206758431170774,False,mean + 2 s.d. after unimodal BIC
0.0408264498457955,0.06206758431170774,False,mean + 2 s.d. after unimodal BIC
0.0350105319156584,0.06206758431170774,False,mean + 2 s.d. after unimodal BIC
0.0458587644948634,0.06206758431170774,False,mean + 2 s.d. after unimodal BIC
0.0362254764523619,0.06206758431170774,False,mean + 2 s.d. after unimodal BIC
0.0384181278351701,0.06206758431170774,False,mean + 2 s.d. after unimodal BIC
0.042911265914695,0.06206758431170774,False,mean + 2 s.d. after unimodal BIC
0.0474547271407107,0.06206758431170774,False,mean + 2 s.d. after unimodal BIC
0.0504453598464425,0.06206758431170774,False,mean + 2 s.d. after unimodal BIC
0.0349242636645315,0.06206758431170774,False,mean + 2 s.d. after unimodal BIC
0.053608529054428,0.06206758431170774,False,mean + 2 s.d. after unimodal BIC
0.049172903142321,0.06206758431170774,False,mean + 2 s.d. after unimodal BIC
0.0460313009971172,0.06206758431170774,False,mean + 2 s.d. after unimodal BIC
0.0488206411168862,0.06206758431170774,False,mean + 2 s.d. after unimodal BIC
0.0444497163931244,0.06206758431170774,False,mean + 2 s.d. after unimodal BIC
0.0401075477530715,0.06206758431170774,False,mean + 2 s.d. after unimodal BIC
0.0408695839713589,0.06206758431170774,False,mean + 2 s.d. after unimodal BIC
0.0422714430521707,0.06206758431170774,False,mean + 2 s.d. after unimodal BIC
0.0387703898606048,0.06206758431170774,False,mean + 2 s.d. after unimodal BIC
0.0454705573647924,0.06206758431170774,False,mean + 2 s.d. after unimodal BIC
0.0373182076333024,0.06206758431170774,False,mean + 2 s.d. after unimodal BIC
0.0463404288969885,0.06206758431170774,False,mean + 2 s.d. after unimodal BIC
0.0425014917218424,0.06206758431170774,False,mean + 2 s.d. after unimodal BIC
0.0480657939195261,0.06206758431170774,False,mean + 2 s.d. after unimodal BIC
0.0583964169919698,0.06206758431170774,False,mean + 2 s.d. after unimodal BIC
0.0416675652942825,0.06206758431170774,False,mean + 2 s.d. after unimodal BIC
0.0395324260788923,0.06206758431170774,False,mean + 2 s.d. after unimodal BIC
0.0451111063184304,0.06206758431170774,False,mean + 2 s.d. after unimodal BIC
0.0405676450924148,0.06206758431170774,False,mean + 2 s.d. after unimodal BIC
0.0477063428731641,0.06206758431170774,False,mean + 2 s.d. after unimodal BIC
0.0544568335238423,0.06206758431170774,False,mean + 2 s.d. after unimodal BIC
0.0469586846967311,0.06206758431170774,False,mean + 2 s.d. after unimodal BIC
0.0537235533892639,0.06206758431170774,False,mean + 2 s.d. after unimodal BIC
0.049381384749211,0.06206758431170774,False,mean + 2 s.d. after unimodal BIC
0.0380011646213902,0.06206758431170774,False,mean + 2 s.d. after unimodal BIC
0.0452261306532663,0.06206758431170774,False,mean + 2 s.d. after unimodal BIC
0.0493670067073565,0.06206758431170774,False,mean + 2 s.d. after unimodal BIC
0.0488781532843042,0.06206758431170774,False,mean + 2 s.d. after unimodal BIC
0.0525517429781238,0.06206758431170774,False,mean + 2 s.d. after unimodal BIC
0.0470665200106397,0.06206758431170774,False,mean + 2 s.d. after unimodal BIC
0.0577565941294455,0.06206758431170774,False,mean + 2 s.d. after unimodal BIC
0.0460600570808261,0.06206758431170774,False,mean + 2 s.d. after unimodal BIC
0.0437955154887455,0.06206758431170774,False,mean + 2 s.d. after unimodal BIC
0.0488350191587407,0.06206758431170774,False,mean + 2 s.d. after unimodal BIC
0.0433569852121839,0.06206758431170774,False,mean + 2 s.d. after unimodal BIC
0.0446222528953781,0.06206758431170774,False,mean + 2 s.d. after unimodal BIC
0.0488781532843042,0.06206758431170774,False,mean + 2 s.d. after unimodal BIC
0.0471671663036211,0.06206758431170774,False,mean + 2 s.d. after unimodal BIC
0.0418401017965363,0.06206758431170774,False,mean + 2 s.d. after unimodal BIC
0.0489140983889404,0.06206758431170774,False,mean + 2 s.d. after unimodal BIC
0.0362110984105074,0.06206758431170774,False,mean + 2 s.d. after unimodal BIC
0.0471599772826938,0.06206758431170774,False,mean + 2 s.d. after unimodal BIC
0.0374116649053565,0.06206758431170774,False,mean + 2 s.d. after unimodal BIC
0.0401291148158532,0.06206758431170774,False,mean + 2 s.d. after unimodal BIC
0.0537307424101911,0.06206758431170774,False,mean + 2 s.d. after unimodal BIC
0.0456934170135369,0.06206758431170774,False,mean + 2 s.d. after unimodal BIC
0.0450751612137942,0.06206758431170774,False,mean + 2 s.d. after unimodal BIC
0.0471240321780576,0.06206758431170774,False,mean + 2 s.d. after unimodal BIC
0.033321111997757,0.06206758431170774,False,mean + 2 s.d. after unimodal BIC
0.044169344576962,0.06206758431170774,False,mean + 2 s.d. after unimodal BIC
0.0488206411168862,0.06206758431170774,False,mean + 2 s.d. after unimodal BIC
0.0233211838879662,0.06206758431170774,False,mean + 2 s.d. after unimodal BIC
0.0420845285080624,0.06206758431170774,False,mean + 2 s.d. after unimodal BIC
0.0472318674919662,0.06206758431170774,False,mean + 2 s.d. after unimodal BIC
0.0374907441355561,0.06206758431170774,False,mean + 2 s.d. after unimodal BIC
0.0461894594575164,0.06206758431170774,False,mean + 2 s.d. after unimodal BIC
0.0455280695322104,0.06206758431170774,False,mean + 2 s.d. after unimodal BIC
0.0447588442929957,0.06206758431170774,False,mean + 2 s.d. after unimodal BIC
0.0509989144578399,0.06206758431170774,False,mean + 2 s.d. after unimodal BIC
0.0475913185383282,0.06206758431170774,False,mean + 2 s.d. after unimodal BIC
0.0385547192327876,0.06206758431170774,False,mean + 2 s.d. after unimodal BIC
0.0475769404964737,0.06206758431170774,False,mean + 2 s.d. after unimodal BIC
0.0486121595099963,0.06206758431170774,False,mean + 2 s.d. after unimodal BIC
0.0502440672604797,0.06206758431170774,False,mean + 2 s.d. after unimodal BIC
0.0421779857801166,0.06206758431170774,False,mean + 2 s.d. after unimodal BIC
0.0501290429256439,0.06206758431170774,False,mean + 2 s.d. after unimodal BIC
0.0423289552195886,0.06206758431170774,False,mean + 2 s.d. after unimodal BIC
0.0458228193902272,0.06206758431170774,False,mean + 2 s.d. after unimodal BIC
0.0436229789864918,0.06206758431170774,False,mean + 2 s.d. after unimodal BIC
0.0541261385611893,0.06206758431170774,False,mean + 2 s.d. after unimodal BIC
0.0444353383512699,0.06206758431170774,False,mean + 2 s.d. after unimodal BIC
0.0381593230817894,0.06206758431170774,False,mean + 2 s.d. after unimodal BIC
0.0391298409069668,0.06206758431170774,False,mean + 2 s.d. after unimodal BIC
0.0407761266993048,0.06206758431170774,False,mean + 2 s.d. after unimodal BIC
0.0625157259832783,0.06206758431170774,True,mean + 2 s.d. after unimodal BIC
0.0391514079697486,0.06206758431170774,False,mean + 2 s.d. after unimodal BIC
0.0381377560190077,0.06206758431170774,False,mean + 2 s.d. after unimodal BIC
0.0460888131645351,0.06206758431170774,False,mean + 2 s.d. after unimodal BIC
0.0425230587846241,0.06206758431170774,False,mean + 2 s.d. after unimodal BIC
0.0410421204736127,0.06206758431170774,False,mean + 2 s.d. after unimodal BIC
0.0516674934040733,0.06206758431170774,False,mean + 2 s.d. after unimodal BIC
0.0374116649053565,0.06206758431170774,False,mean + 2 s.d. after unimodal BIC
0.0458012523274455,0.06206758431170774,False,mean + 2 s.d. after unimodal BIC
0.0457724962437365,0.06206758431170774,False,mean + 2 s.d. after unimodal BIC
0.0455927707205555,0.06206758431170774,False,mean + 2 s.d. after unimodal BIC
0.0524654747269969,0.06206758431170774,False,mean + 2 s.d. after unimodal BIC
0.0417250774617004,0.06206758431170774,False,mean + 2 s.d. after unimodal BIC
0.0441190214304713,0.06206758431170774,False,mean + 2 s.d. after unimodal BIC
0.0453842891136656,0.06206758431170774,False,mean + 2 s.d. after unimodal BIC
0.0545718578586782,0.06206758431170774,False,mean + 2 s.d. after unimodal BIC
0.0447588442929957,0.06206758431170774,False,mean + 2 s.d. after unimodal BIC
0.040603590197051,0.06206758431170774,False,mean + 2 s.d. after unimodal BIC
0.0426812172450234,0.06206758431170774,False,mean + 2 s.d. after unimodal BIC
0.040991797327122,0.06206758431170774,False,mean + 2 s.d. after unimodal BIC
0.0380802438515898,0.06206758431170774,False,mean + 2 s.d. after unimodal BIC
0.0495539212514647,0.06206758431170774,False,mean + 2 s.d. after unimodal BIC
0.041710699419846,0.06206758431170774,False,mean + 2 s.d. after unimodal BIC
0.0438530276561635,0.06206758431170774,False,mean + 2 s.d. after unimodal BIC
0.0484108669240336,0.06206758431170774,False,mean + 2 s.d. after unimodal BIC
0.0430262902495309,0.06206758431170774,False,mean + 2 s.d. after unimodal BIC
0.0437308143004004,0.06206758431170774,False,mean + 2 s.d. after unimodal BIC
0.0433857412958929,0.06206758431170774,False,mean + 2 s.d. after unimodal BIC
0.0392161091580937,0.06206758431170774,False,mean + 2 s.d. after unimodal BIC
0.0519262981574539,0.06206758431170774,False,mean + 2 s.d. after unimodal BIC
0.0445072285605423,0.06206758431170774,False,mean + 2 s.d. after unimodal BIC
0.0397984198532001,0.06206758431170774,False,mean + 2 s.d. after unimodal BIC
0.0554920525373649,0.06206758431170774,False,mean + 2 s.d. after unimodal BIC
0.0398056088741274,0.06206758431170774,False,mean + 2 s.d. after unimodal BIC
0.040812071803941,0.06206758431170774,False,mean + 2 s.d. after unimodal BIC
0.0422714430521707,0.06206758431170774,False,mean + 2 s.d. after unimodal BIC
0.0466136116922236,0.06206758431170774,False,mean + 2 s.d. after unimodal BIC
0.0481520621706529,0.06206758431170774,False,mean + 2 s.d. after unimodal BIC
0.03862660944206,0.06206758431170774,False,mean + 2 s.d. after unimodal BIC
0.0383534266468249,0.06206758431170774,False,mean + 2 s.d. after unimodal BIC
0.042400845428861,0.06206758431170774,False,mean + 2 s.d. after unimodal BIC
0.0500930978210077,0.06206758431170774,False,mean + 2 s.d. after unimodal BIC
0.0392520542627299,0.06206758431170774,False,mean + 2 s.d. after unimodal BIC
0.0450535941510125,0.06206758431170774,False,mean + 2 s.d. after unimodal BIC
0.0430622353541671,0.06206758431170774,False,mean + 2 s.d. after unimodal BIC
0.0414087605409019,0.06206758431170774,False,mean + 2 s.d. after unimodal BIC
0.0446006858325964,0.06206758431170774,False,mean + 2 s.d. after unimodal BIC
0.0382815364375525,0.06206758431170774,False,mean + 2 s.d. after unimodal BIC
0.0444425273721971,0.06206758431170774,False,mean + 2 s.d. after unimodal BIC
0.0491369580376848,0.06206758431170774,False,mean + 2 s.d. after unimodal BIC
0.0482167633589981,0.06206758431170774,False,mean + 2 s.d. after unimodal BIC
0.0321564906075441,0.06206758431170774,False,mean + 2 s.d. after unimodal BIC
0.0407329925737413,0.06206758431170774,False,mean + 2 s.d. after unimodal BIC
0.0449026247115405,0.06206758431170774,False,mean + 2 s.d. after unimodal BIC
0.0432779059819843,0.06206758431170774,False,mean + 2 s.d. after unimodal BIC
0.0291802359436668,0.06206758431170774,False,mean + 2 s.d. after unimodal BIC
0.0497336467746457,0.06206758431170774,False,mean + 2 s.d. after unimodal BIC
0.0507976218718772,0.06206758431170774,False,mean + 2 s.d. after unimodal BIC
0.0383534266468249,0.06206758431170774,False,mean + 2 s.d. after unimodal BIC
0.0418041566919001,0.06206758431170774,False,mean + 2 s.d. after unimodal BIC
0.0499421283815357,0.06206758431170774,False,mean + 2 s.d. after unimodal BIC
0.0418544798383908,0.06206758431170774,False,mean + 2 s.d. after unimodal BIC
0.0516027922157281,0.06206758431170774,False,mean + 2 s.d. after unimodal BIC
0.0498414820885543,0.06206758431170774,False,mean + 2 s.d. after unimodal BIC
0.0451973745695573,0.06206758431170774,False,mean + 2 s.d. after unimodal BIC
0.0432563389192025,0.06206758431170774,False,mean + 2 s.d. after unimodal BIC
0.0421564187173348,0.06206758431170774,False,mean + 2 s.d. after unimodal BIC
0.0442268567443799,0.06206758431170774,False,mean + 2 s.d. after unimodal BIC
0.0404382427157245,0.06206758431170774,False,mean + 2 s.d. after unimodal BIC
0.0405460780296331,0.06206758431170774,False,mean + 2 s.d. after unimodal BIC
0.0481736292334347,0.06206758431170774,False,mean + 2 s.d. after unimodal BIC
0.0478645013335633,0.06206758431170774,False,mean + 2 s.d. after unimodal BIC
0.040064413627508,0.06206758431170774,False,mean + 2 s.d. after unimodal BIC
0.0584107950338243,0.06206758431170774,False,mean + 2 s.d. after unimodal BIC
0.039913444188036,0.06206758431170774,False,mean + 2 s.d. after unimodal BIC
0.0499636954443174,0.06206758431170774,False,mean + 2 s.d. after unimodal BIC
0.0415165958548105,0.06206758431170774,False,mean + 2 s.d. after unimodal BIC
0.0438530276561635,0.06206758431170774,False,mean + 2 s.d. after unimodal BIC
0.047016196864149,0.06206758431170774,False,mean + 2 s.d. after unimodal BIC
0.0362614215569981,0.06206758431170774,False,mean + 2 s.d. after unimodal BIC
0.0486121595099963,0.06206758431170774,False,mean + 2 s.d. after unimodal BIC
0.0473468918268021,0.06206758431170774,False,mean + 2 s.d. after unimodal BIC
0.0537379314311183,0.06206758431170774,False,mean + 2 s.d. after unimodal BIC
0.0440327531793445,0.06206758431170774,False,mean + 2 s.d. after unimodal BIC
0.0563187899439975,0.06206758431170774,False,mean + 2 s.d. after unimodal BIC
0.0464626422527515,0.06206758431170774,False,mean + 2 s.d. after unimodal BIC
0.0473397028058748,0.06206758431170774,False,mean + 2 s.d. after unimodal BIC
0.0432850950029115,0.06206758431170774,False,mean + 2 s.d. after unimodal BIC
0.0423936564079338,0.06206758431170774,False,mean + 2 s.d. after unimodal BIC
0.047555373433692,0.06206758431170774,False,mean + 2 s.d. after unimodal BIC
0.0551829246374936,0.06206758431170774,False,mean + 2 s.d. after unimodal BIC
0.0506250853696235,0.06206758431170774,False,mean + 2 s.d. after unimodal BIC
0.0440686982839807,0.06206758431170774,False,mean + 2 s.d. after unimodal BIC
0.0461678923947347,0.06206758431170774,False,mean + 2 s.d. after unimodal BIC
0.0415884860640829,0.06206758431170774,False,mean + 2 s.d. after unimodal BIC
0.0484468120286698,0.06206758431170774,False,mean + 2 s.d. after unimodal BIC
0.0425661929101875,0.06206758431170774,False,mean + 2 s.d. after unimodal BIC
0.0355497084852014,0.06206758431170774,False,mean + 2 s.d. after unimodal BIC
0.0514662008181105,0.06206758431170774,False,mean + 2 s.d. after unimodal BIC
0.0446941431046505,0.06206758431170774,False,mean + 2 s.d. after unimodal BIC
0.0390076275512038,0.06206758431170774,False,mean + 2 s.d. after unimodal BIC
0.0472031114082573,0.06206758431170774,False,mean + 2 s.d. after unimodal BIC
0.0497336467746457,0.06206758431170774,False,mean + 2 s.d. after unimodal BIC
0.0476416416848189,0.06206758431170774,False,mean + 2 s.d. after unimodal BIC
0.0400787916693625,0.06206758431170774,False,mean + 2 s.d. after unimodal BIC
0.0430694243750943,0.06206758431170774,False,mean + 2 s.d. after unimodal BIC
0.0459522217669175,0.06206758431170774,False,mean + 2 s.d. after unimodal BIC
0.0506035183068417,0.06206758431170774,False,mean + 2 s.d. after unimodal BIC
0.0453339659671749,0.06206758431170774,False,mean + 2 s.d. after unimodal BIC
0.0379148963702633,0.06206758431170774,False,mean + 2 s.d. after unimodal BIC
0.0515021459227467,0.06206758431170774,False,mean + 2 s.d. after unimodal BIC
0.0537738765357546,0.06206758431170774,False,mean + 2 s.d. after unimodal BIC
0.0445503626861057,0.06206758431170774,False,mean + 2 s.d. after unimodal BIC
0.044169344576962,0.06206758431170774,False,mean + 2 s.d. after unimodal BIC
0.0525229868944148,0.06206758431170774,False,mean + 2 s.d. after unimodal BIC
0.0438745947189452,0.06206758431170774,False,mean + 2 s.d. after unimodal BIC
0.0458515754739362,0.06206758431170774,False,mean + 2 s.d. after unimodal BIC
0.0495395432096102,0.06206758431170774,False,mean + 2 s.d. after unimodal BIC
0.0481664402125074,0.06206758431170774,False,mean + 2 s.d. after unimodal BIC
0.0432419608773481,0.06206758431170774,False,mean + 2 s.d. after unimodal BIC
0.0494460859375561,0.06206758431170774,False,mean + 2 s.d. after unimodal BIC
0.0497552138374274,0.06206758431170774,False,mean + 2 s.d. after unimodal BIC
0.0485258912588694,0.06206758431170774,False,mean + 2 s.d. after unimodal BIC
0.0433785522749656,0.06206758431170774,False,mean + 2 s.d. after unimodal BIC
0.0482598974845615,0.06206758431170774,False,mean + 2 s.d. after unimodal BIC
0.0453627220508838,0.06206758431170774,False,mean + 2 s.d. after unimodal BIC
0.0491513360795393,0.06206758431170774,False,mean + 2 s.d. after unimodal BIC
0.0402657062134707,0.06206758431170774,False,mean + 2 s.d. after unimodal BIC
0.0443275030373613,0.06206758431170774,False,mean + 2 s.d. after unimodal BIC
0.0418472908174635,0.06206758431170774,False,mean + 2 s.d. after unimodal BIC
0.0366640067289235,0.06206758431170774,False,mean + 2 s.d. after unimodal BIC
0.0485330802797966,0.06206758431170774,False,mean + 2 s.d. after unimodal BIC
0.0400140904810173,0.06206758431170774,False,mean + 2 s.d. after unimodal BIC
0.0419695041732266,0.06206758431170774,False,mean + 2 s.d. after unimodal BIC
0.0436948691957642,0.06206758431170774,False,mean + 2 s.d. after unimodal BIC
0.0390220055930582,0.06206758431170774,False,mean + 2 s.d. after unimodal BIC
0.041710699419846,0.06206758431170774,False,mean + 2 s.d. after unimodal BIC
0.0599204894285447,0.06206758431170774,False,mean + 2 s.d. after unimodal BIC
0.0497552138374274,0.06206758431170774,False,mean + 2 s.d. after unimodal BIC
0.0468292823200408,0.06206758431170774,False,mean + 2 s.d. after unimodal BIC
0.0400069014600901,0.06206758431170774,False,mean + 2 s.d. after unimodal BIC
0.0481664402125074,0.06206758431170774,False,mean + 2 s.d. after unimodal BIC
0.0470090078432218,0.06206758431170774,False,mean + 2 s.d. after unimodal BIC
0.0394964809742561,0.06206758431170774,False,mean + 2 s.d. after unimodal BIC
0.0446797650627961,0.06206758431170774,False,mean + 2 s.d. after unimodal BIC
0.0494748420212651,0.06206758431170774,False,mean + 2 s.d. after unimodal BIC
0.0451182953393577,0.06206758431170774,False,mean + 2 s.d. after unimodal BIC
0.0498558601304088,0.06206758431170774,False,mean + 2 s.d. after unimodal BIC
0.046685501901496,0.06206758431170774,False,mean + 2 s.d. after unimodal BIC
0.0485977814681418,0.06206758431170774,False,mean + 2 s.d. after unimodal BIC
0.0463835630225519,0.06206758431170774,False,mean + 2 s.d. after unimodal BIC
0.0429615890611857,0.06206758431170774,False,mean + 2 s.d. after unimodal BIC
0.0422642540312434,0.06206758431170774,False,mean + 2 s.d. after unimodal BIC
0.0513511764832747,0.06206758431170774,False,mean + 2 s.d. after unimodal BIC
0.0528393038152134,0.06206758431170774,False,mean + 2 s.d. after unimodal BIC
0.0590146727917125,0.06206758431170774,False,mean + 2 s.d. after unimodal BIC
0.0486696716774142,0.06206758431170774,False,mean + 2 s.d. after unimodal BIC
0.0556214549140552,0.06206758431170774,False,mean + 2 s.d. after unimodal BIC
0.0510348595624761,0.06206758431170774,False,mean + 2 s.d. after unimodal BIC
0.0467286360270594,0.06206758431170774,False,mean + 2 s.d. after unimodal BIC
0.0501290429256439,0.06206758431170774,False,mean + 2 s.d. after unimodal BIC
0.0508623230602224,0.06206758431170774,False,mean + 2 s.d. after unimodal BIC
0.0554129733071653,0.06206758431170774,False,mean + 2 s.d. after unimodal BIC
0.0464842093155333,0.06206758431170774,False,mean + 2 s.d. after unimodal BIC
0.0571670944134118,0.06206758431170774,False,mean + 2 s.d. after unimodal BIC
0.0499924515280264,0.06206758431170774,False,mean + 2 s.d. after unimodal BIC
0.0273182795235116,0.06206758431170774,False,mean + 2 s.d. after unimodal BIC
0.0535438278660829,0.06206758431170774,False,mean + 2 s.d. after unimodal BIC
0.0588277582476042,0.06206758431170774,False,mean + 2 s.d. after unimodal BIC
0.0609844645257762,0.06206758431170774,False,mean + 2 s.d. after unimodal BIC
0.0359163485524906,0.06206758431170774,False,mean + 2 s.d. after unimodal BIC
0.0393814566394202,0.06206758431170774,False,mean + 2 s.d. after unimodal BIC
0.0543993213564244,0.06206758431170774,False,mean + 2 s.d. after unimodal BIC
0.0578859965061358,0.06206758431170774,False,mean + 2 s.d. after unimodal BIC
0.0561750095254527,0.06206758431170774,False,mean + 2 s.d. after unimodal BIC
0.0674689614021466,0.06206758431170774,True,mean + 2 s.d. after unimodal BIC
0.0509054571857858,0.06206758431170774,False,mean + 2 s.d. after unimodal BIC
0.04920165922603,0.06206758431170774,False,mean + 2 s.d. after unimodal BIC
0.0622784882926794,0.06206758431170774,True,mean + 2 s.d. after unimodal BIC
0.0456574719089007,0.06206758431170774,False,mean + 2 s.d. after unimodal BIC
0.0587414899964773,0.06206758431170774,False,mean + 2 s.d. after unimodal BIC
0.0461607033738075,0.06206758431170774,False,mean + 2 s.d. after unimodal BIC
0.0635293779340191,0.06206758431170774,True,mean + 2 s.d. after unimodal BIC
0.0505316280975693,0.06206758431170774,False,mean + 2 s.d. after unimodal BIC
0.0526092551455417,0.06206758431170774,False,mean + 2 s.d. after unimodal BIC
0.056843588471686,0.06206758431170774,False,mean + 2 s.d. after unimodal BIC
0.0563978691741971,0.06206758431170774,False,mean + 2 s.d. after unimodal BIC
0.0527602245850137,0.06206758431170774,False,mean + 2 s.d. after unimodal BIC
0.0575553015434827,0.06206758431170774,False,mean + 2 s.d. after unimodal BIC
0.0679721928670534,0.06206758431170774,True,mean + 2 s.d. after unimodal BIC
0.0521851029108345,0.06206758431170774,False,mean + 2 s.d. after unimodal BIC
0.0367790310637594,0.06206758431170774,False,mean + 2 s.d. after unimodal BIC
0.0480657939195261,0.06206758431170774,False,mean + 2 s.d. after unimodal BIC
0.0485258912588694,0.06206758431170774,False,mean + 2 s.d. after unimodal BIC
0.0593956909008562,0.06206758431170774,False,mean + 2 s.d. after unimodal BIC
0.0512720972530751,0.06206758431170774,False,mean + 2 s.d. after unimodal BIC
0.0575481125225555,0.06206758431170774,False,mean + 2 s.d. after unimodal BIC
0.0652691209984112,0.06206758431170774,True,mean + 2 s.d. after unimodal BIC
0.0454993134485014,0.06206758431170774,False,mean + 2 s.d. after unimodal BIC
0.0410205534108309,0.06206758431170774,False,mean + 2 s.d. after unimodal BIC
0.0591081300637666,0.06206758431170774,False,mean + 2 s.d. after unimodal BIC
0.0494676530003378,0.06206758431170774,False,mean + 2 s.d. after unimodal BIC
0.0321564906075441,0.06206758431170774,False,mean + 2 s.d. after unimodal BIC
0.0465704775666602,0.06206758431170774,False,mean + 2 s.d. after unimodal BIC
0.0626019942344052,0.06206758431170774,True,mean + 2 s.d. after unimodal BIC
0.0516962494877822,0.06206758431170774,False,mean + 2 s.d. after unimodal BIC
0.058072911050244,0.06206758431170774,False,mean + 2 s.d. after unimodal BIC
0.0608263060653769,0.06206758431170774,False,mean + 2 s.d. after unimodal BIC
0.0374044758844293,0.06206758431170774,False,mean + 2 s.d. after unimodal BIC
0.0396043162881647,0.06206758431170774,False,mean + 2 s.d. after unimodal BIC
0.0489356654517221,0.06206758431170774,False,mean + 2 s.d. after unimodal BIC
0.0515524690692374,0.06206758431170774,False,mean + 2 s.d. after unimodal BIC
0.0544640225447696,0.06206758431170774,False,mean + 2 s.d. after unimodal BIC
0.0352333915644028,0.06206758431170774,False,mean + 2 s.d. after unimodal BIC
0.0569154786809584,0.06206758431170774,False,mean + 2 s.d. after unimodal BIC
0.0544855896075513,0.06206758431170774,False,mean + 2 s.d. after unimodal BIC
0.0616961775975729,0.06206758431170774,False,mean + 2 s.d. after unimodal BIC
0.0495826773351737,0.06206758431170774,False,mean + 2 s.d. after unimodal BIC
0.0586839778290594,0.06206758431170774,False,mean + 2 s.d. after unimodal BIC
0.0503447135534611,0.06206758431170774,False,mean + 2 s.d. after unimodal BIC
0.0581663683222981,0.06206758431170774,False,mean + 2 s.d. after unimodal BIC
0.0594460140473468,0.06206758431170774,False,mean + 2 s.d. after unimodal BIC
0.0510204815206217,0.06206758431170774,False,mean + 2 s.d. after unimodal BIC
0.0486984277611232,0.06206758431170774,False,mean + 2 s.d. after unimodal BIC
0.0503519025743883,0.06206758431170774,False,mean + 2 s.d. after unimodal BIC
0.0527027124175958,0.06206758431170774,False,mean + 2 s.d. after unimodal BIC
0.0567357531577774,0.06206758431170774,False,mean + 2 s.d. after unimodal BIC
0.0570161249739398,0.06206758431170774,False,mean + 2 s.d. after unimodal BIC
0.064873724847413,0.06206758431170774,True,mean + 2 s.d. after unimodal BIC
0.0660742913422621,0.06206758431170774,True,mean + 2 s.d. after unimodal BIC
0.0551110344282212,0.06206758431170774,False,mean + 2 s.d. after unimodal BIC
0.0563475460277064,0.06206758431170774,False,mean + 2 s.d. after unimodal BIC
0.0528968159826313,0.06206758431170774,False,mean + 2 s.d. after unimodal BIC
0.0609341413792855,0.06206758431170774,False,mean + 2 s.d. after unimodal BIC
0.0565775946973781,0.06206758431170774,False,mean + 2 s.d. after unimodal BIC
0.0429040768937678,0.06206758431170774,False,mean + 2 s.d. after unimodal BIC
0.0462254045621526,0.06206758431170774,False,mean + 2 s.d. after unimodal BIC
0.0553770282025291,0.06206758431170774,False,mean + 2 s.d. after unimodal BIC
0.0485115132170149,0.06206758431170774,False,mean + 2 s.d. after unimodal BIC
0.0435438997562921,0.06206758431170774,False,mean + 2 s.d. after unimodal BIC
0.0384325058770246,0.06206758431170774,False,mean + 2 s.d. after unimodal BIC
0.051660304383146,0.06206758431170774,False,mean + 2 s.d. after unimodal BIC
0.0696400457221731,0.06206758431170774,True,mean + 2 s.d. after unimodal BIC
0.0555926988303462,0.06206758431170774,False,mean + 2 s.d. after unimodal BIC
0.054147705623971,0.06206758431170774,False,mean + 2 s.d. after unimodal BIC
0.049712079711864,0.06206758431170774,False,mean + 2 s.d. after unimodal BIC
0.0470880870734214,0.06206758431170774,False,mean + 2 s.d. after unimodal BIC
0.0529399501081947,0.06206758431170774,False,mean + 2 s.d. after unimodal BIC
0.0508335669765134,0.06206758431170774,False,mean + 2 s.d. after unimodal BIC
0.0582885816780612,0.06206758431170774,False,mean + 2 s.d. after unimodal BIC
0.0666637910582957,0.06206758431170774,True,mean + 2 s.d. after unimodal BIC
0.0539248459752266,0.06206758431170774,False,mean + 2 s.d. after unimodal BIC
0.0438170825515273,0.06206758431170774,False,mean + 2 s.d. after unimodal BIC
0.0531052975895212,0.06206758431170774,False,mean + 2 s.d. after unimodal BIC
0.0434288754214563,0.06206758431170774,False,mean + 2 s.d. after unimodal BIC
0.0545718578586782,0.06206758431170774,False,mean + 2 s.d. after unimodal BIC
0.0417610225663366,0.06206758431170774,False,mean + 2 s.d. after unimodal BIC
0.0481951962962164,0.06206758431170774,False,mean + 2 s.d. after unimodal BIC
0.0492879274771568,0.06206758431170774,False,mean + 2 s.d. after unimodal BIC
0.0481736292334347,0.06206758431170774,False,mean + 2 s.d. after unimodal BIC
0.0589643496452218,0.06206758431170774,False,mean + 2 s.d. after unimodal BIC
0.0422858210940252,0.06206758431170774,False,mean + 2 s.d. after unimodal BIC
0.0565416495927419,0.06206758431170774,False,mean + 2 s.d. after unimodal BIC
0.0477710440615092,0.06206758431170774,False,mean + 2 s.d. after unimodal BIC
0.0626379393390414,0.06206758431170774,True,mean + 2 s.d. after unimodal BIC
0.0539248459752266,0.06206758431170774,False,mean + 2 s.d. after unimodal BIC
0.0551110344282212,0.06206758431170774,False,mean + 2 s.d. after unimodal BIC
0.0467070689642777,0.06206758431170774,False,mean + 2 s.d. after unimodal BIC
0.0410205534108309,0.06206758431170774,False,mean + 2 s.d. after unimodal BIC
0.0380442987469536,0.06206758431170774,False,mean + 2 s.d. after unimodal BIC
0.0432060157727119,0.06206758431170774,False,mean + 2 s.d. after unimodal BIC
0.0477494769987275,0.06206758431170774,False,mean + 2 s.d. after unimodal BIC
0.0571886614761935,0.06206758431170774,False,mean + 2 s.d. after unimodal BIC
0.056814832387977,0.06206758431170774,False,mean + 2 s.d. after unimodal BIC
0.048662482656487,0.06206758431170774,False,mean + 2 s.d. after unimodal BIC
0.0744782568062055,0.06206758431170774,True,mean + 2 s.d. after unimodal BIC
0.0658370536516631,0.06206758431170774,True,mean + 2 s.d. after unimodal BIC
0.0534144254893926,0.06206758431170774,False,mean + 2 s.d. after unimodal BIC
0.0584395511175333,0.06206758431170774,False,mean + 2 s.d. after unimodal BIC
0.0570520700785759,0.06206758431170774,False,mean + 2 s.d. after unimodal BIC
0.0525445539571965,0.06206758431170774,False,mean + 2 s.d. after unimodal BIC
0.0558083694581634,0.06206758431170774,False,mean + 2 s.d. after unimodal BIC
0.0517897067598363,0.06206758431170774,False,mean + 2 s.d. after unimodal BIC
0.0496114334188826,0.06206758431170774,False,mean + 2 s.d. after unimodal BIC
0.0498199150257726,0.06206758431170774,False,mean + 2 s.d. after unimodal BIC
0.0562468997347251,0.06206758431170774,False,mean + 2 s.d. after unimodal BIC
0.0597263858635092,0.06206758431170774,False,mean + 2 s.d. after unimodal BIC
0.0552907599514022,0.06206758431170774,False,mean + 2 s.d. after unimodal BIC
0.0509126462067131,0.06206758431170774,False,mean + 2 s.d. after unimodal BIC
0.0562900338602885,0.06206758431170774,False,mean + 2 s.d. after unimodal BIC
0.0596760627170185,0.06206758431170774,False,mean + 2 s.d. after unimodal BIC
0.059841410198345,0.06206758431170774,False,mean + 2 s.d. after unimodal BIC
0.0563187899439975,0.06206758431170774,False,mean + 2 s.d. after unimodal BIC
0.0457293621181731,0.06206758431170774,False,mean + 2 s.d. after unimodal BIC
0.0396186943300191,0.06206758431170774,False,mean + 2 s.d. after unimodal BIC
0.052709901438523,0.06206758431170774,False,mean + 2 s.d. after unimodal BIC
0.0466064226712963,0.06206758431170774,False,mean + 2 s.d. after unimodal BIC
0.0467717701526229,0.06206758431170774,False,mean + 2 s.d. after unimodal BIC
0.063464676745674,0.06206758431170774,True,mean + 2 s.d. after unimodal BIC
0.0728032149301586,0.06206758431170774,True,mean + 2 s.d. after unimodal BIC
0.0201148805544172,0.06206758431170774,False,mean + 2 s.d. after unimodal BIC
0.0552116807212025,0.06206758431170774,False,mean + 2 s.d. after unimodal BIC
0.0562612777765796,0.06206758431170774,False,mean + 2 s.d. after unimodal BIC
0.0704020819404605,0.06206758431170774,True,mean + 2 s.d. after unimodal BIC
0.0596041725077461,0.06206758431170774,False,mean + 2 s.d. after unimodal BIC
0.049144147058612,0.06206758431170774,False,mean + 2 s.d. after unimodal BIC
0.0538889008705904,0.06206758431170774,False,mean + 2 s.d. after unimodal BIC
0.0487056167820504,0.06206758431170774,False,mean + 2 s.d. after unimodal BIC
0.0603230746004701,0.06206758431170774,False,mean + 2 s.d. after unimodal BIC
0.0290939676925399,0.06206758431170774,False,mean + 2 s.d. after unimodal BIC
0.054147705623971,0.06206758431170774,False,mean + 2 s.d. after unimodal BIC
0.0498414820885543,0.06206758431170774,False,mean + 2 s.d. after unimodal BIC
0.0583245267826974,0.06206758431170774,False,mean + 2 s.d. after unimodal BIC
0.0470880870734214,0.06206758431170774,False,mean + 2 s.d. after unimodal BIC
0.0524151515805062,0.06206758431170774,False,mean + 2 s.d. after unimodal BIC
0.0454346122601562,0.06206758431170774,False,mean + 2 s.d. after unimodal BIC
0.0508048108928045,0.06206758431170774,False,mean + 2 s.d. after unimodal BIC
0.0453555330299566,0.06206758431170774,False,mean + 2 s.d. after unimodal BIC
0.052767413605941,0.06206758431170774,False,mean + 2 s.d. after unimodal BIC
0.0501002868419349,0.06206758431170774,False,mean + 2 s.d. after unimodal BIC
0.0453842891136656,0.06206758431170774,False,mean + 2 s.d. after unimodal BIC
0.0480010927311809,0.06206758431170774,False,mean + 2 s.d. after unimodal BIC
0.0425302478055513,0.06206758431170774,False,mean + 2 s.d. after unimodal BIC
0.0503950366999518,0.06206758431170774,False,mean + 2 s.d. after unimodal BIC
0.0515956031948009,0.06206758431170774,False,mean + 2 s.d. after unimodal BIC
0.0567141860949957,0.06206758431170774,False,mean + 2 s.d. after unimodal BIC
0.0532418889871388,0.06206758431170774,False,mean + 2 s.d. after unimodal BIC
0.0518544079481815,0.06206758431170774,False,mean + 2 s.d. after unimodal BIC
0.0449601368789584,0.06206758431170774,False,mean + 2 s.d. after unimodal BIC
0.0578500514014996,0.06206758431170774,False,mean + 2 s.d. after unimodal BIC
0.0491944702051027,0.06206758431170774,False,mean + 2 s.d. after unimodal BIC
0.0488853423052314,0.06206758431170774,False,mean + 2 s.d. after unimodal BIC
0.0485977814681418,0.06206758431170774,False,mean + 2 s.d. after unimodal BIC
0.0527746026268682,0.06206758431170774,False,mean + 2 s.d. after unimodal BIC
0.0511283168345303,0.06206758431170774,False,mean + 2 s.d. after unimodal BIC
0.0445934968116692,0.06206758431170774,False,mean + 2 s.d. after unimodal BIC
0.0519550542411628,0.06206758431170774,False,mean + 2 s.d. after unimodal BIC
0.0545862359005327,0.06206758431170774,False,mean + 2 s.d. after unimodal BIC
0.0554776744955104,0.06206758431170774,False,mean + 2 s.d. after unimodal BIC
0.0463332398760612,0.06206758431170774,False,mean + 2 s.d. after unimodal BIC
0.0526164441664689,0.06206758431170774,False,mean + 2 s.d. after unimodal BIC
0.0498558601304088,0.06206758431170774,False,mean + 2 s.d. after unimodal BIC
0.0486552936355597,0.06206758431170774,False,mean + 2 s.d. after unimodal BIC
0.0587414899964773,0.06206758431170774,False,mean + 2 s.d. after unimodal BIC
0.0568867225972494,0.06206758431170774,False,mean + 2 s.d. after unimodal BIC
0.054147705623971,0.06206758431170774,False,mean + 2 s.d. after unimodal BIC
0.0552907599514022,0.06206758431170774,False,mean + 2 s.d. after unimodal BIC
0.0542339738750979,0.06206758431170774,False,mean + 2 s.d. after unimodal BIC
0.0640469874407804,0.06206758431170774,True,mean + 2 s.d. after unimodal BIC
0.0383102925212615,0.06206758431170774,False,mean + 2 s.d. after unimodal BIC
0.0504381708255152,0.06206758431170774,False,mean + 2 s.d. after unimodal BIC
0.0438961617817269,0.06206758431170774,False,mean + 2 s.d. after unimodal BIC
0.0486409155937052,0.06206758431170774,False,mean + 2 s.d. after unimodal BIC
0.0588061911848225,0.06206758431170774,False,mean + 2 s.d. after unimodal BIC
0.0548090955492771,0.06206758431170774,False,mean + 2 s.d. after unimodal BIC
0.0524439076642152,0.06206758431170774,False,mean + 2 s.d. after unimodal BIC
0.0624150796902969,0.06206758431170774,True,mean + 2 s.d. after unimodal BIC
0.0517825177389091,0.06206758431170774,False,mean + 2 s.d. after unimodal BIC
0.0598485992192723,0.06206758431170774,False,mean + 2 s.d. after unimodal BIC
0.0593166116706565,0.06206758431170774,False,mean + 2 s.d. after unimodal BIC
0.0450823502347215,0.06206758431170774,False,mean + 2 s.d. after unimodal BIC
0.0475266173499831,0.06206758431170774,False,mean + 2 s.d. after unimodal BIC
0.0559090157511448,0.06206758431170774,False,mean + 2 s.d. after unimodal BIC
0.0532346999662116,0.06206758431170774,False,mean + 2 s.d. after unimodal BIC
0.0624725918577149,0.06206758431170774,True,mean + 2 s.d. after unimodal BIC
0.0539464130380083,0.06206758431170774,False,mean + 2 s.d. after unimodal BIC
0.0505531951603511,0.06206758431170774,False,mean + 2 s.d. after unimodal BIC
0.0636515912897822,0.06206758431170774,True,mean + 2 s.d. after unimodal BIC
0.0568939116181767,0.06206758431170774,False,mean + 2 s.d. after unimodal BIC
0.0557796133744545,0.06206758431170774,False,mean + 2 s.d. after unimodal BIC
0.0577925392340817,0.06206758431170774,False,mean + 2 s.d. after unimodal BIC
0.0365489823940877,0.06206758431170774,False,mean + 2 s.d. after unimodal BIC
0.0577206490248093,0.06206758431170774,False,mean + 2 s.d. after unimodal BIC
0.0645070847801237,0.06206758431170774,True,mean + 2 s.d. after unimodal BIC
0.0515596580901647,0.06206758431170774,False,mean + 2 s.d. after unimodal BIC
0.0619837384346625,0.06206758431170774,False,mean + 2 s.d. after unimodal BIC
0.048454001049597,0.06206758431170774,False,mean + 2 s.d. after unimodal BIC
0.0469514956758039,0.06206758431170774,False,mean + 2 s.d. after unimodal BIC
0.0595250932775465,0.06206758431170774,False,mean + 2 s.d. after unimodal BIC
0.0484036779031063,0.06206758431170774,False,mean + 2 s.d. after unimodal BIC
0.05237920647587,0.06206758431170774,False,mean + 2 s.d. after unimodal BIC
0.0629183111552037,0.06206758431170774,True,mean + 2 s.d. after unimodal BIC
0.0545287237331147,0.06206758431170774,False,mean + 2 s.d. after unimodal BIC
0.0451686184858484,0.06206758431170774,False,mean + 2 s.d. after unimodal BIC
0.0544640225447696,0.06206758431170774,False,mean + 2 s.d. after unimodal BIC
0.0526667673129596,0.06206758431170774,False,mean + 2 s.d. after unimodal BIC
0.0485187022379422,0.06206758431170774,False,mean + 2 s.d. after unimodal BIC
0.0563691130904882,0.06206758431170774,False,mean + 2 s.d. after unimodal BIC
0.0484252449658881,0.06206758431170774,False,mean + 2 s.d. after unimodal BIC
0.0528321147942861,0.06206758431170774,False,mean + 2 s.d. after unimodal BIC
0.0440039970956355,0.06206758431170774,False,mean + 2 s.d. after unimodal BIC
0.0567573202205591,0.06206758431170774,False,mean + 2 s.d. after unimodal BIC
0.0508910791439313,0.06206758431170774,False,mean + 2 s.d. after unimodal BIC
0.0539320349961538,0.06206758431170774,False,mean + 2 s.d. after unimodal BIC
0.0509126462067131,0.06206758431170774,False,mean + 2 s.d. after unimodal BIC
0.0571886614761935,0.06206758431170774,False,mean + 2 s.d. after unimodal BIC
0.0587630570592591,0.06206758431170774,False,mean + 2 s.d. after unimodal BIC
0.0570736371413577,0.06206758431170774,False,mean + 2 s.d. after unimodal BIC
0.0328825817211953,0.06206758431170774,False,mean + 2 s.d. after unimodal BIC
0.0557796133744545,0.06206758431170774,False,mean + 2 s.d. after unimodal BIC
0.0478429342707816,0.06206758431170774,False,mean + 2 s.d. after unimodal BIC
0.0523145052875248,0.06206758431170774,False,mean + 2 s.d. after unimodal BIC
0.0631339817830209,0.06206758431170774,True,mean + 2 s.d. after unimodal BIC
0.0561031193161803,0.06206758431170774,False,mean + 2 s.d. after unimodal BIC
0.0473684588895838,0.06206758431170774,False,mean + 2 s.d. after unimodal BIC
0.061638665430155,0.06206758431170774,False,mean + 2 s.d. after unimodal BIC
0.0525804990618327,0.06206758431170774,False,mean + 2 s.d. after unimodal BIC
0.0493382506236475,0.06206758431170774,False,mean + 2 s.d. after unimodal BIC
0.0541980287704617,0.06206758431170774,False,mean + 2 s.d. after unimodal BIC
0.0456502828879734,0.06206758431170774,False,mean + 2 s.d. after unimodal BIC
0.0507832438300227,0.06206758431170774,False,mean + 2 s.d. after unimodal BIC
0.0590218618126397,0.06206758431170774,False,mean + 2 s.d. after unimodal BIC
0.0551973026793481,0.06206758431170774,False,mean + 2 s.d. after unimodal BIC
0.0592159653776752,0.06206758431170774,False,mean + 2 s.d. after unimodal BIC
0.0631699268876571,0.06206758431170774,True,mean + 2 s.d. after unimodal BIC
0.0545790468796054,0.06206758431170774,False,mean + 2 s.d. after unimodal BIC
0.056153442462671,0.06206758431170774,False,mean + 2 s.d. after unimodal BIC
0.0555279976420011,0.06206758431170774,False,mean + 2 s.d. after unimodal BIC
0.0537738765357546,0.06206758431170774,False,mean + 2 s.d. after unimodal BIC
0.0540973824774803,0.06206758431170774,False,mean + 2 s.d. after unimodal BIC
0.0574546552505014,0.06206758431170774,False,mean + 2 s.d. after unimodal BIC
0.053817010661318,0.06206758431170774,False,mean + 2 s.d. after unimodal BIC
0.0498486711094816,0.06206758431170774,False,mean + 2 s.d. after unimodal BIC
0.0554273513490197,0.06206758431170774,False,mean + 2 s.d. after unimodal BIC
0.0523432613712338,0.06206758431170774,False,mean + 2 s.d. after unimodal BIC
0.0558946377092903,0.06206758431170774,False,mean + 2 s.d. after unimodal BIC
0.0518472189272542,0.06206758431170774,False,mean + 2 s.d. after unimodal BIC
0.0570952042041394,0.06206758431170774,False,mean + 2 s.d. after unimodal BIC
0.0602871294958339,0.06206758431170774,False,mean + 2 s.d. after unimodal BIC
0.0526452002501779,0.06206758431170774,False,mean + 2 s.d. after unimodal BIC
0.0588565143313132,0.06206758431170774,False,mean + 2 s.d. after unimodal BIC
0.0453555330299566,0.06206758431170774,False,mean + 2 s.d. after unimodal BIC
0.0445216066023968,0.06206758431170774,False,mean + 2 s.d. after unimodal BIC
0.0533856694056836,0.06206758431170774,False,mean + 2 s.d. after unimodal BIC
0.0531412426941574,0.06206758431170774,False,mean + 2 s.d. after unimodal BIC
0.0572389846226842,0.06206758431170774,False,mean + 2 s.d. after unimodal BIC
0.0486409155937052,0.06206758431170774,False,mean + 2 s.d. after unimodal BIC
0.0556933451233276,0.06206758431170774,False,mean + 2 s.d. after unimodal BIC
0.0381737011236439,0.06206758431170774,False,mean + 2 s.d. after unimodal BIC
0.0603733977469608,0.06206758431170774,False,mean + 2 s.d. after unimodal BIC
0.0521419687852711,0.06206758431170774,False,mean + 2 s.d. after unimodal BIC
0.0626235612971869,0.06206758431170774,True,mean + 2 s.d. after unimodal BIC
0.0520125664085808,0.06206758431170774,False,mean + 2 s.d. after unimodal BIC
0.0630908476574575,0.06206758431170774,True,mean + 2 s.d. after unimodal BIC
0.0552763819095477,0.06206758431170774,False,mean + 2 s.d. after unimodal BIC
0.0574330881877197,0.06206758431170774,False,mean + 2 s.d. after unimodal BIC
0.0542267848541707,0.06206758431170774,False,mean + 2 s.d. after unimodal BIC
0.0592447214613841,0.06206758431170774,False,mean + 2 s.d. after unimodal BIC
0.0580513439874623,0.06206758431170774,False,mean + 2 s.d. after unimodal BIC
0.0573324418947383,0.06206758431170774,False,mean + 2 s.d. after unimodal BIC
0.0359019705106361,0.06206758431170774,False,mean + 2 s.d. after unimodal BIC
0.0455927707205555,0.06206758431170774,False,mean + 2 s.d. after unimodal BIC
0.0590721849591304,0.06206758431170774,False,mean + 2 s.d. after unimodal BIC
0.0633855975154743,0.06206758431170774,True,mean + 2 s.d. after unimodal BIC
0.0481592511915802,0.06206758431170774,False,mean + 2 s.d. after unimodal BIC
0.054535912754042,0.06206758431170774,False,mean + 2 s.d. after unimodal BIC
0.0490866348911941,0.06206758431170774,False,mean + 2 s.d. after unimodal BIC
0.0513080423577113,0.06206758431170774,False,mean + 2 s.d. after unimodal BIC
0.0503662806162428,0.06206758431170774,False,mean + 2 s.d. after unimodal BIC
0.0522641821410342,0.06206758431170774,False,mean + 2 s.d. after unimodal BIC
0.0617752568277726,0.06206758431170774,False,mean + 2 s.d. after unimodal BIC
0.0394605358696199,0.06206758431170774,False,mean + 2 s.d. after unimodal BIC
0.0545790468796054,0.06206758431170774,False,mean + 2 s.d. after unimodal BIC
0.0531340536732302,0.06206758431170774,False,mean + 2 s.d. after unimodal BIC
0.0531196756313757,0.06206758431170774,False,mean + 2 s.d. after unimodal BIC
0.0464338861690426,0.06206758431170774,False,mean + 2 s.d. after unimodal BIC
0.0526739563338868,0.06206758431170774,False,mean + 2 s.d. after unimodal BIC
0.0518472189272542,0.06206758431170774,False,mean + 2 s.d. after unimodal BIC
0.0502728233441887,0.06206758431170774,False,mean + 2 s.d. after unimodal BIC
0.0535725839497918,0.06206758431170774,False,mean + 2 s.d. after unimodal BIC
0.0531052975895212,0.06206758431170774,False,mean + 2 s.d. after unimodal BIC
0.0504741159301514,0.06206758431170774,False,mean + 2 s.d. after unimodal BIC
0.0588637033522404,0.06206758431170774,False,mean + 2 s.d. after unimodal BIC
0.0621275188532073,0.06206758431170774,True,mean + 2 s.d. after unimodal BIC
0.0637809936664725,0.06206758431170774,True,mean + 2 s.d. after unimodal BIC
0.056692619032214,0.06206758431170774,False,mean + 2 s.d. after unimodal BIC
0.0427387294124413,0.06206758431170774,False,mean + 2 s.d. after unimodal BIC
0.0488709642633769,0.06206758431170774,False,mean + 2 s.d. after unimodal BIC
0.0434935766098015,0.06206758431170774,False,mean + 2 s.d. after unimodal BIC
0.0572174175599025,0.06206758431170774,False,mean + 2 s.d. after unimodal BIC
0.0524439076642152,0.06206758431170774,False,mean + 2 s.d. after unimodal BIC
0.0562540887556523,0.06206758431170774,False,mean + 2 s.d. after unimodal BIC
0.0715235692051099,0.06206758431170774,True,mean + 2 s.d. after unimodal BIC
0.0556861561024004,0.06206758431170774,False,mean + 2 s.d. after unimodal BIC
0.0565991617601598,0.06206758431170774,False,mean + 2 s.d. after unimodal BIC
0.0638600728966722,0.06206758431170774,True,mean + 2 s.d. after unimodal BIC
0.0503015794278977,0.06206758431170774,False,mean + 2 s.d. after unimodal BIC
0.049712079711864,0.06206758431170774,False,mean + 2 s.d. after unimodal BIC
0.0513943106088381,0.06206758431170774,False,mean + 2 s.d. after unimodal BIC
0.0498199150257726,0.06206758431170774,False,mean + 2 s.d. after unimodal BIC
0.042551814868333,0.06206758431170774,False,mean + 2 s.d. after unimodal BIC
0.0630189574481851,0.06206758431170774,True,mean + 2 s.d. after unimodal BIC
0.0534647486358832,0.06206758431170774,False,mean + 2 s.d. after unimodal BIC
0.0543202421262248,0.06206758431170774,False,mean + 2 s.d. after unimodal BIC
0.0423217661986614,0.06206758431170774,False,mean + 2 s.d. after unimodal BIC
0.04063234628076,0.06206758431170774,False,mean + 2 s.d. after unimodal BIC
0.0514014996297654,0.06206758431170774,False,mean + 2 s.d. after unimodal BIC
0.0614373728441923,0.06206758431170774,False,mean + 2 s.d. after unimodal BIC
0.0531340536732302,0.06206758431170774,False,mean + 2 s.d. after unimodal BIC
0.0547443943609319,0.06206758431170774,False,mean + 2 s.d. after unimodal BIC
0.0520916456387804,0.06206758431170774,False,mean + 2 s.d. after unimodal BIC
0.066462498472333,0.06206758431170774,True,mean + 2 s.d. after unimodal BIC
0.053788254577609,0.06206758431170774,False,mean + 2 s.d. after unimodal BIC
0.0503231464906794,0.06206758431170774,False,mean + 2 s.d. after unimodal BIC
0.0523935845177245,0.06206758431170774,False,mean + 2 s.d. after unimodal BIC
0.0488206411168862,0.06206758431170774,False,mean + 2 s.d. after unimodal BIC
0.0458659535157906,0.06206758431170774,False,mean + 2 s.d. after unimodal BIC
0.0578141062968634,0.06206758431170774,False,mean + 2 s.d. after unimodal BIC
0.0501362319465712,0.06206758431170774,False,mean + 2 s.d. after unimodal BIC
0.0463044837923523,0.06206758431170774,False,mean + 2 s.d. after unimodal BIC
0.0614014277395561,0.06206758431170774,False,mean + 2 s.d. after unimodal BIC
0.0566854300112867,0.06206758431170774,False,mean + 2 s.d. after unimodal BIC
0.053817010661318,0.06206758431170774,False,mean + 2 s.d. after unimodal BIC
0.055434540369947,0.06206758431170774,False,mean + 2 s.d. after unimodal BIC
0.0512792862740023,0.06206758431170774,False,mean + 2 s.d. after unimodal BIC
0.0442124787025255,0.06206758431170774,False,mean + 2 s.d. after unimodal BIC
0.0468867944874587,0.06206758431170774,False,mean + 2 s.d. after unimodal BIC
0.0539176569542993,0.06206758431170774,False,mean + 2 s.d. after unimodal BIC
0.0513367984414202,0.06206758431170774,False,mean + 2 s.d. after unimodal BIC
0.0569226677018856,0.06206758431170774,False,mean + 2 s.d. after unimodal BIC
0.0574762223132831,0.06206758431170774,False,mean + 2 s.d. after unimodal BIC
0.0650390723287395,0.06206758431170774,True,mean + 2 s.d. after unimodal BIC
0.0614229948023378,0.06206758431170774,False,mean + 2 s.d. after unimodal BIC
0.0663618521793517,0.06206758431170774,True,mean + 2 s.d. after unimodal BIC
0.0504237927836607,0.06206758431170774,False,mean + 2 s.d. after unimodal BIC
0.0533209682173384,0.06206758431170774,False,mean + 2 s.d. after unimodal BIC
0.0492519823725206,0.06206758431170774,False,mean + 2 s.d. after unimodal BIC
0.0494532749584834,0.06206758431170774,False,mean + 2 s.d. after unimodal BIC
0.0535222608033012,0.06206758431170774,False,mean + 2 s.d. after unimodal BIC
0.0539320349961538,0.06206758431170774,False,mean + 2 s.d. after unimodal BIC
0.0579003745479903,0.06206758431170774,False,mean + 2 s.d. after unimodal BIC
0.0572317956017569,0.06206758431170774,False,mean + 2 s.d. after unimodal BIC
0.0512577192112206,0.06206758431170774,False,mean + 2 s.d. after unimodal BIC
0.0508982681648586,0.06206758431170774,False,mean + 2 s.d. after unimodal BIC
0.051480578859965,0.06206758431170774,False,mean + 2 s.d. after unimodal BIC
0.0466639348387143,0.06206758431170774,False,mean + 2 s.d. after unimodal BIC
0.0456718499507552,0.06206758431170774,False,mean + 2 s.d. after unimodal BIC
0.055405784286238,0.06206758431170774,False,mean + 2 s.d. after unimodal BIC
0.0507257316626048,0.06206758431170774,False,mean + 2 s.d. after unimodal BIC
0.0656717061703366,0.06206758431170774,True,mean + 2 s.d. after unimodal BIC
0.0541405166030438,0.06206758431170774,False,mean + 2 s.d. after unimodal BIC
0.0476272636429644,0.06206758431170774,False,mean + 2 s.d. after unimodal BIC
0.0525517429781238,0.06206758431170774,False,mean + 2 s.d. after unimodal BIC
0.0613582936139927,0.06206758431170774,False,mean + 2 s.d. after unimodal BIC
0.0523935845177245,0.06206758431170774,False,mean + 2 s.d. after unimodal BIC
0.0540470593309897,0.06206758431170774,False,mean + 2 s.d. after unimodal BIC
0.0512505301902933,0.06206758431170774,False,mean + 2 s.d. after unimodal BIC
0.0581807463641526,0.06206758431170774,False,mean + 2 s.d. after unimodal BIC
0.0553195160351111,0.06206758431170774,False,mean + 2 s.d. after unimodal BIC
0.0498486711094816,0.06206758431170774,False,mean + 2 s.d. after unimodal BIC
0.0565057044881057,0.06206758431170774,False,mean + 2 s.d. after unimodal BIC
0.0576056246899734,0.06206758431170774,False,mean + 2 s.d. after unimodal BIC
0.0558802596674358,0.06206758431170774,False,mean + 2 s.d. after unimodal BIC
0.0494604639794106,0.06206758431170774,False,mean + 2 s.d. after unimodal BIC
0.0491369580376848,0.06206758431170774,False,mean + 2 s.d. after unimodal BIC
0.0596257395705278,0.06206758431170774,False,mean + 2 s.d. after unimodal BIC
0.0447588442929957,0.06206758431170774,False,mean + 2 s.d. after unimodal BIC
0.0402585171925435,0.06206758431170774,False,mean + 2 s.d. after unimodal BIC
0.0704883501915874,0.06206758431170774,True,mean + 2 s.d. after unimodal BIC
0.0458731425367179,0.06206758431170774,False,mean + 2 s.d. after unimodal BIC
0.0597838980309271,0.06206758431170774,False,mean + 2 s.d. after unimodal BIC
0.0455280695322104,0.06206758431170774,False,mean + 2 s.d. after unimodal BIC
0.0442412347862344,0.06206758431170774,False,mean + 2 s.d. after unimodal BIC
0.0555926988303462,0.06206758431170774,False,mean + 2 s.d. after unimodal BIC
0.056304411902143,0.06206758431170774,False,mean + 2 s.d. after unimodal BIC
0.0489787995772855,0.06206758431170774,False,mean + 2 s.d. after unimodal BIC
0.0516459263412915,0.06206758431170774,False,mean + 2 s.d. after unimodal BIC
0.0506178963486962,0.06206758431170774,False,mean + 2 s.d. after unimodal BIC
0.035477818275929,0.06206758431170774,False,mean + 2 s.d. after unimodal BIC
0.0493310616027203,0.06206758431170774,False,mean + 2 s.d. after unimodal BIC
0.051990999345799,0.06206758431170774,False,mean + 2 s.d. after unimodal BIC
0.0447947893976319,0.06206758431170774,False,mean + 2 s.d. after unimodal BIC
0.0596976297798002,0.06206758431170774,False,mean + 2 s.d. after unimodal BIC
0.0617536897649909,0.06206758431170774,False,mean + 2 s.d. after unimodal BIC
0.0542483519169524,0.06206758431170774,False,mean + 2 s.d. after unimodal BIC
0.0584826852430967,0.06206758431170774,False,mean + 2 s.d. after unimodal BIC
0.0553914062443835,0.06206758431170774,False,mean + 2 s.d. after unimodal BIC
0.0342556847182982,0.06206758431170774,False,mean + 2 s.d. after unimodal BIC
0.053457559614956,0.06206758431170774,False,mean + 2 s.d. after unimodal BIC
0.0558371255418724,0.06206758431170774,False,mean + 2 s.d. after unimodal BIC
0.0580801000711713,0.06206758431170774,False,mean + 2 s.d. after unimodal BIC
0.045276453799757,0.06206758431170774,False,mean + 2 s.d. after unimodal BIC
0.0541692726867527,0.06206758431170774,False,mean + 2 s.d. after unimodal BIC
0.0536013400335008,0.06206758431170774,False,mean + 2 s.d. after unimodal BIC
0.0461966484784437,0.06206758431170774,False,mean + 2 s.d. after unimodal BIC
0.0583676609082609,0.06206758431170774,False,mean + 2 s.d. after unimodal BIC
0.0506322743905507,0.06206758431170774,False,mean + 2 s.d. after unimodal BIC
0.0444856614977606,0.06206758431170774,False,mean + 2 s.d. after unimodal BIC
0.0524582857060696,0.06206758431170774,False,mean + 2 s.d. after unimodal BIC
0.0631843049295116,0.06206758431170774,True,mean + 2 s.d. after unimodal BIC
0.0488206411168862,0.06206758431170774,False,mean + 2 s.d. after unimodal BIC
0.0651756637263571,0.06206758431170774,True,mean + 2 s.d. after unimodal BIC
0.0514590117971833,0.06206758431170774,False,mean + 2 s.d. after unimodal BIC
0.068798930273686,0.06206758431170774,True,mean + 2 s.d. after unimodal BIC
0.045039216109158,0.06206758431170774,False,mean + 2 s.d. after unimodal BIC
0.0499852625070991,0.06206758431170774,False,mean + 2 s.d. after unimodal BIC
0.0456862279926096,0.06206758431170774,False,mean + 2 s.d. after unimodal BIC
0.0555495647047828,0.06206758431170774,False,mean + 2 s.d. after unimodal BIC
0.050610707327769,0.06206758431170774,False,mean + 2 s.d. after unimodal BIC
0.0484252449658881,0.06206758431170774,False,mean + 2 s.d. after unimodal BIC
0.0558730706465086,0.06206758431170774,False,mean + 2 s.d. after unimodal BIC
0.0336733740231917,0.06206758431170774,False,mean + 2 s.d. after unimodal BIC
0.0560887412743258,0.06206758431170774,False,mean + 2 s.d. after unimodal BIC
0.0531196756313757,0.06206758431170774,False,mean + 2 s.d. after unimodal BIC
0.0440399422002717,0.06206758431170774,False,mean + 2 s.d. after unimodal BIC
0.0500499636954443,0.06206758431170774,False,mean + 2 s.d. after unimodal BIC
0.0529327610872675,0.06206758431170774,False,mean + 2 s.d. after unimodal BIC
0.061128244944321,0.06206758431170774,False,mean + 2 s.d. after unimodal BIC
0.0535653949288646,0.06206758431170774,False,mean + 2 s.d. after unimodal BIC
0.0557796133744545,0.06206758431170774,False,mean + 2 s.d. after unimodal BIC
0.0602943185167612,0.06206758431170774,False,mean + 2 s.d. after unimodal BIC
0.0445934968116692,0.06206758431170774,False,mean + 2 s.d. after unimodal BIC
0.0431269365425122,0.06206758431170774,False,mean + 2 s.d. after unimodal BIC
0.0568076433670498,0.06206758431170774,False,mean + 2 s.d. after unimodal BIC
0.0637234814990546,0.06206758431170774,True,mean + 2 s.d. after unimodal BIC
0.0457006060344641,0.06206758431170774,False,mean + 2 s.d. after unimodal BIC
0.0595826054449644,0.06206758431170774,False,mean + 2 s.d. after unimodal BIC
0.0489572325145038,0.06206758431170774,False,mean + 2 s.d. after unimodal BIC
0.0401650599204894,0.06206758431170774,False,mean + 2 s.d. after unimodal BIC
0.0478501232917089,0.06206758431170774,False,mean + 2 s.d. after unimodal BIC
0.0589787276870763,0.06206758431170774,False,mean + 2 s.d. after unimodal BIC
0.0495754883142464,0.06206758431170774,False,mean + 2 s.d. after unimodal BIC
0.0589068374778039,0.06206758431170774,False,mean + 2 s.d. after unimodal BIC
0.055254814846766,0.06206758431170774,False,mean + 2 s.d. after unimodal BIC
0.0567788872833408,0.06206758431170774,False,mean + 2 s.d. after unimodal BIC
0.0624294577321514,0.06206758431170774,True,mean + 2 s.d. after unimodal BIC
0.0518903530528177,0.06206758431170774,False,mean + 2 s.d. after unimodal BIC
0.051868785990036,0.06206758431170774,False,mean + 2 s.d. after unimodal BIC
0.0374404209890655,0.06206758431170774,False,mean + 2 s.d. after unimodal BIC
0.0558299365209452,0.06206758431170774,False,mean + 2 s.d. after unimodal BIC
0.0604309099143787,0.06206758431170774,False,mean + 2 s.d. after unimodal BIC
0.0516962494877822,0.06206758431170774,False,mean + 2 s.d. after unimodal BIC
0.0565991617601598,0.06206758431170774,False,mean + 2 s.d. after unimodal BIC
0.0626882624855321,0.06206758431170774,True,mean + 2 s.d. after unimodal BIC
0.0611498120071027,0.06206758431170774,False,mean + 2 s.d. after unimodal BIC
0.0539392240170811,0.06206758431170774,False,mean + 2 s.d. after unimodal BIC
0.0400500355856535,0.06206758431170774,False,mean + 2 s.d. after unimodal BIC
0.0553626501606746,0.06206758431170774,False,mean + 2 s.d. after unimodal BIC
0.0545215347121875,0.06206758431170774,False,mean + 2 s.d. after unimodal BIC
0.0632921402434202,0.06206758431170774,True,mean + 2 s.d. after unimodal BIC
0.0593813128590017,0.06206758431170774,False,mean + 2 s.d. after unimodal BIC
0.0495467322305375,0.06206758431170774,False,mean + 2 s.d. after unimodal BIC
0.0483174096519795,0.06206758431170774,False,mean + 2 s.d. after unimodal BIC
0.041473461729247,0.06206758431170774,False,mean + 2 s.d. after unimodal BIC
0.0538673338078087,0.06206758431170774,False,mean + 2 s.d. after unimodal BIC
0.0535150717823739,0.06206758431170774,False,mean + 2 s.d. after unimodal BIC
0.0554704854745832,0.06206758431170774,False,mean + 2 s.d. after unimodal BIC
0.0504094147418063,0.06206758431170774,False,mean + 2 s.d. after unimodal BIC
0.0556214549140552,0.06206758431170774,False,mean + 2 s.d. after unimodal BIC
0.0573396309156655,0.06206758431170774,False,mean + 2 s.d. after unimodal BIC
0.0494173298538472,0.06206758431170774,False,mean + 2 s.d. after unimodal BIC
0.0595754164240372,0.06206758431170774,False,mean + 2 s.d. after unimodal BIC
0.0569729908483763,0.06206758431170774,False,mean + 2 s.d. after unimodal BIC
0.0573108748319566,0.06206758431170774,False,mean + 2 s.d. after unimodal BIC
0.056843588471686,0.06206758431170774,False,mean + 2 s.d. after unimodal BIC
0.0487703179703956,0.06206758431170774,False,mean + 2 s.d. after unimodal BIC
0.0435295217144377,0.06206758431170774,False,mean + 2 s.d. after unimodal BIC
0.0552044917002753,0.06206758431170774,False,mean + 2 s.d. after unimodal BIC
0.0510132924996944,0.06206758431170774,False,mean + 2 s.d. after unimodal BIC
0.0714085448702741,0.06206758431170774,True,mean + 2 s.d. after unimodal BIC
0.0391873530743848,0.06206758431170774,False,mean + 2 s.d. after unimodal BIC
0.0522785601828886,0.06206758431170774,False,mean + 2 s.d. after unimodal BIC
0.0486121595099963,0.06206758431170774,False,mean + 2 s.d. after unimodal BIC
0.0529040050035585,0.06206758431170774,False,mean + 2 s.d. after unimodal BIC
0.0551757356165663,0.06206758431170774,False,mean + 2 s.d. after unimodal BIC
0.0625588601088417,0.06206758431170774,True,mean + 2 s.d. after unimodal BIC
0.0402657062134707,0.06206758431170774,False,mean + 2 s.d. after unimodal BIC
0.0563547350486337,0.06206758431170774,False,mean + 2 s.d. after unimodal BIC
0.0585186303477329,0.06206758431170774,False,mean + 2 s.d. after unimodal BIC
0.0556502109977642,0.06206758431170774,False,mean + 2 s.d. after unimodal BIC
0.0451398624021394,0.06206758431170774,False,mean + 2 s.d. after unimodal BIC
0.0427818635380047,0.06206758431170774,False,mean + 2 s.d. after unimodal BIC
0.0546653151307323,0.06206758431170774,False,mean + 2 s.d. after unimodal BIC
0.0539607910798628,0.06206758431170774,False,mean + 2 s.d. after unimodal BIC
0.0535653949288646,0.06206758431170774,False,mean + 2 s.d. after unimodal BIC
0.0532706450708478,0.06206758431170774,False,mean + 2 s.d. after unimodal BIC
0.0426524611613144,0.06206758431170774,False,mean + 2 s.d. after unimodal BIC
0.0654057123960287,0.06206758431170774,True,mean + 2 s.d. after unimodal BIC
0.0505100610347876,0.06206758431170774,False,mean + 2 s.d. after unimodal BIC
0.0545287237331147,0.06206758431170774,False,mean + 2 s.d. after unimodal BIC
0.057742216087591,0.06206758431170774,False,mean + 2 s.d. after unimodal BIC
0.0524942308107058,0.06206758431170774,False,mean + 2 s.d. after unimodal BIC
0.0260745789030991,0.06206758431170774,False,mean + 2 s.d. after unimodal BIC
0.0496186224398099,0.06206758431170774,False,mean + 2 s.d. after unimodal BIC
0.0493741957282837,0.06206758431170774,False,mean + 2 s.d. after unimodal BIC
0.0366280616242873,0.06206758431170774,False,mean + 2 s.d. after unimodal BIC
0.058461118180315,0.06206758431170774,False,mean + 2 s.d. after unimodal BIC
0.0429831561239674,0.06206758431170774,False,mean + 2 s.d. after unimodal BIC
0.0468580384037497,0.06206758431170774,False,mean + 2 s.d. after unimodal BIC
0.054327431147152,0.06206758431170774,False,mean + 2 s.d. after unimodal BIC
0.055434540369947,0.06206758431170774,False,mean + 2 s.d. after unimodal BIC
0.0553842172234563,0.06206758431170774,False,mean + 2 s.d. after unimodal BIC
0.0578859965061358,0.06206758431170774,False,mean + 2 s.d. after unimodal BIC
0.0583245267826974,0.06206758431170774,False,mean + 2 s.d. after unimodal BIC
0.0552476258258387,0.06206758431170774,False,mean + 2 s.d. after unimodal BIC
0.0521922919317618,0.06206758431170774,False,mean + 2 s.d. after unimodal BIC
0.057203039518048,0.06206758431170774,False,mean + 2 s.d. after unimodal BIC
0.0510779936880396,0.06206758431170774,False,mean + 2 s.d. after unimodal BIC
0.0598845443239085,0.06206758431170774,False,mean + 2 s.d. after unimodal BIC
0.0597982760727816,0.06206758431170774,False,mean + 2 s.d. after unimodal BIC
0.0475769404964737,0.06206758431170774,False,mean + 2 s.d. after unimodal BIC
0.0560887412743258,0.06206758431170774,False,mean + 2 s.d. after unimodal BIC
0.0559593388976355,0.06206758431170774,False,mean + 2 s.d. after unimodal BIC
0.0491225799958303,0.06206758431170774,False,mean + 2 s.d. after unimodal BIC
0.0368652993148863,0.06206758431170774,False,mean + 2 s.d. after unimodal BIC
0.0488997203470859,0.06206758431170774,False,mean + 2 s.d. after unimodal BIC
0.0570305030157942,0.06206758431170774,False,mean + 2 s.d. after unimodal BIC
0.0513655545251292,0.06206758431170774,False,mean + 2 s.d. after unimodal BIC
0.0697622590779361,0.06206758431170774,True,mean + 2 s.d. after unimodal BIC
0.0488278301378135,0.06206758431170774,False,mean + 2 s.d. after unimodal BIC
0.0607040927096138,0.06206758431170774,False,mean + 2 s.d. after unimodal BIC
0.0551254124700757,0.06206758431170774,False,mean + 2 s.d. after unimodal BIC
0.052709901438523,0.06206758431170774,False,mean + 2 s.d. after unimodal BIC
0.0475697514755465,0.06206758431170774,False,mean + 2 s.d. after unimodal BIC
0.0590290508335669,0.06206758431170774,False,mean + 2 s.d. after unimodal BIC
0.0546221810051689,0.06206758431170774,False,mean + 2 s.d. after unimodal BIC
0.0530190293383944,0.06206758431170774,False,mean + 2 s.d. after unimodal BIC
0.0448019784185591,0.06206758431170774,False,mean + 2 s.d. after unimodal BIC
0.0482383304217798,0.06206758431170774,False,mean + 2 s.d. after unimodal BIC
0.0504237927836607,0.06206758431170774,False,mean + 2 s.d. after unimodal BIC
0.0557508572907455,0.06206758431170774,False,mean + 2 s.d. after unimodal BIC
0.0562253326719434,0.06206758431170774,False,mean + 2 s.d. after unimodal BIC
0.0532203219243571,0.06206758431170774,False,mean + 2 s.d. after unimodal BIC
0.0517465726342729,0.06206758431170774,False,mean + 2 s.d. after unimodal BIC
0.0618687140998267,0.06206758431170774,False,mean + 2 s.d. after unimodal BIC
0.0524942308107058,0.06206758431170774,False,mean + 2 s.d. after unimodal BIC
0.0318114176030366,0.06206758431170774,False,mean + 2 s.d. after unimodal BIC
0.06274577465295,0.06206758431170774,True,mean + 2 s.d. after unimodal BIC
0.0561750095254527,0.06206758431170774,False,mean + 2 s.d. after unimodal BIC
0.0591368861474755,0.06206758431170774,False,mean + 2 s.d. after unimodal BIC
0.0511570729182392,0.06206758431170774,False,mean + 2 s.d. after unimodal BIC
0.0529327610872675,0.06206758431170774,False,mean + 2 s.d. after unimodal BIC
0.064693999324232,0.06206758431170774,True,mean + 2 s.d. after unimodal BIC
0.0508767011020769,0.06206758431170774,False,mean + 2 s.d. after unimodal BIC
0.0628248538831496,0.06206758431170774,True,mean + 2 s.d. after unimodal BIC
0.0441621555560348,0.06206758431170774,False,mean + 2 s.d. after unimodal BIC
0.0558802596674358,0.06206758431170774,False,mean + 2 s.d. after unimodal BIC
0.0515884141738736,0.06206758431170774,False,mean + 2 s.d. after unimodal BIC
0.0473109467221659,0.06206758431170774,False,mean + 2 s.d. after unimodal BIC
0.046505776378315,0.06206758431170774,False,mean + 2 s.d. after unimodal BIC
0.0622137871043342,0.06206758431170774,True,mean + 2 s.d. after unimodal BIC
0.0618974701835357,0.06206758431170774,False,mean + 2 s.d. after unimodal BIC
0.0649096699520492,0.06206758431170774,True,mean + 2 s.d. after unimodal BIC
0.0660886693841165,0.06206758431170774,True,mean + 2 s.d. after unimodal BIC
0.0454202342183018,0.06206758431170774,False,mean + 2 s.d. after unimodal BIC
0.0497048906909368,0.06206758431170774,False,mean + 2 s.d. after unimodal BIC
0.0499277503396812,0.06206758431170774,False,mean + 2 s.d. after unimodal BIC
0.0549600649887491,0.06206758431170774,False,mean + 2 s.d. after unimodal BIC
0.0422858210940252,0.06206758431170774,False,mean + 2 s.d. after unimodal BIC
0.0553123270141839,0.06206758431170774,False,mean + 2 s.d. after unimodal BIC
0.0596760627170185,0.06206758431170774,False,mean + 2 s.d. after unimodal BIC
0.0501721770512074,0.06206758431170774,False,mean + 2 s.d. after unimodal BIC
0.0559880949813444,0.06206758431170774,False,mean + 2 s.d. after unimodal BIC
0.06274577465295,0.06206758431170774,True,mean + 2 s.d. after unimodal BIC
0.0572102285389752,0.06206758431170774,False,mean + 2 s.d. after unimodal BIC
0.0487775069913228,0.06206758431170774,False,mean + 2 s.d. after unimodal BIC
0.0515668471110919,0.06206758431170774,False,mean + 2 s.d. after unimodal BIC
0.0551901136584208,0.06206758431170774,False,mean + 2 s.d. after unimodal BIC
0.0473828369314383,0.06206758431170774,False,mean + 2 s.d. after unimodal BIC
0.0422858210940252,0.06206758431170774,False,mean + 2 s.d. after unimodal BIC
0.0519119201155994,0.06206758431170774,False,mean + 2 s.d. after unimodal BIC
0.0552620038676932,0.06206758431170774,False,mean + 2 s.d. after unimodal BIC
0.0511426948763847,0.06206758431170774,False,mean + 2 s.d. after unimodal BIC
0.057713460003882,0.06206758431170774,False,mean + 2 s.d. after unimodal BIC
0.0567788872833408,0.06206758431170774,False,mean + 2 s.d. after unimodal BIC
0.0685616925830871,0.06206758431170774,True,mean + 2 s.d. after unimodal BIC
0.0606322025003414,0.06206758431170774,False,mean + 2 s.d. after unimodal BIC
0.0622712992717521,0.06206758431170774,True,mean + 2 s.d. after unimodal BIC
0.0539895471635717,0.06206758431170774,False,mean + 2 s.d. after unimodal BIC
0.0555208086210739,0.06206758431170774,False,mean + 2 s.d. after unimodal BIC
0.0508119999137317,0.06206758431170774,False,mean + 2 s.d. after unimodal BIC
0.043989619053781,0.06206758431170774,False,mean + 2 s.d. after unimodal BIC
0.0352046354806938,0.06206758431170774,False,mean + 2 s.d. after unimodal BIC
0.0567788872833408,0.06206758431170774,False,mean + 2 s.d. after unimodal BIC
0.0500355856535898,0.06206758431170774,False,mean + 2 s.d. after unimodal BIC
0.0671885895859842,0.06206758431170774,True,mean + 2 s.d. after unimodal BIC
0.0594172579636379,0.06206758431170774,False,mean + 2 s.d. after unimodal BIC
0.0477063428731641,0.06206758431170774,False,mean + 2 s.d. after unimodal BIC
0.0545502907958965,0.06206758431170774,False,mean + 2 s.d. after unimodal BIC
0.0697982041825723,0.06206758431170774,True,mean + 2 s.d. after unimodal BIC
0.0630692805946758,0.06206758431170774,True,mean + 2 s.d. after unimodal BIC
0.0433713632540384,0.06206758431170774,False,mean + 2 s.d. after unimodal BIC
0.0545646688377509,0.06206758431170774,False,mean + 2 s.d. after unimodal BIC
0.0605171781655056,0.06206758431170774,False,mean + 2 s.d. after unimodal BIC
0.0479076354591268,0.06206758431170774,False,mean + 2 s.d. after unimodal BIC
0.0512145850856571,0.06206758431170774,False,mean + 2 s.d. after unimodal BIC
0.0475697514755465,0.06206758431170774,False,mean + 2 s.d. after unimodal BIC
0.0505675732022055,0.06206758431170774,False,mean + 2 s.d. after unimodal BIC
0.0538313887031725,0.06206758431170774,False,mean + 2 s.d. after unimodal BIC
0.0664553094514058,0.06206758431170774,True,mean + 2 s.d. after unimodal BIC
0.0606034464166325,0.06206758431170774,False,mean + 2 s.d. after unimodal BIC
0.0480442268567443,0.06206758431170774,False,mean + 2 s.d. after unimodal BIC
0.0498486711094816,0.06206758431170774,False,mean + 2 s.d. after unimodal BIC
0.0533137791964112,0.06206758431170774,False,mean + 2 s.d. after unimodal BIC
0.0614373728441923,0.06206758431170774,False,mean + 2 s.d. after unimodal BIC
0.0565775946973781,0.06206758431170774,False,mean + 2 s.d. after unimodal BIC
0.0522857492038159,0.06206758431170774,False,mean + 2 s.d. after unimodal BIC
0.0519838103248718,0.06206758431170774,False,mean + 2 s.d. after unimodal BIC
0.0557868023953817,0.06206758431170774,False,mean + 2 s.d. after unimodal BIC
0.0494676530003378,0.06206758431170774,False,mean + 2 s.d. after unimodal BIC
0.0531340536732302,0.06206758431170774,False,mean + 2 s.d. after unimodal BIC
0.0539320349961538,0.06206758431170774,False,mean + 2 s.d. after unimodal BIC
0.0478069891661454,0.06206758431170774,False,mean + 2 s.d. after unimodal BIC
0.0540111142263535,0.06206758431170774,False,mean + 2 s.d. after unimodal BIC
0.0542052177913889,0.06206758431170774,False,mean + 2 s.d. after unimodal BIC
0.0562540887556523,0.06206758431170774,False,mean + 2 s.d. after unimodal BIC
0.0581663683222981,0.06206758431170774,False,mean + 2 s.d. after unimodal BIC
0.0475769404964737,0.06206758431170774,False,mean + 2 s.d. after unimodal BIC
0.0569011006391039,0.06206758431170774,False,mean + 2 s.d. after unimodal BIC
0.0626019942344052,0.06206758431170774,True,mean + 2 s.d. after unimodal BIC
0.0529758952128309,0.06206758431170774,False,mean + 2 s.d. after unimodal BIC
0.0561103083371075,0.06206758431170774,False,mean + 2 s.d. after unimodal BIC
0.0519838103248718,0.06206758431170774,False,mean + 2 s.d. after unimodal BIC
0.0482598974845615,0.06206758431170774,False,mean + 2 s.d. after unimodal BIC
0.0467358250479867,0.06206758431170774,False,mean + 2 s.d. after unimodal BIC
0.0508191889346589,0.06206758431170774,False,mean + 2 s.d. after unimodal BIC
0.0550175771561671,0.06206758431170774,False,mean + 2 s.d. after unimodal BIC
0.0519838103248718,0.06206758431170774,False,mean + 2 s.d. after unimodal BIC
0.052558931999051,0.06206758431170774,False,mean + 2 s.d. after unimodal BIC
0.0537091753474094,0.06206758431170774,False,mean + 2 s.d. after unimodal BIC
0.0560168510650534,0.06206758431170774,False,mean + 2 s.d. after unimodal BIC
0.0388566581117317,0.06206758431170774,False,mean + 2 s.d. after unimodal BIC
0.0536229070962825,0.06206758431170774,False,mean + 2 s.d. after unimodal BIC
0.0289501872739951,0.06206758431170774,False,mean + 2 s.d. after unimodal BIC
0.0531412426941574,0.06206758431170774,False,mean + 2 s.d. after unimodal BIC
0.0558802596674358,0.06206758431170774,False,mean + 2 s.d. after unimodal BIC
0.0426955952868778,0.06206758431170774,False,mean + 2 s.d. after unimodal BIC
0.045635904846119,0.06206758431170774,False,mean + 2 s.d. after unimodal BIC
0.0534359925521743,0.06206758431170774,False,mean + 2 s.d. after unimodal BIC
0.0470665200106397,0.06206758431170774,False,mean + 2 s.d. after unimodal BIC
0.0462541606458616,0.06206758431170774,False,mean + 2 s.d. after unimodal BIC
0.0679074916787082,0.06206758431170774,True,mean + 2 s.d. after unimodal BIC
0.0580225879037533,0.06206758431170774,False,mean + 2 s.d. after unimodal BIC
0.0516818714459277,0.06206758431170774,False,mean + 2 s.d. after unimodal BIC
0.0547372053400047,0.06206758431170774,False,mean + 2 s.d. after unimodal BIC
0.0597407639053637,0.06206758431170774,False,mean + 2 s.d. after unimodal BIC
0.0582598255943523,0.06206758431170774,False,mean + 2 s.d. after unimodal BIC
0.0582598255943523,0.06206758431170774,False,mean + 2 s.d. after unimodal BIC
0.0419910712360083,0.06206758431170774,False,mean + 2 s.d. after unimodal BIC
0.0476416416848189,0.06206758431170774,False,mean + 2 s.d. after unimodal BIC
0.0503015794278977,0.06206758431170774,False,mean + 2 s.d. after unimodal BIC
0.0582310695106433,0.06206758431170774,False,mean + 2 s.d. after unimodal BIC
0.0473972149732927,0.06206758431170774,False,mean + 2 s.d. after unimodal BIC
0.0505891402649873,0.06206758431170774,False,mean + 2 s.d. after unimodal BIC
0.056814832387977,0.06206758431170774,False,mean + 2 s.d. after unimodal BIC
0.0563763021114154,0.06206758431170774,False,mean + 2 s.d. after unimodal BIC
0.056304411902143,0.06206758431170774,False,mean + 2 s.d. after unimodal BIC
0.0499349393606084,0.06206758431170774,False,mean + 2 s.d. after unimodal BIC
0.0510348595624761,0.06206758431170774,False,mean + 2 s.d. after unimodal BIC
0.0406467243226145,0.06206758431170774,False,mean + 2 s.d. after unimodal BIC
0.0451829965277028,0.06206758431170774,False,mean + 2 s.d. after unimodal BIC
0.0557580463116728,0.06206758431170774,False,mean + 2 s.d. after unimodal BIC
0.0597910870518544,0.06206758431170774,False,mean + 2 s.d. after unimodal BIC
0.0593238006915838,0.06206758431170774,False,mean + 2 s.d. after unimodal BIC
0.0465273434410967,0.06206758431170774,False,mean + 2 s.d. after unimodal BIC
0.0466136116922236,0.06206758431170774,False,mean + 2 s.d. after unimodal BIC
0.0532706450708478,0.06206758431170774,False,mean + 2 s.d. after unimodal BIC
0.0476775867894551,0.06206758431170774,False,mean + 2 s.d. after unimodal BIC
0.0571670944134118,0.06206758431170774,False,mean + 2 s.d. after unimodal BIC
0.0477566660196547,0.06206758431170774,False,mean + 2 s.d. after unimodal BIC
0.0274404928792747,0.06206758431170774,False,mean + 2 s.d. after unimodal BIC
0.056512893509033,0.06206758431170774,False,mean + 2 s.d. after unimodal BIC
0.0407258035528141,0.06206758431170774,False,mean + 2 s.d. after unimodal BIC
0.0413656264153384,0.06206758431170774,False,mean + 2 s.d. after unimodal BIC
0.0515884141738736,0.06206758431170774,False,mean + 2 s.d. after unimodal BIC
0.0603590197051063,0.06206758431170774,False,mean + 2 s.d. after unimodal BIC
0.0494532749584834,0.06206758431170774,False,mean + 2 s.d. after unimodal BIC
0.0439177288445086,0.06206758431170774,False,mean + 2 s.d. after unimodal BIC
0.0573036858110293,0.06206758431170774,False,mean + 2 s.d. after unimodal BIC
0.053249078008066,0.06206758431170774,False,mean + 2 s.d. after unimodal BIC
0.0368077871474683,0.06206758431170774,False,mean + 2 s.d. after unimodal BIC
0.0590074837707852,0.06206758431170774,False,mean + 2 s.d. after unimodal BIC
0.0584826852430967,0.06206758431170774,False,mean + 2 s.d. after unimodal BIC
0.0453123989043932,0.06206758431170774,False,mean + 2 s.d. after unimodal BIC
0.0224585013766975,0.06206758431170774,False,mean + 2 s.d. after unimodal BIC
0.0413081142479205,0.06206758431170774,False,mean + 2 s.d. after unimodal BIC
0.0548522296748405,0.06206758431170774,False,mean + 2 s.d. after unimodal BIC
0.0485905924472146,0.06206758431170774,False,mean + 2 s.d. after unimodal BIC
0.0539104679333721,0.06206758431170774,False,mean + 2 s.d. after unimodal BIC
0.031193161803294,0.06206758431170774,False,mean + 2 s.d. after unimodal BIC
0.0546653151307323,0.06206758431170774,False,mean + 2 s.d. after unimodal BIC
0.050042774674517,0.06206758431170774,False,mean + 2 s.d. after unimodal BIC
0.0407905047411593,0.06206758431170774,False,mean + 2 s.d. after unimodal BIC
0.0452117526114118,0.06206758431170774,False,mean + 2 s.d. after unimodal BIC
0.0650822064543029,0.06206758431170774,True,mean + 2 s.d. after unimodal BIC
0.0541333275821165,0.06206758431170774,False,mean + 2 s.d. after unimodal BIC
0.0429903451448947,0.06206758431170774,False,mean + 2 s.d. after unimodal BIC
0.0613654826349199,0.06206758431170774,False,mean + 2 s.d. after unimodal BIC
0.0539392240170811,0.06206758431170774,False,mean + 2 s.d. after unimodal BIC
0.0615667752208826,0.06206758431170774,False,mean + 2 s.d. after unimodal BIC
0.0620700066857894,0.06206758431170774,True,mean + 2 s.d. after unimodal BIC
0.0665559557443871,0.06206758431170774,True,mean + 2 s.d. after unimodal BIC
0.0544208884192061,0.06206758431170774,False,mean + 2 s.d. after unimodal BIC
0.0584539291593877,0.06206758431170774,False,mean + 2 s.d. after unimodal BIC
0.0405604560714876,0.06206758431170774,False,mean + 2 s.d. after unimodal BIC
0.049532354188683,0.06206758431170774,False,mean + 2 s.d. after unimodal BIC
0.0546653151307323,0.06206758431170774,False,mean + 2 s.d. after unimodal BIC
0.0521779138899073,0.06206758431170774,False,mean + 2 s.d. after unimodal BIC
0.070747154944968,0.06206758431170774,True,mean + 2 s.d. after unimodal BIC
0.0579003745479903,0.06206758431170774,False,mean + 2 s.d. after unimodal BIC
0.0487559399285411,0.06206758431170774,False,mean + 2 s.d. after unimodal BIC
0.0618112019324088,0.06206758431170774,False,mean + 2 s.d. after unimodal BIC
0.0572677407063932,0.06206758431170774,False,mean + 2 s.d. after unimodal BIC
0.0515740361320191,0.06206758431170774,False,mean + 2 s.d. after unimodal BIC
0.0587702460801863,0.06206758431170774,False,mean + 2 s.d. after unimodal BIC
0.0369443785450859,0.06206758431170774,False,mean + 2 s.d. after unimodal BIC
0.0526667673129596,0.06206758431170774,False,mean + 2 s.d. after unimodal BIC
0.0521060236806349,0.06206758431170774,False,mean + 2 s.d. after unimodal BIC
0.0509485913113493,0.06206758431170774,False,mean + 2 s.d. after unimodal BIC
0.056153442462671,0.06206758431170774,False,mean + 2 s.d. after unimodal BIC
0.0488493972005952,0.06206758431170774,False,mean + 2 s.d. after unimodal BIC
0.0490578788074852,0.06206758431170774,False,mean + 2 s.d. after unimodal BIC
0.0553410830978929,0.06206758431170774,False,mean + 2 s.d. after unimodal BIC
0.0596401176123823,0.06206758431170774,False,mean + 2 s.d. after unimodal BIC
0.0537594984939001,0.06206758431170774,False,mean + 2 s.d. after unimodal BIC
0.051660304383146,0.06206758431170774,False,mean + 2 s.d. after unimodal BIC
0.0392736213255116,0.06206758431170774,False,mean + 2 s.d. after unimodal BIC
0.0576847039201731,0.06206758431170774,False,mean + 2 s.d. after unimodal BIC
0.0332276547257029,0.06206758431170774,False,mean + 2 s.d. after unimodal BIC
0.0441621555560348,0.06206758431170774,False,mean + 2 s.d. after unimodal BIC
0.051689060466855,0.06206758431170774,False,mean + 2 s.d. after unimodal BIC
0.0437236252794731,0.06206758431170774,False,mean + 2 s.d. after unimodal BIC
0.0334289473116656,0.06206758431170774,False,mean + 2 s.d. after unimodal BIC
0.0471887333664028,0.06206758431170774,False,mean + 2 s.d. after unimodal BIC
0.0547659614237137,0.06206758431170774,False,mean + 2 s.d. after unimodal BIC
0.0507257316626048,0.06206758431170774,False,mean + 2 s.d. after unimodal BIC
0.0541045714984076,0.06206758431170774,False,mean + 2 s.d. after unimodal BIC
0.0531196756313757,0.06206758431170774,False,mean + 2 s.d. after unimodal BIC
0.0439752410119265,0.06206758431170774,False,mean + 2 s.d. after unimodal BIC
0.0436373570283463,0.06206758431170774,False,mean + 2 s.d. after unimodal BIC
0.0510204815206217,0.06206758431170774,False,mean + 2 s.d. after unimodal BIC
0.0564410032997606,0.06206758431170774,False,mean + 2 s.d. after unimodal BIC
0.0581232341967347,0.06206758431170774,False,mean + 2 s.d. after unimodal BIC
0.0560815522533986,0.06206758431170774,False,mean + 2 s.d. after unimodal BIC
0.0472462455338207,0.06206758431170774,False,mean + 2 s.d. after unimodal BIC
0.0560384181278351,0.06206758431170774,False,mean + 2 s.d. after unimodal BIC
0.0493885737701382,0.06206758431170774,False,mean + 2 s.d. after unimodal BIC
0.046534532462024,0.06206758431170774,False,mean + 2 s.d. after unimodal BIC
0.0562828448393613,0.06206758431170774,False,mean + 2 s.d. after unimodal BIC
0.0401003587321442,0.06206758431170774,False,mean + 2 s.d. after unimodal BIC
0.0471384102199121,0.06206758431170774,False,mean + 2 s.d. after unimodal BIC
0.0513080423577113,0.06206758431170774,False,mean + 2 s.d. after unimodal BIC
0.0498055369839181,0.06206758431170774,False,mean + 2 s.d. after unimodal BIC
0.0653769563123198,0.06206758431170774,True,mean + 2 s.d. after unimodal BIC
0.0243707809433433,0.06206758431170774,False,mean + 2 s.d. after unimodal BIC
0.049891805235045,0.06206758431170774,False,mean + 2 s.d. after unimodal BIC
0.0404669987994335,0.06206758431170774,False,mean + 2 s.d. after unimodal BIC
0.0413009252269933,0.06206758431170774,False,mean + 2 s.d. after unimodal BIC
0.0484683790914515,0.06206758431170774,False,mean + 2 s.d. after unimodal BIC
0.0453195879253204,0.06206758431170774,False,mean + 2 s.d. after unimodal BIC
0.0490578788074852,0.06206758431170774,False,mean + 2 s.d. after unimodal BIC
0.0574258991667924,0.06206758431170774,False,mean + 2 s.d. after unimodal BIC
0.0631339817830209,0.06206758431170774,True,mean + 2 s.d. after unimodal BIC
0.0527817916477954,0.06206758431170774,False,mean + 2 s.d. after unimodal BIC
0.0510995607508213,0.06206758431170774,False,mean + 2 s.d. after unimodal BIC
0.0529543281500492,0.06206758431170774,False,mean + 2 s.d. after unimodal BIC
0.0478069891661454,0.06206758431170774,False,mean + 2 s.d. after unimodal BIC
0.0608119280235224,0.06206758431170774,False,mean + 2 s.d. after unimodal BIC
0.0330119840978857,0.06206758431170774,False,mean + 2 s.d. after unimodal BIC
0.0476344526638917,0.06206758431170774,False,mean + 2 s.d. after unimodal BIC
0.064514273801051,0.06206758431170774,True,mean + 2 s.d. after unimodal BIC
0.0528249257733589,0.06206758431170774,False,mean + 2 s.d. after unimodal BIC
0.0646580542195958,0.06206758431170774,True,mean + 2 s.d. after unimodal BIC
0.0584754962221695,0.06206758431170774,False,mean + 2 s.d. after unimodal BIC
0.0558658816255814,0.06206758431170774,False,mean + 2 s.d. after unimodal BIC
0.0515668471110919,0.06206758431170774,False,mean + 2 s.d. after unimodal BIC
0.0542771080006613,0.06206758431170774,False,mean + 2 s.d. after unimodal BIC
0.0645286518429055,0.06206758431170774,True,mean + 2 s.d. after unimodal BIC
0.0529399501081947,0.06206758431170774,False,mean + 2 s.d. after unimodal BIC
0.0584179840547515,0.06206758431170774,False,mean + 2 s.d. after unimodal BIC
0.0543058640843703,0.06206758431170774,False,mean + 2 s.d. after unimodal BIC
0.0389788714674948,0.06206758431170774,False,mean + 2 s.d. after unimodal BIC
0.0534431815731015,0.06206758431170774,False,mean + 2 s.d. after unimodal BIC
0.0537666875148273,0.06206758431170774,False,mean + 2 s.d. after unimodal BIC
0.0515884141738736,0.06206758431170774,False,mean + 2 s.d. after unimodal BIC
0.0495251651677558,0.06206758431170774,False,mean + 2 s.d. after unimodal BIC
0.0573036858110293,0.06206758431170774,False,mean + 2 s.d. after unimodal BIC
0.0471168431571304,0.06206758431170774,False,mean + 2 s.d. after unimodal BIC
0.0604237208934515,0.06206758431170774,False,mean + 2 s.d. after unimodal BIC
0.0658586207144449,0.06206758431170774,True,mean + 2 s.d. after unimodal BIC
0.0482167633589981,0.06206758431170774,False,mean + 2 s.d. after unimodal BIC
0.061998116476517,0.06206758431170774,False,mean + 2 s.d. after unimodal BIC
0.0334577033953745,0.06206758431170774,False,mean + 2 s.d. after unimodal BIC
0.042609327035751,0.06206758431170774,False,mean + 2 s.d. after unimodal BIC
0.0714804350795465,0.06206758431170774,True,mean + 2 s.d. after unimodal BIC
0.0472893796593841,0.06206758431170774,False,mean + 2 s.d. after unimodal BIC
0.052889626961704,0.06206758431170774,False,mean + 2 s.d. after unimodal BIC
0.0567501311996319,0.06206758431170774,False,mean + 2 s.d. after unimodal BIC
0.0477207209150185,0.06206758431170774,False,mean + 2 s.d. after unimodal BIC
0.0510420485834034,0.06206758431170774,False,mean + 2 s.d. after unimodal BIC
0.0723862517163787,0.06206758431170774,True,mean + 2 s.d. after unimodal BIC
0.0442699908699434,0.06206758431170774,False,mean + 2 s.d. after unimodal BIC
0.053788254577609,0.06206758431170774,False,mean + 2 s.d. after unimodal BIC
0.0560456071487624,0.06206758431170774,False,mean + 2 s.d. after unimodal BIC
0.0466351787550053,0.06206758431170774,False,mean + 2 s.d. after unimodal BIC
0.0539176569542993,0.06206758431170774,False,mean + 2 s.d. after unimodal BIC
0.0535725839497918,0.06206758431170774,False,mean + 2 s.d. after unimodal BIC
0.0549097418422585,0.06206758431170774,False,mean + 2 s.d. after unimodal BIC
0.058432362096606,0.06206758431170774,False,mean + 2 s.d. after unimodal BIC
0.0545934249214599,0.06206758431170774,False,mean + 2 s.d. after unimodal BIC
0.0551038454072939,0.06206758431170774,False,mean + 2 s.d. after unimodal BIC
0.0592231543986024,0.06206758431170774,False,mean + 2 s.d. after unimodal BIC
0.0524007735386517,0.06206758431170774,False,mean + 2 s.d. after unimodal BIC
0.0562900338602885,0.06206758431170774,False,mean + 2 s.d. after unimodal BIC
0.059510715235692,0.06206758431170774,False,mean + 2 s.d. after unimodal BIC
0.0506825975370414,0.06206758431170774,False,mean + 2 s.d. after unimodal BIC
0.053126864652303,0.06206758431170774,False,mean + 2 s.d. after unimodal BIC
0.0558515035837269,0.06206758431170774,False,mean + 2 s.d. after unimodal BIC
0.048604970489069,0.06206758431170774,False,mean + 2 s.d. after unimodal BIC
0.0546365590470233,0.06206758431170774,False,mean + 2 s.d. after unimodal BIC
0.0589787276870763,0.06206758431170774,False,mean + 2 s.d. after unimodal BIC
0.0622712992717521,0.06206758431170774,True,mean + 2 s.d. after unimodal BIC
0.0562900338602885,0.06206758431170774,False,mean + 2 s.d. after unimodal BIC
0.0535150717823739,0.06206758431170774,False,mean + 2 s.d. after unimodal BIC
0.0583604718873336,0.06206758431170774,False,mean + 2 s.d. after unimodal BIC
0.0562900338602885,0.06206758431170774,False,mean + 2 s.d. after unimodal BIC
0.0564194362369788,0.06206758431170774,False,mean + 2 s.d. after unimodal BIC
0.0510348595624761,0.06206758431170774,False,mean + 2 s.d. after unimodal BIC
0.0549313089050402,0.06206758431170774,False,mean + 2 s.d. after unimodal BIC
0.0469802517595128,0.06206758431170774,False,mean + 2 s.d. after unimodal BIC
0.0442628018490161,0.06206758431170774,False,mean + 2 s.d. after unimodal BIC
0.0351758793969849,0.06206758431170774,False,mean + 2 s.d. after unimodal BIC
0.0567069970740684,0.06206758431170774,False,mean + 2 s.d. after unimodal BIC
0.0491082019539758,0.06206758431170774,False,mean + 2 s.d. after unimodal BIC
0.0491297690167576,0.06206758431170774,False,mean + 2 s.d. after unimodal BIC
0.0436804911539097,0.06206758431170774,False,mean + 2 s.d. after unimodal BIC
0.0485618363635056,0.06206758431170774,False,mean + 2 s.d. after unimodal BIC
0.0538601447868814,0.06206758431170774,False,mean + 2 s.d. after unimodal BIC
0.0570448810576487,0.06206758431170774,False,mean + 2 s.d. after unimodal BIC
0.0495107871259013,0.06206758431170774,False,mean + 2 s.d. after unimodal BIC
0.0588349472685315,0.06206758431170774,False,mean + 2 s.d. after unimodal BIC
0.0522569931201069,0.06206758431170774,False,mean + 2 s.d. after unimodal BIC
0.0566207288229416,0.06206758431170774,False,mean + 2 s.d. after unimodal BIC
0.0493310616027203,0.06206758431170774,False,mean + 2 s.d. after unimodal BIC
0.0574330881877197,0.06206758431170774,False,mean + 2 s.d. after unimodal BIC
0.0523648284340155,0.06206758431170774,False,mean + 2 s.d. after unimodal BIC
0.0561390644208165,0.06206758431170774,False,mean + 2 s.d. after unimodal BIC
0.0466208007131508,0.06206758431170774,False,mean + 2 s.d. after unimodal BIC
0.0546796931725868,0.06206758431170774,False,mean + 2 s.d. after unimodal BIC
0.0528105477315044,0.06206758431170774,False,mean + 2 s.d. after unimodal BIC
0.0607184707514683,0.06206758431170774,False,mean + 2 s.d. after unimodal BIC
0.0542699189797341,0.06206758431170774,False,mean + 2 s.d. after unimodal BIC
0.05396798010079,0.06206758431170774,False,mean + 2 s.d. after unimodal BIC
0.0495970553770282,0.06206758431170774,False,mean + 2 s.d. after unimodal BIC
0.049891805235045,0.06206758431170774,False,mean + 2 s.d. after unimodal BIC
0.0486409155937052,0.06206758431170774,False,mean + 2 s.d. after unimodal BIC
0.0517609506761274,0.06206758431170774,False,mean + 2 s.d. after unimodal BIC
0.0475697514755465,0.06206758431170774,False,mean + 2 s.d. after unimodal BIC
0.0488565862215224,0.06206758431170774,False,mean + 2 s.d. after unimodal BIC
0.0529111940244858,0.06206758431170774,False,mean + 2 s.d. after unimodal BIC
0.0545574798168237,0.06206758431170774,False,mean + 2 s.d. after unimodal BIC
0.0644783286964148,0.06206758431170774,True,mean + 2 s.d. after unimodal BIC
0.0433569852121839,0.06206758431170774,False,mean + 2 s.d. after unimodal BIC
0.0503159574697522,0.06206758431170774,False,mean + 2 s.d. after unimodal BIC
0.0512577192112206,0.06206758431170774,False,mean + 2 s.d. after unimodal BIC
0.0481376841287985,0.06206758431170774,False,mean + 2 s.d. after unimodal BIC
0.0587846241220408,0.06206758431170774,False,mean + 2 s.d. after unimodal BIC
0.0489069093680131,0.06206758431170774,False,mean + 2 s.d. after unimodal BIC
0.0550103881352398,0.06206758431170774,False,mean + 2 s.d. after unimodal BIC
0.0426884062659506,0.06206758431170774,False,mean + 2 s.d. after unimodal BIC
0.0458012523274455,0.06206758431170774,False,mean + 2 s.d. after unimodal BIC
0.0460169229552627,0.06206758431170774,False,mean + 2 s.d. after unimodal BIC
0.0555495647047828,0.06206758431170774,False,mean + 2 s.d. after unimodal BIC
0.0439752410119265,0.06206758431170774,False,mean + 2 s.d. after unimodal BIC
0.0538313887031725,0.06206758431170774,False,mean + 2 s.d. after unimodal BIC
0.0492376043306662,0.06206758431170774,False,mean + 2 s.d. after unimodal BIC
0.0587127339127684,0.06206758431170774,False,mean + 2 s.d. after unimodal BIC
0.0500140185908081,0.06206758431170774,False,mean + 2 s.d. after unimodal BIC
0.0453699110718111,0.06206758431170774,False,mean + 2 s.d. after unimodal BIC
0.0363333117662705,0.06206758431170774,False,mean + 2 s.d. after unimodal BIC
0.0512361521484389,0.06206758431170774,False,mean + 2 s.d. after unimodal BIC
0.0466639348387143,0.06206758431170774,False,mean + 2 s.d. after unimodal BIC
0.0534431815731015,0.06206758431170774,False,mean + 2 s.d. after unimodal BIC
0.0490938239121214,0.06206758431170774,False,mean + 2 s.d. after unimodal BIC
0.054535912754042,0.06206758431170774,False,mean + 2 s.d. after unimodal BIC
0.0542124068123162,0.06206758431170774,False,mean + 2 s.d. after unimodal BIC
0.0443203140164341,0.06206758431170774,False,mean + 2 s.d. after unimodal BIC
0.0617968238905543,0.06206758431170774,False,mean + 2 s.d. after unimodal BIC
0.0474547271407107,0.06206758431170774,False,mean + 2 s.d. after unimodal BIC
0.0517034385087094,0.06206758431170774,False,mean + 2 s.d. after unimodal BIC
0.0493670067073565,0.06206758431170774,False,mean + 2 s.d. after unimodal BIC
0.0406898584481779,0.06206758431170774,False,mean + 2 s.d. after unimodal BIC
0.049144147058612,0.06206758431170774,False,mean + 2 s.d. after unimodal BIC
0.0466136116922236,0.06206758431170774,False,mean + 2 s.d. after unimodal BIC
0.0561174973580348,0.06206758431170774,False,mean + 2 s.d. after unimodal BIC
0.0319048748750907,0.06206758431170774,False,mean + 2 s.d. after unimodal BIC
0.0507832438300227,0.06206758431170774,False,mean + 2 s.d. after unimodal BIC
0.0516818714459277,0.06206758431170774,False,mean + 2 s.d. after unimodal BIC
0.0547803394655681,0.06206758431170774,False,mean + 2 s.d. after unimodal BIC
0.0552476258258387,0.06206758431170774,False,mean + 2 s.d. after unimodal BIC
0.0587343009755501,0.06206758431170774,False,mean + 2 s.d. after unimodal BIC
0.052918383045413,0.06206758431170774,False,mean + 2 s.d. after unimodal BIC
0.0541045714984076,0.06206758431170774,False,mean + 2 s.d. after unimodal BIC
0.0524439076642152,0.06206758431170774,False,mean + 2 s.d. after unimodal BIC
0.060589068374778,0.06206758431170774,False,mean + 2 s.d. after unimodal BIC
0.0434288754214563,0.06206758431170774,False,mean + 2 s.d. after unimodal BIC
0.0536876082846277,0.06206758431170774,False,mean + 2 s.d. after unimodal BIC
0.0551613575747119,0.06206758431170774,False,mean + 2 s.d. after unimodal BIC
0.0427027843078051,0.06206758431170774,False,mean + 2 s.d. after unimodal BIC
0.0372966405705207,0.06206758431170774,False,mean + 2 s.d. after unimodal BIC
0.0510779936880396,0.06206758431170774,False,mean + 2 s.d. after unimodal BIC
0.0524439076642152,0.06206758431170774,False,mean + 2 s.d. after unimodal BIC
0.0495539212514647,0.06206758431170774,False,mean + 2 s.d. after unimodal BIC
0.051329609420493,0.06206758431170774,False,mean + 2 s.d. after unimodal BIC
0.0629039331133493,0.06206758431170774,True,mean + 2 s.d. after unimodal BIC
0.0520125664085808,0.06206758431170774,False,mean + 2 s.d. after unimodal BIC
0.0532275109452843,0.06206758431170774,False,mean + 2 s.d. after unimodal BIC
0.0607040927096138,0.06206758431170774,False,mean + 2 s.d. after unimodal BIC
0.0593813128590017,0.06206758431170774,False,mean + 2 s.d. after unimodal BIC
0.0635725120595826,0.06206758431170774,True,mean + 2 s.d. after unimodal BIC
0.0586552217453505,0.06206758431170774,False,mean + 2 s.d. after unimodal BIC
0.0527458465431592,0.06206758431170774,False,mean + 2 s.d. after unimodal BIC
0.0586480327244232,0.06206758431170774,False,mean + 2 s.d. after unimodal BIC
0.0577494051085182,0.06206758431170774,False,mean + 2 s.d. after unimodal BIC
0.0444065822675609,0.06206758431170774,False,mean + 2 s.d. after unimodal BIC
0.0529255720663402,0.06206758431170774,False,mean + 2 s.d. after unimodal BIC
0.0592734775450931,0.06206758431170774,False,mean + 2 s.d. after unimodal BIC
0.0543058640843703,0.06206758431170774,False,mean + 2 s.d. after unimodal BIC
0.0595610383821827,0.06206758431170774,False,mean + 2 s.d. after unimodal BIC
0.0474834832244196,0.06206758431170774,False,mean + 2 s.d. after unimodal BIC
0.0519838103248718,0.06206758431170774,False,mean + 2 s.d. after unimodal BIC
0.0369371895241587,0.06206758431170774,False,mean + 2 s.d. after unimodal BIC
0.052048511513217,0.06206758431170774,False,mean + 2 s.d. after unimodal BIC
0.0475481844127648,0.06206758431170774,False,mean + 2 s.d. after unimodal BIC
0.053249078008066,0.06206758431170774,False,mean + 2 s.d. after unimodal BIC
0.0517465726342729,0.06206758431170774,False,mean + 2 s.d. after unimodal BIC
0.0521635358480528,0.06206758431170774,False,mean + 2 s.d. after unimodal BIC
0.0574906003551376,0.06206758431170774,False,mean + 2 s.d. after unimodal BIC
0.0435151436725832,0.06206758431170774,False,mean + 2 s.d. after unimodal BIC
0.06094851942114,0.06206758431170774,False,mean + 2 s.d. after unimodal BIC
0.0445647407279602,0.06206758431170774,False,mean + 2 s.d. after unimodal BIC
0.0622784882926794,0.06206758431170774,True,mean + 2 s.d. after unimodal BIC
0.0536300961172098,0.06206758431170774,False,mean + 2 s.d. after unimodal BIC
0.0502728233441887,0.06206758431170774,False,mean + 2 s.d. after unimodal BIC
0.0392448652418027,0.06206758431170774,False,mean + 2 s.d. after unimodal BIC
0.0480729829404533,0.06206758431170774,False,mean + 2 s.d. after unimodal BIC
0.0478141781870727,0.06206758431170774,False,mean + 2 s.d. after unimodal BIC
0.0430478573123126,0.06206758431170774,False,mean + 2 s.d. after unimodal BIC
0.0555783207884918,0.06206758431170774,False,mean + 2 s.d. after unimodal BIC
0.0558371255418724,0.06206758431170774,False,mean + 2 s.d. after unimodal BIC
0.0535150717823739,0.06206758431170774,False,mean + 2 s.d. after unimodal BIC
0.056484137425324,0.06206758431170774,False,mean + 2 s.d. after unimodal BIC
0.0586264656616415,0.06206758431170774,False,mean + 2 s.d. after unimodal BIC
0.0583389048245519,0.06206758431170774,False,mean + 2 s.d. after unimodal BIC
0.0478788793754178,0.06206758431170774,False,mean + 2 s.d. after unimodal BIC
0.048813452095959,0.06206758431170774,False,mean + 2 s.d. after unimodal BIC
0.0397265296439277,0.06206758431170774,False,mean + 2 s.d. after unimodal BIC
0.0528464928361406,0.06206758431170774,False,mean + 2 s.d. after unimodal BIC
0.0591081300637666,0.06206758431170774,False,mean + 2 s.d. after unimodal BIC
0.0444281493303427,0.06206758431170774,False,mean + 2 s.d. after unimodal BIC
0.046354806938843,0.06206758431170774,False,mean + 2 s.d. after unimodal BIC
0.0436229789864918,0.06206758431170774,False,mean + 2 s.d. after unimodal BIC
0.0416316201896463,0.06206758431170774,False,mean + 2 s.d. after unimodal BIC
0.0548019065283499,0.06206758431170774,False,mean + 2 s.d. after unimodal BIC
0.0543489982099337,0.06206758431170774,False,mean + 2 s.d. after unimodal BIC
0.049352628665502,0.06206758431170774,False,mean + 2 s.d. after unimodal BIC
0.0588277582476042,0.06206758431170774,False,mean + 2 s.d. after unimodal BIC
0.0545287237331147,0.06206758431170774,False,mean + 2 s.d. after unimodal BIC
0.0615020740325375,0.06206758431170774,False,mean + 2 s.d. after unimodal BIC
0.0353843610038748,0.06206758431170774,False,mean + 2 s.d. after unimodal BIC
0.0690074118805759,0.06206758431170774,True,mean + 2 s.d. after unimodal BIC
0.0444065822675609,0.06206758431170774,False,mean + 2 s.d. after unimodal BIC
0.049712079711864,0.06206758431170774,False,mean + 2 s.d. after unimodal BIC
0.0544280774401334,0.06206758431170774,False,mean + 2 s.d. after unimodal BIC
0.0665919008490233,0.06206758431170774,True,mean + 2 s.d. after unimodal BIC
0.0540111142263535,0.06206758431170774,False,mean + 2 s.d. after unimodal BIC
0.0525157978734876,0.06206758431170774,False,mean + 2 s.d. after unimodal BIC
0.0562900338602885,0.06206758431170774,False,mean + 2 s.d. after unimodal BIC
0.0453195879253204,0.06206758431170774,False,mean + 2 s.d. after unimodal BIC
0.0572749297273204,0.06206758431170774,False,mean + 2 s.d. after unimodal BIC
0.0521851029108345,0.06206758431170774,False,mean + 2 s.d. after unimodal BIC
0.0490938239121214,0.06206758431170774,False,mean + 2 s.d. after unimodal BIC
0.0498774271931905,0.06206758431170774,False,mean + 2 s.d. after unimodal BIC
0.0494460859375561,0.06206758431170774,False,mean + 2 s.d. after unimodal BIC
0.0604740440399422,0.06206758431170774,False,mean + 2 s.d. after unimodal BIC
0.0442340457653072,0.06206758431170774,False,mean + 2 s.d. after unimodal BIC
0.0567069970740684,0.06206758431170774,False,mean + 2 s.d. after unimodal BIC
0.0496330004816644,0.06206758431170774,False,mean + 2 s.d. after unimodal BIC
0.0517825177389091,0.06206758431170774,False,mean + 2 s.d. after unimodal BIC
0.0480370378358171,0.06206758431170774,False,mean + 2 s.d. after unimodal BIC
0.0552907599514022,0.06206758431170774,False,mean + 2 s.d. after unimodal BIC
0.0512433411693661,0.06206758431170774,False,mean + 2 s.d. after unimodal BIC
0.0585689534942236,0.06206758431170774,False,mean + 2 s.d. after unimodal BIC
0.0544065103773517,0.06206758431170774,False,mean + 2 s.d. after unimodal BIC
0.0531124866104485,0.06206758431170774,False,mean + 2 s.d. after unimodal BIC
0.0582382585315705,0.06206758431170774,False,mean + 2 s.d. after unimodal BIC
0.0506610304742597,0.06206758431170774,False,mean + 2 s.d. after unimodal BIC
0.0626091832553324,0.06206758431170774,True,mean + 2 s.d. after unimodal BIC
0.0464913983364605,0.06206758431170774,False,mean + 2 s.d. after unimodal BIC
0.0307618205476596,0.06206758431170774,False,mean + 2 s.d. after unimodal BIC
0.0439680519909993,0.06206758431170774,False,mean + 2 s.d. after unimodal BIC
0.0549672540096764,0.06206758431170774,False,mean + 2 s.d. after unimodal BIC
0.053069352484885,0.06206758431170774,False,mean + 2 s.d. after unimodal BIC
0.0573683869993745,0.06206758431170774,False,mean + 2 s.d. after unimodal BIC
0.0654488465215922,0.06206758431170774,True,mean + 2 s.d. after unimodal BIC
0.0525733100409055,0.06206758431170774,False,mean + 2 s.d. after unimodal BIC
0.0523073162665976,0.06206758431170774,False,mean + 2 s.d. after unimodal BIC
0.0562468997347251,0.06206758431170774,False,mean + 2 s.d. after unimodal BIC
0.0641188776500528,0.06206758431170774,True,mean + 2 s.d. after unimodal BIC
0.0516459263412915,0.06206758431170774,False,mean + 2 s.d. after unimodal BIC
0.054686882193514,0.06206758431170774,False,mean + 2 s.d. after unimodal BIC
0.0572246065808297,0.06206758431170774,False,mean + 2 s.d. after unimodal BIC
0.0446510089790871,0.06206758431170774,False,mean + 2 s.d. after unimodal BIC
0.0455640146368466,0.06206758431170774,False,mean + 2 s.d. after unimodal BIC
0.0542842970215886,0.06206758431170774,False,mean + 2 s.d. after unimodal BIC
0.0582238804897161,0.06206758431170774,False,mean + 2 s.d. after unimodal BIC
0.0594100689427106,0.06206758431170774,False,mean + 2 s.d. after unimodal BIC
0.0542483519169524,0.06206758431170774,False,mean + 2 s.d. after unimodal BIC
0.0558730706465086,0.06206758431170774,False,mean + 2 s.d. after unimodal BIC
0.0275195721094744,0.06206758431170774,False,mean + 2 s.d. after unimodal BIC
0.0585330083895874,0.06206758431170774,False,mean + 2 s.d. after unimodal BIC
0.034040014090481,0.06206758431170774,False,mean + 2 s.d. after unimodal BIC
0.0624654028367876,0.06206758431170774,True,mean + 2 s.d. after unimodal BIC
0.0482383304217798,0.06206758431170774,False,mean + 2 s.d. after unimodal BIC
0.0636372132479277,0.06206758431170774,True,mean + 2 s.d. after unimodal BIC
0.0564481923206878,0.06206758431170774,False,mean + 2 s.d. after unimodal BIC
0.0684466682482512,0.06206758431170774,True,mean + 2 s.d. after unimodal BIC
0.0586480327244232,0.06206758431170774,False,mean + 2 s.d. after unimodal BIC
0.0583029597199157,0.06206758431170774,False,mean + 2 s.d. after unimodal BIC
0.0566782409903595,0.06206758431170774,False,mean + 2 s.d. after unimodal BIC
0.0458515754739362,0.06206758431170774,False,mean + 2 s.d. after unimodal BIC
0.047763855040582,0.06206758431170774,False,mean + 2 s.d. after unimodal BIC
0.0523073162665976,0.06206758431170774,False,mean + 2 s.d. after unimodal BIC
0.063435920661965,0.06206758431170774,True,mean + 2 s.d. after unimodal BIC
0.0604884220817966,0.06206758431170774,False,mean + 2 s.d. after unimodal BIC
0.0546653151307323,0.06206758431170774,False,mean + 2 s.d. after unimodal BIC
0.0566494849066505,0.06206758431170774,False,mean + 2 s.d. after unimodal BIC
0.0442124787025255,0.06206758431170774,False,mean + 2 s.d. after unimodal BIC
0.043479198567947,0.06206758431170774,False,mean + 2 s.d. after unimodal BIC
0.0495826773351737,0.06206758431170774,False,mean + 2 s.d. after unimodal BIC
0.0569801798693036,0.06206758431170774,False,mean + 2 s.d. after unimodal BIC
0.0496186224398099,0.06206758431170774,False,mean + 2 s.d. after unimodal BIC
0.0610275986513396,0.06206758431170774,False,mean + 2 s.d. after unimodal BIC
0.0526236331873962,0.06206758431170774,False,mean + 2 s.d. after unimodal BIC
0.0540326812891352,0.06206758431170774,False,mean + 2 s.d. after unimodal BIC
0.0554920525373649,0.06206758431170774,False,mean + 2 s.d. after unimodal BIC
0.0518975420737449,0.06206758431170774,False,mean + 2 s.d. after unimodal BIC
0.04740440399422,0.06206758431170774,False,mean + 2 s.d. after unimodal BIC
0.04899317761914,0.06206758431170774,False,mean + 2 s.d. after unimodal BIC
0.0648881028892675,0.06206758431170774,True,mean + 2 s.d. after unimodal BIC
0.0664265533676968,0.06206758431170774,True,mean + 2 s.d. after unimodal BIC
0.0597982760727816,0.06206758431170774,False,mean + 2 s.d. after unimodal BIC
0.044888246669686,0.06206758431170774,False,mean + 2 s.d. after unimodal BIC
0.0518975420737449,0.06206758431170774,False,mean + 2 s.d. after unimodal BIC
0.0539751691217173,0.06206758431170774,False,mean + 2 s.d. after unimodal BIC
0.0657507854005363,0.06206758431170774,True,mean + 2 s.d. after unimodal BIC
0.0676271198625459,0.06206758431170774,True,mean + 2 s.d. after unimodal BIC
0.0500787197791532,0.06206758431170774,False,mean + 2 s.d. after unimodal BIC
0.0533425352801202,0.06206758431170774,False,mean + 2 s.d. after unimodal BIC
0.0484252449658881,0.06206758431170774,False,mean + 2 s.d. after unimodal BIC
0.0556502109977642,0.06206758431170774,False,mean + 2 s.d. after unimodal BIC
0.0549241198841129,0.06206758431170774,False,mean + 2 s.d. after unimodal BIC
0.0419191810267359,0.06206758431170774,False,mean + 2 s.d. after unimodal BIC
0.0527817916477954,0.06206758431170774,False,mean + 2 s.d. after unimodal BIC
0.043479198567947,0.06206758431170774,False,mean + 2 s.d. after unimodal BIC
0.0432491498982753,0.06206758431170774,False,mean + 2 s.d. after unimodal BIC
0.0402513281716163,0.06206758431170774,False,mean + 2 s.d. after unimodal BIC
0.0499349393606084,0.06206758431170774,False,mean + 2 s.d. after unimodal BIC
0.0574546552505014,0.06206758431170774,False,mean + 2 s.d. after unimodal BIC
0.0540470593309897,0.06206758431170774,False,mean + 2 s.d. after unimodal BIC
0.045578392678701,0.06206758431170774,False,mean + 2 s.d. after unimodal BIC
0.0465848556085146,0.06206758431170774,False,mean + 2 s.d. after unimodal BIC
0.0531699987778664,0.06206758431170774,False,mean + 2 s.d. after unimodal BIC
0.0594244469845651,0.06206758431170774,False,mean + 2 s.d. after unimodal BIC
0.0620124945183715,0.06206758431170774,False,mean + 2 s.d. after unimodal BIC
0.0617680678068453,0.06206758431170774,False,mean + 2 s.d. after unimodal BIC
0.0574690332923559,0.06206758431170774,False,mean + 2 s.d. after unimodal BIC
0.0570592590995032,0.06206758431170774,False,mean + 2 s.d. after unimodal BIC
0.0609988425676307,0.06206758431170774,False,mean + 2 s.d. after unimodal BIC
0.0570376920367215,0.06206758431170774,False,mean + 2 s.d. after unimodal BIC
0.0454849354066469,0.06206758431170774,False,mean + 2 s.d. after unimodal BIC
0.0468005262363318,0.06206758431170774,False,mean + 2 s.d. after unimodal BIC
0.051480578859965,0.06206758431170774,False,mean + 2 s.d. after unimodal BIC
0.0535869619916463,0.06206758431170774,False,mean + 2 s.d. after unimodal BIC
0.061638665430155,0.06206758431170774,False,mean + 2 s.d. after unimodal BIC
0.0576487588155369,0.06206758431170774,False,mean + 2 s.d. after unimodal BIC
0.0636731583525639,0.06206758431170774,True,mean + 2 s.d. after unimodal BIC
0.0414878397711015,0.06206758431170774,False,mean + 2 s.d. after unimodal BIC
0.053608529054428,0.06206758431170774,False,mean + 2 s.d. after unimodal BIC
0.0611354339652482,0.06206758431170774,False,mean + 2 s.d. after unimodal BIC
0.0642914141523066,0.06206758431170774,True,mean + 2 s.d. after unimodal BIC
0.0515165239646012,0.06206758431170774,False,mean + 2 s.d. after unimodal BIC
0.0512145850856571,0.06206758431170774,False,mean + 2 s.d. after unimodal BIC
0.0478932574172723,0.06206758431170774,False,mean + 2 s.d. after unimodal BIC
0.0435438997562921,0.06206758431170774,False,mean + 2 s.d. after unimodal BIC
0.049503598104974,0.06206758431170774,False,mean + 2 s.d. after unimodal BIC
0.0558371255418724,0.06206758431170774,False,mean + 2 s.d. after unimodal BIC
0.0159452484166181,0.06206758431170774,False,mean + 2 s.d. after unimodal BIC
0.0531484317150847,0.06206758431170774,False,mean + 2 s.d. after unimodal BIC
0.0610204096304124,0.06206758431170774,False,mean + 2 s.d. after unimodal BIC
0.0605315562073601,0.06206758431170774,False,mean + 2 s.d. after unimodal BIC
0.056304411902143,0.06206758431170774,False,mean + 2 s.d. after unimodal BIC
0.0381089999352988,0.06206758431170774,False,mean + 2 s.d. after unimodal BIC
0.0499996405489536,0.06206758431170774,False,mean + 2 s.d. after unimodal BIC
0.0542914860425158,0.06206758431170774,False,mean + 2 s.d. after unimodal BIC
0.0376992257424461,0.06206758431170774,False,mean + 2 s.d. after unimodal BIC
0.0381305669980805,0.06206758431170774,False,mean + 2 s.d. after unimodal BIC
0.0477998001452182,0.06206758431170774,False,mean + 2 s.d. after unimodal BIC
0.0364267690383246,0.06206758431170774,False,mean + 2 s.d. after unimodal BIC
0.0439968080747083,0.06206758431170774,False,mean + 2 s.d. after unimodal BIC
0.0424224124916427,0.06206758431170774,False,mean + 2 s.d. after unimodal BIC
0.0475985075592555,0.06206758431170774,False,mean + 2 s.d. after unimodal BIC
0.0576056246899734,0.06206758431170774,False,mean + 2 s.d. after unimodal BIC
0.0408264498457955,0.06206758431170774,False,mean + 2 s.d. after unimodal BIC
0.0442556128280889,0.06206758431170774,False,mean + 2 s.d. after unimodal BIC
0.0548306626120588,0.06206758431170774,False,mean + 2 s.d. after unimodal BIC
0.0554417293908742,0.06206758431170774,False,mean + 2 s.d. after unimodal BIC
0.0472534345547479,0.06206758431170774,False,mean + 2 s.d. after unimodal BIC
0.0575049783969921,0.06206758431170774,False,mean + 2 s.d. after unimodal BIC
0.0514086886506926,0.06206758431170774,False,mean + 2 s.d. after unimodal BIC
0.0537163643683366,0.06206758431170774,False,mean + 2 s.d. after unimodal BIC
0.0624222687112242,0.06206758431170774,True,mean + 2 s.d. after unimodal BIC
0.0569514237855946,0.06206758431170774,False,mean + 2 s.d. after unimodal BIC
0.0515668471110919,0.06206758431170774,False,mean + 2 s.d. after unimodal BIC
0.0526164441664689,0.06206758431170774,False,mean + 2 s.d. after unimodal BIC
0.051509334943674,0.06206758431170774,False,mean + 2 s.d. after unimodal BIC
0.0504669269092242,0.06206758431170774,False,mean + 2 s.d. after unimodal BIC
0.0603158855795429,0.06206758431170774,False,mean + 2 s.d. after unimodal BIC
0.0444281493303427,0.06206758431170774,False,mean + 2 s.d. after unimodal BIC
0.041832912775609,0.06206758431170774,False,mean + 2 s.d. after unimodal BIC
0.0598485992192723,0.06206758431170774,False,mean + 2 s.d. after unimodal BIC
0.0515452800483102,0.06206758431170774,False,mean + 2 s.d. after unimodal BIC
0.0424080344497882,0.06206758431170774,False,mean + 2 s.d. after unimodal BIC
0.0510923717298941,0.06206758431170774,False,mean + 2 s.d. after unimodal BIC
0.0517465726342729,0.06206758431170774,False,mean + 2 s.d. after unimodal BIC
0.0499133722978267,0.06206758431170774,False,mean + 2 s.d. after unimodal BIC
0.0521851029108345,0.06206758431170774,False,mean + 2 s.d. after unimodal BIC
0.0600858369098712,0.06206758431170774,False,mean + 2 s.d. after unimodal BIC
0.0643129812150883,0.06206758431170774,True,mean + 2 s.d. after unimodal BIC
0.0394964809742561,0.06206758431170774,False,mean + 2 s.d. after unimodal BIC
0.0565200825299602,0.06206758431170774,False,mean + 2 s.d. after unimodal BIC
0.0461678923947347,0.06206758431170774,False,mean + 2 s.d. after unimodal BIC
0.059330989712511,0.06206758431170774,False,mean + 2 s.d. after unimodal BIC
0.0599420564913264,0.06206758431170774,False,mean + 2 s.d. after unimodal BIC
0.0503878476790245,0.06206758431170774,False,mean + 2 s.d. after unimodal BIC
0.0500499636954443,0.06206758431170774,False,mean + 2 s.d. after unimodal BIC
0.0590362398544942,0.06206758431170774,False,mean + 2 s.d. after unimodal BIC
0.0561678205045254,0.06206758431170774,False,mean + 2 s.d. after unimodal BIC
0.0511642619391665,0.06206758431170774,False,mean + 2 s.d. after unimodal BIC
0.0494676530003378,0.06206758431170774,False,mean + 2 s.d. after unimodal BIC
0.0565704056764509,0.06206758431170774,False,mean + 2 s.d. after unimodal BIC
0.0571167712669211,0.06206758431170774,False,mean + 2 s.d. after unimodal BIC
0.0424439795544244,0.06206758431170774,False,mean + 2 s.d. after unimodal BIC
0.0529111940244858,0.06206758431170774,False,mean + 2 s.d. after unimodal BIC
0.0503950366999518,0.06206758431170774,False,mean + 2 s.d. after unimodal BIC
0.0465704775666602,0.06206758431170774,False,mean + 2 s.d. after unimodal BIC
0.0583029597199157,0.06206758431170774,False,mean + 2 s.d. after unimodal BIC
0.0480586048985988,0.06206758431170774,False,mean + 2 s.d. after unimodal BIC
0.0492519823725206,0.06206758431170774,False,mean + 2 s.d. after unimodal BIC
0.0583101487408429,0.06206758431170774,False,mean + 2 s.d. after unimodal BIC
0.0512073960647299,0.06206758431170774,False,mean + 2 s.d. after unimodal BIC
0.0634574877247467,0.06206758431170774,True,mean + 2 s.d. after unimodal BIC
0.0480154707730354,0.06206758431170774,False,mean + 2 s.d. after unimodal BIC
0.0556070768722007,0.06206758431170774,False,mean + 2 s.d. after unimodal BIC
0.0615236410953192,0.06206758431170774,False,mean + 2 s.d. after unimodal BIC
0.0582598255943523,0.06206758431170774,False,mean + 2 s.d. after unimodal BIC
0.0565919727392326,0.06206758431170774,False,mean + 2 s.d. after unimodal BIC
0.062026872560226,0.06206758431170774,False,mean + 2 s.d. after unimodal BIC
0.038087432872517,0.06206758431170774,False,mean + 2 s.d. after unimodal BIC
0.0546581261098051,0.06206758431170774,False,mean + 2 s.d. after unimodal BIC
0.0532131329034298,0.06206758431170774,False,mean + 2 s.d. after unimodal BIC
0.0614517508860468,0.06206758431170774,False,mean + 2 s.d. after unimodal BIC
0.0502296892186253,0.06206758431170774,False,mean + 2 s.d. after unimodal BIC
0.0375913904285375,0.06206758431170774,False,mean + 2 s.d. after unimodal BIC
0.0537019863264821,0.06206758431170774,False,mean + 2 s.d. after unimodal BIC
0.0480154707730354,0.06206758431170774,False,mean + 2 s.d. after unimodal BIC
0.0628464209459313,0.06206758431170774,True,mean + 2 s.d. after unimodal BIC
0.0460600570808261,0.06206758431170774,False,mean + 2 s.d. after unimodal BIC
0.05735400895752,0.06206758431170774,False,mean + 2 s.d. after unimodal BIC
0.0567932653251953,0.06206758431170774,False,mean + 2 s.d. after unimodal BIC
0.0507113536207503,0.06206758431170774,False,mean + 2 s.d. after unimodal BIC
0.0478788793754178,0.06206758431170774,False,mean + 2 s.d. after unimodal BIC
0.0484324339868153,0.06206758431170774,False,mean + 2 s.d. after unimodal BIC
0.0575049783969921,0.06206758431170774,False,mean + 2 s.d. after unimodal BIC
0.0632633841597112,0.06206758431170774,True,mean + 2 s.d. after unimodal BIC
0.0299854062875177,0.06206758431170774,False,mean + 2 s.d. after unimodal BIC
0.0606753366259049,0.06206758431170774,False,mean + 2 s.d. after unimodal BIC
0.0478573123126361,0.06206758431170774,False,mean + 2 s.d. after unimodal BIC
0.0633137073062019,0.06206758431170774,True,mean + 2 s.d. after unimodal BIC
0.0616458544510823,0.06206758431170774,False,mean + 2 s.d. after unimodal BIC
0.0517250055714912,0.06206758431170774,False,mean + 2 s.d. after unimodal BIC
0.0239322506667816,0.06206758431170774,False,mean + 2 s.d. after unimodal BIC
0.0460960021854623,0.06206758431170774,False,mean + 2 s.d. after unimodal BIC
0.0590074837707852,0.06206758431170774,False,mean + 2 s.d. after unimodal BIC
0.0353915500248021,0.06206758431170774,False,mean + 2 s.d. after unimodal BIC
0.0435582777981466,0.06206758431170774,False,mean + 2 s.d. after unimodal BIC
0.0489356654517221,0.06206758431170774,False,mean + 2 s.d. after unimodal BIC
0.0569298567228129,0.06206758431170774,False,mean + 2 s.d. after unimodal BIC
0.0502153111767708,0.06206758431170774,False,mean + 2 s.d. after unimodal BIC
0.0552404368049115,0.06206758431170774,False,mean + 2 s.d. after unimodal BIC
0.0566279178438688,0.06206758431170774,False,mean + 2 s.d. after unimodal BIC
0.056872344555395,0.06206758431170774,False,mean + 2 s.d. after unimodal BIC
0.0457796852646638,0.06206758431170774,False,mean + 2 s.d. after unimodal BIC
0.0522498040991797,0.06206758431170774,False,mean + 2 s.d. after unimodal BIC
0.0436517350702007,0.06206758431170774,False,mean + 2 s.d. after unimodal BIC
0.0456718499507552,0.06206758431170774,False,mean + 2 s.d. after unimodal BIC
0.0617680678068453,0.06206758431170774,False,mean + 2 s.d. after unimodal BIC
0.0422858210940252,0.06206758431170774,False,mean + 2 s.d. after unimodal BIC
0.051121127813603,0.06206758431170774,False,mean + 2 s.d. after unimodal BIC
0.0492376043306662,0.06206758431170774,False,mean + 2 s.d. after unimodal BIC
0.0571095822459939,0.06206758431170774,False,mean + 2 s.d. after unimodal BIC
0.0507185426416776,0.06206758431170774,False,mean + 2 s.d. after unimodal BIC
0.0517681396970546,0.06206758431170774,False,mean + 2 s.d. after unimodal BIC
0.0540470593309897,0.06206758431170774,False,mean + 2 s.d. after unimodal BIC
0.0626595064018231,0.06206758431170774,True,mean + 2 s.d. after unimodal BIC
0.0500859088000805,0.06206758431170774,False,mean + 2 s.d. after unimodal BIC
0.0579506976944809,0.06206758431170774,False,mean + 2 s.d. after unimodal BIC
0.0469371176339494,0.06206758431170774,False,mean + 2 s.d. after unimodal BIC
0.0520916456387804,0.06206758431170774,False,mean + 2 s.d. after unimodal BIC
0.0527817916477954,0.06206758431170774,False,mean + 2 s.d. after unimodal BIC
0.0496401895025916,0.06206758431170774,False,mean + 2 s.d. after unimodal BIC
0.0538313887031725,0.06206758431170774,False,mean + 2 s.d. after unimodal BIC
0.0717248617910726,0.06206758431170774,True,mean + 2 s.d. after unimodal BIC
0.0532634560499205,0.06206758431170774,False,mean + 2 s.d. after unimodal BIC
0.0511283168345303,0.06206758431170774,False,mean + 2 s.d. after unimodal BIC
0.0583748499291881,0.06206758431170774,False,mean + 2 s.d. after unimodal BIC
0.0349961538738039,0.06206758431170774,False,mean + 2 s.d. after unimodal BIC
0.0619262262672446,0.06206758431170774,False,mean + 2 s.d. after unimodal BIC
0.0567501311996319,0.06206758431170774,False,mean + 2 s.d. after unimodal BIC
0.048094550003235,0.06206758431170774,False,mean + 2 s.d. after unimodal BIC
0.049021933702849,0.06206758431170774,False,mean + 2 s.d. after unimodal BIC
0.0484252449658881,0.06206758431170774,False,mean + 2 s.d. after unimodal BIC
0.0608838182327948,0.06206758431170774,False,mean + 2 s.d. after unimodal BIC
0.0515740361320191,0.06206758431170774,False,mean + 2 s.d. after unimodal BIC
0.0655423037936463,0.06206758431170774,True,mean + 2 s.d. after unimodal BIC
0.0489572325145038,0.06206758431170774,False,mean + 2 s.d. after unimodal BIC
0.0487990740541045,0.06206758431170774,False,mean + 2 s.d. after unimodal BIC
0.0680656501391075,0.06206758431170774,True,mean + 2 s.d. after unimodal BIC
0.057203039518048,0.06206758431170774,False,mean + 2 s.d. after unimodal BIC
0.0488853423052314,0.06206758431170774,False,mean + 2 s.d. after unimodal BIC
0.0559665279185627,0.06206758431170774,False,mean + 2 s.d. after unimodal BIC
0.0508479450183679,0.06206758431170774,False,mean + 2 s.d. after unimodal BIC
0.0547515833818592,0.06206758431170774,False,mean + 2 s.d. after unimodal BIC
0.0600067576796716,0.06206758431170774,False,mean + 2 s.d. after unimodal BIC
0.0505316280975693,0.06206758431170774,False,mean + 2 s.d. after unimodal BIC
0.0537666875148273,0.06206758431170774,False,mean + 2 s.d. after unimodal BIC
0.0522426150782524,0.06206758431170774,False,mean + 2 s.d. after unimodal BIC
0.0618830921416812,0.06206758431170774,False,mean + 2 s.d. after unimodal BIC
0.0559880949813444,0.06206758431170774,False,mean + 2 s.d. after unimodal BIC
0.0519478652202356,0.06206758431170774,False,mean + 2 s.d. after unimodal BIC
0.0548881747794767,0.06206758431170774,False,mean + 2 s.d. after unimodal BIC
0.051868785990036,0.06206758431170774,False,mean + 2 s.d. after unimodal BIC
0.0526308222083234,0.06206758431170774,False,mean + 2 s.d. after unimodal BIC
0.0403807305483066,0.06206758431170774,False,mean + 2 s.d. after unimodal BIC
0.0536013400335008,0.06206758431170774,False,mean + 2 s.d. after unimodal BIC
0.0530477854221033,0.06206758431170774,False,mean + 2 s.d. after unimodal BIC
0.0243204577968526,0.06206758431170774,False,mean + 2 s.d. after unimodal BIC
0.054327431147152,0.06206758431170774,False,mean + 2 s.d. after unimodal BIC
0.050970158374131,0.06206758431170774,False,mean + 2 s.d. after unimodal BIC
0.0489284764307948,0.06206758431170774,False,mean + 2 s.d. after unimodal BIC
0.053996736184499,0.06206758431170774,False,mean + 2 s.d. after unimodal BIC
0.0527027124175958,0.06206758431170774,False,mean + 2 s.d. after unimodal BIC
0.0589931057289307,0.06206758431170774,False,mean + 2 s.d. after unimodal BIC
0.0369731346287949,0.06206758431170774,False,mean + 2 s.d. after unimodal BIC
0.0553554611397473,0.06206758431170774,False,mean + 2 s.d. after unimodal BIC
0.0543921323354972,0.06206758431170774,False,mean + 2 s.d. after unimodal BIC
0.0627529636738772,0.06206758431170774,True,mean + 2 s.d. after unimodal BIC
0.063256195138784,0.06206758431170774,True,mean + 2 s.d. after unimodal BIC
0.0643129812150883,0.06206758431170774,True,mean + 2 s.d. after unimodal BIC
0.0507401097044593,0.06206758431170774,False,mean + 2 s.d. after unimodal BIC
0.0476344526638917,0.06206758431170774,False,mean + 2 s.d. after unimodal BIC
0.0558227475000179,0.06206758431170774,False,mean + 2 s.d. after unimodal BIC
0.047763855040582,0.06206758431170774,False,mean + 2 s.d. after unimodal BIC
0.0646580542195958,0.06206758431170774,True,mean + 2 s.d. after unimodal BIC
0.05237920647587,0.06206758431170774,False,mean + 2 s.d. after unimodal BIC
0.0564625703625423,0.06206758431170774,False,mean + 2 s.d. after unimodal BIC
0.0450535941510125,0.06206758431170774,False,mean + 2 s.d. after unimodal BIC
0.0526380112292506,0.06206758431170774,False,mean + 2 s.d. after unimodal BIC
0.0576631368573913,0.06206758431170774,False,mean + 2 s.d. after unimodal BIC
0.0467861481944773,0.06206758431170774,False,mean + 2 s.d. after unimodal BIC
0.0595969834868189,0.06206758431170774,False,mean + 2 s.d. after unimodal BIC
0.054147705623971,0.06206758431170774,False,mean + 2 s.d. after unimodal BIC
0.0511714509600937,0.06206758431170774,False,mean + 2 s.d. after unimodal BIC
0.0454418012810835,0.06206758431170774,False,mean + 2 s.d. after unimodal BIC
0.0530046512965399,0.06206758431170774,False,mean + 2 s.d. after unimodal BIC
0.0519119201155994,0.06206758431170774,False,mean + 2 s.d. after unimodal BIC
0.03862660944206,0.06206758431170774,False,mean + 2 s.d. after unimodal BIC
0.0610635437559758,0.06206758431170774,False,mean + 2 s.d. after unimodal BIC
0.0518831640318905,0.06206758431170774,False,mean + 2 s.d. after unimodal BIC
0.0445000395396151,0.06206758431170774,False,mean + 2 s.d. after unimodal BIC
0.0514086886506926,0.06206758431170774,False,mean + 2 s.d. after unimodal BIC
0.0523863954967972,0.06206758431170774,False,mean + 2 s.d. after unimodal BIC
0.0380083536423174,0.06206758431170774,False,mean + 2 s.d. after unimodal BIC
0.0495826773351737,0.06206758431170774,False,mean + 2 s.d. after unimodal BIC
0.0485258912588694,0.06206758431170774,False,mean + 2 s.d. after unimodal BIC
0.0462829167295706,0.06206758431170774,False,mean + 2 s.d. after unimodal BIC
0.0504094147418063,0.06206758431170774,False,mean + 2 s.d. after unimodal BIC
0.0508407559974407,0.06206758431170774,False,mean + 2 s.d. after unimodal BIC
0.0492232262888117,0.06206758431170774,False,mean + 2 s.d. after unimodal BIC
0.0562181436510161,0.06206758431170774,False,mean + 2 s.d. after unimodal BIC
0.0547012602353685,0.06206758431170774,False,mean + 2 s.d. after unimodal BIC
0.0380011646213902,0.06206758431170774,False,mean + 2 s.d. after unimodal BIC
0.0555711317675645,0.06206758431170774,False,mean + 2 s.d. after unimodal BIC
0.0556430219768369,0.06206758431170774,False,mean + 2 s.d. after unimodal BIC
0.0567069970740684,0.06206758431170774,False,mean + 2 s.d. after unimodal BIC
0.0536947973055549,0.06206758431170774,False,mean + 2 s.d. after unimodal BIC
0.0432779059819843,0.06206758431170774,False,mean + 2 s.d. after unimodal BIC
0.0489140983889404,0.06206758431170774,False,mean + 2 s.d. after unimodal BIC
0.0531340536732302,0.06206758431170774,False,mean + 2 s.d. after unimodal BIC
0.058432362096606,0.06206758431170774,False,mean + 2 s.d. after unimodal BIC
0.0393814566394202,0.06206758431170774,False,mean + 2 s.d. after unimodal BIC
0.0341190933206806,0.06206758431170774,False,mean + 2 s.d. after unimodal BIC
0.0495467322305375,0.06206758431170774,False,mean + 2 s.d. after unimodal BIC
0.0493023055190113,0.06206758431170774,False,mean + 2 s.d. after unimodal BIC
0.0495251651677558,0.06206758431170774,False,mean + 2 s.d. after unimodal BIC
0.0503159574697522,0.06206758431170774,False,mean + 2 s.d. after unimodal BIC
0.0536444741590642,0.06206758431170774,False,mean + 2 s.d. after unimodal BIC
0.0491082019539758,0.06206758431170774,False,mean + 2 s.d. after unimodal BIC
0.0626595064018231,0.06206758431170774,True,mean + 2 s.d. after unimodal BIC
0.0548234735911316,0.06206758431170774,False,mean + 2 s.d. after unimodal BIC
0.0216892761374828,0.06206758431170774,False,mean + 2 s.d. after unimodal BIC
0.0546293700260961,0.06206758431170774,False,mean + 2 s.d. after unimodal BIC
0.0498342930676271,0.06206758431170774,False,mean + 2 s.d. after unimodal BIC
0.061487695990683,0.06206758431170774,False,mean + 2 s.d. after unimodal BIC
0.0522785601828886,0.06206758431170774,False,mean + 2 s.d. after unimodal BIC
0.0596329285914551,0.06206758431170774,False,mean + 2 s.d. after unimodal BIC
0.0463619959597702,0.06206758431170774,False,mean + 2 s.d. after unimodal BIC
0.0647443224707227,0.06206758431170774,True,mean + 2 s.d. after unimodal BIC
0.0523432613712338,0.06206758431170774,False,mean + 2 s.d. after unimodal BIC
0.0586048985988598,0.06206758431170774,False,mean + 2 s.d. after unimodal BIC
0.0553842172234563,0.06206758431170774,False,mean + 2 s.d. after unimodal BIC
0.0594172579636379,0.06206758431170774,False,mean + 2 s.d. after unimodal BIC
0.0554920525373649,0.06206758431170774,False,mean + 2 s.d. after unimodal BIC
0.0371959942775393,0.06206758431170774,False,mean + 2 s.d. after unimodal BIC
0.0291658579018123,0.06206758431170774,False,mean + 2 s.d. after unimodal BIC
0.0555279976420011,0.06206758431170774,False,mean + 2 s.d. after unimodal BIC
0.0509917254369127,0.06206758431170774,False,mean + 2 s.d. after unimodal BIC
0.0517825177389091,0.06206758431170774,False,mean + 2 s.d. after unimodal BIC
0.0569729908483763,0.06206758431170774,False,mean + 2 s.d. after unimodal BIC
0.0590146727917125,0.06206758431170774,False,mean + 2 s.d. after unimodal BIC
0.0567429421787046,0.06206758431170774,False,mean + 2 s.d. after unimodal BIC
0.0535941510125735,0.06206758431170774,False,mean + 2 s.d. after unimodal BIC
0.063824127792036,0.06206758431170774,True,mean + 2 s.d. after unimodal BIC
0.0556717780605459,0.06206758431170774,False,mean + 2 s.d. after unimodal BIC
0.0465704775666602,0.06206758431170774,False,mean + 2 s.d. after unimodal BIC
0.0484396230077425,0.06206758431170774,False,mean + 2 s.d. after unimodal BIC
0.0497552138374274,0.06206758431170774,False,mean + 2 s.d. after unimodal BIC
0.052019755429508,0.06206758431170774,False,mean + 2 s.d. after unimodal BIC
0.0532203219243571,0.06206758431170774,False,mean + 2 s.d. after unimodal BIC
0.0422283089266072,0.06206758431170774,False,mean + 2 s.d. after unimodal BIC
0.0624510247949331,0.06206758431170774,True,mean + 2 s.d. after unimodal BIC
0.0558227475000179,0.06206758431170774,False,mean + 2 s.d. after unimodal BIC
0.0521563468271256,0.06206758431170774,False,mean + 2 s.d. after unimodal BIC
0.0557292902279638,0.06206758431170774,False,mean + 2 s.d. after unimodal BIC
0.0542267848541707,0.06206758431170774,False,mean + 2 s.d. after unimodal BIC
0.0545862359005327,0.06206758431170774,False,mean + 2 s.d. after unimodal BIC
0.05735400895752,0.06206758431170774,False,mean + 2 s.d. after unimodal BIC
0.0443634481419975,0.06206758431170774,False,mean + 2 s.d. after unimodal BIC
0.0463404288969885,0.06206758431170774,False,mean + 2 s.d. after unimodal BIC
0.0546509370888778,0.06206758431170774,False,mean + 2 s.d. after unimodal BIC
0.0450464051300853,0.06206758431170774,False,mean + 2 s.d. after unimodal BIC
0.052918383045413,0.06206758431170774,False,mean + 2 s.d. after unimodal BIC
0.0522138589945435,0.06206758431170774,False,mean + 2 s.d. after unimodal BIC
0.04242960151257,0.06206758431170774,False,mean + 2 s.d. after unimodal BIC
0.0580872890920985,0.06206758431170774,False,mean + 2 s.d. after unimodal BIC
0.0610563547350486,0.06206758431170774,False,mean + 2 s.d. after unimodal BIC
0.0469514956758039,0.06206758431170774,False,mean + 2 s.d. after unimodal BIC
0.0612864034047203,0.06206758431170774,False,mean + 2 s.d. after unimodal BIC
0.0647371334497954,0.06206758431170774,True,mean + 2 s.d. after unimodal BIC
0.0535150717823739,0.06206758431170774,False,mean + 2 s.d. after unimodal BIC
0.0322643259214527,0.06206758431170774,False,mean + 2 s.d. after unimodal BIC
0.0462757277086433,0.06206758431170774,False,mean + 2 s.d. after unimodal BIC
0.0540398703100624,0.06206758431170774,False,mean + 2 s.d. after unimodal BIC
0.0529615171709764,0.06206758431170774,False,mean + 2 s.d. after unimodal BIC
0.0515956031948009,0.06206758431170774,False,mean + 2 s.d. after unimodal BIC
0.0447157101674322,0.06206758431170774,False,mean + 2 s.d. after unimodal BIC
0.0581951244060071,0.06206758431170774,False,mean + 2 s.d. after unimodal BIC
0.0407689376783775,0.06206758431170774,False,mean + 2 s.d. after unimodal BIC
0.0563834911323426,0.06206758431170774,False,mean + 2 s.d. after unimodal BIC
0.051149883897312,0.06206758431170774,False,mean + 2 s.d. after unimodal BIC
0.0555495647047828,0.06206758431170774,False,mean + 2 s.d. after unimodal BIC
0.0567501311996319,0.06206758431170774,False,mean + 2 s.d. after unimodal BIC
0.0498414820885543,0.06206758431170774,False,mean + 2 s.d. after unimodal BIC
0.0582670146152795,0.06206758431170774,False,mean + 2 s.d. after unimodal BIC
0.0483389767147612,0.06206758431170774,False,mean + 2 s.d. after unimodal BIC
0.0576415697946096,0.06206758431170774,False,mean + 2 s.d. after unimodal BIC
0.0607040927096138,0.06206758431170774,False,mean + 2 s.d. after unimodal BIC
0.0682525646832157,0.06206758431170774,True,mean + 2 s.d. after unimodal BIC
0.0582670146152795,0.06206758431170774,False,mean + 2 s.d. after unimodal BIC
0.0500283966326626,0.06206758431170774,False,mean + 2 s.d. after unimodal BIC
0.0593956909008562,0.06206758431170774,False,mean + 2 s.d. after unimodal BIC
0.0509485913113493,0.06206758431170774,False,mean + 2 s.d. after unimodal BIC
0.0567357531577774,0.06206758431170774,False,mean + 2 s.d. after unimodal BIC
0.0511570729182392,0.06206758431170774,False,mean + 2 s.d. after unimodal BIC
0.0470090078432218,0.06206758431170774,False,mean + 2 s.d. after unimodal BIC
0.054686882193514,0.06206758431170774,False,mean + 2 s.d. after unimodal BIC
0.0547300163190775,0.06206758431170774,False,mean + 2 s.d. after unimodal BIC
0.0442699908699434,0.06206758431170774,False,mean + 2 s.d. after unimodal BIC
0.0570664481204304,0.06206758431170774,False,mean + 2 s.d. after unimodal BIC
0.056153442462671,0.06206758431170774,False,mean + 2 s.d. after unimodal BIC
0.0519981883667263,0.06206758431170774,False,mean + 2 s.d. after unimodal BIC
0.0511283168345303,0.06206758431170774,False,mean + 2 s.d. after unimodal BIC
0.057174283434339,0.06206758431170774,False,mean + 2 s.d. after unimodal BIC
0.0492519823725206,0.06206758431170774,False,mean + 2 s.d. after unimodal BIC
0.0545862359005327,0.06206758431170774,False,mean + 2 s.d. after unimodal BIC
0.0573036858110293,0.06206758431170774,False,mean + 2 s.d. after unimodal BIC
0.0541045714984076,0.06206758431170774,False,mean + 2 s.d. after unimodal BIC
0.0610635437559758,0.06206758431170774,False,mean + 2 s.d. after unimodal BIC
0.0584754962221695,0.06206758431170774,False,mean + 2 s.d. after unimodal BIC
0.0454705573647924,0.06206758431170774,False,mean + 2 s.d. after unimodal BIC
0.0512649082321478,0.06206758431170774,False,mean + 2 s.d. after unimodal BIC
0.0542124068123162,0.06206758431170774,False,mean + 2 s.d. after unimodal BIC
0.045247697716048,0.06206758431170774,False,mean + 2 s.d. after unimodal BIC
0.0511067497717485,0.06206758431170774,False,mean + 2 s.d. after unimodal BIC
0.0589643496452218,0.06206758431170774,False,mean + 2 s.d. after unimodal BIC
0.0548162845702043,0.06206758431170774,False,mean + 2 s.d. after unimodal BIC
0.0505172500557149,0.06206758431170774,False,mean + 2 s.d. after unimodal BIC
0.0549097418422585,0.06206758431170774,False,mean + 2 s.d. after unimodal BIC
0.0637522375827636,0.06206758431170774,True,mean + 2 s.d. after unimodal BIC
0.0428896988519133,0.06206758431170774,False,mean + 2 s.d. after unimodal BIC
0.0671670225232025,0.06206758431170774,True,mean + 2 s.d. after unimodal BIC
0.0533712913638291,0.06206758431170774,False,mean + 2 s.d. after unimodal BIC
0.0547947175074226,0.06206758431170774,False,mean + 2 s.d. after unimodal BIC
0.0558874486883631,0.06206758431170774,False,mean + 2 s.d. after unimodal BIC
0.0580801000711713,0.06206758431170774,False,mean + 2 s.d. after unimodal BIC
0.0558946377092903,0.06206758431170774,False,mean + 2 s.d. after unimodal BIC
0.0519550542411628,0.06206758431170774,False,mean + 2 s.d. after unimodal BIC
0.0511426948763847,0.06206758431170774,False,mean + 2 s.d. after unimodal BIC
0.0626451283599686,0.06206758431170774,True,mean + 2 s.d. after unimodal BIC
0.0476200746220372,0.06206758431170774,False,mean + 2 s.d. after unimodal BIC
0.0607256597723956,0.06206758431170774,False,mean + 2 s.d. after unimodal BIC
0.0501074758628622,0.06206758431170774,False,mean + 2 s.d. after unimodal BIC
0.0539248459752266,0.06206758431170774,False,mean + 2 s.d. after unimodal BIC
0.0574762223132831,0.06206758431170774,False,mean + 2 s.d. after unimodal BIC
0.0643776824034334,0.06206758431170774,True,mean + 2 s.d. after unimodal BIC
0.0512936643158568,0.06206758431170774,False,mean + 2 s.d. after unimodal BIC
0.0490435007656307,0.06206758431170774,False,mean + 2 s.d. after unimodal BIC
0.0521204017224894,0.06206758431170774,False,mean + 2 s.d. after unimodal BIC
0.0569370457437401,0.06206758431170774,False,mean + 2 s.d. after unimodal BIC
0.0462613496667888,0.06206758431170774,False,mean + 2 s.d. after unimodal BIC
0.0479651476265447,0.06206758431170774,False,mean + 2 s.d. after unimodal BIC
0.0518040848016908,0.06206758431170774,False,mean + 2 s.d. after unimodal BIC
0.047555373433692,0.06206758431170774,False,mean + 2 s.d. after unimodal BIC
0.0560599851906168,0.06206758431170774,False,mean + 2 s.d. after unimodal BIC
0.0553770282025291,0.06206758431170774,False,mean + 2 s.d. after unimodal BIC
0.0547443943609319,0.06206758431170774,False,mean + 2 s.d. after unimodal BIC
0.0577781611922272,0.06206758431170774,False,mean + 2 s.d. after unimodal BIC
0.0283606875579614,0.06206758431170774,False,mean + 2 s.d. after unimodal BIC
0.0482958425891977,0.06206758431170774,False,mean + 2 s.d. after unimodal BIC
0.051840029906327,0.06206758431170774,False,mean + 2 s.d. after unimodal BIC
0.046175081415662,0.06206758431170774,False,mean + 2 s.d. after unimodal BIC
0.0585186303477329,0.06206758431170774,False,mean + 2 s.d. after unimodal BIC
0.0331557645164305,0.06206758431170774,False,mean + 2 s.d. after unimodal BIC
0.0342628737392254,0.06206758431170774,False,mean + 2 s.d. after unimodal BIC
0.0626810734646048,0.06206758431170774,True,mean + 2 s.d. after unimodal BIC
0.0538098216403908,0.06206758431170774,False,mean + 2 s.d. after unimodal BIC
0.0490506897865579,0.06206758431170774,False,mean + 2 s.d. after unimodal BIC
0.0579578867154082,0.06206758431170774,False,mean + 2 s.d. after unimodal BIC
0.0603015075376884,0.06206758431170774,False,mean + 2 s.d. after unimodal BIC
0.060589068374778,0.06206758431170774,False,mean + 2 s.d. after unimodal BIC
0.0525804990618327,0.06206758431170774,False,mean + 2 s.d. after unimodal BIC
0.0428106196217137,0.06206758431170774,False,mean + 2 s.d. after unimodal BIC
0.0543993213564244,0.06206758431170774,False,mean + 2 s.d. after unimodal BIC
0.0637594266036908,0.06206758431170774,True,mean + 2 s.d. after unimodal BIC
0.0512505301902933,0.06206758431170774,False,mean + 2 s.d. after unimodal BIC
0.0597263858635092,0.06206758431170774,False,mean + 2 s.d. after unimodal BIC
0.0613582936139927,0.06206758431170774,False,mean + 2 s.d. after unimodal BIC
0.0402297611088345,0.06206758431170774,False,mean + 2 s.d. after unimodal BIC
0.0638097497501815,0.06206758431170774,True,mean + 2 s.d. after unimodal BIC
0.0490075556609945,0.06206758431170774,False,mean + 2 s.d. after unimodal BIC
0.0554704854745832,0.06206758431170774,False,mean + 2 s.d. after unimodal BIC
0.0412434130595754,0.06206758431170774,False,mean + 2 s.d. after unimodal BIC
0.0532994011545567,0.06206758431170774,False,mean + 2 s.d. after unimodal BIC
0.0435510887772194,0.06206758431170774,False,mean + 2 s.d. after unimodal BIC
0.044198100660671,0.06206758431170774,False,mean + 2 s.d. after unimodal BIC
0.0540326812891352,0.06206758431170774,False,mean + 2 s.d. after unimodal BIC
0.0536229070962825,0.06206758431170774,False,mean + 2 s.d. after unimodal BIC
0.0496114334188826,0.06206758431170774,False,mean + 2 s.d. after unimodal BIC
0.0631483598248754,0.06206758431170774,True,mean + 2 s.d. after unimodal BIC
0.0535006937405194,0.06206758431170774,False,mean + 2 s.d. after unimodal BIC
0.0470090078432218,0.06206758431170774,False,mean + 2 s.d. after unimodal BIC
0.0530549744430306,0.06206758431170774,False,mean + 2 s.d. after unimodal BIC
0.0511786399810209,0.06206758431170774,False,mean + 2 s.d. after unimodal BIC
0.0500068295698808,0.06206758431170774,False,mean + 2 s.d. after unimodal BIC
0.044169344576962,0.06206758431170774,False,mean + 2 s.d. after unimodal BIC
0.0630692805946758,0.06206758431170774,True,mean + 2 s.d. after unimodal BIC
0.0484683790914515,0.06206758431170774,False,mean + 2 s.d. after unimodal BIC
0.0421564187173348,0.06206758431170774,False,mean + 2 s.d. after unimodal BIC
0.043989619053781,0.06206758431170774,False,mean + 2 s.d. after unimodal BIC
0.0574977893760648,0.06206758431170774,False,mean + 2 s.d. after unimodal BIC
0.0419263700476632,0.06206758431170774,False,mean + 2 s.d. after unimodal BIC
0.0456718499507552,0.06206758431170774,False,mean + 2 s.d. after unimodal BIC
0.0681159732855982,0.06206758431170774,True,mean + 2 s.d. after unimodal BIC
0.0510636156461851,0.06206758431170774,False,mean + 2 s.d. after unimodal BIC
0.0382024572073529,0.06206758431170774,False,mean + 2 s.d. after unimodal BIC
0.057382765041229,0.06206758431170774,False,mean + 2 s.d. after unimodal BIC
0.0524942308107058,0.06206758431170774,False,mean + 2 s.d. after unimodal BIC
0.0569011006391039,0.06206758431170774,False,mean + 2 s.d. after unimodal BIC
0.0579003745479903,0.06206758431170774,False,mean + 2 s.d. after unimodal BIC
0.0361895313477257,0.06206758431170774,False,mean + 2 s.d. after unimodal BIC
0.0435582777981466,0.06206758431170774,False,mean + 2 s.d. after unimodal BIC
0.0490506897865579,0.06206758431170774,False,mean + 2 s.d. after unimodal BIC
0.0496330004816644,0.06206758431170774,False,mean + 2 s.d. after unimodal BIC
0.058971538666149,0.06206758431170774,False,mean + 2 s.d. after unimodal BIC
0.0604596659980877,0.06206758431170774,False,mean + 2 s.d. after unimodal BIC
0.0647371334497954,0.06206758431170774,True,mean + 2 s.d. after unimodal BIC
0.0499852625070991,0.06206758431170774,False,mean + 2 s.d. after unimodal BIC
0.0571814724552663,0.06206758431170774,False,mean + 2 s.d. after unimodal BIC
0.0642123349221069,0.06206758431170774,True,mean + 2 s.d. after unimodal BIC
0.0501362319465712,0.06206758431170774,False,mean + 2 s.d. after unimodal BIC
0.0577278380457365,0.06206758431170774,False,mean + 2 s.d. after unimodal BIC
0.0528105477315044,0.06206758431170774,False,mean + 2 s.d. after unimodal BIC
0.0491225799958303,0.06206758431170774,False,mean + 2 s.d. after unimodal BIC
0.0553267050560384,0.06206758431170774,False,mean + 2 s.d. after unimodal BIC
0.0516818714459277,0.06206758431170774,False,mean + 2 s.d. after unimodal BIC
0.0588780813940949,0.06206758431170774,False,mean + 2 s.d. after unimodal BIC
0.053666041221846,0.06206758431170774,False,mean + 2 s.d. after unimodal BIC
0.0571383383297028,0.06206758431170774,False,mean + 2 s.d. after unimodal BIC
0.0557868023953817,0.06206758431170774,False,mean + 2 s.d. after unimodal BIC
0.0521060236806349,0.06206758431170774,False,mean + 2 s.d. after unimodal BIC
0.0586264656616415,0.06206758431170774,False,mean + 2 s.d. after unimodal BIC
0.054866607716695,0.06206758431170774,False,mean + 2 s.d. after unimodal BIC
0.0496114334188826,0.06206758431170774,False,mean + 2 s.d. after unimodal BIC
0.0425590038892603,0.06206758431170774,False,mean + 2 s.d. after unimodal BIC
0.061487695990683,0.06206758431170774,False,mean + 2 s.d. after unimodal BIC
0.0585689534942236,0.06206758431170774,False,mean + 2 s.d. after unimodal BIC
0.0512361521484389,0.06206758431170774,False,mean + 2 s.d. after unimodal BIC
0.045067972192867,0.06206758431170774,False,mean + 2 s.d. after unimodal BIC
0.0528033587105772,0.06206758431170774,False,mean + 2 s.d. after unimodal BIC
0.0622353541671159,0.06206758431170774,True,mean + 2 s.d. after unimodal BIC
0.0549241198841129,0.06206758431170774,False,mean + 2 s.d. after unimodal BIC
0.0554129733071653,0.06206758431170774,False,mean + 2 s.d. after unimodal BIC
0.0628392319250041,0.06206758431170774,True,mean + 2 s.d. after unimodal BIC
0.0539104679333721,0.06206758431170774,False,mean + 2 s.d. after unimodal BIC
0.054895363800404,0.06206758431170774,False,mean + 2 s.d. after unimodal BIC
0.0517681396970546,0.06206758431170774,False,mean + 2 s.d. after unimodal BIC
0.0582238804897161,0.06206758431170774,False,mean + 2 s.d. after unimodal BIC
0.0528249257733589,0.06206758431170774,False,mean + 2 s.d. after unimodal BIC
0.0489500434935766,0.06206758431170774,False,mean + 2 s.d. after unimodal BIC
0.0616961775975729,0.06206758431170774,False,mean + 2 s.d. after unimodal BIC
0.0517897067598363,0.06206758431170774,False,mean + 2 s.d. after unimodal BIC
0.0549744430306036,0.06206758431170774,False,mean + 2 s.d. after unimodal BIC
0.0604165318725242,0.06206758431170774,False,mean + 2 s.d. after unimodal BIC
0.0478932574172723,0.06206758431170774,False,mean + 2 s.d. after unimodal BIC
0.0539607910798628,0.06206758431170774,False,mean + 2 s.d. after unimodal BIC
0.0508335669765134,0.06206758431170774,False,mean + 2 s.d. after unimodal BIC
0.0536876082846277,0.06206758431170774,False,mean + 2 s.d. after unimodal BIC
0.062896744092422,0.06206758431170774,True,mean + 2 s.d. after unimodal BIC
0.0491800921632482,0.06206758431170774,False,mean + 2 s.d. after unimodal BIC
0.0563691130904882,0.06206758431170774,False,mean + 2 s.d. after unimodal BIC
0.0552691928886205,0.06206758431170774,False,mean + 2 s.d. after unimodal BIC
0.0524654747269969,0.06206758431170774,False,mean + 2 s.d. after unimodal BIC
0.049683323628155,0.06206758431170774,False,mean + 2 s.d. after unimodal BIC
0.0555279976420011,0.06206758431170774,False,mean + 2 s.d. after unimodal BIC
0.0460169229552627,0.06206758431170774,False,mean + 2 s.d. after unimodal BIC
0.0446797650627961,0.06206758431170774,False,mean + 2 s.d. after unimodal BIC
0.0654057123960287,0.06206758431170774,True,mean + 2 s.d. after unimodal BIC
0.0500499636954443,0.06206758431170774,False,mean + 2 s.d. after unimodal BIC
0.0567932653251953,0.06206758431170774,False,mean + 2 s.d. after unimodal BIC
0.0561390644208165,0.06206758431170774,False,mean + 2 s.d. after unimodal BIC
0.0644280055499241,0.06206758431170774,True,mean + 2 s.d. after unimodal BIC
0.052048511513217,0.06206758431170774,False,mean + 2 s.d. after unimodal BIC
0.0458228193902272,0.06206758431170774,False,mean + 2 s.d. after unimodal BIC
0.0497552138374274,0.06206758431170774,False,mean + 2 s.d. after unimodal BIC
0.0551469795328574,0.06206758431170774,False,mean + 2 s.d. after unimodal BIC
0.0572389846226842,0.06206758431170774,False,mean + 2 s.d. after unimodal BIC
0.0505675732022055,0.06206758431170774,False,mean + 2 s.d. after unimodal BIC
0.0528824379407768,0.06206758431170774,False,mean + 2 s.d. after unimodal BIC
0.0524007735386517,0.06206758431170774,False,mean + 2 s.d. after unimodal BIC
0.0440111861165627,0.06206758431170774,False,mean + 2 s.d. after unimodal BIC
0.0497552138374274,0.06206758431170774,False,mean + 2 s.d. after unimodal BIC
0.053788254577609,0.06206758431170774,False,mean + 2 s.d. after unimodal BIC
0.0575768686062645,0.06206758431170774,False,mean + 2 s.d. after unimodal BIC
0.0526811453548141,0.06206758431170774,False,mean + 2 s.d. after unimodal BIC
0.045218941632339,0.06206758431170774,False,mean + 2 s.d. after unimodal BIC
0.0468939835083859,0.06206758431170774,False,mean + 2 s.d. after unimodal BIC
0.0535366388451556,0.06206758431170774,False,mean + 2 s.d. after unimodal BIC
0.0450895392556487,0.06206758431170774,False,mean + 2 s.d. after unimodal BIC
0.0516459263412915,0.06206758431170774,False,mean + 2 s.d. after unimodal BIC
0.0528968159826313,0.06206758431170774,False,mean + 2 s.d. after unimodal BIC
0.0510779936880396,0.06206758431170774,False,mean + 2 s.d. after unimodal BIC
0.064305792194161,0.06206758431170774,True,mean + 2 s.d. after unimodal BIC
0.0526595782920324,0.06206758431170774,False,mean + 2 s.d. after unimodal BIC
0.0591153190846938,0.06206758431170774,False,mean + 2 s.d. after unimodal BIC
0.0574187101458652,0.06206758431170774,False,mean + 2 s.d. after unimodal BIC
0.0460888131645351,0.06206758431170774,False,mean + 2 s.d. after unimodal BIC
0.05915126418933,0.06206758431170774,False,mean + 2 s.d. after unimodal BIC
0.0606322025003414,0.06206758431170774,False,mean + 2 s.d. after unimodal BIC
0.0546221810051689,0.06206758431170774,False,mean + 2 s.d. after unimodal BIC
0.0295612540528105,0.06206758431170774,False,mean + 2 s.d. after unimodal BIC
0.0524439076642152,0.06206758431170774,False,mean + 2 s.d. after unimodal BIC
0.0593741238380744,0.06206758431170774,False,mean + 2 s.d. after unimodal BIC
0.0561174973580348,0.06206758431170774,False,mean + 2 s.d. after unimodal BIC
0.0536516631799915,0.06206758431170774,False,mean + 2 s.d. after unimodal BIC
0.0516099812366553,0.06206758431170774,False,mean + 2 s.d. after unimodal BIC
0.0559665279185627,0.06206758431170774,False,mean + 2 s.d. after unimodal BIC
0.0518615969691087,0.06206758431170774,False,mean + 2 s.d. after unimodal BIC
0.0499852625070991,0.06206758431170774,False,mean + 2 s.d. after unimodal BIC
0.0624222687112242,0.06206758431170774,True,mean + 2 s.d. after unimodal BIC
0.0472390565128935,0.06206758431170774,False,mean + 2 s.d. after unimodal BIC
0.0464266971481154,0.06206758431170774,False,mean + 2 s.d. after unimodal BIC
0.0567860763042681,0.06206758431170774,False,mean + 2 s.d. after unimodal BIC
0.0571239602878484,0.06206758431170774,False,mean + 2 s.d. after unimodal BIC
0.0589212155196583,0.06206758431170774,False,mean + 2 s.d. after unimodal BIC
0.0629183111552037,0.06206758431170774,True,mean + 2 s.d. after unimodal BIC
0.0532706450708478,0.06206758431170774,False,mean + 2 s.d. after unimodal BIC
0.0507185426416776,0.06206758431170774,False,mean + 2 s.d. after unimodal BIC
0.0541692726867527,0.06206758431170774,False,mean + 2 s.d. after unimodal BIC
0.0326884781561599,0.06206758431170774,False,mean + 2 s.d. after unimodal BIC
0.0654057123960287,0.06206758431170774,True,mean + 2 s.d. after unimodal BIC
0.0544136993982789,0.06206758431170774,False,mean + 2 s.d. after unimodal BIC
0.0642123349221069,0.06206758431170774,True,mean + 2 s.d. after unimodal BIC
0.0630045794063306,0.06206758431170774,True,mean + 2 s.d. after unimodal BIC
0.0554561074327287,0.06206758431170774,False,mean + 2 s.d. after unimodal BIC
0.0590362398544942,0.06206758431170774,False,mean + 2 s.d. after unimodal BIC
0.0499924515280264,0.06206758431170774,False,mean + 2 s.d. after unimodal BIC
0.0515956031948009,0.06206758431170774,False,mean + 2 s.d. after unimodal BIC
0.0507976218718772,0.06206758431170774,False,mean + 2 s.d. after unimodal BIC
0.0525733100409055,0.06206758431170774,False,mean + 2 s.d. after unimodal BIC
0.0561821985463799,0.06206758431170774,False,mean + 2 s.d. after unimodal BIC
0.0592159653776752,0.06206758431170774,False,mean + 2 s.d. after unimodal BIC
0.051149883897312,0.06206758431170774,False,mean + 2 s.d. after unimodal BIC
0.0439392959072903,0.06206758431170774,False,mean + 2 s.d. after unimodal BIC
0.0574330881877197,0.06206758431170774,False,mean + 2 s.d. after unimodal BIC
0.0443346920582885,0.06206758431170774,False,mean + 2 s.d. after unimodal BIC
0.0554201623280925,0.06206758431170774,False,mean + 2 s.d. after unimodal BIC
0.0531484317150847,0.06206758431170774,False,mean + 2 s.d. after unimodal BIC
0.053486315698665,0.06206758431170774,False,mean + 2 s.d. after unimodal BIC
0.0455280695322104,0.06206758431170774,False,mean + 2 s.d. after unimodal BIC
0.0576415697946096,0.06206758431170774,False,mean + 2 s.d. after unimodal BIC
0.060021135721526,0.06206758431170774,False,mean + 2 s.d. after unimodal BIC
0.0624366467530786,0.06206758431170774,True,mean + 2 s.d. after unimodal BIC
0.0578788074852085,0.06206758431170774,False,mean + 2 s.d. after unimodal BIC
0.0554417293908742,0.06206758431170774,False,mean + 2 s.d. after unimodal BIC
0.0557005341442548,0.06206758431170774,False,mean + 2 s.d. after unimodal BIC
0.0537594984939001,0.06206758431170774,False,mean + 2 s.d. after unimodal BIC
0.056512893509033,0.06206758431170774,False,mean + 2 s.d. after unimodal BIC
0.0566279178438688,0.06206758431170774,False,mean + 2 s.d. after unimodal BIC
0.0583604718873336,0.06206758431170774,False,mean + 2 s.d. after unimodal BIC
0.0630549025528213,0.06206758431170774,True,mean + 2 s.d. after unimodal BIC
0.0478788793754178,0.06206758431170774,False,mean + 2 s.d. after unimodal BIC
0.043090991437876,0.06206758431170774,False,mean + 2 s.d. after unimodal BIC
0.0552763819095477,0.06206758431170774,False,mean + 2 s.d. after unimodal BIC
0.0581663683222981,0.06206758431170774,False,mean + 2 s.d. after unimodal BIC
0.053788254577609,0.06206758431170774,False,mean + 2 s.d. after unimodal BIC
0.0555711317675645,0.06206758431170774,False,mean + 2 s.d. after unimodal BIC
0.0587127339127684,0.06206758431170774,False,mean + 2 s.d. after unimodal BIC
0.0622641102508249,0.06206758431170774,True,mean + 2 s.d. after unimodal BIC
0.0635725120595826,0.06206758431170774,True,mean + 2 s.d. after unimodal BIC
0.0430550463332398,0.06206758431170774,False,mean + 2 s.d. after unimodal BIC
0.0520341334713625,0.06206758431170774,False,mean + 2 s.d. after unimodal BIC
0.0634431096828922,0.06206758431170774,True,mean + 2 s.d. after unimodal BIC
0.0543921323354972,0.06206758431170774,False,mean + 2 s.d. after unimodal BIC
0.0490938239121214,0.06206758431170774,False,mean + 2 s.d. after unimodal BIC
0.0625301040251328,0.06206758431170774,True,mean + 2 s.d. after unimodal BIC
0.0456502828879734,0.06206758431170774,False,mean + 2 s.d. after unimodal BIC
0.0476200746220372,0.06206758431170774,False,mean + 2 s.d. after unimodal BIC
0.0465201544201695,0.06206758431170774,False,mean + 2 s.d. after unimodal BIC
0.0428609427682043,0.06206758431170774,False,mean + 2 s.d. after unimodal BIC
0.0508910791439313,0.06206758431170774,False,mean + 2 s.d. after unimodal BIC
0.0578572404224268,0.06206758431170774,False,mean + 2 s.d. after unimodal BIC
0.0543705652727155,0.06206758431170774,False,mean + 2 s.d. after unimodal BIC
0.0550894673654395,0.06206758431170774,False,mean + 2 s.d. after unimodal BIC
0.0575553015434827,0.06206758431170774,False,mean + 2 s.d. after unimodal BIC
0.0422642540312434,0.06206758431170774,False,mean + 2 s.d. after unimodal BIC
0.0425733819311148,0.06206758431170774,False,mean + 2 s.d. after unimodal BIC
0.0656860842121911,0.06206758431170774,True,mean + 2 s.d. after unimodal BIC
0.0484324339868153,0.06206758431170774,False,mean + 2 s.d. after unimodal BIC
0.0627529636738772,0.06206758431170774,True,mean + 2 s.d. after unimodal BIC
0.0621490859159891,0.06206758431170774,True,mean + 2 s.d. after unimodal BIC
0.0492879274771568,0.06206758431170774,False,mean + 2 s.d. after unimodal BIC
0.0542555409378796,0.06206758431170774,False,mean + 2 s.d. after unimodal BIC
0.0382312132910618,0.06206758431170774,False,mean + 2 s.d. after unimodal BIC
0.0535366388451556,0.06206758431170774,False,mean + 2 s.d. after unimodal BIC
0.0591368861474755,0.06206758431170774,False,mean + 2 s.d. after unimodal BIC
0.0551397905119301,0.06206758431170774,False,mean + 2 s.d. after unimodal BIC
0.0490435007656307,0.06206758431170774,False,mean + 2 s.d. after unimodal BIC
0.0556717780605459,0.06206758431170774,False,mean + 2 s.d. after unimodal BIC
0.0362901776407071,0.06206758431170774,False,mean + 2 s.d. after unimodal BIC
0.0448307345022681,0.06206758431170774,False,mean + 2 s.d. after unimodal BIC
0.0435654668190739,0.06206758431170774,False,mean + 2 s.d. after unimodal BIC
0.0601289710354346,0.06206758431170774,False,mean + 2 s.d. after unimodal BIC
0.0649815601613216,0.06206758431170774,True,mean + 2 s.d. after unimodal BIC
0.0622856773136066,0.06206758431170774,True,mean + 2 s.d. after unimodal BIC
0.0546509370888778,0.06206758431170774,False,mean + 2 s.d. after unimodal BIC
0.0476775867894551,0.06206758431170774,False,mean + 2 s.d. after unimodal BIC
0.0496977016700095,0.06206758431170774,False,mean + 2 s.d. after unimodal BIC
0.0583245267826974,0.06206758431170774,False,mean + 2 s.d. after unimodal BIC
0.0514662008181105,0.06206758431170774,False,mean + 2 s.d. after unimodal BIC
0.0510779936880396,0.06206758431170774,False,mean + 2 s.d. after unimodal BIC
0.047735098956873,0.06206758431170774,False,mean + 2 s.d. after unimodal BIC
0.0395036699951833,0.06206758431170774,False,mean + 2 s.d. after unimodal BIC
0.0433066620656932,0.06206758431170774,False,mean + 2 s.d. after unimodal BIC
0.0396186943300191,0.06206758431170774,False,mean + 2 s.d. after unimodal BIC
0.0534719376568105,0.06206758431170774,False,mean + 2 s.d. after unimodal BIC
0.0504453598464425,0.06206758431170774,False,mean + 2 s.d. after unimodal BIC
0.0568579665135405,0.06206758431170774,False,mean + 2 s.d. after unimodal BIC
0.059000294749858,0.06206758431170774,False,mean + 2 s.d. after unimodal BIC
0.0453842891136656,0.06206758431170774,False,mean + 2 s.d. after unimodal BIC
0.0532059438825026,0.06206758431170774,False,mean + 2 s.d. after unimodal BIC
0.0535294498242284,0.06206758431170774,False,mean + 2 s.d. after unimodal BIC
0.0570089359530125,0.06206758431170774,False,mean + 2 s.d. after unimodal BIC
0.0607328487933228,0.06206758431170774,False,mean + 2 s.d. after unimodal BIC
0.0624725918577149,0.06206758431170774,True,mean + 2 s.d. after unimodal BIC
0.0580153988828261,0.06206758431170774,False,mean + 2 s.d. after unimodal BIC
0.0644136275080696,0.06206758431170774,True,mean + 2 s.d. after unimodal BIC
0.0681591074111616,0.06206758431170774,True,mean + 2 s.d. after unimodal BIC
0.0527889806687227,0.06206758431170774,False,mean + 2 s.d. after unimodal BIC
0.064665243240523,0.06206758431170774,True,mean + 2 s.d. after unimodal BIC
0.0470737090315669,0.06206758431170774,False,mean + 2 s.d. after unimodal BIC
0.0592087763567479,0.06206758431170774,False,mean + 2 s.d. after unimodal BIC
0.0606825256468321,0.06206758431170774,False,mean + 2 s.d. after unimodal BIC
0.0446222528953781,0.06206758431170774,False,mean + 2 s.d. after unimodal BIC
0.0504597378882969,0.06206758431170774,False,mean + 2 s.d. after unimodal BIC
0.0391873530743848,0.06206758431170774,False,mean + 2 s.d. after unimodal BIC
0.0539464130380083,0.06206758431170774,False,mean + 2 s.d. after unimodal BIC
0.05396798010079,0.06206758431170774,False,mean + 2 s.d. after unimodal BIC
0.0495970553770282,0.06206758431170774,False,mean + 2 s.d. after unimodal BIC
0.0587774351011135,0.06206758431170774,False,mean + 2 s.d. after unimodal BIC
0.0552979489723294,0.06206758431170774,False,mean + 2 s.d. after unimodal BIC
0.0460313009971172,0.06206758431170774,False,mean + 2 s.d. after unimodal BIC
0.0627745307366589,0.06206758431170774,True,mean + 2 s.d. after unimodal BIC
0.0549600649887491,0.06206758431170774,False,mean + 2 s.d. after unimodal BIC
0.0550319551980215,0.06206758431170774,False,mean + 2 s.d. after unimodal BIC
0.0505100610347876,0.06206758431170774,False,mean + 2 s.d. after unimodal BIC
0.046117569248244,0.06206758431170774,False,mean + 2 s.d. after unimodal BIC
0.0474547271407107,0.06206758431170774,False,mean + 2 s.d. after unimodal BIC
0.0429256439565495,0.06206758431170774,False,mean + 2 s.d. after unimodal BIC
0.0502728233441887,0.06206758431170774,False,mean + 2 s.d. after unimodal BIC
0.0551326014910029,0.06206758431170774,False,mean + 2 s.d. after unimodal BIC
0.0489284764307948,0.06206758431170774,False,mean + 2 s.d. after unimodal BIC
0.044708521146505,0.06206758431170774,False,mean + 2 s.d. after unimodal BIC
0.0523288833293793,0.06206758431170774,False,mean + 2 s.d. after unimodal BIC
0.0510420485834034,0.06206758431170774,False,mean + 2 s.d. after unimodal BIC
0.0484611900705242,0.06206758431170774,False,mean + 2 s.d. after unimodal BIC
0.0626666954227503,0.06206758431170774,True,mean + 2 s.d. after unimodal BIC
0.0628895550714948,0.06206758431170774,True,mean + 2 s.d. after unimodal BIC
0.0470305749060035,0.06206758431170774,False,mean + 2 s.d. after unimodal BIC
0.0607831719398135,0.06206758431170774,False,mean + 2 s.d. after unimodal BIC
0.0619190372463174,0.06206758431170774,False,mean + 2 s.d. after unimodal BIC
0.0606465805421959,0.06206758431170774,False,mean + 2 s.d. after unimodal BIC
0.0560743632324713,0.06206758431170774,False,mean + 2 s.d. after unimodal BIC
0.0499780734861719,0.06206758431170774,False,mean + 2 s.d. after unimodal BIC
0.0557436682698183,0.06206758431170774,False,mean + 2 s.d. after unimodal BIC
0.0594316360054924,0.06206758431170774,False,mean + 2 s.d. after unimodal BIC
0.0558874486883631,0.06206758431170774,False,mean + 2 s.d. after unimodal BIC
0.0500212076117353,0.06206758431170774,False,mean + 2 s.d. after unimodal BIC
0.0506178963486962,0.06206758431170774,False,mean + 2 s.d. after unimodal BIC
0.0481017390241623,0.06206758431170774,False,mean + 2 s.d. after unimodal BIC
0.0546940712144413,0.06206758431170774,False,mean + 2 s.d. after unimodal BIC
0.0600139467005988,0.06206758431170774,False,mean + 2 s.d. after unimodal BIC
0.0476272636429644,0.06206758431170774,False,mean + 2 s.d. after unimodal BIC
0.0569729908483763,0.06206758431170774,False,mean + 2 s.d. after unimodal BIC
0.052228237036398,0.06206758431170774,False,mean + 2 s.d. after unimodal BIC
0.0622209761252615,0.06206758431170774,True,mean + 2 s.d. after unimodal BIC
0.0475697514755465,0.06206758431170774,False,mean + 2 s.d. after unimodal BIC
0.0632993292643474,0.06206758431170774,True,mean + 2 s.d. after unimodal BIC
0.0413871934781202,0.06206758431170774,False,mean + 2 s.d. after unimodal BIC
0.0499349393606084,0.06206758431170774,False,mean + 2 s.d. after unimodal BIC
0.0482455194427071,0.06206758431170774,False,mean + 2 s.d. after unimodal BIC
0.0451686184858484,0.06206758431170774,False,mean + 2 s.d. after unimodal BIC
0.0492879274771568,0.06206758431170774,False,mean + 2 s.d. after unimodal BIC
0.0647083773660865,0.06206758431170774,True,mean + 2 s.d. after unimodal BIC
0.0535366388451556,0.06206758431170774,False,mean + 2 s.d. after unimodal BIC
0.0524295296223607,0.06206758431170774,False,mean + 2 s.d. after unimodal BIC
0.0623360004600973,0.06206758431170774,True,mean + 2 s.d. after unimodal BIC
0.061307970467502,0.06206758431170774,False,mean + 2 s.d. after unimodal BIC
0.0621131408113529,0.06206758431170774,True,mean + 2 s.d. after unimodal BIC
0.04401837513749,0.06206758431170774,False,mean + 2 s.d. after unimodal BIC
0.047735098956873,0.06206758431170774,False,mean + 2 s.d. after unimodal BIC
0.0547012602353685,0.06206758431170774,False,mean + 2 s.d. after unimodal BIC
0.0532922121336295,0.06206758431170774,False,mean + 2 s.d. after unimodal BIC
0.057382765041229,0.06206758431170774,False,mean + 2 s.d. after unimodal BIC
0.0473900259523655,0.06206758431170774,False,mean + 2 s.d. after unimodal BIC
0.0538673338078087,0.06206758431170774,False,mean + 2 s.d. after unimodal BIC
0.0522929382247431,0.06206758431170774,False,mean + 2 s.d. after unimodal BIC
0.0532994011545567,0.06206758431170774,False,mean + 2 s.d. after unimodal BIC
0.0555567537257101,0.06206758431170774,False,mean + 2 s.d. after unimodal BIC
0.0669154067907491,0.06206758431170774,True,mean + 2 s.d. after unimodal BIC
0.0442987469536523,0.06206758431170774,False,mean + 2 s.d. after unimodal BIC
0.0585186303477329,0.06206758431170774,False,mean + 2 s.d. after unimodal BIC
0.0450320270882308,0.06206758431170774,False,mean + 2 s.d. after unimodal BIC
0.054866607716695,0.06206758431170774,False,mean + 2 s.d. after unimodal BIC
0.0440471312211989,0.06206758431170774,False,mean + 2 s.d. after unimodal BIC
0.0403591634855249,0.06206758431170774,False,mean + 2 s.d. after unimodal BIC
0.0492951164980841,0.06206758431170774,False,mean + 2 s.d. after unimodal BIC
0.0599061113866902,0.06206758431170774,False,mean + 2 s.d. after unimodal BIC
0.0421707967591893,0.06206758431170774,False,mean + 2 s.d. after unimodal BIC
0.0498127260048454,0.06206758431170774,False,mean + 2 s.d. after unimodal BIC
0.039525237057965,0.06206758431170774,False,mean + 2 s.d. after unimodal BIC
0.0526523892711051,0.06206758431170774,False,mean + 2 s.d. after unimodal BIC
0.0488350191587407,0.06206758431170774,False,mean + 2 s.d. after unimodal BIC
0.0506035183068417,0.06206758431170774,False,mean + 2 s.d. after unimodal BIC
0.0489140983889404,0.06206758431170774,False,mean + 2 s.d. after unimodal BIC
0.0494748420212651,0.06206758431170774,False,mean + 2 s.d. after unimodal BIC
0.0474115930151472,0.06206758431170774,False,mean + 2 s.d. after unimodal BIC
0.0443275030373613,0.06206758431170774,False,mean + 2 s.d. after unimodal BIC
0.0592375324404569,0.06206758431170774,False,mean + 2 s.d. after unimodal BIC
0.0524367186432879,0.06206758431170774,False,mean + 2 s.d. after unimodal BIC
0.0493670067073565,0.06206758431170774,False,mean + 2 s.d. after unimodal BIC
0.0450823502347215,0.06206758431170774,False,mean + 2 s.d. after unimodal BIC
0.0586839778290594,0.06206758431170774,False,mean + 2 s.d. after unimodal BIC
0.0642770361104521,0.06206758431170774,True,mean + 2 s.d. after unimodal BIC
0.0462541606458616,0.06206758431170774,False,mean + 2 s.d. after unimodal BIC
0.0579363196526265,0.06206758431170774,False,mean + 2 s.d. after unimodal BIC
0.0516459263412915,0.06206758431170774,False,mean + 2 s.d. after unimodal BIC
0.0522426150782524,0.06206758431170774,False,mean + 2 s.d. after unimodal BIC
0.0461894594575164,0.06206758431170774,False,mean + 2 s.d. after unimodal BIC
0.0539464130380083,0.06206758431170774,False,mean + 2 s.d. after unimodal BIC
0.0551829246374936,0.06206758431170774,False,mean + 2 s.d. after unimodal BIC
0.0519262981574539,0.06206758431170774,False,mean + 2 s.d. after unimodal BIC
0.03206303333549,0.06206758431170774,False,mean + 2 s.d. after unimodal BIC
0.0634431096828922,0.06206758431170774,True,mean + 2 s.d. after unimodal BIC
0.0500140185908081,0.06206758431170774,False,mean + 2 s.d. after unimodal BIC
0.0510995607508213,0.06206758431170774,False,mean + 2 s.d. after unimodal BIC
0.0553914062443835,0.06206758431170774,False,mean + 2 s.d. after unimodal BIC
0.0583389048245519,0.06206758431170774,False,mean + 2 s.d. after unimodal BIC
0.0597838980309271,0.06206758431170774,False,mean + 2 s.d. after unimodal BIC
0.0476416416848189,0.06206758431170774,False,mean + 2 s.d. after unimodal BIC
0.0559665279185627,0.06206758431170774,False,mean + 2 s.d. after unimodal BIC
0.0622353541671159,0.06206758431170774,True,mean + 2 s.d. after unimodal BIC
0.0498774271931905,0.06206758431170774,False,mean + 2 s.d. after unimodal BIC
0.0559809059604172,0.06206758431170774,False,mean + 2 s.d. after unimodal BIC
0.0612288912373023,0.06206758431170774,False,mean + 2 s.d. after unimodal BIC
0.0654991696680829,0.06206758431170774,True,mean + 2 s.d. after unimodal BIC
0.0239969518551268,0.06206758431170774,False,mean + 2 s.d. after unimodal BIC
0.0413368703316295,0.06206758431170774,False,mean + 2 s.d. after unimodal BIC
0.0656501391075549,0.06206758431170774,True,mean + 2 s.d. after unimodal BIC
0.0527889806687227,0.06206758431170774,False,mean + 2 s.d. after unimodal BIC
0.0496689455863006,0.06206758431170774,False,mean + 2 s.d. after unimodal BIC
0.0523288833293793,0.06206758431170774,False,mean + 2 s.d. after unimodal BIC
0.0461607033738075,0.06206758431170774,False,mean + 2 s.d. after unimodal BIC
0.0417754006081911,0.06206758431170774,False,mean + 2 s.d. after unimodal BIC
0.0548019065283499,0.06206758431170774,False,mean + 2 s.d. after unimodal BIC
0.0449457588371039,0.06206758431170774,False,mean + 2 s.d. after unimodal BIC
0.0511067497717485,0.06206758431170774,False,mean + 2 s.d. after unimodal BIC
0.0502656343232615,0.06206758431170774,False,mean + 2 s.d. after unimodal BIC
0.0526595782920324,0.06206758431170774,False,mean + 2 s.d. after unimodal BIC
0.0498271040466998,0.06206758431170774,False,mean + 2 s.d. after unimodal BIC
0.0495970553770282,0.06206758431170774,False,mean + 2 s.d. after unimodal BIC
0.0540326812891352,0.06206758431170774,False,mean + 2 s.d. after unimodal BIC
0.0487415618866866,0.06206758431170774,False,mean + 2 s.d. after unimodal BIC
0.047044952947858,0.06206758431170774,False,mean + 2 s.d. after unimodal BIC
0.0465776665875874,0.06206758431170774,False,mean + 2 s.d. after unimodal BIC
0.0414159495618291,0.06206758431170774,False,mean + 2 s.d. after unimodal BIC
0.0539823581426445,0.06206758431170774,False,mean + 2 s.d. after unimodal BIC
0.0596976297798002,0.06206758431170774,False,mean + 2 s.d. after unimodal BIC
0.0578859965061358,0.06206758431170774,False,mean + 2 s.d. after unimodal BIC
0.0510851827089668,0.06206758431170774,False,mean + 2 s.d. after unimodal BIC
0.0544784005866241,0.06206758431170774,False,mean + 2 s.d. after unimodal BIC
0.0451614294649211,0.06206758431170774,False,mean + 2 s.d. after unimodal BIC
0.0592015873358207,0.06206758431170774,False,mean + 2 s.d. after unimodal BIC
0.046865227424677,0.06206758431170774,False,mean + 2 s.d. after unimodal BIC
0.0531843768197209,0.06206758431170774,False,mean + 2 s.d. after unimodal BIC
0.0599923796378171,0.06206758431170774,False,mean + 2 s.d. after unimodal BIC
0.0550391442189488,0.06206758431170774,False,mean + 2 s.d. after unimodal BIC
0.0469371176339494,0.06206758431170774,False,mean + 2 s.d. after unimodal BIC
0.0373541527379386,0.06206758431170774,False,mean + 2 s.d. after unimodal BIC
0.0559377718348538,0.06206758431170774,False,mean + 2 s.d. after unimodal BIC
0.0605171781655056,0.06206758431170774,False,mean + 2 s.d. after unimodal BIC
0.0503950366999518,0.06206758431170774,False,mean + 2 s.d. after unimodal BIC
0.048604970489069,0.06206758431170774,False,mean + 2 s.d. after unimodal BIC
0.0447588442929957,0.06206758431170774,False,mean + 2 s.d. after unimodal BIC
0.0516674934040733,0.06206758431170774,False,mean + 2 s.d. after unimodal BIC
0.0538745228287359,0.06206758431170774,False,mean + 2 s.d. after unimodal BIC
0.0519047310946722,0.06206758431170774,False,mean + 2 s.d. after unimodal BIC
0.0536157180753553,0.06206758431170774,False,mean + 2 s.d. after unimodal BIC
0.0463476179179157,0.06206758431170774,False,mean + 2 s.d. after unimodal BIC
0.0513583655042019,0.06206758431170774,False,mean + 2 s.d. after unimodal BIC
0.0570376920367215,0.06206758431170774,False,mean + 2 s.d. after unimodal BIC
0.0586480327244232,0.06206758431170774,False,mean + 2 s.d. after unimodal BIC
0.0502440672604797,0.06206758431170774,False,mean + 2 s.d. after unimodal BIC
0.0563691130904882,0.06206758431170774,False,mean + 2 s.d. after unimodal BIC
0.0594316360054924,0.06206758431170774,False,mean + 2 s.d. after unimodal BIC
0.0474762942034924,0.06206758431170774,False,mean + 2 s.d. after unimodal BIC
0.0537738765357546,0.06206758431170774,False,mean + 2 s.d. after unimodal BIC
0.0594172579636379,0.06206758431170774,False,mean + 2 s.d. after unimodal BIC
0.0608766292118676,0.06206758431170774,False,mean + 2 s.d. after unimodal BIC
0.0550319551980215,0.06206758431170774,False,mean + 2 s.d. after unimodal BIC
0.0422930101149524,0.06206758431170774,False,mean + 2 s.d. after unimodal BIC
0.0509126462067131,0.06206758431170774,False,mean + 2 s.d. after unimodal BIC
0.0533209682173384,0.06206758431170774,False,mean + 2 s.d. after unimodal BIC
0.064485517717342,0.06206758431170774,True,mean + 2 s.d. after unimodal BIC
0.0570520700785759,0.06206758431170774,False,mean + 2 s.d. after unimodal BIC
0.0576200027318279,0.06206758431170774,False,mean + 2 s.d. after unimodal BIC
0.0488493972005952,0.06206758431170774,False,mean + 2 s.d. after unimodal BIC
0.0520125664085808,0.06206758431170774,False,mean + 2 s.d. after unimodal BIC
0.0380802438515898,0.06206758431170774,False,mean + 2 s.d. after unimodal BIC
0.0513799325669837,0.06206758431170774,False,mean + 2 s.d. after unimodal BIC
0.0534935047195922,0.06206758431170774,False,mean + 2 s.d. after unimodal BIC
0.0560527961696896,0.06206758431170774,False,mean + 2 s.d. after unimodal BIC
0.0453052098834659,0.06206758431170774,False,mean + 2 s.d. after unimodal BIC
0.0373829088216475,0.06206758431170774,False,mean + 2 s.d. after unimodal BIC
0.0562253326719434,0.06206758431170774,False,mean + 2 s.d. after unimodal BIC
0.0597695199890726,0.06206758431170774,False,mean + 2 s.d. after unimodal BIC
0.0510636156461851,0.06206758431170774,False,mean + 2 s.d. after unimodal BIC
0.0551182234491484,0.06206758431170774,False,mean + 2 s.d. after unimodal BIC
0.041502217812956,0.06206758431170774,False,mean + 2 s.d. after unimodal BIC
0.0479076354591268,0.06206758431170774,False,mean + 2 s.d. after unimodal BIC
0.0465560995248057,0.06206758431170774,False,mean + 2 s.d. after unimodal BIC
0.0557436682698183,0.06206758431170774,False,mean + 2 s.d. after unimodal BIC
0.055254814846766,0.06206758431170774,False,mean + 2 s.d. after unimodal BIC
0.0505531951603511,0.06206758431170774,False,mean + 2 s.d. after unimodal BIC
0.0522713711619614,0.06206758431170774,False,mean + 2 s.d. after unimodal BIC
0.0533784803847564,0.06206758431170774,False,mean + 2 s.d. after unimodal BIC
0.0537451204520456,0.06206758431170774,False,mean + 2 s.d. after unimodal BIC
0.0540901934565531,0.06206758431170774,False,mean + 2 s.d. after unimodal BIC
0.0360745070128899,0.06206758431170774,False,mean + 2 s.d. after unimodal BIC
0.0546365590470233,0.06206758431170774,False,mean + 2 s.d. after unimodal BIC
0.0523360723503066,0.06206758431170774,False,mean + 2 s.d. after unimodal BIC
0.0527027124175958,0.06206758431170774,False,mean + 2 s.d. after unimodal BIC
0.0476991538522368,0.06206758431170774,False,mean + 2 s.d. after unimodal BIC
0.0547372053400047,0.06206758431170774,False,mean + 2 s.d. after unimodal BIC
0.0539607910798628,0.06206758431170774,False,mean + 2 s.d. after unimodal BIC
0.0466711238596415,0.06206758431170774,False,mean + 2 s.d. after unimodal BIC
0.0437164362585459,0.06206758431170774,False,mean + 2 s.d. after unimodal BIC
0.0522929382247431,0.06206758431170774,False,mean + 2 s.d. after unimodal BIC
0.0572389846226842,0.06206758431170774,False,mean + 2 s.d. after unimodal BIC
0.0486696716774142,0.06206758431170774,False,mean + 2 s.d. after unimodal BIC
0.0501577990093529,0.06206758431170774,False,mean + 2 s.d. after unimodal BIC
0.0567285641368502,0.06206758431170774,False,mean + 2 s.d. after unimodal BIC
0.0333642461233204,0.06206758431170774,False,mean + 2 s.d. after unimodal BIC
0.06792905874149,0.06206758431170774,True,mean + 2 s.d. after unimodal BIC
0.0449673258998856,0.06206758431170774,False,mean + 2 s.d. after unimodal BIC
0.0558227475000179,0.06206758431170774,False,mean + 2 s.d. after unimodal BIC
0.0458803315576451,0.06206758431170774,False,mean + 2 s.d. after unimodal BIC
0.0351255562504942,0.06206758431170774,False,mean + 2 s.d. after unimodal BIC
0.0359307265943451,0.06206758431170774,False,mean + 2 s.d. after unimodal BIC
0.057023313994867,0.06206758431170774,False,mean + 2 s.d. after unimodal BIC
0.0382527803538436,0.06206758431170774,False,mean + 2 s.d. after unimodal BIC
0.0494892200631196,0.06206758431170774,False,mean + 2 s.d. after unimodal BIC
0.0398487429996908,0.06206758431170774,False,mean + 2 s.d. after unimodal BIC
0.0458443864530089,0.06206758431170774,False,mean + 2 s.d. after unimodal BIC
0.0608047390025952,0.06206758431170774,False,mean + 2 s.d. after unimodal BIC
0.0483892998612518,0.06206758431170774,False,mean + 2 s.d. after unimodal BIC
0.0538529557659542,0.06206758431170774,False,mean + 2 s.d. after unimodal BIC
0.0580441549665351,0.06206758431170774,False,mean + 2 s.d. after unimodal BIC
0.0580441549665351,0.06206758431170774,False,mean + 2 s.d. after unimodal BIC
0.0584179840547515,0.06206758431170774,False,mean + 2 s.d. after unimodal BIC
0.0499996405489536,0.06206758431170774,False,mean + 2 s.d. after unimodal BIC
0.0622569212298977,0.06206758431170774,True,mean + 2 s.d. after unimodal BIC
0.0581088561548802,0.06206758431170774,False,mean + 2 s.d. after unimodal BIC
0.0648162126799951,0.06206758431170774,True,mean + 2 s.d. after unimodal BIC
0.053126864652303,0.06206758431170774,False,mean + 2 s.d. after unimodal BIC
0.0471527882617666,0.06206758431170774,False,mean + 2 s.d. after unimodal BIC
0.0507401097044593,0.06206758431170774,False,mean + 2 s.d. after unimodal BIC
0.0599492455122536,0.06206758431170774,False,mean + 2 s.d. after unimodal BIC
0.0516962494877822,0.06206758431170774,False,mean + 2 s.d. after unimodal BIC
0.0588852704150221,0.06206758431170774,False,mean + 2 s.d. after unimodal BIC
0.0557077231651821,0.06206758431170774,False,mean + 2 s.d. after unimodal BIC
0.0581088561548802,0.06206758431170774,False,mean + 2 s.d. after unimodal BIC
0.0584395511175333,0.06206758431170774,False,mean + 2 s.d. after unimodal BIC
0.0507688657881683,0.06206758431170774,False,mean + 2 s.d. after unimodal BIC
0.0447013321255778,0.06206758431170774,False,mean + 2 s.d. after unimodal BIC
0.0544712115656968,0.06206758431170774,False,mean + 2 s.d. after unimodal BIC
0.0561821985463799,0.06206758431170774,False,mean + 2 s.d. after unimodal BIC
0.0532418889871388,0.06206758431170774,False,mean + 2 s.d. after unimodal BIC
0.0474475381197834,0.06206758431170774,False,mean + 2 s.d. after unimodal BIC
0.046865227424677,0.06206758431170774,False,mean + 2 s.d. after unimodal BIC
0.0428968878728406,0.06206758431170774,False,mean + 2 s.d. after unimodal BIC
0.067361126088238,0.06206758431170774,True,mean + 2 s.d. after unimodal BIC
0.0460241119761899,0.06206758431170774,False,mean + 2 s.d. after unimodal BIC
0.0601217820145074,0.06206758431170774,False,mean + 2 s.d. after unimodal BIC
0.0426165160566782,0.06206758431170774,False,mean + 2 s.d. after unimodal BIC
0.0608119280235224,0.06206758431170774,False,mean + 2 s.d. after unimodal BIC
0.0579650757363354,0.06206758431170774,False,mean + 2 s.d. after unimodal BIC
0.0517825177389091,0.06206758431170774,False,mean + 2 s.d. after unimodal BIC
0.0545502907958965,0.06206758431170774,False,mean + 2 s.d. after unimodal BIC
0.0551469795328574,0.06206758431170774,False,mean + 2 s.d. after unimodal BIC
0.0541620836658255,0.06206758431170774,False,mean + 2 s.d. after unimodal BIC
0.0442556128280889,0.06206758431170774,False,mean + 2 s.d. after unimodal BIC
0.038684121609478,0.06206758431170774,False,mean + 2 s.d. after unimodal BIC
0.0535941510125735,0.06206758431170774,False,mean + 2 s.d. after unimodal BIC
0.0581304232176619,0.06206758431170774,False,mean + 2 s.d. after unimodal BIC
0.0549456869468947,0.06206758431170774,False,mean + 2 s.d. after unimodal BIC
0.0482527084636343,0.06206758431170774,False,mean + 2 s.d. after unimodal BIC
0.0600858369098712,0.06206758431170774,False,mean + 2 s.d. after unimodal BIC
0.0653050661030474,0.06206758431170774,True,mean + 2 s.d. after unimodal BIC
0.0195325698593108,0.06206758431170774,False,mean + 2 s.d. after unimodal BIC
0.0562684667975068,0.06206758431170774,False,mean + 2 s.d. after unimodal BIC
0.0433569852121839,0.06206758431170774,False,mean + 2 s.d. after unimodal BIC
0.0595322822984737,0.06206758431170774,False,mean + 2 s.d. after unimodal BIC
0.0566207288229416,0.06206758431170774,False,mean + 2 s.d. after unimodal BIC
0.0473468918268021,0.06206758431170774,False,mean + 2 s.d. after unimodal BIC
0.0532346999662116,0.06206758431170774,False,mean + 2 s.d. after unimodal BIC
0.0613726716558471,0.06206758431170774,False,mean + 2 s.d. after unimodal BIC
0.0531412426941574,0.06206758431170774,False,mean + 2 s.d. after unimodal BIC
0.0436445460492735,0.06206758431170774,False,mean + 2 s.d. after unimodal BIC
0.0552116807212025,0.06206758431170774,False,mean + 2 s.d. after unimodal BIC
0.0484971351751604,0.06206758431170774,False,mean + 2 s.d. after unimodal BIC
0.0553554611397473,0.06206758431170774,False,mean + 2 s.d. after unimodal BIC
0.0605675013119963,0.06206758431170774,False,mean + 2 s.d. after unimodal BIC
0.0648090236590678,0.06206758431170774,True,mean + 2 s.d. after unimodal BIC
0.0591009410428393,0.06206758431170774,False,mean + 2 s.d. after unimodal BIC
0.0489284764307948,0.06206758431170774,False,mean + 2 s.d. after unimodal BIC
0.0467645811316956,0.06206758431170774,False,mean + 2 s.d. after unimodal BIC
0.0572533626645387,0.06206758431170774,False,mean + 2 s.d. after unimodal BIC
0.0606609585840504,0.06206758431170774,False,mean + 2 s.d. after unimodal BIC
0.022264397811662,0.06206758431170774,False,mean + 2 s.d. after unimodal BIC
0.0562325216928706,0.06206758431170774,False,mean + 2 s.d. after unimodal BIC
0.0537594984939001,0.06206758431170774,False,mean + 2 s.d. after unimodal BIC
0.0537810655566818,0.06206758431170774,False,mean + 2 s.d. after unimodal BIC
0.03862660944206,0.06206758431170774,False,mean + 2 s.d. after unimodal BIC
0.0437164362585459,0.06206758431170774,False,mean + 2 s.d. after unimodal BIC
0.0513655545251292,0.06206758431170774,False,mean + 2 s.d. after unimodal BIC
0.0520341334713625,0.06206758431170774,False,mean + 2 s.d. after unimodal BIC
0.0600283247424533,0.06206758431170774,False,mean + 2 s.d. after unimodal BIC
0.0483677327984701,0.06206758431170774,False,mean + 2 s.d. after unimodal BIC
0.0551110344282212,0.06206758431170774,False,mean + 2 s.d. after unimodal BIC
0.0585761425151508,0.06206758431170774,False,mean + 2 s.d. after unimodal BIC
0.051329609420493,0.06206758431170774,False,mean + 2 s.d. after unimodal BIC
0.058640843703496,0.06206758431170774,False,mean + 2 s.d. after unimodal BIC
0.0464985873573877,0.06206758431170774,False,mean + 2 s.d. after unimodal BIC
0.0525229868944148,0.06206758431170774,False,mean + 2 s.d. after unimodal BIC
0.0598485992192723,0.06206758431170774,False,mean + 2 s.d. after unimodal BIC
0.0542267848541707,0.06206758431170774,False,mean + 2 s.d. after unimodal BIC
0.0428753208100588,0.06206758431170774,False,mean + 2 s.d. after unimodal BIC
0.0438889727607997,0.06206758431170774,False,mean + 2 s.d. after unimodal BIC
0.0547875284864954,0.06206758431170774,False,mean + 2 s.d. after unimodal BIC
0.0559521498767082,0.06206758431170774,False,mean + 2 s.d. after unimodal BIC
0.0551901136584208,0.06206758431170774,False,mean + 2 s.d. after unimodal BIC
0.0572605516854659,0.06206758431170774,False,mean + 2 s.d. after unimodal BIC
0.0525733100409055,0.06206758431170774,False,mean + 2 s.d. after unimodal BIC
0.0470665200106397,0.06206758431170774,False,mean + 2 s.d. after unimodal BIC
0.0497552138374274,0.06206758431170774,False,mean + 2 s.d. after unimodal BIC
0.0608981962746493,0.06206758431170774,False,mean + 2 s.d. after unimodal BIC
0.0596832517379458,0.06206758431170774,False,mean + 2 s.d. after unimodal BIC
0.0520700785759987,0.06206758431170774,False,mean + 2 s.d. after unimodal BIC
0.0457149840763186,0.06206758431170774,False,mean + 2 s.d. after unimodal BIC
0.0432491498982753,0.06206758431170774,False,mean + 2 s.d. after unimodal BIC
0.0497839699211364,0.06206758431170774,False,mean + 2 s.d. after unimodal BIC
0.0433354181494022,0.06206758431170774,False,mean + 2 s.d. after unimodal BIC
0.0483317876938339,0.06206758431170774,False,mean + 2 s.d. after unimodal BIC
0.0556717780605459,0.06206758431170774,False,mean + 2 s.d. after unimodal BIC
0.0447660333139229,0.06206758431170774,False,mean + 2 s.d. after unimodal BIC
0.0624654028367876,0.06206758431170774,True,mean + 2 s.d. after unimodal BIC
0.0449888929626674,0.06206758431170774,False,mean + 2 s.d. after unimodal BIC
0.0452261306532663,0.06206758431170774,False,mean + 2 s.d. after unimodal BIC
0.0619406043090991,0.06206758431170774,False,mean + 2 s.d. after unimodal BIC
