x,y,held_out_patient,n_patients,spearman_rho,spearman_p,sign
DOROTHEA_BACH1_ABC_TF_ACTIVITY__decoupler_mlm,DOROTHEA_BACH1_ABC_TF_ACTIVITY__decoupler_ulm,AL02,15,0.982142857142857,8.157333508978721e-11,positive
DOROTHEA_BACH1_ABC_TF_ACTIVITY__decoupler_mlm,DOROTHEA_BACH1_ABC_TF_ACTIVITY__decoupler_ulm,AL06,15,0.982142857142857,8.157333508978721e-11,positive
DOROTHEA_BACH1_ABC_TF_ACTIVITY__decoupler_mlm,DOROTHEA_BACH1_ABC_TF_ACTIVITY__decoupler_ulm,AL08,15,0.9857142857142854,1.9290948746067857e-11,positive
DOROTHEA_BACH1_ABC_TF_ACTIVITY__decoupler_mlm,DOROTHEA_BACH1_ABC_TF_ACTIVITY__decoupler_ulm,AL10,15,0.9892857142857142,2.99893425715507e-12,positive
DOROTHEA_BACH1_ABC_TF_ACTIVITY__decoupler_mlm,DOROTHEA_BACH1_ABC_TF_ACTIVITY__decoupler_ulm,AL11,15,0.982142857142857,8.157333508978721e-11,positive
DOROTHEA_BACH1_ABC_TF_ACTIVITY__decoupler_mlm,DOROTHEA_BACH1_ABC_TF_ACTIVITY__decoupler_ulm,P0006,15,0.982142857142857,8.157333508978721e-11,positive
DOROTHEA_BACH1_ABC_TF_ACTIVITY__decoupler_mlm,DOROTHEA_BACH1_ABC_TF_ACTIVITY__decoupler_ulm,P0008,15,0.9892857142857142,2.99893425715507e-12,positive
DOROTHEA_BACH1_ABC_TF_ACTIVITY__decoupler_mlm,DOROTHEA_BACH1_ABC_TF_ACTIVITY__decoupler_ulm,P0009,15,0.9928571428571428,2.1681214863293035e-13,positive
DOROTHEA_BACH1_ABC_TF_ACTIVITY__decoupler_mlm,DOROTHEA_BACH1_ABC_TF_ACTIVITY__decoupler_ulm,P0018,15,0.982142857142857,8.157333508978721e-11,positive
DOROTHEA_BACH1_ABC_TF_ACTIVITY__decoupler_mlm,DOROTHEA_BACH1_ABC_TF_ACTIVITY__decoupler_ulm,P0019,15,0.982142857142857,8.157333508978721e-11,positive
DOROTHEA_BACH1_ABC_TF_ACTIVITY__decoupler_mlm,DOROTHEA_BACH1_ABC_TF_ACTIVITY__decoupler_ulm,P0020,15,0.982142857142857,8.157333508978721e-11,positive
DOROTHEA_BACH1_ABC_TF_ACTIVITY__decoupler_mlm,DOROTHEA_BACH1_ABC_TF_ACTIVITY__decoupler_ulm,P0025,15,0.9857142857142854,1.9290948746067857e-11,positive
DOROTHEA_BACH1_ABC_TF_ACTIVITY__decoupler_mlm,DOROTHEA_BACH1_ABC_TF_ACTIVITY__decoupler_ulm,P0028,15,0.9857142857142854,1.9290948746067857e-11,positive
DOROTHEA_BACH1_ABC_TF_ACTIVITY__decoupler_mlm,DOROTHEA_BACH1_ABC_TF_ACTIVITY__decoupler_ulm,P0030,15,0.982142857142857,8.157333508978721e-11,positive
DOROTHEA_BACH1_ABC_TF_ACTIVITY__decoupler_mlm,DOROTHEA_BACH1_ABC_TF_ACTIVITY__decoupler_ulm,P0031,15,0.982142857142857,8.157333508978721e-11,positive
DOROTHEA_BACH1_ABC_TF_ACTIVITY__decoupler_mlm,DOROTHEA_BACH1_ABC_TF_ACTIVITY__decoupler_ulm,P0034,15,0.9857142857142854,1.9290948746067857e-11,positive
DOROTHEA_BACH1_ABC_TF_ACTIVITY__decoupler_ulm,DOROTHEA_BACH1_ABC_TF_ACTIVITY__decoupler_mlm,AL02,15,0.982142857142857,8.157333508978721e-11,positive
DOROTHEA_BACH1_ABC_TF_ACTIVITY__decoupler_ulm,DOROTHEA_BACH1_ABC_TF_ACTIVITY__decoupler_mlm,AL06,15,0.982142857142857,8.157333508978721e-11,positive
DOROTHEA_BACH1_ABC_TF_ACTIVITY__decoupler_ulm,DOROTHEA_BACH1_ABC_TF_ACTIVITY__decoupler_mlm,AL08,15,0.9857142857142854,1.9290948746067857e-11,positive
DOROTHEA_BACH1_ABC_TF_ACTIVITY__decoupler_ulm,DOROTHEA_BACH1_ABC_TF_ACTIVITY__decoupler_mlm,AL10,15,0.9892857142857142,2.99893425715507e-12,positive
DOROTHEA_BACH1_ABC_TF_ACTIVITY__decoupler_ulm,DOROTHEA_BACH1_ABC_TF_ACTIVITY__decoupler_mlm,AL11,15,0.982142857142857,8.157333508978721e-11,positive
DOROTHEA_BACH1_ABC_TF_ACTIVITY__decoupler_ulm,DOROTHEA_BACH1_ABC_TF_ACTIVITY__decoupler_mlm,P0006,15,0.982142857142857,8.157333508978721e-11,positive
DOROTHEA_BACH1_ABC_TF_ACTIVITY__decoupler_ulm,DOROTHEA_BACH1_ABC_TF_ACTIVITY__decoupler_mlm,P0008,15,0.9892857142857142,2.99893425715507e-12,positive
DOROTHEA_BACH1_ABC_TF_ACTIVITY__decoupler_ulm,DOROTHEA_BACH1_ABC_TF_ACTIVITY__decoupler_mlm,P0009,15,0.9928571428571428,2.1681214863293035e-13,positive
DOROTHEA_BACH1_ABC_TF_ACTIVITY__decoupler_ulm,DOROTHEA_BACH1_ABC_TF_ACTIVITY__decoupler_mlm,P0018,15,0.982142857142857,8.157333508978721e-11,positive
DOROTHEA_BACH1_ABC_TF_ACTIVITY__decoupler_ulm,DOROTHEA_BACH1_ABC_TF_ACTIVITY__decoupler_mlm,P0019,15,0.982142857142857,8.157333508978721e-11,positive
DOROTHEA_BACH1_ABC_TF_ACTIVITY__decoupler_ulm,DOROTHEA_BACH1_ABC_TF_ACTIVITY__decoupler_mlm,P0020,15,0.982142857142857,8.157333508978721e-11,positive
DOROTHEA_BACH1_ABC_TF_ACTIVITY__decoupler_ulm,DOROTHEA_BACH1_ABC_TF_ACTIVITY__decoupler_mlm,P0025,15,0.9857142857142854,1.9290948746067857e-11,positive
DOROTHEA_BACH1_ABC_TF_ACTIVITY__decoupler_ulm,DOROTHEA_BACH1_ABC_TF_ACTIVITY__decoupler_mlm,P0028,15,0.9857142857142854,1.9290948746067857e-11,positive
DOROTHEA_BACH1_ABC_TF_ACTIVITY__decoupler_ulm,DOROTHEA_BACH1_ABC_TF_ACTIVITY__decoupler_mlm,P0030,15,0.982142857142857,8.157333508978721e-11,positive
DOROTHEA_BACH1_ABC_TF_ACTIVITY__decoupler_ulm,DOROTHEA_BACH1_ABC_TF_ACTIVITY__decoupler_mlm,P0031,15,0.982142857142857,8.157333508978721e-11,positive
DOROTHEA_BACH1_ABC_TF_ACTIVITY__decoupler_ulm,DOROTHEA_BACH1_ABC_TF_ACTIVITY__decoupler_mlm,P0034,15,0.9857142857142854,1.9290948746067857e-11,positive
COLLECTRI_BACH1_TF_ACTIVITY__decoupler_mlm,COLLECTRI_BACH1_TF_ACTIVITY__decoupler_ulm,AL02,15,0.9392857142857142,2.094580193668553e-07,positive
COLLECTRI_BACH1_TF_ACTIVITY__decoupler_mlm,COLLECTRI_BACH1_TF_ACTIVITY__decoupler_ulm,AL06,15,0.95,6.086257958053975e-08,positive
COLLECTRI_BACH1_TF_ACTIVITY__decoupler_mlm,COLLECTRI_BACH1_TF_ACTIVITY__decoupler_ulm,AL08,15,0.9642857142857141,7.072303009204265e-09,positive
COLLECTRI_BACH1_TF_ACTIVITY__decoupler_mlm,COLLECTRI_BACH1_TF_ACTIVITY__decoupler_ulm,AL10,15,0.9607142857142855,1.302748979034346e-08,positive
COLLECTRI_BACH1_TF_ACTIVITY__decoupler_mlm,COLLECTRI_BACH1_TF_ACTIVITY__decoupler_ulm,AL11,15,0.9392857142857142,2.094580193668553e-07,positive
COLLECTRI_BACH1_TF_ACTIVITY__decoupler_mlm,COLLECTRI_BACH1_TF_ACTIVITY__decoupler_ulm,P0006,15,0.95,6.086257958053975e-08,positive
COLLECTRI_BACH1_TF_ACTIVITY__decoupler_mlm,COLLECTRI_BACH1_TF_ACTIVITY__decoupler_ulm,P0008,15,0.9392857142857142,2.094580193668553e-07,positive
COLLECTRI_BACH1_TF_ACTIVITY__decoupler_mlm,COLLECTRI_BACH1_TF_ACTIVITY__decoupler_ulm,P0009,15,0.9749999999999999,7.143705965229253e-10,positive
COLLECTRI_BACH1_TF_ACTIVITY__decoupler_mlm,COLLECTRI_BACH1_TF_ACTIVITY__decoupler_ulm,P0018,15,0.9392857142857142,2.094580193668553e-07,positive
COLLECTRI_BACH1_TF_ACTIVITY__decoupler_mlm,COLLECTRI_BACH1_TF_ACTIVITY__decoupler_ulm,P0019,15,0.9392857142857142,2.094580193668553e-07,positive
COLLECTRI_BACH1_TF_ACTIVITY__decoupler_mlm,COLLECTRI_BACH1_TF_ACTIVITY__decoupler_ulm,P0020,15,0.9392857142857142,2.094580193668553e-07,positive
COLLECTRI_BACH1_TF_ACTIVITY__decoupler_mlm,COLLECTRI_BACH1_TF_ACTIVITY__decoupler_ulm,P0025,15,0.9392857142857142,2.094580193668553e-07,positive
COLLECTRI_BACH1_TF_ACTIVITY__decoupler_mlm,COLLECTRI_BACH1_TF_ACTIVITY__decoupler_ulm,P0028,15,0.9535714285714283,3.7924400411831255e-08,positive
COLLECTRI_BACH1_TF_ACTIVITY__decoupler_mlm,COLLECTRI_BACH1_TF_ACTIVITY__decoupler_ulm,P0030,15,0.9392857142857142,2.094580193668553e-07,positive
COLLECTRI_BACH1_TF_ACTIVITY__decoupler_mlm,COLLECTRI_BACH1_TF_ACTIVITY__decoupler_ulm,P0031,15,0.95,6.086257958053975e-08,positive
COLLECTRI_BACH1_TF_ACTIVITY__decoupler_mlm,COLLECTRI_BACH1_TF_ACTIVITY__decoupler_ulm,P0034,15,0.9607142857142855,1.302748979034346e-08,positive
COLLECTRI_BACH1_TF_ACTIVITY__decoupler_ulm,COLLECTRI_BACH1_TF_ACTIVITY__decoupler_mlm,AL02,15,0.9392857142857142,2.094580193668553e-07,positive
COLLECTRI_BACH1_TF_ACTIVITY__decoupler_ulm,COLLECTRI_BACH1_TF_ACTIVITY__decoupler_mlm,AL06,15,0.95,6.086257958053975e-08,positive
COLLECTRI_BACH1_TF_ACTIVITY__decoupler_ulm,COLLECTRI_BACH1_TF_ACTIVITY__decoupler_mlm,AL08,15,0.9642857142857141,7.072303009204265e-09,positive
COLLECTRI_BACH1_TF_ACTIVITY__decoupler_ulm,COLLECTRI_BACH1_TF_ACTIVITY__decoupler_mlm,AL10,15,0.9607142857142855,1.302748979034346e-08,positive
COLLECTRI_BACH1_TF_ACTIVITY__decoupler_ulm,COLLECTRI_BACH1_TF_ACTIVITY__decoupler_mlm,AL11,15,0.9392857142857142,2.094580193668553e-07,positive
COLLECTRI_BACH1_TF_ACTIVITY__decoupler_ulm,COLLECTRI_BACH1_TF_ACTIVITY__decoupler_mlm,P0006,15,0.95,6.086257958053975e-08,positive
COLLECTRI_BACH1_TF_ACTIVITY__decoupler_ulm,COLLECTRI_BACH1_TF_ACTIVITY__decoupler_mlm,P0008,15,0.9392857142857142,2.094580193668553e-07,positive
COLLECTRI_BACH1_TF_ACTIVITY__decoupler_ulm,COLLECTRI_BACH1_TF_ACTIVITY__decoupler_mlm,P0009,15,0.9749999999999999,7.143705965229253e-10,positive
COLLECTRI_BACH1_TF_ACTIVITY__decoupler_ulm,COLLECTRI_BACH1_TF_ACTIVITY__decoupler_mlm,P0018,15,0.9392857142857142,2.094580193668553e-07,positive
COLLECTRI_BACH1_TF_ACTIVITY__decoupler_ulm,COLLECTRI_BACH1_TF_ACTIVITY__decoupler_mlm,P0019,15,0.9392857142857142,2.094580193668553e-07,positive
COLLECTRI_BACH1_TF_ACTIVITY__decoupler_ulm,COLLECTRI_BACH1_TF_ACTIVITY__decoupler_mlm,P0020,15,0.9392857142857142,2.094580193668553e-07,positive
COLLECTRI_BACH1_TF_ACTIVITY__decoupler_ulm,COLLECTRI_BACH1_TF_ACTIVITY__decoupler_mlm,P0025,15,0.9392857142857142,2.094580193668553e-07,positive
COLLECTRI_BACH1_TF_ACTIVITY__decoupler_ulm,COLLECTRI_BACH1_TF_ACTIVITY__decoupler_mlm,P0028,15,0.9535714285714283,3.7924400411831255e-08,positive
COLLECTRI_BACH1_TF_ACTIVITY__decoupler_ulm,COLLECTRI_BACH1_TF_ACTIVITY__decoupler_mlm,P0030,15,0.9392857142857142,2.094580193668553e-07,positive
COLLECTRI_BACH1_TF_ACTIVITY__decoupler_ulm,COLLECTRI_BACH1_TF_ACTIVITY__decoupler_mlm,P0031,15,0.95,6.086257958053975e-08,positive
COLLECTRI_BACH1_TF_ACTIVITY__decoupler_ulm,COLLECTRI_BACH1_TF_ACTIVITY__decoupler_mlm,P0034,15,0.9607142857142855,1.302748979034346e-08,positive
DOROTHEA_BACH1_ABC_TF_ACTIVITY__mean_z,HALLMARK_HYPOXIA__mean_z,AL02,15,0.8964285714285712,6.066143021729969e-06,positive
DOROTHEA_BACH1_ABC_TF_ACTIVITY__mean_z,HALLMARK_HYPOXIA__mean_z,AL06,15,0.907142857142857,3.0633105354938695e-06,positive
DOROTHEA_BACH1_ABC_TF_ACTIVITY__mean_z,HALLMARK_HYPOXIA__mean_z,AL08,15,0.9035714285714285,3.880504128799778e-06,positive
DOROTHEA_BACH1_ABC_TF_ACTIVITY__mean_z,HALLMARK_HYPOXIA__mean_z,AL10,15,0.914285714285714,1.853112130892648e-06,positive
DOROTHEA_BACH1_ABC_TF_ACTIVITY__mean_z,HALLMARK_HYPOXIA__mean_z,AL11,15,0.8999999999999999,4.871970948735608e-06,positive
DOROTHEA_BACH1_ABC_TF_ACTIVITY__mean_z,HALLMARK_HYPOXIA__mean_z,P0006,15,0.9035714285714285,3.880504128799778e-06,positive
DOROTHEA_BACH1_ABC_TF_ACTIVITY__mean_z,HALLMARK_HYPOXIA__mean_z,P0008,15,0.914285714285714,1.853112130892648e-06,positive
DOROTHEA_BACH1_ABC_TF_ACTIVITY__mean_z,HALLMARK_HYPOXIA__mean_z,P0009,15,0.8892857142857141,9.192974758842264e-06,positive
DOROTHEA_BACH1_ABC_TF_ACTIVITY__mean_z,HALLMARK_HYPOXIA__mean_z,P0018,15,0.9035714285714285,3.880504128799778e-06,positive
DOROTHEA_BACH1_ABC_TF_ACTIVITY__mean_z,HALLMARK_HYPOXIA__mean_z,P0019,15,0.907142857142857,3.0633105354938695e-06,positive
DOROTHEA_BACH1_ABC_TF_ACTIVITY__mean_z,HALLMARK_HYPOXIA__mean_z,P0020,15,0.8999999999999999,4.871970948735608e-06,positive
DOROTHEA_BACH1_ABC_TF_ACTIVITY__mean_z,HALLMARK_HYPOXIA__mean_z,P0025,15,0.8892857142857141,9.192974758842264e-06,positive
DOROTHEA_BACH1_ABC_TF_ACTIVITY__mean_z,HALLMARK_HYPOXIA__mean_z,P0028,15,0.9285714285714284,5.867938270803346e-07,positive
DOROTHEA_BACH1_ABC_TF_ACTIVITY__mean_z,HALLMARK_HYPOXIA__mean_z,P0030,15,0.914285714285714,1.853112130892648e-06,positive
DOROTHEA_BACH1_ABC_TF_ACTIVITY__mean_z,HALLMARK_HYPOXIA__mean_z,P0031,15,0.9178571428571428,1.4176968515006281e-06,positive
DOROTHEA_BACH1_ABC_TF_ACTIVITY__mean_z,HALLMARK_HYPOXIA__mean_z,P0034,15,0.9214285714285713,1.0713172981620745e-06,positive
KLENJA2025_BACH1_ACTIVITY_INVERTED__ssgsea_NES,KLENJA2025_BACH1_INVERSE_ACTIVITY__mean_z,AL02,15,0.7964285714285713,0.00038046767853463365,positive
KLENJA2025_BACH1_ACTIVITY_INVERTED__ssgsea_NES,KLENJA2025_BACH1_INVERSE_ACTIVITY__mean_z,AL06,15,0.8035714285714284,0.0003072650318125094,positive
KLENJA2025_BACH1_ACTIVITY_INVERTED__ssgsea_NES,KLENJA2025_BACH1_INVERSE_ACTIVITY__mean_z,AL08,15,0.8607142857142854,3.80552502266478e-05,positive
KLENJA2025_BACH1_ACTIVITY_INVERTED__ssgsea_NES,KLENJA2025_BACH1_INVERSE_ACTIVITY__mean_z,AL10,15,0.8321428571428571,0.00011902824493849783,positive
KLENJA2025_BACH1_ACTIVITY_INVERTED__ssgsea_NES,KLENJA2025_BACH1_INVERSE_ACTIVITY__mean_z,AL11,15,0.8214285714285712,0.00017314771750717045,positive
KLENJA2025_BACH1_ACTIVITY_INVERTED__ssgsea_NES,KLENJA2025_BACH1_INVERSE_ACTIVITY__mean_z,P0006,15,0.8964285714285712,6.066143021729969e-06,positive
KLENJA2025_BACH1_ACTIVITY_INVERTED__ssgsea_NES,KLENJA2025_BACH1_INVERSE_ACTIVITY__mean_z,P0008,15,0.7964285714285713,0.00038046767853463365,positive
KLENJA2025_BACH1_ACTIVITY_INVERTED__ssgsea_NES,KLENJA2025_BACH1_INVERSE_ACTIVITY__mean_z,P0009,15,0.7964285714285713,0.00038046767853463365,positive
KLENJA2025_BACH1_ACTIVITY_INVERTED__ssgsea_NES,KLENJA2025_BACH1_INVERSE_ACTIVITY__mean_z,P0018,15,0.8607142857142854,3.80552502266478e-05,positive
KLENJA2025_BACH1_ACTIVITY_INVERTED__ssgsea_NES,KLENJA2025_BACH1_INVERSE_ACTIVITY__mean_z,P0019,15,0.8142857142857142,0.000219365827727102,positive
KLENJA2025_BACH1_ACTIVITY_INVERTED__ssgsea_NES,KLENJA2025_BACH1_INVERSE_ACTIVITY__mean_z,P0020,15,0.8214285714285712,0.00017314771750717045,positive
KLENJA2025_BACH1_ACTIVITY_INVERTED__ssgsea_NES,KLENJA2025_BACH1_INVERSE_ACTIVITY__mean_z,P0025,15,0.8107142857142855,0.0002460079779722061,positive
KLENJA2025_BACH1_ACTIVITY_INVERTED__ssgsea_NES,KLENJA2025_BACH1_INVERSE_ACTIVITY__mean_z,P0028,15,0.8499999999999999,5.995888525311021e-05,positive
KLENJA2025_BACH1_ACTIVITY_INVERTED__ssgsea_NES,KLENJA2025_BACH1_INVERSE_ACTIVITY__mean_z,P0030,15,0.8499999999999999,5.995888525311021e-05,positive
KLENJA2025_BACH1_ACTIVITY_INVERTED__ssgsea_NES,KLENJA2025_BACH1_INVERSE_ACTIVITY__mean_z,P0031,15,0.8107142857142855,0.0002460079779722061,positive
KLENJA2025_BACH1_ACTIVITY_INVERTED__ssgsea_NES,KLENJA2025_BACH1_INVERSE_ACTIVITY__mean_z,P0034,15,0.8571428571428571,4.4460044470047475e-05,positive
KLENJA2025_BACH1_INVERSE_ACTIVITY__mean_z,KLENJA2025_BACH1_ACTIVITY_INVERTED__ssgsea_NES,AL02,15,0.7964285714285713,0.00038046767853463365,positive
KLENJA2025_BACH1_INVERSE_ACTIVITY__mean_z,KLENJA2025_BACH1_ACTIVITY_INVERTED__ssgsea_NES,AL06,15,0.8035714285714284,0.0003072650318125094,positive
KLENJA2025_BACH1_INVERSE_ACTIVITY__mean_z,KLENJA2025_BACH1_ACTIVITY_INVERTED__ssgsea_NES,AL08,15,0.8607142857142854,3.80552502266478e-05,positive
KLENJA2025_BACH1_INVERSE_ACTIVITY__mean_z,KLENJA2025_BACH1_ACTIVITY_INVERTED__ssgsea_NES,AL10,15,0.8321428571428571,0.00011902824493849783,positive
KLENJA2025_BACH1_INVERSE_ACTIVITY__mean_z,KLENJA2025_BACH1_ACTIVITY_INVERTED__ssgsea_NES,AL11,15,0.8214285714285712,0.00017314771750717045,positive
KLENJA2025_BACH1_INVERSE_ACTIVITY__mean_z,KLENJA2025_BACH1_ACTIVITY_INVERTED__ssgsea_NES,P0006,15,0.8964285714285712,6.066143021729969e-06,positive
KLENJA2025_BACH1_INVERSE_ACTIVITY__mean_z,KLENJA2025_BACH1_ACTIVITY_INVERTED__ssgsea_NES,P0008,15,0.7964285714285713,0.00038046767853463365,positive
KLENJA2025_BACH1_INVERSE_ACTIVITY__mean_z,KLENJA2025_BACH1_ACTIVITY_INVERTED__ssgsea_NES,P0009,15,0.7964285714285713,0.00038046767853463365,positive
KLENJA2025_BACH1_INVERSE_ACTIVITY__mean_z,KLENJA2025_BACH1_ACTIVITY_INVERTED__ssgsea_NES,P0018,15,0.8607142857142854,3.80552502266478e-05,positive
KLENJA2025_BACH1_INVERSE_ACTIVITY__mean_z,KLENJA2025_BACH1_ACTIVITY_INVERTED__ssgsea_NES,P0019,15,0.8142857142857142,0.000219365827727102,positive
KLENJA2025_BACH1_INVERSE_ACTIVITY__mean_z,KLENJA2025_BACH1_ACTIVITY_INVERTED__ssgsea_NES,P0020,15,0.8214285714285712,0.00017314771750717045,positive
KLENJA2025_BACH1_INVERSE_ACTIVITY__mean_z,KLENJA2025_BACH1_ACTIVITY_INVERTED__ssgsea_NES,P0025,15,0.8107142857142855,0.0002460079779722061,positive
KLENJA2025_BACH1_INVERSE_ACTIVITY__mean_z,KLENJA2025_BACH1_ACTIVITY_INVERTED__ssgsea_NES,P0028,15,0.8499999999999999,5.995888525311021e-05,positive
KLENJA2025_BACH1_INVERSE_ACTIVITY__mean_z,KLENJA2025_BACH1_ACTIVITY_INVERTED__ssgsea_NES,P0030,15,0.8499999999999999,5.995888525311021e-05,positive
KLENJA2025_BACH1_INVERSE_ACTIVITY__mean_z,KLENJA2025_BACH1_ACTIVITY_INVERTED__ssgsea_NES,P0031,15,0.8107142857142855,0.0002460079779722061,positive
KLENJA2025_BACH1_INVERSE_ACTIVITY__mean_z,KLENJA2025_BACH1_ACTIVITY_INVERTED__ssgsea_NES,P0034,15,0.8571428571428571,4.4460044470047475e-05,positive
DOROTHEA_BACH1_ABC_TF_ACTIVITY__mean_z,HALLMARK_HEME_METABOLISM__mean_z,AL02,15,0.8464285714285712,6.923823609737215e-05,positive
DOROTHEA_BACH1_ABC_TF_ACTIVITY__mean_z,HALLMARK_HEME_METABOLISM__mean_z,AL06,15,0.7571428571428571,0.0010811081941858348,positive
DOROTHEA_BACH1_ABC_TF_ACTIVITY__mean_z,HALLMARK_HEME_METABOLISM__mean_z,AL08,15,0.7892857142857141,0.0004673267561781765,positive
DOROTHEA_BACH1_ABC_TF_ACTIVITY__mean_z,HALLMARK_HEME_METABOLISM__mean_z,AL10,15,0.7857142857142856,0.0005164547475705883,positive
DOROTHEA_BACH1_ABC_TF_ACTIVITY__mean_z,HALLMARK_HEME_METABOLISM__mean_z,AL11,15,0.7964285714285713,0.00038046767853463365,positive
DOROTHEA_BACH1_ABC_TF_ACTIVITY__mean_z,HALLMARK_HEME_METABOLISM__mean_z,P0006,15,0.8178571428571428,0.00019513654706319864,positive
DOROTHEA_BACH1_ABC_TF_ACTIVITY__mean_z,HALLMARK_HEME_METABOLISM__mean_z,P0008,15,0.7571428571428571,0.0010811081941858348,positive
DOROTHEA_BACH1_ABC_TF_ACTIVITY__mean_z,HALLMARK_HEME_METABOLISM__mean_z,P0009,15,0.7535714285714286,0.0011775830234888275,positive
DOROTHEA_BACH1_ABC_TF_ACTIVITY__mean_z,HALLMARK_HEME_METABOLISM__mean_z,P0018,15,0.7892857142857141,0.0004673267561781765,positive
DOROTHEA_BACH1_ABC_TF_ACTIVITY__mean_z,HALLMARK_HEME_METABOLISM__mean_z,P0019,15,0.8571428571428571,4.4460044470047475e-05,positive
DOROTHEA_BACH1_ABC_TF_ACTIVITY__mean_z,HALLMARK_HEME_METABOLISM__mean_z,P0020,15,0.8464285714285712,6.923823609737215e-05,positive
DOROTHEA_BACH1_ABC_TF_ACTIVITY__mean_z,HALLMARK_HEME_METABOLISM__mean_z,P0025,15,0.7535714285714286,0.0011775830234888275,positive
DOROTHEA_BACH1_ABC_TF_ACTIVITY__mean_z,HALLMARK_HEME_METABOLISM__mean_z,P0028,15,0.7857142857142856,0.0005164547475705883,positive
DOROTHEA_BACH1_ABC_TF_ACTIVITY__mean_z,HALLMARK_HEME_METABOLISM__mean_z,P0030,15,0.7464285714285712,0.0013914110890630544,positive
DOROTHEA_BACH1_ABC_TF_ACTIVITY__mean_z,HALLMARK_HEME_METABOLISM__mean_z,P0031,15,0.7714285714285712,0.0007568751073803477,positive
DOROTHEA_BACH1_ABC_TF_ACTIVITY__mean_z,HALLMARK_HEME_METABOLISM__mean_z,P0034,15,0.7714285714285712,0.0007568751073803477,positive
DOROTHEA_BACH1_ABC_TF_ACTIVITY__mean_z,HALLMARK_GLYCOLYSIS__mean_z,AL02,15,0.8107142857142855,0.0002460079779722061,positive
DOROTHEA_BACH1_ABC_TF_ACTIVITY__mean_z,HALLMARK_GLYCOLYSIS__mean_z,AL06,15,0.8357142857142855,0.00010444687327713345,positive
DOROTHEA_BACH1_ABC_TF_ACTIVITY__mean_z,HALLMARK_GLYCOLYSIS__mean_z,AL08,15,0.825,0.00015323557090564583,positive
DOROTHEA_BACH1_ABC_TF_ACTIVITY__mean_z,HALLMARK_GLYCOLYSIS__mean_z,AL10,15,0.807142857142857,0.0002752442706954195,positive
DOROTHEA_BACH1_ABC_TF_ACTIVITY__mean_z,HALLMARK_GLYCOLYSIS__mean_z,AL11,15,0.8178571428571428,0.00019513654706319864,positive
DOROTHEA_BACH1_ABC_TF_ACTIVITY__mean_z,HALLMARK_GLYCOLYSIS__mean_z,P0006,15,0.7357142857142855,0.0017698686421442713,positive
DOROTHEA_BACH1_ABC_TF_ACTIVITY__mean_z,HALLMARK_GLYCOLYSIS__mean_z,P0008,15,0.7428571428571428,0.0015094888782350335,positive
DOROTHEA_BACH1_ABC_TF_ACTIVITY__mean_z,HALLMARK_GLYCOLYSIS__mean_z,P0009,15,0.7357142857142855,0.0017698686421442713,positive
DOROTHEA_BACH1_ABC_TF_ACTIVITY__mean_z,HALLMARK_GLYCOLYSIS__mean_z,P0018,15,0.825,0.00015323557090564583,positive
DOROTHEA_BACH1_ABC_TF_ACTIVITY__mean_z,HALLMARK_GLYCOLYSIS__mean_z,P0019,15,0.7464285714285712,0.0013914110890630544,positive
DOROTHEA_BACH1_ABC_TF_ACTIVITY__mean_z,HALLMARK_GLYCOLYSIS__mean_z,P0020,15,0.8107142857142855,0.0002460079779722061,positive
DOROTHEA_BACH1_ABC_TF_ACTIVITY__mean_z,HALLMARK_GLYCOLYSIS__mean_z,P0025,15,0.7428571428571428,0.0015094888782350335,positive
DOROTHEA_BACH1_ABC_TF_ACTIVITY__mean_z,HALLMARK_GLYCOLYSIS__mean_z,P0028,15,0.7999999999999999,0.00034226983303569145,positive
DOROTHEA_BACH1_ABC_TF_ACTIVITY__mean_z,HALLMARK_GLYCOLYSIS__mean_z,P0030,15,0.7464285714285712,0.0013914110890630544,positive
DOROTHEA_BACH1_ABC_TF_ACTIVITY__mean_z,HALLMARK_GLYCOLYSIS__mean_z,P0031,15,0.7464285714285712,0.0013914110890630544,positive
DOROTHEA_BACH1_ABC_TF_ACTIVITY__mean_z,HALLMARK_GLYCOLYSIS__mean_z,P0034,15,0.7464285714285712,0.0013914110890630544,positive
COLLECTRI_BACH1_TF_ACTIVITY__decoupler_mlm,COLLECTRI_BACH1_TF_ACTIVITY__mean_z,AL02,15,0.8607142857142854,3.80552502266478e-05,positive
COLLECTRI_BACH1_TF_ACTIVITY__decoupler_mlm,COLLECTRI_BACH1_TF_ACTIVITY__mean_z,AL06,15,0.7071428571428571,0.0031954812582450608,positive
COLLECTRI_BACH1_TF_ACTIVITY__decoupler_mlm,COLLECTRI_BACH1_TF_ACTIVITY__mean_z,AL08,15,0.7071428571428571,0.0031954812582450608,positive
COLLECTRI_BACH1_TF_ACTIVITY__decoupler_mlm,COLLECTRI_BACH1_TF_ACTIVITY__mean_z,AL10,15,0.7357142857142855,0.0017698686421442713,positive
COLLECTRI_BACH1_TF_ACTIVITY__decoupler_mlm,COLLECTRI_BACH1_TF_ACTIVITY__mean_z,AL11,15,0.6928571428571427,0.00419023296029814,positive
COLLECTRI_BACH1_TF_ACTIVITY__decoupler_mlm,COLLECTRI_BACH1_TF_ACTIVITY__mean_z,P0006,15,0.7535714285714286,0.0011775830234888275,positive
COLLECTRI_BACH1_TF_ACTIVITY__decoupler_mlm,COLLECTRI_BACH1_TF_ACTIVITY__mean_z,P0008,15,0.657142857142857,0.007770251358668455,positive
COLLECTRI_BACH1_TF_ACTIVITY__decoupler_mlm,COLLECTRI_BACH1_TF_ACTIVITY__mean_z,P0009,15,0.657142857142857,0.007770251358668455,positive
COLLECTRI_BACH1_TF_ACTIVITY__decoupler_mlm,COLLECTRI_BACH1_TF_ACTIVITY__mean_z,P0018,15,0.6857142857142856,0.004772245222691261,positive
COLLECTRI_BACH1_TF_ACTIVITY__decoupler_mlm,COLLECTRI_BACH1_TF_ACTIVITY__mean_z,P0019,15,0.6892857142857142,0.0044737344509062004,positive
COLLECTRI_BACH1_TF_ACTIVITY__decoupler_mlm,COLLECTRI_BACH1_TF_ACTIVITY__mean_z,P0020,15,0.6464285714285712,0.009214550689979997,positive
COLLECTRI_BACH1_TF_ACTIVITY__decoupler_mlm,COLLECTRI_BACH1_TF_ACTIVITY__mean_z,P0025,15,0.6892857142857142,0.0044737344509062004,positive
COLLECTRI_BACH1_TF_ACTIVITY__decoupler_mlm,COLLECTRI_BACH1_TF_ACTIVITY__mean_z,P0028,15,0.7178571428571427,0.0025811653082188574,positive
COLLECTRI_BACH1_TF_ACTIVITY__decoupler_mlm,COLLECTRI_BACH1_TF_ACTIVITY__mean_z,P0030,15,0.682142857142857,0.0050863264689772515,positive
COLLECTRI_BACH1_TF_ACTIVITY__decoupler_mlm,COLLECTRI_BACH1_TF_ACTIVITY__mean_z,P0031,15,0.7178571428571427,0.0025811653082188574,positive
COLLECTRI_BACH1_TF_ACTIVITY__decoupler_mlm,COLLECTRI_BACH1_TF_ACTIVITY__mean_z,P0034,15,0.7178571428571427,0.0025811653082188574,positive
COLLECTRI_BACH1_TF_ACTIVITY__mean_z,COLLECTRI_BACH1_TF_ACTIVITY__decoupler_mlm,AL02,15,0.8607142857142854,3.80552502266478e-05,positive
COLLECTRI_BACH1_TF_ACTIVITY__mean_z,COLLECTRI_BACH1_TF_ACTIVITY__decoupler_mlm,AL06,15,0.7071428571428571,0.0031954812582450608,positive
COLLECTRI_BACH1_TF_ACTIVITY__mean_z,COLLECTRI_BACH1_TF_ACTIVITY__decoupler_mlm,AL08,15,0.7071428571428571,0.0031954812582450608,positive
COLLECTRI_BACH1_TF_ACTIVITY__mean_z,COLLECTRI_BACH1_TF_ACTIVITY__decoupler_mlm,AL10,15,0.7357142857142855,0.0017698686421442713,positive
COLLECTRI_BACH1_TF_ACTIVITY__mean_z,COLLECTRI_BACH1_TF_ACTIVITY__decoupler_mlm,AL11,15,0.6928571428571427,0.00419023296029814,positive
COLLECTRI_BACH1_TF_ACTIVITY__mean_z,COLLECTRI_BACH1_TF_ACTIVITY__decoupler_mlm,P0006,15,0.7535714285714286,0.0011775830234888275,positive
COLLECTRI_BACH1_TF_ACTIVITY__mean_z,COLLECTRI_BACH1_TF_ACTIVITY__decoupler_mlm,P0008,15,0.657142857142857,0.007770251358668455,positive
COLLECTRI_BACH1_TF_ACTIVITY__mean_z,COLLECTRI_BACH1_TF_ACTIVITY__decoupler_mlm,P0009,15,0.657142857142857,0.007770251358668455,positive
COLLECTRI_BACH1_TF_ACTIVITY__mean_z,COLLECTRI_BACH1_TF_ACTIVITY__decoupler_mlm,P0018,15,0.6857142857142856,0.004772245222691261,positive
COLLECTRI_BACH1_TF_ACTIVITY__mean_z,COLLECTRI_BACH1_TF_ACTIVITY__decoupler_mlm,P0019,15,0.6892857142857142,0.0044737344509062004,positive
COLLECTRI_BACH1_TF_ACTIVITY__mean_z,COLLECTRI_BACH1_TF_ACTIVITY__decoupler_mlm,P0020,15,0.6464285714285712,0.009214550689979997,positive
COLLECTRI_BACH1_TF_ACTIVITY__mean_z,COLLECTRI_BACH1_TF_ACTIVITY__decoupler_mlm,P0025,15,0.6892857142857142,0.0044737344509062004,positive
COLLECTRI_BACH1_TF_ACTIVITY__mean_z,COLLECTRI_BACH1_TF_ACTIVITY__decoupler_mlm,P0028,15,0.7178571428571427,0.0025811653082188574,positive
COLLECTRI_BACH1_TF_ACTIVITY__mean_z,COLLECTRI_BACH1_TF_ACTIVITY__decoupler_mlm,P0030,15,0.682142857142857,0.0050863264689772515,positive
COLLECTRI_BACH1_TF_ACTIVITY__mean_z,COLLECTRI_BACH1_TF_ACTIVITY__decoupler_mlm,P0031,15,0.7178571428571427,0.0025811653082188574,positive
COLLECTRI_BACH1_TF_ACTIVITY__mean_z,COLLECTRI_BACH1_TF_ACTIVITY__decoupler_mlm,P0034,15,0.7178571428571427,0.0025811653082188574,positive
DOROTHEA_BACH1_ABC_TF_ACTIVITY__mean_z,HALLMARK_EPITHELIAL_MESENCHYMAL_TRANSITION__mean_z,AL02,15,0.6428571428571428,0.009739944695595271,positive
DOROTHEA_BACH1_ABC_TF_ACTIVITY__mean_z,HALLMARK_EPITHELIAL_MESENCHYMAL_TRANSITION__mean_z,AL06,15,0.6428571428571428,0.009739944695595271,positive
DOROTHEA_BACH1_ABC_TF_ACTIVITY__mean_z,HALLMARK_EPITHELIAL_MESENCHYMAL_TRANSITION__mean_z,AL08,15,0.7321428571428571,0.001912963600978562,positive
DOROTHEA_BACH1_ABC_TF_ACTIVITY__mean_z,HALLMARK_EPITHELIAL_MESENCHYMAL_TRANSITION__mean_z,AL10,15,0.6892857142857142,0.0044737344509062004,positive
DOROTHEA_BACH1_ABC_TF_ACTIVITY__mean_z,HALLMARK_EPITHELIAL_MESENCHYMAL_TRANSITION__mean_z,AL11,15,0.7464285714285712,0.0013914110890630544,positive
DOROTHEA_BACH1_ABC_TF_ACTIVITY__mean_z,HALLMARK_EPITHELIAL_MESENCHYMAL_TRANSITION__mean_z,P0006,15,0.7464285714285712,0.0013914110890630544,positive
DOROTHEA_BACH1_ABC_TF_ACTIVITY__mean_z,HALLMARK_EPITHELIAL_MESENCHYMAL_TRANSITION__mean_z,P0008,15,0.682142857142857,0.0050863264689772515,positive
DOROTHEA_BACH1_ABC_TF_ACTIVITY__mean_z,HALLMARK_EPITHELIAL_MESENCHYMAL_TRANSITION__mean_z,P0009,15,0.6392857142857141,0.010288446619594212,positive
DOROTHEA_BACH1_ABC_TF_ACTIVITY__mean_z,HALLMARK_EPITHELIAL_MESENCHYMAL_TRANSITION__mean_z,P0018,15,0.7285714285714285,0.0020652097446907935,positive
DOROTHEA_BACH1_ABC_TF_ACTIVITY__mean_z,HALLMARK_EPITHELIAL_MESENCHYMAL_TRANSITION__mean_z,P0019,15,0.7249999999999999,0.0022270323137542148,positive
DOROTHEA_BACH1_ABC_TF_ACTIVITY__mean_z,HALLMARK_EPITHELIAL_MESENCHYMAL_TRANSITION__mean_z,P0020,15,0.6749999999999999,0.005763499218050835,positive
DOROTHEA_BACH1_ABC_TF_ACTIVITY__mean_z,HALLMARK_EPITHELIAL_MESENCHYMAL_TRANSITION__mean_z,P0025,15,0.6392857142857141,0.010288446619594212,positive
DOROTHEA_BACH1_ABC_TF_ACTIVITY__mean_z,HALLMARK_EPITHELIAL_MESENCHYMAL_TRANSITION__mean_z,P0028,15,0.7999999999999999,0.00034226983303569145,positive
DOROTHEA_BACH1_ABC_TF_ACTIVITY__mean_z,HALLMARK_EPITHELIAL_MESENCHYMAL_TRANSITION__mean_z,P0030,15,0.682142857142857,0.0050863264689772515,positive
DOROTHEA_BACH1_ABC_TF_ACTIVITY__mean_z,HALLMARK_EPITHELIAL_MESENCHYMAL_TRANSITION__mean_z,P0031,15,0.7249999999999999,0.0022270323137542148,positive
DOROTHEA_BACH1_ABC_TF_ACTIVITY__mean_z,HALLMARK_EPITHELIAL_MESENCHYMAL_TRANSITION__mean_z,P0034,15,0.7178571428571427,0.0025811653082188574,positive
COLLECTRI_BACH1_TF_ACTIVITY__mean_z,HALLMARK_OXIDATIVE_PHOSPHORYLATION__ssgsea_NES,AL02,15,-0.6928571428571427,0.00419023296029814,negative
COLLECTRI_BACH1_TF_ACTIVITY__mean_z,HALLMARK_OXIDATIVE_PHOSPHORYLATION__ssgsea_NES,AL06,15,-0.7249999999999999,0.0022270323137542148,negative
COLLECTRI_BACH1_TF_ACTIVITY__mean_z,HALLMARK_OXIDATIVE_PHOSPHORYLATION__ssgsea_NES,AL08,15,-0.7999999999999999,0.00034226983303569145,negative
COLLECTRI_BACH1_TF_ACTIVITY__mean_z,HALLMARK_OXIDATIVE_PHOSPHORYLATION__ssgsea_NES,AL10,15,-0.7107142857142856,0.0029789948868027423,negative
COLLECTRI_BACH1_TF_ACTIVITY__mean_z,HALLMARK_OXIDATIVE_PHOSPHORYLATION__ssgsea_NES,AL11,15,-0.682142857142857,0.0050863264689772515,negative
COLLECTRI_BACH1_TF_ACTIVITY__mean_z,HALLMARK_OXIDATIVE_PHOSPHORYLATION__ssgsea_NES,P0006,15,-0.6642857142857141,0.006910682984519185,negative
COLLECTRI_BACH1_TF_ACTIVITY__mean_z,HALLMARK_OXIDATIVE_PHOSPHORYLATION__ssgsea_NES,P0008,15,-0.7,0.003666067898801381,negative
COLLECTRI_BACH1_TF_ACTIVITY__mean_z,HALLMARK_OXIDATIVE_PHOSPHORYLATION__ssgsea_NES,P0009,15,-0.6642857142857141,0.006910682984519185,negative
COLLECTRI_BACH1_TF_ACTIVITY__mean_z,HALLMARK_OXIDATIVE_PHOSPHORYLATION__ssgsea_NES,P0018,15,-0.682142857142857,0.0050863264689772515,negative
COLLECTRI_BACH1_TF_ACTIVITY__mean_z,HALLMARK_OXIDATIVE_PHOSPHORYLATION__ssgsea_NES,P0019,15,-0.6928571428571427,0.00419023296029814,negative
COLLECTRI_BACH1_TF_ACTIVITY__mean_z,HALLMARK_OXIDATIVE_PHOSPHORYLATION__ssgsea_NES,P0020,15,-0.6499999999999999,0.008711583621912317,negative
COLLECTRI_BACH1_TF_ACTIVITY__mean_z,HALLMARK_OXIDATIVE_PHOSPHORYLATION__ssgsea_NES,P0025,15,-0.6928571428571427,0.00419023296029814,negative
COLLECTRI_BACH1_TF_ACTIVITY__mean_z,HALLMARK_OXIDATIVE_PHOSPHORYLATION__ssgsea_NES,P0028,15,-0.6857142857142856,0.004772245222691261,negative
COLLECTRI_BACH1_TF_ACTIVITY__mean_z,HALLMARK_OXIDATIVE_PHOSPHORYLATION__ssgsea_NES,P0030,15,-0.6785714285714285,0.005416550219591711,negative
COLLECTRI_BACH1_TF_ACTIVITY__mean_z,HALLMARK_OXIDATIVE_PHOSPHORYLATION__ssgsea_NES,P0031,15,-0.6928571428571427,0.00419023296029814,negative
COLLECTRI_BACH1_TF_ACTIVITY__mean_z,HALLMARK_OXIDATIVE_PHOSPHORYLATION__ssgsea_NES,P0034,15,-0.6964285714285713,0.003921190506879552,negative
DOROTHEA_BACH1_ABC_TF_ACTIVITY__decoupler_mlm,HALLMARK_OXIDATIVE_PHOSPHORYLATION__ssgsea_NES,AL02,15,-0.7142857142857142,0.0027743838176388104,negative
DOROTHEA_BACH1_ABC_TF_ACTIVITY__decoupler_mlm,HALLMARK_OXIDATIVE_PHOSPHORYLATION__ssgsea_NES,AL06,15,-0.6964285714285713,0.003921190506879552,negative
DOROTHEA_BACH1_ABC_TF_ACTIVITY__decoupler_mlm,HALLMARK_OXIDATIVE_PHOSPHORYLATION__ssgsea_NES,AL08,15,-0.6214285714285712,0.013402006712181815,negative
DOROTHEA_BACH1_ABC_TF_ACTIVITY__decoupler_mlm,HALLMARK_OXIDATIVE_PHOSPHORYLATION__ssgsea_NES,AL10,15,-0.6642857142857141,0.006910682984519185,negative
DOROTHEA_BACH1_ABC_TF_ACTIVITY__decoupler_mlm,HALLMARK_OXIDATIVE_PHOSPHORYLATION__ssgsea_NES,AL11,15,-0.6285714285714286,0.012079539175905759,negative
DOROTHEA_BACH1_ABC_TF_ACTIVITY__decoupler_mlm,HALLMARK_OXIDATIVE_PHOSPHORYLATION__ssgsea_NES,P0006,15,-0.7107142857142856,0.0029789948868027423,negative
DOROTHEA_BACH1_ABC_TF_ACTIVITY__decoupler_mlm,HALLMARK_OXIDATIVE_PHOSPHORYLATION__ssgsea_NES,P0008,15,-0.7142857142857142,0.0027743838176388104,negative
DOROTHEA_BACH1_ABC_TF_ACTIVITY__decoupler_mlm,HALLMARK_OXIDATIVE_PHOSPHORYLATION__ssgsea_NES,P0009,15,-0.7571428571428571,0.0010811081941858348,negative
DOROTHEA_BACH1_ABC_TF_ACTIVITY__decoupler_mlm,HALLMARK_OXIDATIVE_PHOSPHORYLATION__ssgsea_NES,P0018,15,-0.6857142857142856,0.004772245222691261,negative
DOROTHEA_BACH1_ABC_TF_ACTIVITY__decoupler_mlm,HALLMARK_OXIDATIVE_PHOSPHORYLATION__ssgsea_NES,P0019,15,-0.6928571428571427,0.00419023296029814,negative
DOROTHEA_BACH1_ABC_TF_ACTIVITY__decoupler_mlm,HALLMARK_OXIDATIVE_PHOSPHORYLATION__ssgsea_NES,P0020,15,-0.6499999999999999,0.008711583621912317,negative
DOROTHEA_BACH1_ABC_TF_ACTIVITY__decoupler_mlm,HALLMARK_OXIDATIVE_PHOSPHORYLATION__ssgsea_NES,P0025,15,-0.6392857142857141,0.010288446619594212,negative
DOROTHEA_BACH1_ABC_TF_ACTIVITY__decoupler_mlm,HALLMARK_OXIDATIVE_PHOSPHORYLATION__ssgsea_NES,P0028,15,-0.7214285714285712,0.002398868072673343,negative
DOROTHEA_BACH1_ABC_TF_ACTIVITY__decoupler_mlm,HALLMARK_OXIDATIVE_PHOSPHORYLATION__ssgsea_NES,P0030,15,-0.6499999999999999,0.008711583621912317,negative
DOROTHEA_BACH1_ABC_TF_ACTIVITY__decoupler_mlm,HALLMARK_OXIDATIVE_PHOSPHORYLATION__ssgsea_NES,P0031,15,-0.6928571428571427,0.00419023296029814,negative
DOROTHEA_BACH1_ABC_TF_ACTIVITY__decoupler_mlm,HALLMARK_OXIDATIVE_PHOSPHORYLATION__ssgsea_NES,P0034,15,-0.7357142857142855,0.0017698686421442713,negative
DOROTHEA_BACH1_ABC_TF_ACTIVITY__mean_z,HALLMARK_HEME_METABOLISM__ssgsea_NES,AL02,15,-0.6035714285714285,0.017200138068795334,negative
DOROTHEA_BACH1_ABC_TF_ACTIVITY__mean_z,HALLMARK_HEME_METABOLISM__ssgsea_NES,AL06,15,-0.6535714285714285,0.008230371463638971,negative
DOROTHEA_BACH1_ABC_TF_ACTIVITY__mean_z,HALLMARK_HEME_METABOLISM__ssgsea_NES,AL08,15,-0.6857142857142856,0.004772245222691261,negative
DOROTHEA_BACH1_ABC_TF_ACTIVITY__mean_z,HALLMARK_HEME_METABOLISM__ssgsea_NES,AL10,15,-0.6499999999999999,0.008711583621912317,negative
DOROTHEA_BACH1_ABC_TF_ACTIVITY__mean_z,HALLMARK_HEME_METABOLISM__ssgsea_NES,AL11,15,-0.6464285714285712,0.009214550689979997,negative
DOROTHEA_BACH1_ABC_TF_ACTIVITY__mean_z,HALLMARK_HEME_METABOLISM__ssgsea_NES,P0006,15,-0.6392857142857141,0.010288446619594212,negative
DOROTHEA_BACH1_ABC_TF_ACTIVITY__mean_z,HALLMARK_HEME_METABOLISM__ssgsea_NES,P0008,15,-0.7249999999999999,0.0022270323137542148,negative
DOROTHEA_BACH1_ABC_TF_ACTIVITY__mean_z,HALLMARK_HEME_METABOLISM__ssgsea_NES,P0009,15,-0.6749999999999999,0.005763499218050835,negative
DOROTHEA_BACH1_ABC_TF_ACTIVITY__mean_z,HALLMARK_HEME_METABOLISM__ssgsea_NES,P0018,15,-0.6785714285714285,0.005416550219591711,negative
DOROTHEA_BACH1_ABC_TF_ACTIVITY__mean_z,HALLMARK_HEME_METABOLISM__ssgsea_NES,P0019,15,-0.6392857142857141,0.010288446619594212,negative
DOROTHEA_BACH1_ABC_TF_ACTIVITY__mean_z,HALLMARK_HEME_METABOLISM__ssgsea_NES,P0020,15,-0.682142857142857,0.0050863264689772515,negative
DOROTHEA_BACH1_ABC_TF_ACTIVITY__mean_z,HALLMARK_HEME_METABOLISM__ssgsea_NES,P0025,15,-0.6071428571428571,0.01638130676830708,negative
DOROTHEA_BACH1_ABC_TF_ACTIVITY__mean_z,HALLMARK_HEME_METABOLISM__ssgsea_NES,P0028,15,-0.7214285714285712,0.002398868072673343,negative
DOROTHEA_BACH1_ABC_TF_ACTIVITY__mean_z,HALLMARK_HEME_METABOLISM__ssgsea_NES,P0030,15,-0.6392857142857141,0.010288446619594212,negative
DOROTHEA_BACH1_ABC_TF_ACTIVITY__mean_z,HALLMARK_HEME_METABOLISM__ssgsea_NES,P0031,15,-0.6499999999999999,0.008711583621912317,negative
DOROTHEA_BACH1_ABC_TF_ACTIVITY__mean_z,HALLMARK_HEME_METABOLISM__ssgsea_NES,P0034,15,-0.6499999999999999,0.008711583621912317,negative
DOROTHEA_BACH1_ABC_TF_ACTIVITY__decoupler_mlm,DOROTHEA_BACH1_ABC_TF_ACTIVITY__ssgsea_NES,AL02,15,0.6321428571428571,0.011457541540078902,positive
DOROTHEA_BACH1_ABC_TF_ACTIVITY__decoupler_mlm,DOROTHEA_BACH1_ABC_TF_ACTIVITY__ssgsea_NES,AL06,15,0.5785714285714285,0.023846658762996617,positive
DOROTHEA_BACH1_ABC_TF_ACTIVITY__decoupler_mlm,DOROTHEA_BACH1_ABC_TF_ACTIVITY__ssgsea_NES,AL08,15,0.5928571428571427,0.01984642197018115,positive
DOROTHEA_BACH1_ABC_TF_ACTIVITY__decoupler_mlm,DOROTHEA_BACH1_ABC_TF_ACTIVITY__ssgsea_NES,AL10,15,0.6357142857142856,0.010860746168789804,positive
DOROTHEA_BACH1_ABC_TF_ACTIVITY__decoupler_mlm,DOROTHEA_BACH1_ABC_TF_ACTIVITY__ssgsea_NES,AL11,15,0.7285714285714285,0.0020652097446907935,positive
DOROTHEA_BACH1_ABC_TF_ACTIVITY__decoupler_mlm,DOROTHEA_BACH1_ABC_TF_ACTIVITY__ssgsea_NES,P0006,15,0.6642857142857141,0.006910682984519185,positive
DOROTHEA_BACH1_ABC_TF_ACTIVITY__decoupler_mlm,DOROTHEA_BACH1_ABC_TF_ACTIVITY__ssgsea_NES,P0008,15,0.6464285714285712,0.009214550689979997,positive
DOROTHEA_BACH1_ABC_TF_ACTIVITY__decoupler_mlm,DOROTHEA_BACH1_ABC_TF_ACTIVITY__ssgsea_NES,P0009,15,0.7357142857142855,0.0017698686421442713,positive
DOROTHEA_BACH1_ABC_TF_ACTIVITY__decoupler_mlm,DOROTHEA_BACH1_ABC_TF_ACTIVITY__ssgsea_NES,P0018,15,0.6678571428571428,0.006509956694715443,positive
DOROTHEA_BACH1_ABC_TF_ACTIVITY__decoupler_mlm,DOROTHEA_BACH1_ABC_TF_ACTIVITY__ssgsea_NES,P0019,15,0.6642857142857141,0.006910682984519185,positive
DOROTHEA_BACH1_ABC_TF_ACTIVITY__decoupler_mlm,DOROTHEA_BACH1_ABC_TF_ACTIVITY__ssgsea_NES,P0020,15,0.6071428571428571,0.01638130676830708,positive
DOROTHEA_BACH1_ABC_TF_ACTIVITY__decoupler_mlm,DOROTHEA_BACH1_ABC_TF_ACTIVITY__ssgsea_NES,P0025,15,0.6892857142857142,0.0044737344509062004,positive
DOROTHEA_BACH1_ABC_TF_ACTIVITY__decoupler_mlm,DOROTHEA_BACH1_ABC_TF_ACTIVITY__ssgsea_NES,P0028,15,0.6321428571428571,0.011457541540078902,positive
DOROTHEA_BACH1_ABC_TF_ACTIVITY__decoupler_mlm,DOROTHEA_BACH1_ABC_TF_ACTIVITY__ssgsea_NES,P0030,15,0.6357142857142856,0.010860746168789804,positive
DOROTHEA_BACH1_ABC_TF_ACTIVITY__decoupler_mlm,DOROTHEA_BACH1_ABC_TF_ACTIVITY__ssgsea_NES,P0031,15,0.6714285714285713,0.00612776678882011,positive
DOROTHEA_BACH1_ABC_TF_ACTIVITY__decoupler_mlm,DOROTHEA_BACH1_ABC_TF_ACTIVITY__ssgsea_NES,P0034,15,0.6321428571428571,0.011457541540078902,positive
DOROTHEA_BACH1_ABC_TF_ACTIVITY__ssgsea_NES,DOROTHEA_BACH1_ABC_TF_ACTIVITY__decoupler_mlm,AL02,15,0.6321428571428571,0.011457541540078902,positive
DOROTHEA_BACH1_ABC_TF_ACTIVITY__ssgsea_NES,DOROTHEA_BACH1_ABC_TF_ACTIVITY__decoupler_mlm,AL06,15,0.5785714285714285,0.023846658762996617,positive
DOROTHEA_BACH1_ABC_TF_ACTIVITY__ssgsea_NES,DOROTHEA_BACH1_ABC_TF_ACTIVITY__decoupler_mlm,AL08,15,0.5928571428571427,0.01984642197018115,positive
DOROTHEA_BACH1_ABC_TF_ACTIVITY__ssgsea_NES,DOROTHEA_BACH1_ABC_TF_ACTIVITY__decoupler_mlm,AL10,15,0.6357142857142856,0.010860746168789804,positive
DOROTHEA_BACH1_ABC_TF_ACTIVITY__ssgsea_NES,DOROTHEA_BACH1_ABC_TF_ACTIVITY__decoupler_mlm,AL11,15,0.7285714285714285,0.0020652097446907935,positive
DOROTHEA_BACH1_ABC_TF_ACTIVITY__ssgsea_NES,DOROTHEA_BACH1_ABC_TF_ACTIVITY__decoupler_mlm,P0006,15,0.6642857142857141,0.006910682984519185,positive
DOROTHEA_BACH1_ABC_TF_ACTIVITY__ssgsea_NES,DOROTHEA_BACH1_ABC_TF_ACTIVITY__decoupler_mlm,P0008,15,0.6464285714285712,0.009214550689979997,positive
DOROTHEA_BACH1_ABC_TF_ACTIVITY__ssgsea_NES,DOROTHEA_BACH1_ABC_TF_ACTIVITY__decoupler_mlm,P0009,15,0.7357142857142855,0.0017698686421442713,positive
DOROTHEA_BACH1_ABC_TF_ACTIVITY__ssgsea_NES,DOROTHEA_BACH1_ABC_TF_ACTIVITY__decoupler_mlm,P0018,15,0.6678571428571428,0.006509956694715443,positive
DOROTHEA_BACH1_ABC_TF_ACTIVITY__ssgsea_NES,DOROTHEA_BACH1_ABC_TF_ACTIVITY__decoupler_mlm,P0019,15,0.6642857142857141,0.006910682984519185,positive
DOROTHEA_BACH1_ABC_TF_ACTIVITY__ssgsea_NES,DOROTHEA_BACH1_ABC_TF_ACTIVITY__decoupler_mlm,P0020,15,0.6071428571428571,0.01638130676830708,positive
DOROTHEA_BACH1_ABC_TF_ACTIVITY__ssgsea_NES,DOROTHEA_BACH1_ABC_TF_ACTIVITY__decoupler_mlm,P0025,15,0.6892857142857142,0.0044737344509062004,positive
DOROTHEA_BACH1_ABC_TF_ACTIVITY__ssgsea_NES,DOROTHEA_BACH1_ABC_TF_ACTIVITY__decoupler_mlm,P0028,15,0.6321428571428571,0.011457541540078902,positive
DOROTHEA_BACH1_ABC_TF_ACTIVITY__ssgsea_NES,DOROTHEA_BACH1_ABC_TF_ACTIVITY__decoupler_mlm,P0030,15,0.6357142857142856,0.010860746168789804,positive
DOROTHEA_BACH1_ABC_TF_ACTIVITY__ssgsea_NES,DOROTHEA_BACH1_ABC_TF_ACTIVITY__decoupler_mlm,P0031,15,0.6714285714285713,0.00612776678882011,positive
DOROTHEA_BACH1_ABC_TF_ACTIVITY__ssgsea_NES,DOROTHEA_BACH1_ABC_TF_ACTIVITY__decoupler_mlm,P0034,15,0.6321428571428571,0.011457541540078902,positive
DOROTHEA_BACH1_ABC_TF_ACTIVITY__decoupler_ulm,HALLMARK_OXIDATIVE_PHOSPHORYLATION__ssgsea_NES,AL02,15,-0.657142857142857,0.007770251358668455,negative
DOROTHEA_BACH1_ABC_TF_ACTIVITY__decoupler_ulm,HALLMARK_OXIDATIVE_PHOSPHORYLATION__ssgsea_NES,AL06,15,-0.6464285714285712,0.009214550689979997,negative
DOROTHEA_BACH1_ABC_TF_ACTIVITY__decoupler_ulm,HALLMARK_OXIDATIVE_PHOSPHORYLATION__ssgsea_NES,AL08,15,-0.575,0.02493622794258255,negative
DOROTHEA_BACH1_ABC_TF_ACTIVITY__decoupler_ulm,HALLMARK_OXIDATIVE_PHOSPHORYLATION__ssgsea_NES,AL10,15,-0.6499999999999999,0.008711583621912317,negative
DOROTHEA_BACH1_ABC_TF_ACTIVITY__decoupler_ulm,HALLMARK_OXIDATIVE_PHOSPHORYLATION__ssgsea_NES,AL11,15,-0.575,0.02493622794258255,negative
DOROTHEA_BACH1_ABC_TF_ACTIVITY__decoupler_ulm,HALLMARK_OXIDATIVE_PHOSPHORYLATION__ssgsea_NES,P0006,15,-0.6607142857142856,0.00733056983089171,negative
DOROTHEA_BACH1_ABC_TF_ACTIVITY__decoupler_ulm,HALLMARK_OXIDATIVE_PHOSPHORYLATION__ssgsea_NES,P0008,15,-0.6749999999999999,0.005763499218050835,negative
DOROTHEA_BACH1_ABC_TF_ACTIVITY__decoupler_ulm,HALLMARK_OXIDATIVE_PHOSPHORYLATION__ssgsea_NES,P0009,15,-0.7535714285714286,0.0011775830234888275,negative
DOROTHEA_BACH1_ABC_TF_ACTIVITY__decoupler_ulm,HALLMARK_OXIDATIVE_PHOSPHORYLATION__ssgsea_NES,P0018,15,-0.6357142857142856,0.010860746168789804,negative
DOROTHEA_BACH1_ABC_TF_ACTIVITY__decoupler_ulm,HALLMARK_OXIDATIVE_PHOSPHORYLATION__ssgsea_NES,P0019,15,-0.6392857142857141,0.010288446619594212,negative
DOROTHEA_BACH1_ABC_TF_ACTIVITY__decoupler_ulm,HALLMARK_OXIDATIVE_PHOSPHORYLATION__ssgsea_NES,P0020,15,-0.5928571428571427,0.01984642197018115,negative
DOROTHEA_BACH1_ABC_TF_ACTIVITY__decoupler_ulm,HALLMARK_OXIDATIVE_PHOSPHORYLATION__ssgsea_NES,P0025,15,-0.5964285714285712,0.01893192468786518,negative
DOROTHEA_BACH1_ABC_TF_ACTIVITY__decoupler_ulm,HALLMARK_OXIDATIVE_PHOSPHORYLATION__ssgsea_NES,P0028,15,-0.6607142857142856,0.00733056983089171,negative
DOROTHEA_BACH1_ABC_TF_ACTIVITY__decoupler_ulm,HALLMARK_OXIDATIVE_PHOSPHORYLATION__ssgsea_NES,P0030,15,-0.5964285714285712,0.01893192468786518,negative
DOROTHEA_BACH1_ABC_TF_ACTIVITY__decoupler_ulm,HALLMARK_OXIDATIVE_PHOSPHORYLATION__ssgsea_NES,P0031,15,-0.6357142857142856,0.010860746168789804,negative
DOROTHEA_BACH1_ABC_TF_ACTIVITY__decoupler_ulm,HALLMARK_OXIDATIVE_PHOSPHORYLATION__ssgsea_NES,P0034,15,-0.6749999999999999,0.005763499218050835,negative
COLLECTRI_BACH1_TF_ACTIVITY__decoupler_ulm,COLLECTRI_BACH1_TF_ACTIVITY__mean_z,AL02,15,0.7892857142857141,0.0004673267561781765,positive
COLLECTRI_BACH1_TF_ACTIVITY__decoupler_ulm,COLLECTRI_BACH1_TF_ACTIVITY__mean_z,AL06,15,0.6392857142857141,0.010288446619594212,positive
COLLECTRI_BACH1_TF_ACTIVITY__decoupler_ulm,COLLECTRI_BACH1_TF_ACTIVITY__mean_z,AL08,15,0.6642857142857141,0.006910682984519185,positive
COLLECTRI_BACH1_TF_ACTIVITY__decoupler_ulm,COLLECTRI_BACH1_TF_ACTIVITY__mean_z,AL10,15,0.6857142857142856,0.004772245222691261,positive
COLLECTRI_BACH1_TF_ACTIVITY__decoupler_ulm,COLLECTRI_BACH1_TF_ACTIVITY__mean_z,AL11,15,0.6071428571428571,0.01638130676830708,positive
COLLECTRI_BACH1_TF_ACTIVITY__decoupler_ulm,COLLECTRI_BACH1_TF_ACTIVITY__mean_z,P0006,15,0.6749999999999999,0.005763499218050835,positive
COLLECTRI_BACH1_TF_ACTIVITY__decoupler_ulm,COLLECTRI_BACH1_TF_ACTIVITY__mean_z,P0008,15,0.5714285714285713,0.026063193376362863,positive
COLLECTRI_BACH1_TF_ACTIVITY__decoupler_ulm,COLLECTRI_BACH1_TF_ACTIVITY__mean_z,P0009,15,0.6535714285714285,0.008230371463638971,positive
COLLECTRI_BACH1_TF_ACTIVITY__decoupler_ulm,COLLECTRI_BACH1_TF_ACTIVITY__mean_z,P0018,15,0.6142857142857142,0.014833955405976961,positive
COLLECTRI_BACH1_TF_ACTIVITY__decoupler_ulm,COLLECTRI_BACH1_TF_ACTIVITY__mean_z,P0019,15,0.6035714285714285,0.017200138068795334,positive
COLLECTRI_BACH1_TF_ACTIVITY__decoupler_ulm,COLLECTRI_BACH1_TF_ACTIVITY__mean_z,P0020,15,0.5607142857142856,0.029676496094474744,positive
COLLECTRI_BACH1_TF_ACTIVITY__decoupler_ulm,COLLECTRI_BACH1_TF_ACTIVITY__mean_z,P0025,15,0.6035714285714285,0.017200138068795334,positive
COLLECTRI_BACH1_TF_ACTIVITY__decoupler_ulm,COLLECTRI_BACH1_TF_ACTIVITY__mean_z,P0028,15,0.6607142857142856,0.00733056983089171,positive
COLLECTRI_BACH1_TF_ACTIVITY__decoupler_ulm,COLLECTRI_BACH1_TF_ACTIVITY__mean_z,P0030,15,0.5964285714285712,0.01893192468786518,positive
COLLECTRI_BACH1_TF_ACTIVITY__decoupler_ulm,COLLECTRI_BACH1_TF_ACTIVITY__mean_z,P0031,15,0.5964285714285712,0.01893192468786518,positive
COLLECTRI_BACH1_TF_ACTIVITY__decoupler_ulm,COLLECTRI_BACH1_TF_ACTIVITY__mean_z,P0034,15,0.6642857142857141,0.006910682984519185,positive
COLLECTRI_BACH1_TF_ACTIVITY__mean_z,COLLECTRI_BACH1_TF_ACTIVITY__decoupler_ulm,AL02,15,0.7892857142857141,0.0004673267561781765,positive
COLLECTRI_BACH1_TF_ACTIVITY__mean_z,COLLECTRI_BACH1_TF_ACTIVITY__decoupler_ulm,AL06,15,0.6392857142857141,0.010288446619594212,positive
COLLECTRI_BACH1_TF_ACTIVITY__mean_z,COLLECTRI_BACH1_TF_ACTIVITY__decoupler_ulm,AL08,15,0.6642857142857141,0.006910682984519185,positive
COLLECTRI_BACH1_TF_ACTIVITY__mean_z,COLLECTRI_BACH1_TF_ACTIVITY__decoupler_ulm,AL10,15,0.6857142857142856,0.004772245222691261,positive
COLLECTRI_BACH1_TF_ACTIVITY__mean_z,COLLECTRI_BACH1_TF_ACTIVITY__decoupler_ulm,AL11,15,0.6071428571428571,0.01638130676830708,positive
COLLECTRI_BACH1_TF_ACTIVITY__mean_z,COLLECTRI_BACH1_TF_ACTIVITY__decoupler_ulm,P0006,15,0.6749999999999999,0.005763499218050835,positive
COLLECTRI_BACH1_TF_ACTIVITY__mean_z,COLLECTRI_BACH1_TF_ACTIVITY__decoupler_ulm,P0008,15,0.5714285714285713,0.026063193376362863,positive
COLLECTRI_BACH1_TF_ACTIVITY__mean_z,COLLECTRI_BACH1_TF_ACTIVITY__decoupler_ulm,P0009,15,0.6535714285714285,0.008230371463638971,positive
COLLECTRI_BACH1_TF_ACTIVITY__mean_z,COLLECTRI_BACH1_TF_ACTIVITY__decoupler_ulm,P0018,15,0.6142857142857142,0.014833955405976961,positive
COLLECTRI_BACH1_TF_ACTIVITY__mean_z,COLLECTRI_BACH1_TF_ACTIVITY__decoupler_ulm,P0019,15,0.6035714285714285,0.017200138068795334,positive
COLLECTRI_BACH1_TF_ACTIVITY__mean_z,COLLECTRI_BACH1_TF_ACTIVITY__decoupler_ulm,P0020,15,0.5607142857142856,0.029676496094474744,positive
COLLECTRI_BACH1_TF_ACTIVITY__mean_z,COLLECTRI_BACH1_TF_ACTIVITY__decoupler_ulm,P0025,15,0.6035714285714285,0.017200138068795334,positive
COLLECTRI_BACH1_TF_ACTIVITY__mean_z,COLLECTRI_BACH1_TF_ACTIVITY__decoupler_ulm,P0028,15,0.6607142857142856,0.00733056983089171,positive
COLLECTRI_BACH1_TF_ACTIVITY__mean_z,COLLECTRI_BACH1_TF_ACTIVITY__decoupler_ulm,P0030,15,0.5964285714285712,0.01893192468786518,positive
COLLECTRI_BACH1_TF_ACTIVITY__mean_z,COLLECTRI_BACH1_TF_ACTIVITY__decoupler_ulm,P0031,15,0.5964285714285712,0.01893192468786518,positive
COLLECTRI_BACH1_TF_ACTIVITY__mean_z,COLLECTRI_BACH1_TF_ACTIVITY__decoupler_ulm,P0034,15,0.6642857142857141,0.006910682984519185,positive
COLLECTRI_BACH1_TF_ACTIVITY__decoupler_ulm,HALLMARK_HYPOXIA__ssgsea_NES,AL02,15,0.6749999999999999,0.005763499218050835,positive
COLLECTRI_BACH1_TF_ACTIVITY__decoupler_ulm,HALLMARK_HYPOXIA__ssgsea_NES,AL06,15,0.682142857142857,0.0050863264689772515,positive
COLLECTRI_BACH1_TF_ACTIVITY__decoupler_ulm,HALLMARK_HYPOXIA__ssgsea_NES,AL08,15,0.6857142857142856,0.004772245222691261,positive
COLLECTRI_BACH1_TF_ACTIVITY__decoupler_ulm,HALLMARK_HYPOXIA__ssgsea_NES,AL10,15,0.5714285714285713,0.026063193376362863,positive
COLLECTRI_BACH1_TF_ACTIVITY__decoupler_ulm,HALLMARK_HYPOXIA__ssgsea_NES,AL11,15,0.5785714285714285,0.023846658762996617,positive
COLLECTRI_BACH1_TF_ACTIVITY__decoupler_ulm,HALLMARK_HYPOXIA__ssgsea_NES,P0006,15,0.682142857142857,0.0050863264689772515,positive
COLLECTRI_BACH1_TF_ACTIVITY__decoupler_ulm,HALLMARK_HYPOXIA__ssgsea_NES,P0008,15,0.6357142857142856,0.010860746168789804,positive
COLLECTRI_BACH1_TF_ACTIVITY__decoupler_ulm,HALLMARK_HYPOXIA__ssgsea_NES,P0009,15,0.682142857142857,0.0050863264689772515,positive
COLLECTRI_BACH1_TF_ACTIVITY__decoupler_ulm,HALLMARK_HYPOXIA__ssgsea_NES,P0018,15,0.557142857142857,0.030961086755812144,positive
COLLECTRI_BACH1_TF_ACTIVITY__decoupler_ulm,HALLMARK_HYPOXIA__ssgsea_NES,P0019,15,0.5821428571428571,0.022793687126414285,positive
COLLECTRI_BACH1_TF_ACTIVITY__decoupler_ulm,HALLMARK_HYPOXIA__ssgsea_NES,P0020,15,0.557142857142857,0.030961086755812144,positive
COLLECTRI_BACH1_TF_ACTIVITY__decoupler_ulm,HALLMARK_HYPOXIA__ssgsea_NES,P0025,15,0.5821428571428571,0.022793687126414285,positive
COLLECTRI_BACH1_TF_ACTIVITY__decoupler_ulm,HALLMARK_HYPOXIA__ssgsea_NES,P0028,15,0.6857142857142856,0.004772245222691261,positive
COLLECTRI_BACH1_TF_ACTIVITY__decoupler_ulm,HALLMARK_HYPOXIA__ssgsea_NES,P0030,15,0.6464285714285712,0.009214550689979997,positive
COLLECTRI_BACH1_TF_ACTIVITY__decoupler_ulm,HALLMARK_HYPOXIA__ssgsea_NES,P0031,15,0.6857142857142856,0.004772245222691261,positive
COLLECTRI_BACH1_TF_ACTIVITY__decoupler_ulm,HALLMARK_HYPOXIA__ssgsea_NES,P0034,15,0.6464285714285712,0.009214550689979997,positive
COLLECTRI_BACH1_TF_ACTIVITY__ssgsea_NES,HALLMARK_EPITHELIAL_MESENCHYMAL_TRANSITION__mean_z,AL02,15,-0.5499999999999999,0.03365535781500703,negative
COLLECTRI_BACH1_TF_ACTIVITY__ssgsea_NES,HALLMARK_EPITHELIAL_MESENCHYMAL_TRANSITION__mean_z,AL06,15,-0.8285714285714284,0.00013524478013276988,negative
COLLECTRI_BACH1_TF_ACTIVITY__ssgsea_NES,HALLMARK_EPITHELIAL_MESENCHYMAL_TRANSITION__mean_z,AL08,15,-0.6142857142857142,0.014833955405976961,negative
COLLECTRI_BACH1_TF_ACTIVITY__ssgsea_NES,HALLMARK_EPITHELIAL_MESENCHYMAL_TRANSITION__mean_z,AL10,15,-0.6428571428571428,0.009739944695595271,negative
COLLECTRI_BACH1_TF_ACTIVITY__ssgsea_NES,HALLMARK_EPITHELIAL_MESENCHYMAL_TRANSITION__mean_z,AL11,15,-0.6142857142857142,0.014833955405976961,negative
COLLECTRI_BACH1_TF_ACTIVITY__ssgsea_NES,HALLMARK_EPITHELIAL_MESENCHYMAL_TRANSITION__mean_z,P0006,15,-0.6142857142857142,0.014833955405976961,negative
COLLECTRI_BACH1_TF_ACTIVITY__ssgsea_NES,HALLMARK_EPITHELIAL_MESENCHYMAL_TRANSITION__mean_z,P0008,15,-0.6857142857142856,0.004772245222691261,negative
COLLECTRI_BACH1_TF_ACTIVITY__ssgsea_NES,HALLMARK_EPITHELIAL_MESENCHYMAL_TRANSITION__mean_z,P0009,15,-0.5499999999999999,0.03365535781500703,negative
COLLECTRI_BACH1_TF_ACTIVITY__ssgsea_NES,HALLMARK_EPITHELIAL_MESENCHYMAL_TRANSITION__mean_z,P0018,15,-0.6142857142857142,0.014833955405976961,negative
COLLECTRI_BACH1_TF_ACTIVITY__ssgsea_NES,HALLMARK_EPITHELIAL_MESENCHYMAL_TRANSITION__mean_z,P0019,15,-0.657142857142857,0.007770251358668455,negative
COLLECTRI_BACH1_TF_ACTIVITY__ssgsea_NES,HALLMARK_EPITHELIAL_MESENCHYMAL_TRANSITION__mean_z,P0020,15,-0.6428571428571428,0.009739944695595271,negative
COLLECTRI_BACH1_TF_ACTIVITY__ssgsea_NES,HALLMARK_EPITHELIAL_MESENCHYMAL_TRANSITION__mean_z,P0025,15,-0.5499999999999999,0.03365535781500703,negative
COLLECTRI_BACH1_TF_ACTIVITY__ssgsea_NES,HALLMARK_EPITHELIAL_MESENCHYMAL_TRANSITION__mean_z,P0028,15,-0.6035714285714285,0.017200138068795334,negative
COLLECTRI_BACH1_TF_ACTIVITY__ssgsea_NES,HALLMARK_EPITHELIAL_MESENCHYMAL_TRANSITION__mean_z,P0030,15,-0.6321428571428571,0.011457541540078902,negative
COLLECTRI_BACH1_TF_ACTIVITY__ssgsea_NES,HALLMARK_EPITHELIAL_MESENCHYMAL_TRANSITION__mean_z,P0031,15,-0.6464285714285712,0.009214550689979997,negative
COLLECTRI_BACH1_TF_ACTIVITY__ssgsea_NES,HALLMARK_EPITHELIAL_MESENCHYMAL_TRANSITION__mean_z,P0034,15,-0.6035714285714285,0.017200138068795334,negative
COLLECTRI_BACH1_TF_ACTIVITY__decoupler_ulm,KLENJA2025_BACH1_INVERSE_ACTIVITY__mean_z,AL02,15,0.5285714285714286,0.0427972893094504,positive
COLLECTRI_BACH1_TF_ACTIVITY__decoupler_ulm,KLENJA2025_BACH1_INVERSE_ACTIVITY__mean_z,AL06,15,0.6071428571428571,0.01638130676830708,positive
COLLECTRI_BACH1_TF_ACTIVITY__decoupler_ulm,KLENJA2025_BACH1_INVERSE_ACTIVITY__mean_z,AL08,15,0.6071428571428571,0.01638130676830708,positive
COLLECTRI_BACH1_TF_ACTIVITY__decoupler_ulm,KLENJA2025_BACH1_INVERSE_ACTIVITY__mean_z,AL10,15,0.6142857142857142,0.014833955405976961,positive
COLLECTRI_BACH1_TF_ACTIVITY__decoupler_ulm,KLENJA2025_BACH1_INVERSE_ACTIVITY__mean_z,AL11,15,0.5535714285714285,0.032287103770123615,positive
COLLECTRI_BACH1_TF_ACTIVITY__decoupler_ulm,KLENJA2025_BACH1_INVERSE_ACTIVITY__mean_z,P0006,15,0.5928571428571427,0.01984642197018115,positive
COLLECTRI_BACH1_TF_ACTIVITY__decoupler_ulm,KLENJA2025_BACH1_INVERSE_ACTIVITY__mean_z,P0008,15,0.5678571428571427,0.02722835670886185,positive
COLLECTRI_BACH1_TF_ACTIVITY__decoupler_ulm,KLENJA2025_BACH1_INVERSE_ACTIVITY__mean_z,P0009,15,0.6499999999999999,0.008711583621912317,positive
COLLECTRI_BACH1_TF_ACTIVITY__decoupler_ulm,KLENJA2025_BACH1_INVERSE_ACTIVITY__mean_z,P0018,15,0.6214285714285712,0.013402006712181815,positive
COLLECTRI_BACH1_TF_ACTIVITY__decoupler_ulm,KLENJA2025_BACH1_INVERSE_ACTIVITY__mean_z,P0019,15,0.5857142857142856,0.02177651761904279,positive
COLLECTRI_BACH1_TF_ACTIVITY__decoupler_ulm,KLENJA2025_BACH1_INVERSE_ACTIVITY__mean_z,P0020,15,0.6428571428571428,0.009739944695595271,positive
COLLECTRI_BACH1_TF_ACTIVITY__decoupler_ulm,KLENJA2025_BACH1_INVERSE_ACTIVITY__mean_z,P0025,15,0.5714285714285713,0.026063193376362863,positive
COLLECTRI_BACH1_TF_ACTIVITY__decoupler_ulm,KLENJA2025_BACH1_INVERSE_ACTIVITY__mean_z,P0028,15,0.6249999999999999,0.012727453511233678,positive
COLLECTRI_BACH1_TF_ACTIVITY__decoupler_ulm,KLENJA2025_BACH1_INVERSE_ACTIVITY__mean_z,P0030,15,0.7535714285714286,0.0011775830234888275,positive
COLLECTRI_BACH1_TF_ACTIVITY__decoupler_ulm,KLENJA2025_BACH1_INVERSE_ACTIVITY__mean_z,P0031,15,0.6071428571428571,0.01638130676830708,positive
COLLECTRI_BACH1_TF_ACTIVITY__decoupler_ulm,KLENJA2025_BACH1_INVERSE_ACTIVITY__mean_z,P0034,15,0.6178571428571428,0.014103928406489509,positive
KLENJA2025_BACH1_INVERSE_ACTIVITY__mean_z,COLLECTRI_BACH1_TF_ACTIVITY__decoupler_ulm,AL02,15,0.5285714285714286,0.0427972893094504,positive
KLENJA2025_BACH1_INVERSE_ACTIVITY__mean_z,COLLECTRI_BACH1_TF_ACTIVITY__decoupler_ulm,AL06,15,0.6071428571428571,0.01638130676830708,positive
KLENJA2025_BACH1_INVERSE_ACTIVITY__mean_z,COLLECTRI_BACH1_TF_ACTIVITY__decoupler_ulm,AL08,15,0.6071428571428571,0.01638130676830708,positive
KLENJA2025_BACH1_INVERSE_ACTIVITY__mean_z,COLLECTRI_BACH1_TF_ACTIVITY__decoupler_ulm,AL10,15,0.6142857142857142,0.014833955405976961,positive
KLENJA2025_BACH1_INVERSE_ACTIVITY__mean_z,COLLECTRI_BACH1_TF_ACTIVITY__decoupler_ulm,AL11,15,0.5535714285714285,0.032287103770123615,positive
KLENJA2025_BACH1_INVERSE_ACTIVITY__mean_z,COLLECTRI_BACH1_TF_ACTIVITY__decoupler_ulm,P0006,15,0.5928571428571427,0.01984642197018115,positive
KLENJA2025_BACH1_INVERSE_ACTIVITY__mean_z,COLLECTRI_BACH1_TF_ACTIVITY__decoupler_ulm,P0008,15,0.5678571428571427,0.02722835670886185,positive
KLENJA2025_BACH1_INVERSE_ACTIVITY__mean_z,COLLECTRI_BACH1_TF_ACTIVITY__decoupler_ulm,P0009,15,0.6499999999999999,0.008711583621912317,positive
KLENJA2025_BACH1_INVERSE_ACTIVITY__mean_z,COLLECTRI_BACH1_TF_ACTIVITY__decoupler_ulm,P0018,15,0.6214285714285712,0.013402006712181815,positive
KLENJA2025_BACH1_INVERSE_ACTIVITY__mean_z,COLLECTRI_BACH1_TF_ACTIVITY__decoupler_ulm,P0019,15,0.5857142857142856,0.02177651761904279,positive
KLENJA2025_BACH1_INVERSE_ACTIVITY__mean_z,COLLECTRI_BACH1_TF_ACTIVITY__decoupler_ulm,P0020,15,0.6428571428571428,0.009739944695595271,positive
KLENJA2025_BACH1_INVERSE_ACTIVITY__mean_z,COLLECTRI_BACH1_TF_ACTIVITY__decoupler_ulm,P0025,15,0.5714285714285713,0.026063193376362863,positive
KLENJA2025_BACH1_INVERSE_ACTIVITY__mean_z,COLLECTRI_BACH1_TF_ACTIVITY__decoupler_ulm,P0028,15,0.6249999999999999,0.012727453511233678,positive
KLENJA2025_BACH1_INVERSE_ACTIVITY__mean_z,COLLECTRI_BACH1_TF_ACTIVITY__decoupler_ulm,P0030,15,0.7535714285714286,0.0011775830234888275,positive
KLENJA2025_BACH1_INVERSE_ACTIVITY__mean_z,COLLECTRI_BACH1_TF_ACTIVITY__decoupler_ulm,P0031,15,0.6071428571428571,0.01638130676830708,positive
KLENJA2025_BACH1_INVERSE_ACTIVITY__mean_z,COLLECTRI_BACH1_TF_ACTIVITY__decoupler_ulm,P0034,15,0.6178571428571428,0.014103928406489509,positive
DOROTHEA_BACH1_ABC_TF_ACTIVITY__decoupler_ulm,HALLMARK_HYPOXIA__ssgsea_NES,AL02,15,0.6464285714285712,0.009214550689979997,positive
DOROTHEA_BACH1_ABC_TF_ACTIVITY__decoupler_ulm,HALLMARK_HYPOXIA__ssgsea_NES,AL06,15,0.5964285714285712,0.01893192468786518,positive
DOROTHEA_BACH1_ABC_TF_ACTIVITY__decoupler_ulm,HALLMARK_HYPOXIA__ssgsea_NES,AL08,15,0.5678571428571427,0.02722835670886185,positive
DOROTHEA_BACH1_ABC_TF_ACTIVITY__decoupler_ulm,HALLMARK_HYPOXIA__ssgsea_NES,AL10,15,0.6678571428571428,0.006509956694715443,positive
DOROTHEA_BACH1_ABC_TF_ACTIVITY__decoupler_ulm,HALLMARK_HYPOXIA__ssgsea_NES,AL11,15,0.5428571428571428,0.03652182255483735,positive
DOROTHEA_BACH1_ABC_TF_ACTIVITY__decoupler_ulm,HALLMARK_HYPOXIA__ssgsea_NES,P0006,15,0.6142857142857142,0.014833955405976961,positive
DOROTHEA_BACH1_ABC_TF_ACTIVITY__decoupler_ulm,HALLMARK_HYPOXIA__ssgsea_NES,P0008,15,0.6214285714285712,0.013402006712181815,positive
DOROTHEA_BACH1_ABC_TF_ACTIVITY__decoupler_ulm,HALLMARK_HYPOXIA__ssgsea_NES,P0009,15,0.5714285714285713,0.026063193376362863,positive
DOROTHEA_BACH1_ABC_TF_ACTIVITY__decoupler_ulm,HALLMARK_HYPOXIA__ssgsea_NES,P0018,15,0.5392857142857141,0.03802165626355804,positive
DOROTHEA_BACH1_ABC_TF_ACTIVITY__decoupler_ulm,HALLMARK_HYPOXIA__ssgsea_NES,P0019,15,0.6607142857142856,0.00733056983089171,positive
DOROTHEA_BACH1_ABC_TF_ACTIVITY__decoupler_ulm,HALLMARK_HYPOXIA__ssgsea_NES,P0020,15,0.5392857142857141,0.03802165626355804,positive
DOROTHEA_BACH1_ABC_TF_ACTIVITY__decoupler_ulm,HALLMARK_HYPOXIA__ssgsea_NES,P0025,15,0.532142857142857,0.04115858038693441,positive
DOROTHEA_BACH1_ABC_TF_ACTIVITY__decoupler_ulm,HALLMARK_HYPOXIA__ssgsea_NES,P0028,15,0.6499999999999999,0.008711583621912317,positive
DOROTHEA_BACH1_ABC_TF_ACTIVITY__decoupler_ulm,HALLMARK_HYPOXIA__ssgsea_NES,P0030,15,0.6392857142857141,0.010288446619594212,positive
DOROTHEA_BACH1_ABC_TF_ACTIVITY__decoupler_ulm,HALLMARK_HYPOXIA__ssgsea_NES,P0031,15,0.6678571428571428,0.006509956694715443,positive
DOROTHEA_BACH1_ABC_TF_ACTIVITY__decoupler_ulm,HALLMARK_HYPOXIA__ssgsea_NES,P0034,15,0.6464285714285712,0.009214550689979997,positive
DOROTHEA_BACH1_ABC_TF_ACTIVITY__decoupler_mlm,HALLMARK_EPITHELIAL_MESENCHYMAL_TRANSITION__ssgsea_NES,AL02,15,0.6357142857142856,0.010860746168789804,positive
DOROTHEA_BACH1_ABC_TF_ACTIVITY__decoupler_mlm,HALLMARK_EPITHELIAL_MESENCHYMAL_TRANSITION__ssgsea_NES,AL06,15,0.5678571428571427,0.02722835670886185,positive
DOROTHEA_BACH1_ABC_TF_ACTIVITY__decoupler_mlm,HALLMARK_EPITHELIAL_MESENCHYMAL_TRANSITION__ssgsea_NES,AL08,15,0.5285714285714286,0.0427972893094504,positive
DOROTHEA_BACH1_ABC_TF_ACTIVITY__decoupler_mlm,HALLMARK_EPITHELIAL_MESENCHYMAL_TRANSITION__ssgsea_NES,AL10,15,0.6071428571428571,0.01638130676830708,positive
DOROTHEA_BACH1_ABC_TF_ACTIVITY__decoupler_mlm,HALLMARK_EPITHELIAL_MESENCHYMAL_TRANSITION__ssgsea_NES,AL11,15,0.532142857142857,0.04115858038693441,positive
DOROTHEA_BACH1_ABC_TF_ACTIVITY__decoupler_mlm,HALLMARK_EPITHELIAL_MESENCHYMAL_TRANSITION__ssgsea_NES,P0006,15,0.6357142857142856,0.010860746168789804,positive
DOROTHEA_BACH1_ABC_TF_ACTIVITY__decoupler_mlm,HALLMARK_EPITHELIAL_MESENCHYMAL_TRANSITION__ssgsea_NES,P0008,15,0.6249999999999999,0.012727453511233678,positive
DOROTHEA_BACH1_ABC_TF_ACTIVITY__decoupler_mlm,HALLMARK_EPITHELIAL_MESENCHYMAL_TRANSITION__ssgsea_NES,P0009,15,0.6107142857142855,0.015592831421175636,positive
DOROTHEA_BACH1_ABC_TF_ACTIVITY__decoupler_mlm,HALLMARK_EPITHELIAL_MESENCHYMAL_TRANSITION__ssgsea_NES,P0018,15,0.5714285714285713,0.026063193376362863,positive
DOROTHEA_BACH1_ABC_TF_ACTIVITY__decoupler_mlm,HALLMARK_EPITHELIAL_MESENCHYMAL_TRANSITION__ssgsea_NES,P0019,15,0.6249999999999999,0.012727453511233678,positive
DOROTHEA_BACH1_ABC_TF_ACTIVITY__decoupler_mlm,HALLMARK_EPITHELIAL_MESENCHYMAL_TRANSITION__ssgsea_NES,P0020,15,0.5678571428571427,0.02722835670886185,positive
DOROTHEA_BACH1_ABC_TF_ACTIVITY__decoupler_mlm,HALLMARK_EPITHELIAL_MESENCHYMAL_TRANSITION__ssgsea_NES,P0025,15,0.5285714285714286,0.0427972893094504,positive
DOROTHEA_BACH1_ABC_TF_ACTIVITY__decoupler_mlm,HALLMARK_EPITHELIAL_MESENCHYMAL_TRANSITION__ssgsea_NES,P0028,15,0.7,0.003666067898801381,positive
DOROTHEA_BACH1_ABC_TF_ACTIVITY__decoupler_mlm,HALLMARK_EPITHELIAL_MESENCHYMAL_TRANSITION__ssgsea_NES,P0030,15,0.6071428571428571,0.01638130676830708,positive
DOROTHEA_BACH1_ABC_TF_ACTIVITY__decoupler_mlm,HALLMARK_EPITHELIAL_MESENCHYMAL_TRANSITION__ssgsea_NES,P0031,15,0.6107142857142855,0.015592831421175636,positive
DOROTHEA_BACH1_ABC_TF_ACTIVITY__decoupler_mlm,HALLMARK_EPITHELIAL_MESENCHYMAL_TRANSITION__ssgsea_NES,P0034,15,0.7,0.003666067898801381,positive
BACH1_expression_mean,HALLMARK_REACTIVE_OXYGEN_SPECIES_PATHWAY__mean_z,AL02,15,0.5357142857142856,0.03956697222954946,positive
BACH1_expression_mean,HALLMARK_REACTIVE_OXYGEN_SPECIES_PATHWAY__mean_z,AL06,15,0.6107142857142855,0.015592831421175636,positive
BACH1_expression_mean,HALLMARK_REACTIVE_OXYGEN_SPECIES_PATHWAY__mean_z,AL08,15,0.6357142857142856,0.010860746168789804,positive
BACH1_expression_mean,HALLMARK_REACTIVE_OXYGEN_SPECIES_PATHWAY__mean_z,AL10,15,0.7428571428571428,0.0015094888782350335,positive
BACH1_expression_mean,HALLMARK_REACTIVE_OXYGEN_SPECIES_PATHWAY__mean_z,AL11,15,0.5535714285714285,0.032287103770123615,positive
BACH1_expression_mean,HALLMARK_REACTIVE_OXYGEN_SPECIES_PATHWAY__mean_z,P0006,15,0.5642857142857142,0.028432522148708565,positive
BACH1_expression_mean,HALLMARK_REACTIVE_OXYGEN_SPECIES_PATHWAY__mean_z,P0008,15,0.5535714285714285,0.032287103770123615,positive
BACH1_expression_mean,HALLMARK_REACTIVE_OXYGEN_SPECIES_PATHWAY__mean_z,P0009,15,0.6107142857142855,0.015592831421175636,positive
BACH1_expression_mean,HALLMARK_REACTIVE_OXYGEN_SPECIES_PATHWAY__mean_z,P0018,15,0.6071428571428571,0.01638130676830708,positive
BACH1_expression_mean,HALLMARK_REACTIVE_OXYGEN_SPECIES_PATHWAY__mean_z,P0019,15,0.5535714285714285,0.032287103770123615,positive
BACH1_expression_mean,HALLMARK_REACTIVE_OXYGEN_SPECIES_PATHWAY__mean_z,P0020,15,0.6249999999999999,0.012727453511233678,positive
BACH1_expression_mean,HALLMARK_REACTIVE_OXYGEN_SPECIES_PATHWAY__mean_z,P0025,15,0.5642857142857142,0.028432522148708565,positive
BACH1_expression_mean,HALLMARK_REACTIVE_OXYGEN_SPECIES_PATHWAY__mean_z,P0028,15,0.6357142857142856,0.010860746168789804,positive
BACH1_expression_mean,HALLMARK_REACTIVE_OXYGEN_SPECIES_PATHWAY__mean_z,P0030,15,0.6178571428571428,0.014103928406489509,positive
BACH1_expression_mean,HALLMARK_REACTIVE_OXYGEN_SPECIES_PATHWAY__mean_z,P0031,15,0.5857142857142856,0.02177651761904279,positive
BACH1_expression_mean,HALLMARK_REACTIVE_OXYGEN_SPECIES_PATHWAY__mean_z,P0034,15,0.6071428571428571,0.01638130676830708,positive
COLLECTRI_BACH1_TF_ACTIVITY__mean_z,LITERATURE_LUNG_BACH1_EFFECTOR_ACTIVITY__mean_z,AL02,15,0.6178571428571428,0.014103928406489509,positive
COLLECTRI_BACH1_TF_ACTIVITY__mean_z,LITERATURE_LUNG_BACH1_EFFECTOR_ACTIVITY__mean_z,AL06,15,0.5892857142857142,0.02079435848316165,positive
COLLECTRI_BACH1_TF_ACTIVITY__mean_z,LITERATURE_LUNG_BACH1_EFFECTOR_ACTIVITY__mean_z,AL08,15,0.5857142857142856,0.02177651761904279,positive
COLLECTRI_BACH1_TF_ACTIVITY__mean_z,LITERATURE_LUNG_BACH1_EFFECTOR_ACTIVITY__mean_z,AL10,15,0.6107142857142855,0.015592831421175636,positive
COLLECTRI_BACH1_TF_ACTIVITY__mean_z,LITERATURE_LUNG_BACH1_EFFECTOR_ACTIVITY__mean_z,AL11,15,0.557142857142857,0.030961086755812144,positive
COLLECTRI_BACH1_TF_ACTIVITY__mean_z,LITERATURE_LUNG_BACH1_EFFECTOR_ACTIVITY__mean_z,P0006,15,0.6428571428571428,0.009739944695595271,positive
COLLECTRI_BACH1_TF_ACTIVITY__mean_z,LITERATURE_LUNG_BACH1_EFFECTOR_ACTIVITY__mean_z,P0008,15,0.5285714285714286,0.0427972893094504,positive
COLLECTRI_BACH1_TF_ACTIVITY__mean_z,LITERATURE_LUNG_BACH1_EFFECTOR_ACTIVITY__mean_z,P0009,15,0.8428571428571429,7.967195252724861e-05,positive
COLLECTRI_BACH1_TF_ACTIVITY__mean_z,LITERATURE_LUNG_BACH1_EFFECTOR_ACTIVITY__mean_z,P0018,15,0.5964285714285712,0.01893192468786518,positive
COLLECTRI_BACH1_TF_ACTIVITY__mean_z,LITERATURE_LUNG_BACH1_EFFECTOR_ACTIVITY__mean_z,P0019,15,0.557142857142857,0.030961086755812144,positive
COLLECTRI_BACH1_TF_ACTIVITY__mean_z,LITERATURE_LUNG_BACH1_EFFECTOR_ACTIVITY__mean_z,P0020,15,0.5285714285714286,0.0427972893094504,positive
COLLECTRI_BACH1_TF_ACTIVITY__mean_z,LITERATURE_LUNG_BACH1_EFFECTOR_ACTIVITY__mean_z,P0025,15,0.557142857142857,0.030961086755812144,positive
COLLECTRI_BACH1_TF_ACTIVITY__mean_z,LITERATURE_LUNG_BACH1_EFFECTOR_ACTIVITY__mean_z,P0028,15,0.5928571428571427,0.01984642197018115,positive
COLLECTRI_BACH1_TF_ACTIVITY__mean_z,LITERATURE_LUNG_BACH1_EFFECTOR_ACTIVITY__mean_z,P0030,15,0.5678571428571427,0.02722835670886185,positive
COLLECTRI_BACH1_TF_ACTIVITY__mean_z,LITERATURE_LUNG_BACH1_EFFECTOR_ACTIVITY__mean_z,P0031,15,0.5678571428571427,0.02722835670886185,positive
COLLECTRI_BACH1_TF_ACTIVITY__mean_z,LITERATURE_LUNG_BACH1_EFFECTOR_ACTIVITY__mean_z,P0034,15,0.5928571428571427,0.01984642197018115,positive
COLLECTRI_BACH1_TF_ACTIVITY__decoupler_ulm,KLENJA2025_BACH1_ACTIVITY_INVERTED__ssgsea_NES,AL02,15,0.5035714285714286,0.05565451716115846,positive
COLLECTRI_BACH1_TF_ACTIVITY__decoupler_ulm,KLENJA2025_BACH1_ACTIVITY_INVERTED__ssgsea_NES,AL06,15,0.575,0.02493622794258255,positive
COLLECTRI_BACH1_TF_ACTIVITY__decoupler_ulm,KLENJA2025_BACH1_ACTIVITY_INVERTED__ssgsea_NES,AL08,15,0.5964285714285712,0.01893192468786518,positive
COLLECTRI_BACH1_TF_ACTIVITY__decoupler_ulm,KLENJA2025_BACH1_ACTIVITY_INVERTED__ssgsea_NES,AL10,15,0.6071428571428571,0.01638130676830708,positive
COLLECTRI_BACH1_TF_ACTIVITY__decoupler_ulm,KLENJA2025_BACH1_ACTIVITY_INVERTED__ssgsea_NES,AL11,15,0.5535714285714285,0.032287103770123615,positive
COLLECTRI_BACH1_TF_ACTIVITY__decoupler_ulm,KLENJA2025_BACH1_ACTIVITY_INVERTED__ssgsea_NES,P0006,15,0.6714285714285713,0.00612776678882011,positive
COLLECTRI_BACH1_TF_ACTIVITY__decoupler_ulm,KLENJA2025_BACH1_ACTIVITY_INVERTED__ssgsea_NES,P0008,15,0.5428571428571428,0.03652182255483735,positive
COLLECTRI_BACH1_TF_ACTIVITY__decoupler_ulm,KLENJA2025_BACH1_ACTIVITY_INVERTED__ssgsea_NES,P0009,15,0.6357142857142856,0.010860746168789804,positive
COLLECTRI_BACH1_TF_ACTIVITY__decoupler_ulm,KLENJA2025_BACH1_ACTIVITY_INVERTED__ssgsea_NES,P0018,15,0.5785714285714285,0.023846658762996617,positive
COLLECTRI_BACH1_TF_ACTIVITY__decoupler_ulm,KLENJA2025_BACH1_ACTIVITY_INVERTED__ssgsea_NES,P0019,15,0.5535714285714285,0.032287103770123615,positive
COLLECTRI_BACH1_TF_ACTIVITY__decoupler_ulm,KLENJA2025_BACH1_ACTIVITY_INVERTED__ssgsea_NES,P0020,15,0.6499999999999999,0.008711583621912317,positive
COLLECTRI_BACH1_TF_ACTIVITY__decoupler_ulm,KLENJA2025_BACH1_ACTIVITY_INVERTED__ssgsea_NES,P0025,15,0.5464285714285714,0.03506666021670983,positive
COLLECTRI_BACH1_TF_ACTIVITY__decoupler_ulm,KLENJA2025_BACH1_ACTIVITY_INVERTED__ssgsea_NES,P0028,15,0.5821428571428571,0.022793687126414285,positive
COLLECTRI_BACH1_TF_ACTIVITY__decoupler_ulm,KLENJA2025_BACH1_ACTIVITY_INVERTED__ssgsea_NES,P0030,15,0.6428571428571428,0.009739944695595271,positive
COLLECTRI_BACH1_TF_ACTIVITY__decoupler_ulm,KLENJA2025_BACH1_ACTIVITY_INVERTED__ssgsea_NES,P0031,15,0.5714285714285713,0.026063193376362863,positive
COLLECTRI_BACH1_TF_ACTIVITY__decoupler_ulm,KLENJA2025_BACH1_ACTIVITY_INVERTED__ssgsea_NES,P0034,15,0.6071428571428571,0.01638130676830708,positive
DOROTHEA_BACH1_ABC_TF_ACTIVITY__decoupler_ulm,HALLMARK_EPITHELIAL_MESENCHYMAL_TRANSITION__ssgsea_NES,AL02,15,0.6178571428571428,0.014103928406489509,positive
DOROTHEA_BACH1_ABC_TF_ACTIVITY__decoupler_ulm,HALLMARK_EPITHELIAL_MESENCHYMAL_TRANSITION__ssgsea_NES,AL06,15,0.5499999999999999,0.03365535781500703,positive
DOROTHEA_BACH1_ABC_TF_ACTIVITY__decoupler_ulm,HALLMARK_EPITHELIAL_MESENCHYMAL_TRANSITION__ssgsea_NES,AL08,15,0.5142857142857142,0.04983923347142061,positive
DOROTHEA_BACH1_ABC_TF_ACTIVITY__decoupler_ulm,HALLMARK_EPITHELIAL_MESENCHYMAL_TRANSITION__ssgsea_NES,AL10,15,0.6035714285714285,0.017200138068795334,positive
DOROTHEA_BACH1_ABC_TF_ACTIVITY__decoupler_ulm,HALLMARK_EPITHELIAL_MESENCHYMAL_TRANSITION__ssgsea_NES,AL11,15,0.5142857142857142,0.04983923347142061,positive
DOROTHEA_BACH1_ABC_TF_ACTIVITY__decoupler_ulm,HALLMARK_EPITHELIAL_MESENCHYMAL_TRANSITION__ssgsea_NES,P0006,15,0.6178571428571428,0.014103928406489509,positive
DOROTHEA_BACH1_ABC_TF_ACTIVITY__decoupler_ulm,HALLMARK_EPITHELIAL_MESENCHYMAL_TRANSITION__ssgsea_NES,P0008,15,0.6035714285714285,0.017200138068795334,positive
DOROTHEA_BACH1_ABC_TF_ACTIVITY__decoupler_ulm,HALLMARK_EPITHELIAL_MESENCHYMAL_TRANSITION__ssgsea_NES,P0009,15,0.6035714285714285,0.017200138068795334,positive
DOROTHEA_BACH1_ABC_TF_ACTIVITY__decoupler_ulm,HALLMARK_EPITHELIAL_MESENCHYMAL_TRANSITION__ssgsea_NES,P0018,15,0.5535714285714285,0.032287103770123615,positive
DOROTHEA_BACH1_ABC_TF_ACTIVITY__decoupler_ulm,HALLMARK_EPITHELIAL_MESENCHYMAL_TRANSITION__ssgsea_NES,P0019,15,0.6107142857142855,0.015592831421175636,positive
DOROTHEA_BACH1_ABC_TF_ACTIVITY__decoupler_ulm,HALLMARK_EPITHELIAL_MESENCHYMAL_TRANSITION__ssgsea_NES,P0020,15,0.5499999999999999,0.03365535781500703,positive
DOROTHEA_BACH1_ABC_TF_ACTIVITY__decoupler_ulm,HALLMARK_EPITHELIAL_MESENCHYMAL_TRANSITION__ssgsea_NES,P0025,15,0.5142857142857142,0.04983923347142061,positive
DOROTHEA_BACH1_ABC_TF_ACTIVITY__decoupler_ulm,HALLMARK_EPITHELIAL_MESENCHYMAL_TRANSITION__ssgsea_NES,P0028,15,0.6857142857142856,0.004772245222691261,positive
DOROTHEA_BACH1_ABC_TF_ACTIVITY__decoupler_ulm,HALLMARK_EPITHELIAL_MESENCHYMAL_TRANSITION__ssgsea_NES,P0030,15,0.5928571428571427,0.01984642197018115,positive
DOROTHEA_BACH1_ABC_TF_ACTIVITY__decoupler_ulm,HALLMARK_EPITHELIAL_MESENCHYMAL_TRANSITION__ssgsea_NES,P0031,15,0.5964285714285712,0.01893192468786518,positive
DOROTHEA_BACH1_ABC_TF_ACTIVITY__decoupler_ulm,HALLMARK_EPITHELIAL_MESENCHYMAL_TRANSITION__ssgsea_NES,P0034,15,0.6857142857142856,0.004772245222691261,positive
KLENJA2025_BACH1_ACTIVITY_INVERTED__ssgsea_NES,COLLECTRI_BACH1_TF_ACTIVITY__decoupler_ulm,AL02,15,0.5035714285714286,0.05565451716115846,positive
KLENJA2025_BACH1_ACTIVITY_INVERTED__ssgsea_NES,COLLECTRI_BACH1_TF_ACTIVITY__decoupler_ulm,AL06,15,0.575,0.02493622794258255,positive
KLENJA2025_BACH1_ACTIVITY_INVERTED__ssgsea_NES,COLLECTRI_BACH1_TF_ACTIVITY__decoupler_ulm,AL08,15,0.5964285714285712,0.01893192468786518,positive
KLENJA2025_BACH1_ACTIVITY_INVERTED__ssgsea_NES,COLLECTRI_BACH1_TF_ACTIVITY__decoupler_ulm,AL10,15,0.6071428571428571,0.01638130676830708,positive
KLENJA2025_BACH1_ACTIVITY_INVERTED__ssgsea_NES,COLLECTRI_BACH1_TF_ACTIVITY__decoupler_ulm,AL11,15,0.5535714285714285,0.032287103770123615,positive
KLENJA2025_BACH1_ACTIVITY_INVERTED__ssgsea_NES,COLLECTRI_BACH1_TF_ACTIVITY__decoupler_ulm,P0006,15,0.6714285714285713,0.00612776678882011,positive
KLENJA2025_BACH1_ACTIVITY_INVERTED__ssgsea_NES,COLLECTRI_BACH1_TF_ACTIVITY__decoupler_ulm,P0008,15,0.5428571428571428,0.03652182255483735,positive
KLENJA2025_BACH1_ACTIVITY_INVERTED__ssgsea_NES,COLLECTRI_BACH1_TF_ACTIVITY__decoupler_ulm,P0009,15,0.6357142857142856,0.010860746168789804,positive
KLENJA2025_BACH1_ACTIVITY_INVERTED__ssgsea_NES,COLLECTRI_BACH1_TF_ACTIVITY__decoupler_ulm,P0018,15,0.5785714285714285,0.023846658762996617,positive
KLENJA2025_BACH1_ACTIVITY_INVERTED__ssgsea_NES,COLLECTRI_BACH1_TF_ACTIVITY__decoupler_ulm,P0019,15,0.5535714285714285,0.032287103770123615,positive
KLENJA2025_BACH1_ACTIVITY_INVERTED__ssgsea_NES,COLLECTRI_BACH1_TF_ACTIVITY__decoupler_ulm,P0020,15,0.6499999999999999,0.008711583621912317,positive
KLENJA2025_BACH1_ACTIVITY_INVERTED__ssgsea_NES,COLLECTRI_BACH1_TF_ACTIVITY__decoupler_ulm,P0025,15,0.5464285714285714,0.03506666021670983,positive
KLENJA2025_BACH1_ACTIVITY_INVERTED__ssgsea_NES,COLLECTRI_BACH1_TF_ACTIVITY__decoupler_ulm,P0028,15,0.5821428571428571,0.022793687126414285,positive
KLENJA2025_BACH1_ACTIVITY_INVERTED__ssgsea_NES,COLLECTRI_BACH1_TF_ACTIVITY__decoupler_ulm,P0030,15,0.6428571428571428,0.009739944695595271,positive
KLENJA2025_BACH1_ACTIVITY_INVERTED__ssgsea_NES,COLLECTRI_BACH1_TF_ACTIVITY__decoupler_ulm,P0031,15,0.5714285714285713,0.026063193376362863,positive
KLENJA2025_BACH1_ACTIVITY_INVERTED__ssgsea_NES,COLLECTRI_BACH1_TF_ACTIVITY__decoupler_ulm,P0034,15,0.6071428571428571,0.01638130676830708,positive
DOROTHEA_BACH1_ABC_TF_ACTIVITY__ssgsea_NES,HALLMARK_OXIDATIVE_PHOSPHORYLATION__ssgsea_NES,AL02,15,-0.5178571428571428,0.04800407736655832,negative
DOROTHEA_BACH1_ABC_TF_ACTIVITY__ssgsea_NES,HALLMARK_OXIDATIVE_PHOSPHORYLATION__ssgsea_NES,AL06,15,-0.5464285714285714,0.03506666021670983,negative
DOROTHEA_BACH1_ABC_TF_ACTIVITY__ssgsea_NES,HALLMARK_OXIDATIVE_PHOSPHORYLATION__ssgsea_NES,AL08,15,-0.5249999999999999,0.04448390580010634,negative
DOROTHEA_BACH1_ABC_TF_ACTIVITY__ssgsea_NES,HALLMARK_OXIDATIVE_PHOSPHORYLATION__ssgsea_NES,AL10,15,-0.5785714285714285,0.023846658762996617,negative
DOROTHEA_BACH1_ABC_TF_ACTIVITY__ssgsea_NES,HALLMARK_OXIDATIVE_PHOSPHORYLATION__ssgsea_NES,AL11,15,-0.6535714285714285,0.008230371463638971,negative
DOROTHEA_BACH1_ABC_TF_ACTIVITY__ssgsea_NES,HALLMARK_OXIDATIVE_PHOSPHORYLATION__ssgsea_NES,P0006,15,-0.6214285714285712,0.013402006712181815,negative
DOROTHEA_BACH1_ABC_TF_ACTIVITY__ssgsea_NES,HALLMARK_OXIDATIVE_PHOSPHORYLATION__ssgsea_NES,P0008,15,-0.6785714285714285,0.005416550219591711,negative
DOROTHEA_BACH1_ABC_TF_ACTIVITY__ssgsea_NES,HALLMARK_OXIDATIVE_PHOSPHORYLATION__ssgsea_NES,P0009,15,-0.5178571428571428,0.04800407736655832,negative
DOROTHEA_BACH1_ABC_TF_ACTIVITY__ssgsea_NES,HALLMARK_OXIDATIVE_PHOSPHORYLATION__ssgsea_NES,P0018,15,-0.5678571428571427,0.02722835670886185,negative
DOROTHEA_BACH1_ABC_TF_ACTIVITY__ssgsea_NES,HALLMARK_OXIDATIVE_PHOSPHORYLATION__ssgsea_NES,P0019,15,-0.5857142857142856,0.02177651761904279,negative
DOROTHEA_BACH1_ABC_TF_ACTIVITY__ssgsea_NES,HALLMARK_OXIDATIVE_PHOSPHORYLATION__ssgsea_NES,P0020,15,-0.5178571428571428,0.04800407736655832,negative
DOROTHEA_BACH1_ABC_TF_ACTIVITY__ssgsea_NES,HALLMARK_OXIDATIVE_PHOSPHORYLATION__ssgsea_NES,P0025,15,-0.6142857142857142,0.014833955405976961,negative
DOROTHEA_BACH1_ABC_TF_ACTIVITY__ssgsea_NES,HALLMARK_OXIDATIVE_PHOSPHORYLATION__ssgsea_NES,P0028,15,-0.5642857142857142,0.028432522148708565,negative
DOROTHEA_BACH1_ABC_TF_ACTIVITY__ssgsea_NES,HALLMARK_OXIDATIVE_PHOSPHORYLATION__ssgsea_NES,P0030,15,-0.5857142857142856,0.02177651761904279,negative
DOROTHEA_BACH1_ABC_TF_ACTIVITY__ssgsea_NES,HALLMARK_OXIDATIVE_PHOSPHORYLATION__ssgsea_NES,P0031,15,-0.6107142857142855,0.015592831421175636,negative
DOROTHEA_BACH1_ABC_TF_ACTIVITY__ssgsea_NES,HALLMARK_OXIDATIVE_PHOSPHORYLATION__ssgsea_NES,P0034,15,-0.5892857142857142,0.02079435848316165,negative
COLLECTRI_BACH1_TF_ACTIVITY__mean_z,HALLMARK_EPITHELIAL_MESENCHYMAL_TRANSITION__ssgsea_NES,AL02,15,0.5535714285714285,0.032287103770123615,positive
COLLECTRI_BACH1_TF_ACTIVITY__mean_z,HALLMARK_EPITHELIAL_MESENCHYMAL_TRANSITION__ssgsea_NES,AL06,15,0.6428571428571428,0.009739944695595271,positive
COLLECTRI_BACH1_TF_ACTIVITY__mean_z,HALLMARK_EPITHELIAL_MESENCHYMAL_TRANSITION__ssgsea_NES,AL08,15,0.6357142857142856,0.010860746168789804,positive
COLLECTRI_BACH1_TF_ACTIVITY__mean_z,HALLMARK_EPITHELIAL_MESENCHYMAL_TRANSITION__ssgsea_NES,AL10,15,0.5857142857142856,0.02177651761904279,positive
COLLECTRI_BACH1_TF_ACTIVITY__mean_z,HALLMARK_EPITHELIAL_MESENCHYMAL_TRANSITION__ssgsea_NES,AL11,15,0.5178571428571428,0.04800407736655832,positive
COLLECTRI_BACH1_TF_ACTIVITY__mean_z,HALLMARK_EPITHELIAL_MESENCHYMAL_TRANSITION__ssgsea_NES,P0006,15,0.5499999999999999,0.03365535781500703,positive
COLLECTRI_BACH1_TF_ACTIVITY__mean_z,HALLMARK_EPITHELIAL_MESENCHYMAL_TRANSITION__ssgsea_NES,P0008,15,0.5642857142857142,0.028432522148708565,positive
COLLECTRI_BACH1_TF_ACTIVITY__mean_z,HALLMARK_EPITHELIAL_MESENCHYMAL_TRANSITION__ssgsea_NES,P0009,15,0.5642857142857142,0.028432522148708565,positive
COLLECTRI_BACH1_TF_ACTIVITY__mean_z,HALLMARK_EPITHELIAL_MESENCHYMAL_TRANSITION__ssgsea_NES,P0018,15,0.5499999999999999,0.03365535781500703,positive
COLLECTRI_BACH1_TF_ACTIVITY__mean_z,HALLMARK_EPITHELIAL_MESENCHYMAL_TRANSITION__ssgsea_NES,P0019,15,0.6035714285714285,0.017200138068795334,positive
COLLECTRI_BACH1_TF_ACTIVITY__mean_z,HALLMARK_EPITHELIAL_MESENCHYMAL_TRANSITION__ssgsea_NES,P0020,15,0.5642857142857142,0.028432522148708565,positive
COLLECTRI_BACH1_TF_ACTIVITY__mean_z,HALLMARK_EPITHELIAL_MESENCHYMAL_TRANSITION__ssgsea_NES,P0025,15,0.5428571428571428,0.03652182255483735,positive
COLLECTRI_BACH1_TF_ACTIVITY__mean_z,HALLMARK_EPITHELIAL_MESENCHYMAL_TRANSITION__ssgsea_NES,P0028,15,0.6071428571428571,0.01638130676830708,positive
COLLECTRI_BACH1_TF_ACTIVITY__mean_z,HALLMARK_EPITHELIAL_MESENCHYMAL_TRANSITION__ssgsea_NES,P0030,15,0.5678571428571427,0.02722835670886185,positive
COLLECTRI_BACH1_TF_ACTIVITY__mean_z,HALLMARK_EPITHELIAL_MESENCHYMAL_TRANSITION__ssgsea_NES,P0031,15,0.5678571428571427,0.02722835670886185,positive
COLLECTRI_BACH1_TF_ACTIVITY__mean_z,HALLMARK_EPITHELIAL_MESENCHYMAL_TRANSITION__ssgsea_NES,P0034,15,0.6071428571428571,0.01638130676830708,positive
DOROTHEA_BACH1_ABC_TF_ACTIVITY__decoupler_ulm,DOROTHEA_BACH1_ABC_TF_ACTIVITY__mean_z,AL02,15,0.5535714285714285,0.032287103770123615,positive
DOROTHEA_BACH1_ABC_TF_ACTIVITY__decoupler_ulm,DOROTHEA_BACH1_ABC_TF_ACTIVITY__mean_z,AL06,15,0.4892857142857142,0.06416038631454045,positive
DOROTHEA_BACH1_ABC_TF_ACTIVITY__decoupler_ulm,DOROTHEA_BACH1_ABC_TF_ACTIVITY__mean_z,AL08,15,0.6357142857142856,0.010860746168789804,positive
DOROTHEA_BACH1_ABC_TF_ACTIVITY__decoupler_ulm,DOROTHEA_BACH1_ABC_TF_ACTIVITY__mean_z,AL10,15,0.6249999999999999,0.012727453511233678,positive
DOROTHEA_BACH1_ABC_TF_ACTIVITY__decoupler_ulm,DOROTHEA_BACH1_ABC_TF_ACTIVITY__mean_z,AL11,15,0.7249999999999999,0.0022270323137542148,positive
DOROTHEA_BACH1_ABC_TF_ACTIVITY__decoupler_ulm,DOROTHEA_BACH1_ABC_TF_ACTIVITY__mean_z,P0006,15,0.5857142857142856,0.02177651761904279,positive
DOROTHEA_BACH1_ABC_TF_ACTIVITY__decoupler_ulm,DOROTHEA_BACH1_ABC_TF_ACTIVITY__mean_z,P0008,15,0.5607142857142856,0.029676496094474744,positive
DOROTHEA_BACH1_ABC_TF_ACTIVITY__decoupler_ulm,DOROTHEA_BACH1_ABC_TF_ACTIVITY__mean_z,P0009,15,0.575,0.02493622794258255,positive
DOROTHEA_BACH1_ABC_TF_ACTIVITY__decoupler_ulm,DOROTHEA_BACH1_ABC_TF_ACTIVITY__mean_z,P0018,15,0.5714285714285713,0.026063193376362863,positive
DOROTHEA_BACH1_ABC_TF_ACTIVITY__decoupler_ulm,DOROTHEA_BACH1_ABC_TF_ACTIVITY__mean_z,P0019,15,0.5821428571428571,0.022793687126414285,positive
DOROTHEA_BACH1_ABC_TF_ACTIVITY__decoupler_ulm,DOROTHEA_BACH1_ABC_TF_ACTIVITY__mean_z,P0020,15,0.5035714285714286,0.05565451716115846,positive
DOROTHEA_BACH1_ABC_TF_ACTIVITY__decoupler_ulm,DOROTHEA_BACH1_ABC_TF_ACTIVITY__mean_z,P0025,15,0.5035714285714286,0.05565451716115846,positive
DOROTHEA_BACH1_ABC_TF_ACTIVITY__decoupler_ulm,DOROTHEA_BACH1_ABC_TF_ACTIVITY__mean_z,P0028,15,0.5714285714285713,0.026063193376362863,positive
DOROTHEA_BACH1_ABC_TF_ACTIVITY__decoupler_ulm,DOROTHEA_BACH1_ABC_TF_ACTIVITY__mean_z,P0030,15,0.5678571428571427,0.02722835670886185,positive
DOROTHEA_BACH1_ABC_TF_ACTIVITY__decoupler_ulm,DOROTHEA_BACH1_ABC_TF_ACTIVITY__mean_z,P0031,15,0.5821428571428571,0.022793687126414285,positive
DOROTHEA_BACH1_ABC_TF_ACTIVITY__decoupler_ulm,DOROTHEA_BACH1_ABC_TF_ACTIVITY__mean_z,P0034,15,0.6107142857142855,0.015592831421175636,positive
DOROTHEA_BACH1_ABC_TF_ACTIVITY__mean_z,DOROTHEA_BACH1_ABC_TF_ACTIVITY__decoupler_ulm,AL02,15,0.5535714285714285,0.032287103770123615,positive
DOROTHEA_BACH1_ABC_TF_ACTIVITY__mean_z,DOROTHEA_BACH1_ABC_TF_ACTIVITY__decoupler_ulm,AL06,15,0.4892857142857142,0.06416038631454045,positive
DOROTHEA_BACH1_ABC_TF_ACTIVITY__mean_z,DOROTHEA_BACH1_ABC_TF_ACTIVITY__decoupler_ulm,AL08,15,0.6357142857142856,0.010860746168789804,positive
DOROTHEA_BACH1_ABC_TF_ACTIVITY__mean_z,DOROTHEA_BACH1_ABC_TF_ACTIVITY__decoupler_ulm,AL10,15,0.6249999999999999,0.012727453511233678,positive
DOROTHEA_BACH1_ABC_TF_ACTIVITY__mean_z,DOROTHEA_BACH1_ABC_TF_ACTIVITY__decoupler_ulm,AL11,15,0.7249999999999999,0.0022270323137542148,positive
DOROTHEA_BACH1_ABC_TF_ACTIVITY__mean_z,DOROTHEA_BACH1_ABC_TF_ACTIVITY__decoupler_ulm,P0006,15,0.5857142857142856,0.02177651761904279,positive
DOROTHEA_BACH1_ABC_TF_ACTIVITY__mean_z,DOROTHEA_BACH1_ABC_TF_ACTIVITY__decoupler_ulm,P0008,15,0.5607142857142856,0.029676496094474744,positive
DOROTHEA_BACH1_ABC_TF_ACTIVITY__mean_z,DOROTHEA_BACH1_ABC_TF_ACTIVITY__decoupler_ulm,P0009,15,0.575,0.02493622794258255,positive
DOROTHEA_BACH1_ABC_TF_ACTIVITY__mean_z,DOROTHEA_BACH1_ABC_TF_ACTIVITY__decoupler_ulm,P0018,15,0.5714285714285713,0.026063193376362863,positive
DOROTHEA_BACH1_ABC_TF_ACTIVITY__mean_z,DOROTHEA_BACH1_ABC_TF_ACTIVITY__decoupler_ulm,P0019,15,0.5821428571428571,0.022793687126414285,positive
DOROTHEA_BACH1_ABC_TF_ACTIVITY__mean_z,DOROTHEA_BACH1_ABC_TF_ACTIVITY__decoupler_ulm,P0020,15,0.5035714285714286,0.05565451716115846,positive
DOROTHEA_BACH1_ABC_TF_ACTIVITY__mean_z,DOROTHEA_BACH1_ABC_TF_ACTIVITY__decoupler_ulm,P0025,15,0.5035714285714286,0.05565451716115846,positive
DOROTHEA_BACH1_ABC_TF_ACTIVITY__mean_z,DOROTHEA_BACH1_ABC_TF_ACTIVITY__decoupler_ulm,P0028,15,0.5714285714285713,0.026063193376362863,positive
DOROTHEA_BACH1_ABC_TF_ACTIVITY__mean_z,DOROTHEA_BACH1_ABC_TF_ACTIVITY__decoupler_ulm,P0030,15,0.5678571428571427,0.02722835670886185,positive
DOROTHEA_BACH1_ABC_TF_ACTIVITY__mean_z,DOROTHEA_BACH1_ABC_TF_ACTIVITY__decoupler_ulm,P0031,15,0.5821428571428571,0.022793687126414285,positive
DOROTHEA_BACH1_ABC_TF_ACTIVITY__mean_z,DOROTHEA_BACH1_ABC_TF_ACTIVITY__decoupler_ulm,P0034,15,0.6107142857142855,0.015592831421175636,positive
DOROTHEA_BACH1_ABC_TF_ACTIVITY__decoupler_ulm,DOROTHEA_BACH1_ABC_TF_ACTIVITY__ssgsea_NES,AL02,15,0.5357142857142856,0.03956697222954946,positive
DOROTHEA_BACH1_ABC_TF_ACTIVITY__decoupler_ulm,DOROTHEA_BACH1_ABC_TF_ACTIVITY__ssgsea_NES,AL06,15,0.475,0.07357086204591357,positive
DOROTHEA_BACH1_ABC_TF_ACTIVITY__decoupler_ulm,DOROTHEA_BACH1_ABC_TF_ACTIVITY__ssgsea_NES,AL08,15,0.5142857142857142,0.04983923347142061,positive
DOROTHEA_BACH1_ABC_TF_ACTIVITY__decoupler_ulm,DOROTHEA_BACH1_ABC_TF_ACTIVITY__ssgsea_NES,AL10,15,0.575,0.02493622794258255,positive
DOROTHEA_BACH1_ABC_TF_ACTIVITY__decoupler_ulm,DOROTHEA_BACH1_ABC_TF_ACTIVITY__ssgsea_NES,AL11,15,0.6321428571428571,0.011457541540078902,positive
DOROTHEA_BACH1_ABC_TF_ACTIVITY__decoupler_ulm,DOROTHEA_BACH1_ABC_TF_ACTIVITY__ssgsea_NES,P0006,15,0.5714285714285713,0.026063193376362863,positive
DOROTHEA_BACH1_ABC_TF_ACTIVITY__decoupler_ulm,DOROTHEA_BACH1_ABC_TF_ACTIVITY__ssgsea_NES,P0008,15,0.5928571428571427,0.01984642197018115,positive
DOROTHEA_BACH1_ABC_TF_ACTIVITY__decoupler_ulm,DOROTHEA_BACH1_ABC_TF_ACTIVITY__ssgsea_NES,P0009,15,0.7178571428571427,0.0025811653082188574,positive
DOROTHEA_BACH1_ABC_TF_ACTIVITY__decoupler_ulm,DOROTHEA_BACH1_ABC_TF_ACTIVITY__ssgsea_NES,P0018,15,0.5714285714285713,0.026063193376362863,positive
DOROTHEA_BACH1_ABC_TF_ACTIVITY__decoupler_ulm,DOROTHEA_BACH1_ABC_TF_ACTIVITY__ssgsea_NES,P0019,15,0.5714285714285713,0.026063193376362863,positive
DOROTHEA_BACH1_ABC_TF_ACTIVITY__decoupler_ulm,DOROTHEA_BACH1_ABC_TF_ACTIVITY__ssgsea_NES,P0020,15,0.5107142857142856,0.05172549836826936,positive
DOROTHEA_BACH1_ABC_TF_ACTIVITY__decoupler_ulm,DOROTHEA_BACH1_ABC_TF_ACTIVITY__ssgsea_NES,P0025,15,0.6142857142857142,0.014833955405976961,positive
DOROTHEA_BACH1_ABC_TF_ACTIVITY__decoupler_ulm,DOROTHEA_BACH1_ABC_TF_ACTIVITY__ssgsea_NES,P0028,15,0.532142857142857,0.04115858038693441,positive
DOROTHEA_BACH1_ABC_TF_ACTIVITY__decoupler_ulm,DOROTHEA_BACH1_ABC_TF_ACTIVITY__ssgsea_NES,P0030,15,0.5392857142857141,0.03802165626355804,positive
DOROTHEA_BACH1_ABC_TF_ACTIVITY__decoupler_ulm,DOROTHEA_BACH1_ABC_TF_ACTIVITY__ssgsea_NES,P0031,15,0.575,0.02493622794258255,positive
DOROTHEA_BACH1_ABC_TF_ACTIVITY__decoupler_ulm,DOROTHEA_BACH1_ABC_TF_ACTIVITY__ssgsea_NES,P0034,15,0.532142857142857,0.04115858038693441,positive
DOROTHEA_BACH1_ABC_TF_ACTIVITY__ssgsea_NES,DOROTHEA_BACH1_ABC_TF_ACTIVITY__decoupler_ulm,AL02,15,0.5357142857142856,0.03956697222954946,positive
DOROTHEA_BACH1_ABC_TF_ACTIVITY__ssgsea_NES,DOROTHEA_BACH1_ABC_TF_ACTIVITY__decoupler_ulm,AL06,15,0.475,0.07357086204591357,positive
DOROTHEA_BACH1_ABC_TF_ACTIVITY__ssgsea_NES,DOROTHEA_BACH1_ABC_TF_ACTIVITY__decoupler_ulm,AL08,15,0.5142857142857142,0.04983923347142061,positive
DOROTHEA_BACH1_ABC_TF_ACTIVITY__ssgsea_NES,DOROTHEA_BACH1_ABC_TF_ACTIVITY__decoupler_ulm,AL10,15,0.575,0.02493622794258255,positive
DOROTHEA_BACH1_ABC_TF_ACTIVITY__ssgsea_NES,DOROTHEA_BACH1_ABC_TF_ACTIVITY__decoupler_ulm,AL11,15,0.6321428571428571,0.011457541540078902,positive
DOROTHEA_BACH1_ABC_TF_ACTIVITY__ssgsea_NES,DOROTHEA_BACH1_ABC_TF_ACTIVITY__decoupler_ulm,P0006,15,0.5714285714285713,0.026063193376362863,positive
DOROTHEA_BACH1_ABC_TF_ACTIVITY__ssgsea_NES,DOROTHEA_BACH1_ABC_TF_ACTIVITY__decoupler_ulm,P0008,15,0.5928571428571427,0.01984642197018115,positive
DOROTHEA_BACH1_ABC_TF_ACTIVITY__ssgsea_NES,DOROTHEA_BACH1_ABC_TF_ACTIVITY__decoupler_ulm,P0009,15,0.7178571428571427,0.0025811653082188574,positive
DOROTHEA_BACH1_ABC_TF_ACTIVITY__ssgsea_NES,DOROTHEA_BACH1_ABC_TF_ACTIVITY__decoupler_ulm,P0018,15,0.5714285714285713,0.026063193376362863,positive
DOROTHEA_BACH1_ABC_TF_ACTIVITY__ssgsea_NES,DOROTHEA_BACH1_ABC_TF_ACTIVITY__decoupler_ulm,P0019,15,0.5714285714285713,0.026063193376362863,positive
DOROTHEA_BACH1_ABC_TF_ACTIVITY__ssgsea_NES,DOROTHEA_BACH1_ABC_TF_ACTIVITY__decoupler_ulm,P0020,15,0.5107142857142856,0.05172549836826936,positive
DOROTHEA_BACH1_ABC_TF_ACTIVITY__ssgsea_NES,DOROTHEA_BACH1_ABC_TF_ACTIVITY__decoupler_ulm,P0025,15,0.6142857142857142,0.014833955405976961,positive
DOROTHEA_BACH1_ABC_TF_ACTIVITY__ssgsea_NES,DOROTHEA_BACH1_ABC_TF_ACTIVITY__decoupler_ulm,P0028,15,0.532142857142857,0.04115858038693441,positive
DOROTHEA_BACH1_ABC_TF_ACTIVITY__ssgsea_NES,DOROTHEA_BACH1_ABC_TF_ACTIVITY__decoupler_ulm,P0030,15,0.5392857142857141,0.03802165626355804,positive
DOROTHEA_BACH1_ABC_TF_ACTIVITY__ssgsea_NES,DOROTHEA_BACH1_ABC_TF_ACTIVITY__decoupler_ulm,P0031,15,0.575,0.02493622794258255,positive
DOROTHEA_BACH1_ABC_TF_ACTIVITY__ssgsea_NES,DOROTHEA_BACH1_ABC_TF_ACTIVITY__decoupler_ulm,P0034,15,0.532142857142857,0.04115858038693441,positive
DOROTHEA_BACH1_ABC_TF_ACTIVITY__decoupler_mlm,HALLMARK_HYPOXIA__ssgsea_NES,AL02,15,0.5892857142857142,0.02079435848316165,positive
DOROTHEA_BACH1_ABC_TF_ACTIVITY__decoupler_mlm,HALLMARK_HYPOXIA__ssgsea_NES,AL06,15,0.5392857142857141,0.03802165626355804,positive
DOROTHEA_BACH1_ABC_TF_ACTIVITY__decoupler_mlm,HALLMARK_HYPOXIA__ssgsea_NES,AL08,15,0.5249999999999999,0.04448390580010634,positive
DOROTHEA_BACH1_ABC_TF_ACTIVITY__decoupler_mlm,HALLMARK_HYPOXIA__ssgsea_NES,AL10,15,0.6428571428571428,0.009739944695595271,positive
DOROTHEA_BACH1_ABC_TF_ACTIVITY__decoupler_mlm,HALLMARK_HYPOXIA__ssgsea_NES,AL11,15,0.48214285714285704,0.06874953772064371,positive
DOROTHEA_BACH1_ABC_TF_ACTIVITY__decoupler_mlm,HALLMARK_HYPOXIA__ssgsea_NES,P0006,15,0.557142857142857,0.030961086755812144,positive
DOROTHEA_BACH1_ABC_TF_ACTIVITY__decoupler_mlm,HALLMARK_HYPOXIA__ssgsea_NES,P0008,15,0.5857142857142856,0.02177651761904279,positive
DOROTHEA_BACH1_ABC_TF_ACTIVITY__decoupler_mlm,HALLMARK_HYPOXIA__ssgsea_NES,P0009,15,0.5714285714285713,0.026063193376362863,positive
DOROTHEA_BACH1_ABC_TF_ACTIVITY__decoupler_mlm,HALLMARK_HYPOXIA__ssgsea_NES,P0018,15,0.47857142857142854,0.07113080825563314,positive
DOROTHEA_BACH1_ABC_TF_ACTIVITY__decoupler_mlm,HALLMARK_HYPOXIA__ssgsea_NES,P0019,15,0.6035714285714285,0.017200138068795334,positive
DOROTHEA_BACH1_ABC_TF_ACTIVITY__decoupler_mlm,HALLMARK_HYPOXIA__ssgsea_NES,P0020,15,0.47857142857142854,0.07113080825563314,positive
DOROTHEA_BACH1_ABC_TF_ACTIVITY__decoupler_mlm,HALLMARK_HYPOXIA__ssgsea_NES,P0025,15,0.48214285714285704,0.06874953772064371,positive
DOROTHEA_BACH1_ABC_TF_ACTIVITY__decoupler_mlm,HALLMARK_HYPOXIA__ssgsea_NES,P0028,15,0.5892857142857142,0.02079435848316165,positive
DOROTHEA_BACH1_ABC_TF_ACTIVITY__decoupler_mlm,HALLMARK_HYPOXIA__ssgsea_NES,P0030,15,0.5857142857142856,0.02177651761904279,positive
DOROTHEA_BACH1_ABC_TF_ACTIVITY__decoupler_mlm,HALLMARK_HYPOXIA__ssgsea_NES,P0031,15,0.6107142857142855,0.015592831421175636,positive
DOROTHEA_BACH1_ABC_TF_ACTIVITY__decoupler_mlm,HALLMARK_HYPOXIA__ssgsea_NES,P0034,15,0.5857142857142856,0.02177651761904279,positive
COLLECTRI_BACH1_TF_ACTIVITY__decoupler_mlm,HALLMARK_HYPOXIA__ssgsea_NES,AL02,15,0.5928571428571427,0.01984642197018115,positive
COLLECTRI_BACH1_TF_ACTIVITY__decoupler_mlm,HALLMARK_HYPOXIA__ssgsea_NES,AL06,15,0.5892857142857142,0.02079435848316165,positive
COLLECTRI_BACH1_TF_ACTIVITY__decoupler_mlm,HALLMARK_HYPOXIA__ssgsea_NES,AL08,15,0.6464285714285712,0.009214550689979997,positive
COLLECTRI_BACH1_TF_ACTIVITY__decoupler_mlm,HALLMARK_HYPOXIA__ssgsea_NES,AL10,15,0.5428571428571428,0.03652182255483735,positive
COLLECTRI_BACH1_TF_ACTIVITY__decoupler_mlm,HALLMARK_HYPOXIA__ssgsea_NES,AL11,15,0.48214285714285704,0.06874953772064371,positive
COLLECTRI_BACH1_TF_ACTIVITY__decoupler_mlm,HALLMARK_HYPOXIA__ssgsea_NES,P0006,15,0.5892857142857142,0.02079435848316165,positive
COLLECTRI_BACH1_TF_ACTIVITY__decoupler_mlm,HALLMARK_HYPOXIA__ssgsea_NES,P0008,15,0.5464285714285714,0.03506666021670983,positive
COLLECTRI_BACH1_TF_ACTIVITY__decoupler_mlm,HALLMARK_HYPOXIA__ssgsea_NES,P0009,15,0.6464285714285712,0.009214550689979997,positive
COLLECTRI_BACH1_TF_ACTIVITY__decoupler_mlm,HALLMARK_HYPOXIA__ssgsea_NES,P0018,15,0.46071428571428563,0.08393338135031418,positive
COLLECTRI_BACH1_TF_ACTIVITY__decoupler_mlm,HALLMARK_HYPOXIA__ssgsea_NES,P0019,15,0.48571428571428565,0.06642631232518954,positive
COLLECTRI_BACH1_TF_ACTIVITY__decoupler_mlm,HALLMARK_HYPOXIA__ssgsea_NES,P0020,15,0.46071428571428563,0.08393338135031418,positive
COLLECTRI_BACH1_TF_ACTIVITY__decoupler_mlm,HALLMARK_HYPOXIA__ssgsea_NES,P0025,15,0.48571428571428565,0.06642631232518954,positive
COLLECTRI_BACH1_TF_ACTIVITY__decoupler_mlm,HALLMARK_HYPOXIA__ssgsea_NES,P0028,15,0.6107142857142855,0.015592831421175636,positive
COLLECTRI_BACH1_TF_ACTIVITY__decoupler_mlm,HALLMARK_HYPOXIA__ssgsea_NES,P0030,15,0.557142857142857,0.030961086755812144,positive
COLLECTRI_BACH1_TF_ACTIVITY__decoupler_mlm,HALLMARK_HYPOXIA__ssgsea_NES,P0031,15,0.5857142857142856,0.02177651761904279,positive
COLLECTRI_BACH1_TF_ACTIVITY__decoupler_mlm,HALLMARK_HYPOXIA__ssgsea_NES,P0034,15,0.5821428571428571,0.022793687126414285,positive
BACH1_expression_mean,CURATED_NRF2_ANTIOXIDANT_RESPONSE__ssgsea_NES,AL02,15,0.44999999999999996,0.0923573749481225,positive
BACH1_expression_mean,CURATED_NRF2_ANTIOXIDANT_RESPONSE__ssgsea_NES,AL06,15,0.5428571428571428,0.03652182255483735,positive
BACH1_expression_mean,CURATED_NRF2_ANTIOXIDANT_RESPONSE__ssgsea_NES,AL08,15,0.5642857142857142,0.028432522148708565,positive
BACH1_expression_mean,CURATED_NRF2_ANTIOXIDANT_RESPONSE__ssgsea_NES,AL10,15,0.6392857142857141,0.010288446619594212,positive
BACH1_expression_mean,CURATED_NRF2_ANTIOXIDANT_RESPONSE__ssgsea_NES,AL11,15,0.4964285714285714,0.05979741374992395,positive
BACH1_expression_mean,CURATED_NRF2_ANTIOXIDANT_RESPONSE__ssgsea_NES,P0006,15,0.47142857142857136,0.07607042915033117,positive
BACH1_expression_mean,CURATED_NRF2_ANTIOXIDANT_RESPONSE__ssgsea_NES,P0008,15,0.47857142857142854,0.07113080825563314,positive
BACH1_expression_mean,CURATED_NRF2_ANTIOXIDANT_RESPONSE__ssgsea_NES,P0009,15,0.5142857142857142,0.04983923347142061,positive
BACH1_expression_mean,CURATED_NRF2_ANTIOXIDANT_RESPONSE__ssgsea_NES,P0018,15,0.6071428571428571,0.01638130676830708,positive
BACH1_expression_mean,CURATED_NRF2_ANTIOXIDANT_RESPONSE__ssgsea_NES,P0019,15,0.5142857142857142,0.04983923347142061,positive
BACH1_expression_mean,CURATED_NRF2_ANTIOXIDANT_RESPONSE__ssgsea_NES,P0020,15,0.6392857142857141,0.010288446619594212,positive
BACH1_expression_mean,CURATED_NRF2_ANTIOXIDANT_RESPONSE__ssgsea_NES,P0025,15,0.5678571428571427,0.02722835670886185,positive
BACH1_expression_mean,CURATED_NRF2_ANTIOXIDANT_RESPONSE__ssgsea_NES,P0028,15,0.5642857142857142,0.028432522148708565,positive
BACH1_expression_mean,CURATED_NRF2_ANTIOXIDANT_RESPONSE__ssgsea_NES,P0030,15,0.5642857142857142,0.028432522148708565,positive
BACH1_expression_mean,CURATED_NRF2_ANTIOXIDANT_RESPONSE__ssgsea_NES,P0031,15,0.5428571428571428,0.03652182255483735,positive
BACH1_expression_mean,CURATED_NRF2_ANTIOXIDANT_RESPONSE__ssgsea_NES,P0034,15,0.5642857142857142,0.028432522148708565,positive
DOROTHEA_BACH1_ABC_TF_ACTIVITY__decoupler_ulm,HALLMARK_EPITHELIAL_MESENCHYMAL_TRANSITION__mean_z,AL02,15,0.5642857142857142,0.028432522148708565,positive
DOROTHEA_BACH1_ABC_TF_ACTIVITY__decoupler_ulm,HALLMARK_EPITHELIAL_MESENCHYMAL_TRANSITION__mean_z,AL06,15,0.4642857142857142,0.081250980755495,positive
DOROTHEA_BACH1_ABC_TF_ACTIVITY__decoupler_ulm,HALLMARK_EPITHELIAL_MESENCHYMAL_TRANSITION__mean_z,AL08,15,0.5607142857142856,0.029676496094474744,positive
DOROTHEA_BACH1_ABC_TF_ACTIVITY__decoupler_ulm,HALLMARK_EPITHELIAL_MESENCHYMAL_TRANSITION__mean_z,AL10,15,0.5249999999999999,0.04448390580010634,positive
DOROTHEA_BACH1_ABC_TF_ACTIVITY__decoupler_ulm,HALLMARK_EPITHELIAL_MESENCHYMAL_TRANSITION__mean_z,AL11,15,0.5607142857142856,0.029676496094474744,positive
DOROTHEA_BACH1_ABC_TF_ACTIVITY__decoupler_ulm,HALLMARK_EPITHELIAL_MESENCHYMAL_TRANSITION__mean_z,P0006,15,0.5464285714285714,0.03506666021670983,positive
DOROTHEA_BACH1_ABC_TF_ACTIVITY__decoupler_ulm,HALLMARK_EPITHELIAL_MESENCHYMAL_TRANSITION__mean_z,P0008,15,0.5464285714285714,0.03506666021670983,positive
DOROTHEA_BACH1_ABC_TF_ACTIVITY__decoupler_ulm,HALLMARK_EPITHELIAL_MESENCHYMAL_TRANSITION__mean_z,P0009,15,0.5142857142857142,0.04983923347142061,positive
DOROTHEA_BACH1_ABC_TF_ACTIVITY__decoupler_ulm,HALLMARK_EPITHELIAL_MESENCHYMAL_TRANSITION__mean_z,P0018,15,0.48571428571428565,0.06642631232518954,positive
DOROTHEA_BACH1_ABC_TF_ACTIVITY__decoupler_ulm,HALLMARK_EPITHELIAL_MESENCHYMAL_TRANSITION__mean_z,P0019,15,0.5249999999999999,0.04448390580010634,positive
DOROTHEA_BACH1_ABC_TF_ACTIVITY__decoupler_ulm,HALLMARK_EPITHELIAL_MESENCHYMAL_TRANSITION__mean_z,P0020,15,0.48571428571428565,0.06642631232518954,positive
DOROTHEA_BACH1_ABC_TF_ACTIVITY__decoupler_ulm,HALLMARK_EPITHELIAL_MESENCHYMAL_TRANSITION__mean_z,P0025,15,0.46071428571428563,0.08393338135031418,positive
DOROTHEA_BACH1_ABC_TF_ACTIVITY__decoupler_ulm,HALLMARK_EPITHELIAL_MESENCHYMAL_TRANSITION__mean_z,P0028,15,0.6714285714285713,0.00612776678882011,positive
DOROTHEA_BACH1_ABC_TF_ACTIVITY__decoupler_ulm,HALLMARK_EPITHELIAL_MESENCHYMAL_TRANSITION__mean_z,P0030,15,0.5607142857142856,0.029676496094474744,positive
DOROTHEA_BACH1_ABC_TF_ACTIVITY__decoupler_ulm,HALLMARK_EPITHELIAL_MESENCHYMAL_TRANSITION__mean_z,P0031,15,0.5249999999999999,0.04448390580010634,positive
DOROTHEA_BACH1_ABC_TF_ACTIVITY__decoupler_ulm,HALLMARK_EPITHELIAL_MESENCHYMAL_TRANSITION__mean_z,P0034,15,0.6714285714285713,0.00612776678882011,positive
COLLECTRI_BACH1_TF_ACTIVITY__decoupler_ulm,HALLMARK_GLYCOLYSIS__ssgsea_NES,AL02,15,0.42857142857142855,0.11096021426087672,positive
COLLECTRI_BACH1_TF_ACTIVITY__decoupler_ulm,HALLMARK_GLYCOLYSIS__ssgsea_NES,AL06,15,0.5642857142857142,0.028432522148708565,positive
COLLECTRI_BACH1_TF_ACTIVITY__decoupler_ulm,HALLMARK_GLYCOLYSIS__ssgsea_NES,AL08,15,0.532142857142857,0.04115858038693441,positive
COLLECTRI_BACH1_TF_ACTIVITY__decoupler_ulm,HALLMARK_GLYCOLYSIS__ssgsea_NES,AL10,15,0.4642857142857142,0.081250980755495,positive
COLLECTRI_BACH1_TF_ACTIVITY__decoupler_ulm,HALLMARK_GLYCOLYSIS__ssgsea_NES,AL11,15,0.48571428571428565,0.06642631232518954,positive
COLLECTRI_BACH1_TF_ACTIVITY__decoupler_ulm,HALLMARK_GLYCOLYSIS__ssgsea_NES,P0006,15,0.575,0.02493622794258255,positive
COLLECTRI_BACH1_TF_ACTIVITY__decoupler_ulm,HALLMARK_GLYCOLYSIS__ssgsea_NES,P0008,15,0.5857142857142856,0.02177651761904279,positive
COLLECTRI_BACH1_TF_ACTIVITY__decoupler_ulm,HALLMARK_GLYCOLYSIS__ssgsea_NES,P0009,15,0.5642857142857142,0.028432522148708565,positive
COLLECTRI_BACH1_TF_ACTIVITY__decoupler_ulm,HALLMARK_GLYCOLYSIS__ssgsea_NES,P0018,15,0.43214285714285705,0.10769303754639795,positive
COLLECTRI_BACH1_TF_ACTIVITY__decoupler_ulm,HALLMARK_GLYCOLYSIS__ssgsea_NES,P0019,15,0.6142857142857142,0.014833955405976961,positive
COLLECTRI_BACH1_TF_ACTIVITY__decoupler_ulm,HALLMARK_GLYCOLYSIS__ssgsea_NES,P0020,15,0.43214285714285705,0.10769303754639795,positive
COLLECTRI_BACH1_TF_ACTIVITY__decoupler_ulm,HALLMARK_GLYCOLYSIS__ssgsea_NES,P0025,15,0.5821428571428571,0.022793687126414285,positive
COLLECTRI_BACH1_TF_ACTIVITY__decoupler_ulm,HALLMARK_GLYCOLYSIS__ssgsea_NES,P0028,15,0.5,0.057698841268959994,positive
COLLECTRI_BACH1_TF_ACTIVITY__decoupler_ulm,HALLMARK_GLYCOLYSIS__ssgsea_NES,P0030,15,0.5249999999999999,0.04448390580010634,positive
COLLECTRI_BACH1_TF_ACTIVITY__decoupler_ulm,HALLMARK_GLYCOLYSIS__ssgsea_NES,P0031,15,0.5821428571428571,0.022793687126414285,positive
COLLECTRI_BACH1_TF_ACTIVITY__decoupler_ulm,HALLMARK_GLYCOLYSIS__ssgsea_NES,P0034,15,0.5642857142857142,0.028432522148708565,positive
COLLECTRI_BACH1_TF_ACTIVITY__mean_z,CURATED_NRF2_ANTIOXIDANT_RESPONSE__mean_z,AL02,15,-0.4928571428571427,0.061951006714168644,negative
COLLECTRI_BACH1_TF_ACTIVITY__mean_z,CURATED_NRF2_ANTIOXIDANT_RESPONSE__mean_z,AL06,15,-0.5428571428571428,0.03652182255483735,negative
COLLECTRI_BACH1_TF_ACTIVITY__mean_z,CURATED_NRF2_ANTIOXIDANT_RESPONSE__mean_z,AL08,15,-0.5607142857142856,0.029676496094474744,negative
COLLECTRI_BACH1_TF_ACTIVITY__mean_z,CURATED_NRF2_ANTIOXIDANT_RESPONSE__mean_z,AL10,15,-0.5285714285714286,0.0427972893094504,negative
COLLECTRI_BACH1_TF_ACTIVITY__mean_z,CURATED_NRF2_ANTIOXIDANT_RESPONSE__mean_z,AL11,15,-0.4964285714285714,0.05979741374992395,negative
COLLECTRI_BACH1_TF_ACTIVITY__mean_z,CURATED_NRF2_ANTIOXIDANT_RESPONSE__mean_z,P0006,15,-0.46071428571428563,0.08393338135031418,negative
COLLECTRI_BACH1_TF_ACTIVITY__mean_z,CURATED_NRF2_ANTIOXIDANT_RESPONSE__mean_z,P0008,15,-0.457142857142857,0.08667812662416981,negative
COLLECTRI_BACH1_TF_ACTIVITY__mean_z,CURATED_NRF2_ANTIOXIDANT_RESPONSE__mean_z,P0009,15,-0.46071428571428563,0.08393338135031418,negative
COLLECTRI_BACH1_TF_ACTIVITY__mean_z,CURATED_NRF2_ANTIOXIDANT_RESPONSE__mean_z,P0018,15,-0.532142857142857,0.04115858038693441,negative
COLLECTRI_BACH1_TF_ACTIVITY__mean_z,CURATED_NRF2_ANTIOXIDANT_RESPONSE__mean_z,P0019,15,-0.6249999999999999,0.012727453511233678,negative
COLLECTRI_BACH1_TF_ACTIVITY__mean_z,CURATED_NRF2_ANTIOXIDANT_RESPONSE__mean_z,P0020,15,-0.4678571428571427,0.07863023115438064,negative
COLLECTRI_BACH1_TF_ACTIVITY__mean_z,CURATED_NRF2_ANTIOXIDANT_RESPONSE__mean_z,P0025,15,-0.6249999999999999,0.012727453511233678,negative
COLLECTRI_BACH1_TF_ACTIVITY__mean_z,CURATED_NRF2_ANTIOXIDANT_RESPONSE__mean_z,P0028,15,-0.5428571428571428,0.03652182255483735,negative
COLLECTRI_BACH1_TF_ACTIVITY__mean_z,CURATED_NRF2_ANTIOXIDANT_RESPONSE__mean_z,P0030,15,-0.5535714285714285,0.032287103770123615,negative
COLLECTRI_BACH1_TF_ACTIVITY__mean_z,CURATED_NRF2_ANTIOXIDANT_RESPONSE__mean_z,P0031,15,-0.5535714285714285,0.032287103770123615,negative
COLLECTRI_BACH1_TF_ACTIVITY__mean_z,CURATED_NRF2_ANTIOXIDANT_RESPONSE__mean_z,P0034,15,-0.5249999999999999,0.04448390580010634,negative
BACH1_expression_mean,CURATED_NRF2_ANTIOXIDANT_RESPONSE__mean_z,AL02,15,0.42499999999999993,0.11429547548052225,positive
BACH1_expression_mean,CURATED_NRF2_ANTIOXIDANT_RESPONSE__mean_z,AL06,15,0.5178571428571428,0.04800407736655832,positive
BACH1_expression_mean,CURATED_NRF2_ANTIOXIDANT_RESPONSE__mean_z,AL08,15,0.5642857142857142,0.028432522148708565,positive
BACH1_expression_mean,CURATED_NRF2_ANTIOXIDANT_RESPONSE__mean_z,AL10,15,0.6357142857142856,0.010860746168789804,positive
BACH1_expression_mean,CURATED_NRF2_ANTIOXIDANT_RESPONSE__mean_z,AL11,15,0.47857142857142854,0.07113080825563314,positive
BACH1_expression_mean,CURATED_NRF2_ANTIOXIDANT_RESPONSE__mean_z,P0006,15,0.43214285714285705,0.10769303754639795,positive
BACH1_expression_mean,CURATED_NRF2_ANTIOXIDANT_RESPONSE__mean_z,P0008,15,0.4428571428571427,0.09829406554687141,positive
BACH1_expression_mean,CURATED_NRF2_ANTIOXIDANT_RESPONSE__mean_z,P0009,15,0.475,0.07357086204591357,positive
BACH1_expression_mean,CURATED_NRF2_ANTIOXIDANT_RESPONSE__mean_z,P0018,15,0.5535714285714285,0.032287103770123615,positive
BACH1_expression_mean,CURATED_NRF2_ANTIOXIDANT_RESPONSE__mean_z,P0019,15,0.5071428571428571,0.05366366378080595,positive
BACH1_expression_mean,CURATED_NRF2_ANTIOXIDANT_RESPONSE__mean_z,P0020,15,0.6464285714285712,0.009214550689979997,positive
BACH1_expression_mean,CURATED_NRF2_ANTIOXIDANT_RESPONSE__mean_z,P0025,15,0.48571428571428565,0.06642631232518954,positive
BACH1_expression_mean,CURATED_NRF2_ANTIOXIDANT_RESPONSE__mean_z,P0028,15,0.5642857142857142,0.028432522148708565,positive
BACH1_expression_mean,CURATED_NRF2_ANTIOXIDANT_RESPONSE__mean_z,P0030,15,0.557142857142857,0.030961086755812144,positive
BACH1_expression_mean,CURATED_NRF2_ANTIOXIDANT_RESPONSE__mean_z,P0031,15,0.5499999999999999,0.03365535781500703,positive
BACH1_expression_mean,CURATED_NRF2_ANTIOXIDANT_RESPONSE__mean_z,P0034,15,0.5535714285714285,0.032287103770123615,positive
COLLECTRI_BACH1_TF_ACTIVITY__ssgsea_NES,LITERATURE_LUNG_BACH1_EFFECTOR_ACTIVITY__mean_z,AL02,15,-0.42142857142857143,0.11769939585541633,negative
COLLECTRI_BACH1_TF_ACTIVITY__ssgsea_NES,LITERATURE_LUNG_BACH1_EFFECTOR_ACTIVITY__mean_z,AL06,15,-0.48214285714285704,0.06874953772064371,negative
COLLECTRI_BACH1_TF_ACTIVITY__ssgsea_NES,LITERATURE_LUNG_BACH1_EFFECTOR_ACTIVITY__mean_z,AL08,15,-0.5357142857142856,0.03956697222954946,negative
COLLECTRI_BACH1_TF_ACTIVITY__ssgsea_NES,LITERATURE_LUNG_BACH1_EFFECTOR_ACTIVITY__mean_z,AL10,15,-0.5178571428571428,0.04800407736655832,negative
COLLECTRI_BACH1_TF_ACTIVITY__ssgsea_NES,LITERATURE_LUNG_BACH1_EFFECTOR_ACTIVITY__mean_z,AL11,15,-0.5178571428571428,0.04800407736655832,negative
COLLECTRI_BACH1_TF_ACTIVITY__ssgsea_NES,LITERATURE_LUNG_BACH1_EFFECTOR_ACTIVITY__mean_z,P0006,15,-0.5785714285714285,0.023846658762996617,negative
COLLECTRI_BACH1_TF_ACTIVITY__ssgsea_NES,LITERATURE_LUNG_BACH1_EFFECTOR_ACTIVITY__mean_z,P0008,15,-0.5107142857142856,0.05172549836826936,negative
COLLECTRI_BACH1_TF_ACTIVITY__ssgsea_NES,LITERATURE_LUNG_BACH1_EFFECTOR_ACTIVITY__mean_z,P0009,15,-0.42142857142857143,0.11769939585541633,negative
COLLECTRI_BACH1_TF_ACTIVITY__ssgsea_NES,LITERATURE_LUNG_BACH1_EFFECTOR_ACTIVITY__mean_z,P0018,15,-0.5107142857142856,0.05172549836826936,negative
COLLECTRI_BACH1_TF_ACTIVITY__ssgsea_NES,LITERATURE_LUNG_BACH1_EFFECTOR_ACTIVITY__mean_z,P0019,15,-0.7464285714285712,0.0013914110890630544,negative
COLLECTRI_BACH1_TF_ACTIVITY__ssgsea_NES,LITERATURE_LUNG_BACH1_EFFECTOR_ACTIVITY__mean_z,P0020,15,-0.5357142857142856,0.03956697222954946,negative
COLLECTRI_BACH1_TF_ACTIVITY__ssgsea_NES,LITERATURE_LUNG_BACH1_EFFECTOR_ACTIVITY__mean_z,P0025,15,-0.4678571428571427,0.07863023115438064,negative
COLLECTRI_BACH1_TF_ACTIVITY__ssgsea_NES,LITERATURE_LUNG_BACH1_EFFECTOR_ACTIVITY__mean_z,P0028,15,-0.5357142857142856,0.03956697222954946,negative
COLLECTRI_BACH1_TF_ACTIVITY__ssgsea_NES,LITERATURE_LUNG_BACH1_EFFECTOR_ACTIVITY__mean_z,P0030,15,-0.48214285714285704,0.06874953772064371,negative
COLLECTRI_BACH1_TF_ACTIVITY__ssgsea_NES,LITERATURE_LUNG_BACH1_EFFECTOR_ACTIVITY__mean_z,P0031,15,-0.557142857142857,0.030961086755812144,negative
COLLECTRI_BACH1_TF_ACTIVITY__ssgsea_NES,LITERATURE_LUNG_BACH1_EFFECTOR_ACTIVITY__mean_z,P0034,15,-0.5357142857142856,0.03956697222954946,negative
DOROTHEA_BACH1_ABC_TF_ACTIVITY__mean_z,HALLMARK_REACTIVE_OXYGEN_SPECIES_PATHWAY__mean_z,AL02,15,0.7571428571428571,0.0010811081941858348,positive
DOROTHEA_BACH1_ABC_TF_ACTIVITY__mean_z,HALLMARK_REACTIVE_OXYGEN_SPECIES_PATHWAY__mean_z,AL06,15,0.48571428571428565,0.06642631232518954,positive
DOROTHEA_BACH1_ABC_TF_ACTIVITY__mean_z,HALLMARK_REACTIVE_OXYGEN_SPECIES_PATHWAY__mean_z,AL08,15,0.5285714285714286,0.0427972893094504,positive
DOROTHEA_BACH1_ABC_TF_ACTIVITY__mean_z,HALLMARK_REACTIVE_OXYGEN_SPECIES_PATHWAY__mean_z,AL10,15,0.5035714285714286,0.05565451716115846,positive
DOROTHEA_BACH1_ABC_TF_ACTIVITY__mean_z,HALLMARK_REACTIVE_OXYGEN_SPECIES_PATHWAY__mean_z,AL11,15,0.5035714285714286,0.05565451716115846,positive
DOROTHEA_BACH1_ABC_TF_ACTIVITY__mean_z,HALLMARK_REACTIVE_OXYGEN_SPECIES_PATHWAY__mean_z,P0006,15,0.5035714285714286,0.05565451716115846,positive
DOROTHEA_BACH1_ABC_TF_ACTIVITY__mean_z,HALLMARK_REACTIVE_OXYGEN_SPECIES_PATHWAY__mean_z,P0008,15,0.47142857142857136,0.07607042915033117,positive
DOROTHEA_BACH1_ABC_TF_ACTIVITY__mean_z,HALLMARK_REACTIVE_OXYGEN_SPECIES_PATHWAY__mean_z,P0009,15,0.41785714285714276,0.12117253602187847,positive
DOROTHEA_BACH1_ABC_TF_ACTIVITY__mean_z,HALLMARK_REACTIVE_OXYGEN_SPECIES_PATHWAY__mean_z,P0018,15,0.5142857142857142,0.04983923347142061,positive
DOROTHEA_BACH1_ABC_TF_ACTIVITY__mean_z,HALLMARK_REACTIVE_OXYGEN_SPECIES_PATHWAY__mean_z,P0019,15,0.5035714285714286,0.05565451716115846,positive
DOROTHEA_BACH1_ABC_TF_ACTIVITY__mean_z,HALLMARK_REACTIVE_OXYGEN_SPECIES_PATHWAY__mean_z,P0020,15,0.5535714285714285,0.032287103770123615,positive
DOROTHEA_BACH1_ABC_TF_ACTIVITY__mean_z,HALLMARK_REACTIVE_OXYGEN_SPECIES_PATHWAY__mean_z,P0025,15,0.48214285714285704,0.06874953772064371,positive
DOROTHEA_BACH1_ABC_TF_ACTIVITY__mean_z,HALLMARK_REACTIVE_OXYGEN_SPECIES_PATHWAY__mean_z,P0028,15,0.5107142857142856,0.05172549836826936,positive
DOROTHEA_BACH1_ABC_TF_ACTIVITY__mean_z,HALLMARK_REACTIVE_OXYGEN_SPECIES_PATHWAY__mean_z,P0030,15,0.5607142857142856,0.029676496094474744,positive
DOROTHEA_BACH1_ABC_TF_ACTIVITY__mean_z,HALLMARK_REACTIVE_OXYGEN_SPECIES_PATHWAY__mean_z,P0031,15,0.5071428571428571,0.05366366378080595,positive
DOROTHEA_BACH1_ABC_TF_ACTIVITY__mean_z,HALLMARK_REACTIVE_OXYGEN_SPECIES_PATHWAY__mean_z,P0034,15,0.5035714285714286,0.05565451716115846,positive
COLLECTRI_BACH1_TF_ACTIVITY__decoupler_ulm,LITERATURE_LUNG_BACH1_EFFECTOR_ACTIVITY__mean_z,AL02,15,0.8321428571428571,0.00011902824493849783,positive
COLLECTRI_BACH1_TF_ACTIVITY__decoupler_ulm,LITERATURE_LUNG_BACH1_EFFECTOR_ACTIVITY__mean_z,AL06,15,0.5035714285714286,0.05565451716115846,positive
COLLECTRI_BACH1_TF_ACTIVITY__decoupler_ulm,LITERATURE_LUNG_BACH1_EFFECTOR_ACTIVITY__mean_z,AL08,15,0.48571428571428565,0.06642631232518954,positive
COLLECTRI_BACH1_TF_ACTIVITY__decoupler_ulm,LITERATURE_LUNG_BACH1_EFFECTOR_ACTIVITY__mean_z,AL10,15,0.4678571428571427,0.07863023115438064,positive
COLLECTRI_BACH1_TF_ACTIVITY__decoupler_ulm,LITERATURE_LUNG_BACH1_EFFECTOR_ACTIVITY__mean_z,AL11,15,0.4928571428571427,0.061951006714168644,positive
COLLECTRI_BACH1_TF_ACTIVITY__decoupler_ulm,LITERATURE_LUNG_BACH1_EFFECTOR_ACTIVITY__mean_z,P0006,15,0.4928571428571427,0.061951006714168644,positive
COLLECTRI_BACH1_TF_ACTIVITY__decoupler_ulm,LITERATURE_LUNG_BACH1_EFFECTOR_ACTIVITY__mean_z,P0008,15,0.4642857142857142,0.081250980755495,positive
COLLECTRI_BACH1_TF_ACTIVITY__decoupler_ulm,LITERATURE_LUNG_BACH1_EFFECTOR_ACTIVITY__mean_z,P0009,15,0.557142857142857,0.030961086755812144,positive
COLLECTRI_BACH1_TF_ACTIVITY__decoupler_ulm,LITERATURE_LUNG_BACH1_EFFECTOR_ACTIVITY__mean_z,P0018,15,0.475,0.07357086204591357,positive
COLLECTRI_BACH1_TF_ACTIVITY__decoupler_ulm,LITERATURE_LUNG_BACH1_EFFECTOR_ACTIVITY__mean_z,P0019,15,0.4892857142857142,0.06416038631454045,positive
COLLECTRI_BACH1_TF_ACTIVITY__decoupler_ulm,LITERATURE_LUNG_BACH1_EFFECTOR_ACTIVITY__mean_z,P0020,15,0.457142857142857,0.08667812662416981,positive
COLLECTRI_BACH1_TF_ACTIVITY__decoupler_ulm,LITERATURE_LUNG_BACH1_EFFECTOR_ACTIVITY__mean_z,P0025,15,0.4892857142857142,0.06416038631454045,positive
COLLECTRI_BACH1_TF_ACTIVITY__decoupler_ulm,LITERATURE_LUNG_BACH1_EFFECTOR_ACTIVITY__mean_z,P0028,15,0.4642857142857142,0.081250980755495,positive
COLLECTRI_BACH1_TF_ACTIVITY__decoupler_ulm,LITERATURE_LUNG_BACH1_EFFECTOR_ACTIVITY__mean_z,P0030,15,0.4928571428571427,0.061951006714168644,positive
COLLECTRI_BACH1_TF_ACTIVITY__decoupler_ulm,LITERATURE_LUNG_BACH1_EFFECTOR_ACTIVITY__mean_z,P0031,15,0.4928571428571427,0.061951006714168644,positive
COLLECTRI_BACH1_TF_ACTIVITY__decoupler_ulm,LITERATURE_LUNG_BACH1_EFFECTOR_ACTIVITY__mean_z,P0034,15,0.475,0.07357086204591357,positive
DOROTHEA_BACH1_ABC_TF_ACTIVITY__decoupler_mlm,DOROTHEA_BACH1_ABC_TF_ACTIVITY__mean_z,AL02,15,0.4678571428571427,0.07863023115438064,positive
DOROTHEA_BACH1_ABC_TF_ACTIVITY__decoupler_mlm,DOROTHEA_BACH1_ABC_TF_ACTIVITY__mean_z,AL06,15,0.4035714285714285,0.13576799650365626,positive
DOROTHEA_BACH1_ABC_TF_ACTIVITY__decoupler_mlm,DOROTHEA_BACH1_ABC_TF_ACTIVITY__mean_z,AL08,15,0.5821428571428571,0.022793687126414285,positive
DOROTHEA_BACH1_ABC_TF_ACTIVITY__decoupler_mlm,DOROTHEA_BACH1_ABC_TF_ACTIVITY__mean_z,AL10,15,0.5785714285714285,0.023846658762996617,positive
DOROTHEA_BACH1_ABC_TF_ACTIVITY__decoupler_mlm,DOROTHEA_BACH1_ABC_TF_ACTIVITY__mean_z,AL11,15,0.6392857142857141,0.010288446619594212,positive
DOROTHEA_BACH1_ABC_TF_ACTIVITY__decoupler_mlm,DOROTHEA_BACH1_ABC_TF_ACTIVITY__mean_z,P0006,15,0.5107142857142856,0.05172549836826936,positive
DOROTHEA_BACH1_ABC_TF_ACTIVITY__decoupler_mlm,DOROTHEA_BACH1_ABC_TF_ACTIVITY__mean_z,P0008,15,0.4892857142857142,0.06416038631454045,positive
DOROTHEA_BACH1_ABC_TF_ACTIVITY__decoupler_mlm,DOROTHEA_BACH1_ABC_TF_ACTIVITY__mean_z,P0009,15,0.5357142857142856,0.03956697222954946,positive
DOROTHEA_BACH1_ABC_TF_ACTIVITY__decoupler_mlm,DOROTHEA_BACH1_ABC_TF_ACTIVITY__mean_z,P0018,15,0.4928571428571427,0.061951006714168644,positive
DOROTHEA_BACH1_ABC_TF_ACTIVITY__decoupler_mlm,DOROTHEA_BACH1_ABC_TF_ACTIVITY__mean_z,P0019,15,0.5035714285714286,0.05565451716115846,positive
DOROTHEA_BACH1_ABC_TF_ACTIVITY__decoupler_mlm,DOROTHEA_BACH1_ABC_TF_ACTIVITY__mean_z,P0020,15,0.41785714285714276,0.12117253602187847,positive
DOROTHEA_BACH1_ABC_TF_ACTIVITY__decoupler_mlm,DOROTHEA_BACH1_ABC_TF_ACTIVITY__mean_z,P0025,15,0.44999999999999996,0.0923573749481225,positive
DOROTHEA_BACH1_ABC_TF_ACTIVITY__decoupler_mlm,DOROTHEA_BACH1_ABC_TF_ACTIVITY__mean_z,P0028,15,0.5035714285714286,0.05565451716115846,positive
DOROTHEA_BACH1_ABC_TF_ACTIVITY__decoupler_mlm,DOROTHEA_BACH1_ABC_TF_ACTIVITY__mean_z,P0030,15,0.4892857142857142,0.06416038631454045,positive
DOROTHEA_BACH1_ABC_TF_ACTIVITY__decoupler_mlm,DOROTHEA_BACH1_ABC_TF_ACTIVITY__mean_z,P0031,15,0.5035714285714286,0.05565451716115846,positive
DOROTHEA_BACH1_ABC_TF_ACTIVITY__decoupler_mlm,DOROTHEA_BACH1_ABC_TF_ACTIVITY__mean_z,P0034,15,0.5464285714285714,0.03506666021670983,positive
DOROTHEA_BACH1_ABC_TF_ACTIVITY__mean_z,DOROTHEA_BACH1_ABC_TF_ACTIVITY__decoupler_mlm,AL02,15,0.4678571428571427,0.07863023115438064,positive
DOROTHEA_BACH1_ABC_TF_ACTIVITY__mean_z,DOROTHEA_BACH1_ABC_TF_ACTIVITY__decoupler_mlm,AL06,15,0.4035714285714285,0.13576799650365626,positive
DOROTHEA_BACH1_ABC_TF_ACTIVITY__mean_z,DOROTHEA_BACH1_ABC_TF_ACTIVITY__decoupler_mlm,AL08,15,0.5821428571428571,0.022793687126414285,positive
DOROTHEA_BACH1_ABC_TF_ACTIVITY__mean_z,DOROTHEA_BACH1_ABC_TF_ACTIVITY__decoupler_mlm,AL10,15,0.5785714285714285,0.023846658762996617,positive
DOROTHEA_BACH1_ABC_TF_ACTIVITY__mean_z,DOROTHEA_BACH1_ABC_TF_ACTIVITY__decoupler_mlm,AL11,15,0.6392857142857141,0.010288446619594212,positive
DOROTHEA_BACH1_ABC_TF_ACTIVITY__mean_z,DOROTHEA_BACH1_ABC_TF_ACTIVITY__decoupler_mlm,P0006,15,0.5107142857142856,0.05172549836826936,positive
DOROTHEA_BACH1_ABC_TF_ACTIVITY__mean_z,DOROTHEA_BACH1_ABC_TF_ACTIVITY__decoupler_mlm,P0008,15,0.4892857142857142,0.06416038631454045,positive
DOROTHEA_BACH1_ABC_TF_ACTIVITY__mean_z,DOROTHEA_BACH1_ABC_TF_ACTIVITY__decoupler_mlm,P0009,15,0.5357142857142856,0.03956697222954946,positive
DOROTHEA_BACH1_ABC_TF_ACTIVITY__mean_z,DOROTHEA_BACH1_ABC_TF_ACTIVITY__decoupler_mlm,P0018,15,0.4928571428571427,0.061951006714168644,positive
DOROTHEA_BACH1_ABC_TF_ACTIVITY__mean_z,DOROTHEA_BACH1_ABC_TF_ACTIVITY__decoupler_mlm,P0019,15,0.5035714285714286,0.05565451716115846,positive
DOROTHEA_BACH1_ABC_TF_ACTIVITY__mean_z,DOROTHEA_BACH1_ABC_TF_ACTIVITY__decoupler_mlm,P0020,15,0.41785714285714276,0.12117253602187847,positive
DOROTHEA_BACH1_ABC_TF_ACTIVITY__mean_z,DOROTHEA_BACH1_ABC_TF_ACTIVITY__decoupler_mlm,P0025,15,0.44999999999999996,0.0923573749481225,positive
DOROTHEA_BACH1_ABC_TF_ACTIVITY__mean_z,DOROTHEA_BACH1_ABC_TF_ACTIVITY__decoupler_mlm,P0028,15,0.5035714285714286,0.05565451716115846,positive
DOROTHEA_BACH1_ABC_TF_ACTIVITY__mean_z,DOROTHEA_BACH1_ABC_TF_ACTIVITY__decoupler_mlm,P0030,15,0.4892857142857142,0.06416038631454045,positive
DOROTHEA_BACH1_ABC_TF_ACTIVITY__mean_z,DOROTHEA_BACH1_ABC_TF_ACTIVITY__decoupler_mlm,P0031,15,0.5035714285714286,0.05565451716115846,positive
DOROTHEA_BACH1_ABC_TF_ACTIVITY__mean_z,DOROTHEA_BACH1_ABC_TF_ACTIVITY__decoupler_mlm,P0034,15,0.5464285714285714,0.03506666021670983,positive
BACH1_detected_fraction,DOROTHEA_BACH1_ABC_TF_ACTIVITY__decoupler_ulm,AL02,15,0.6,0.018050087941499985,positive
BACH1_detected_fraction,DOROTHEA_BACH1_ABC_TF_ACTIVITY__decoupler_ulm,AL06,15,0.3928571428571428,0.1474666553113262,positive
BACH1_detected_fraction,DOROTHEA_BACH1_ABC_TF_ACTIVITY__decoupler_ulm,AL08,15,0.48571428571428565,0.06642631232518954,positive
BACH1_detected_fraction,DOROTHEA_BACH1_ABC_TF_ACTIVITY__decoupler_ulm,AL10,15,0.5285714285714286,0.0427972893094504,positive
BACH1_detected_fraction,DOROTHEA_BACH1_ABC_TF_ACTIVITY__decoupler_ulm,AL11,15,0.6464285714285712,0.009214550689979997,positive
BACH1_detected_fraction,DOROTHEA_BACH1_ABC_TF_ACTIVITY__decoupler_ulm,P0006,15,0.5678571428571427,0.02722835670886185,positive
BACH1_detected_fraction,DOROTHEA_BACH1_ABC_TF_ACTIVITY__decoupler_ulm,P0008,15,0.5285714285714286,0.0427972893094504,positive
BACH1_detected_fraction,DOROTHEA_BACH1_ABC_TF_ACTIVITY__decoupler_ulm,P0009,15,0.5285714285714286,0.0427972893094504,positive
BACH1_detected_fraction,DOROTHEA_BACH1_ABC_TF_ACTIVITY__decoupler_ulm,P0018,15,0.4357142857142856,0.10449335704406652,positive
BACH1_detected_fraction,DOROTHEA_BACH1_ABC_TF_ACTIVITY__decoupler_ulm,P0019,15,0.5214285714285714,0.04621923447857305,positive
BACH1_detected_fraction,DOROTHEA_BACH1_ABC_TF_ACTIVITY__decoupler_ulm,P0020,15,0.3928571428571428,0.1474666553113262,positive
BACH1_detected_fraction,DOROTHEA_BACH1_ABC_TF_ACTIVITY__decoupler_ulm,P0025,15,0.42857142857142855,0.11096021426087672,positive
BACH1_detected_fraction,DOROTHEA_BACH1_ABC_TF_ACTIVITY__decoupler_ulm,P0028,15,0.4357142857142856,0.10449335704406652,positive
BACH1_detected_fraction,DOROTHEA_BACH1_ABC_TF_ACTIVITY__decoupler_ulm,P0030,15,0.5,0.057698841268959994,positive
BACH1_detected_fraction,DOROTHEA_BACH1_ABC_TF_ACTIVITY__decoupler_ulm,P0031,15,0.5428571428571428,0.03652182255483735,positive
BACH1_detected_fraction,DOROTHEA_BACH1_ABC_TF_ACTIVITY__decoupler_ulm,P0034,15,0.43214285714285705,0.10769303754639795,positive
BACH1_detected_fraction,DOROTHEA_BACH1_ABC_TF_ACTIVITY__ssgsea_NES,AL02,15,0.6857142857142856,0.004772245222691261,positive
BACH1_detected_fraction,DOROTHEA_BACH1_ABC_TF_ACTIVITY__ssgsea_NES,AL06,15,0.3928571428571428,0.1474666553113262,positive
BACH1_detected_fraction,DOROTHEA_BACH1_ABC_TF_ACTIVITY__ssgsea_NES,AL08,15,0.5107142857142856,0.05172549836826936,positive
BACH1_detected_fraction,DOROTHEA_BACH1_ABC_TF_ACTIVITY__ssgsea_NES,AL10,15,0.5035714285714286,0.05565451716115846,positive
BACH1_detected_fraction,DOROTHEA_BACH1_ABC_TF_ACTIVITY__ssgsea_NES,AL11,15,0.47142857142857136,0.07607042915033117,positive
BACH1_detected_fraction,DOROTHEA_BACH1_ABC_TF_ACTIVITY__ssgsea_NES,P0006,15,0.5357142857142856,0.03956697222954946,positive
BACH1_detected_fraction,DOROTHEA_BACH1_ABC_TF_ACTIVITY__ssgsea_NES,P0008,15,0.5357142857142856,0.03956697222954946,positive
BACH1_detected_fraction,DOROTHEA_BACH1_ABC_TF_ACTIVITY__ssgsea_NES,P0009,15,0.46071428571428563,0.08393338135031418,positive
BACH1_detected_fraction,DOROTHEA_BACH1_ABC_TF_ACTIVITY__ssgsea_NES,P0018,15,0.4642857142857142,0.081250980755495,positive
BACH1_detected_fraction,DOROTHEA_BACH1_ABC_TF_ACTIVITY__ssgsea_NES,P0019,15,0.5035714285714286,0.05565451716115846,positive
BACH1_detected_fraction,DOROTHEA_BACH1_ABC_TF_ACTIVITY__ssgsea_NES,P0020,15,0.4107142857142856,0.12832864601574892,positive
BACH1_detected_fraction,DOROTHEA_BACH1_ABC_TF_ACTIVITY__ssgsea_NES,P0025,15,0.5357142857142856,0.03956697222954946,positive
BACH1_detected_fraction,DOROTHEA_BACH1_ABC_TF_ACTIVITY__ssgsea_NES,P0028,15,0.4642857142857142,0.081250980755495,positive
BACH1_detected_fraction,DOROTHEA_BACH1_ABC_TF_ACTIVITY__ssgsea_NES,P0030,15,0.5071428571428571,0.05366366378080595,positive
BACH1_detected_fraction,DOROTHEA_BACH1_ABC_TF_ACTIVITY__ssgsea_NES,P0031,15,0.5071428571428571,0.05366366378080595,positive
BACH1_detected_fraction,DOROTHEA_BACH1_ABC_TF_ACTIVITY__ssgsea_NES,P0034,15,0.47142857142857136,0.07607042915033117,positive
BACH1_detected_fraction,COLLECTRI_BACH1_TF_ACTIVITY__decoupler_ulm,AL02,15,0.38928571428571423,0.151511936790394,positive
BACH1_detected_fraction,COLLECTRI_BACH1_TF_ACTIVITY__decoupler_ulm,AL06,15,0.5464285714285714,0.03506666021670983,positive
BACH1_detected_fraction,COLLECTRI_BACH1_TF_ACTIVITY__decoupler_ulm,AL08,15,0.5249999999999999,0.04448390580010634,positive
BACH1_detected_fraction,COLLECTRI_BACH1_TF_ACTIVITY__decoupler_ulm,AL10,15,0.5071428571428571,0.05366366378080595,positive
BACH1_detected_fraction,COLLECTRI_BACH1_TF_ACTIVITY__decoupler_ulm,AL11,15,0.6928571428571427,0.00419023296029814,positive
BACH1_detected_fraction,COLLECTRI_BACH1_TF_ACTIVITY__decoupler_ulm,P0006,15,0.46071428571428563,0.08393338135031418,positive
BACH1_detected_fraction,COLLECTRI_BACH1_TF_ACTIVITY__decoupler_ulm,P0008,15,0.5071428571428571,0.05366366378080595,positive
BACH1_detected_fraction,COLLECTRI_BACH1_TF_ACTIVITY__decoupler_ulm,P0009,15,0.5071428571428571,0.05366366378080595,positive
BACH1_detected_fraction,COLLECTRI_BACH1_TF_ACTIVITY__decoupler_ulm,P0018,15,0.48214285714285704,0.06874953772064371,positive
BACH1_detected_fraction,COLLECTRI_BACH1_TF_ACTIVITY__decoupler_ulm,P0019,15,0.4964285714285714,0.05979741374992395,positive
BACH1_detected_fraction,COLLECTRI_BACH1_TF_ACTIVITY__decoupler_ulm,P0020,15,0.41785714285714276,0.12117253602187847,positive
BACH1_detected_fraction,COLLECTRI_BACH1_TF_ACTIVITY__decoupler_ulm,P0025,15,0.44999999999999996,0.0923573749481225,positive
BACH1_detected_fraction,COLLECTRI_BACH1_TF_ACTIVITY__decoupler_ulm,P0028,15,0.532142857142857,0.04115858038693441,positive
BACH1_detected_fraction,COLLECTRI_BACH1_TF_ACTIVITY__decoupler_ulm,P0030,15,0.457142857142857,0.08667812662416981,positive
BACH1_detected_fraction,COLLECTRI_BACH1_TF_ACTIVITY__decoupler_ulm,P0031,15,0.457142857142857,0.08667812662416981,positive
BACH1_detected_fraction,COLLECTRI_BACH1_TF_ACTIVITY__decoupler_ulm,P0034,15,0.5,0.057698841268959994,positive
BACH1_detected_fraction,DOROTHEA_BACH1_ABC_TF_ACTIVITY__decoupler_mlm,AL02,15,0.5892857142857142,0.02079435848316165,positive
BACH1_detected_fraction,DOROTHEA_BACH1_ABC_TF_ACTIVITY__decoupler_mlm,AL06,15,0.38214285714285706,0.15982362998696725,positive
BACH1_detected_fraction,DOROTHEA_BACH1_ABC_TF_ACTIVITY__decoupler_mlm,AL08,15,0.4892857142857142,0.06416038631454045,positive
BACH1_detected_fraction,DOROTHEA_BACH1_ABC_TF_ACTIVITY__decoupler_mlm,AL10,15,0.5107142857142856,0.05172549836826936,positive
BACH1_detected_fraction,DOROTHEA_BACH1_ABC_TF_ACTIVITY__decoupler_mlm,AL11,15,0.6357142857142856,0.010860746168789804,positive
BACH1_detected_fraction,DOROTHEA_BACH1_ABC_TF_ACTIVITY__decoupler_mlm,P0006,15,0.5607142857142856,0.029676496094474744,positive
BACH1_detected_fraction,DOROTHEA_BACH1_ABC_TF_ACTIVITY__decoupler_mlm,P0008,15,0.5107142857142856,0.05172549836826936,positive
BACH1_detected_fraction,DOROTHEA_BACH1_ABC_TF_ACTIVITY__decoupler_mlm,P0009,15,0.5071428571428571,0.05366366378080595,positive
BACH1_detected_fraction,DOROTHEA_BACH1_ABC_TF_ACTIVITY__decoupler_mlm,P0018,15,0.42857142857142855,0.11096021426087672,positive
BACH1_detected_fraction,DOROTHEA_BACH1_ABC_TF_ACTIVITY__decoupler_mlm,P0019,15,0.5107142857142856,0.05172549836826936,positive
BACH1_detected_fraction,DOROTHEA_BACH1_ABC_TF_ACTIVITY__decoupler_mlm,P0020,15,0.38214285714285706,0.15982362998696725,positive
BACH1_detected_fraction,DOROTHEA_BACH1_ABC_TF_ACTIVITY__decoupler_mlm,P0025,15,0.43214285714285705,0.10769303754639795,positive
BACH1_detected_fraction,DOROTHEA_BACH1_ABC_TF_ACTIVITY__decoupler_mlm,P0028,15,0.43214285714285705,0.10769303754639795,positive
BACH1_detected_fraction,DOROTHEA_BACH1_ABC_TF_ACTIVITY__decoupler_mlm,P0030,15,0.4928571428571427,0.061951006714168644,positive
BACH1_detected_fraction,DOROTHEA_BACH1_ABC_TF_ACTIVITY__decoupler_mlm,P0031,15,0.5357142857142856,0.03956697222954946,positive
BACH1_detected_fraction,DOROTHEA_BACH1_ABC_TF_ACTIVITY__decoupler_mlm,P0034,15,0.42857142857142855,0.11096021426087672,positive
COLLECTRI_BACH1_TF_ACTIVITY__decoupler_mlm,KLENJA2025_BACH1_ACTIVITY_INVERTED__ssgsea_NES,AL02,15,0.38214285714285706,0.15982362998696725,positive
COLLECTRI_BACH1_TF_ACTIVITY__decoupler_mlm,KLENJA2025_BACH1_ACTIVITY_INVERTED__ssgsea_NES,AL06,15,0.4535714285714285,0.0894859001430273,positive
COLLECTRI_BACH1_TF_ACTIVITY__decoupler_mlm,KLENJA2025_BACH1_ACTIVITY_INVERTED__ssgsea_NES,AL08,15,0.48571428571428565,0.06642631232518954,positive
COLLECTRI_BACH1_TF_ACTIVITY__decoupler_mlm,KLENJA2025_BACH1_ACTIVITY_INVERTED__ssgsea_NES,AL10,15,0.5035714285714286,0.05565451716115846,positive
COLLECTRI_BACH1_TF_ACTIVITY__decoupler_mlm,KLENJA2025_BACH1_ACTIVITY_INVERTED__ssgsea_NES,AL11,15,0.4535714285714285,0.0894859001430273,positive
COLLECTRI_BACH1_TF_ACTIVITY__decoupler_mlm,KLENJA2025_BACH1_ACTIVITY_INVERTED__ssgsea_NES,P0006,15,0.5607142857142856,0.029676496094474744,positive
COLLECTRI_BACH1_TF_ACTIVITY__decoupler_mlm,KLENJA2025_BACH1_ACTIVITY_INVERTED__ssgsea_NES,P0008,15,0.42142857142857143,0.11769939585541633,positive
COLLECTRI_BACH1_TF_ACTIVITY__decoupler_mlm,KLENJA2025_BACH1_ACTIVITY_INVERTED__ssgsea_NES,P0009,15,0.6464285714285712,0.009214550689979997,positive
COLLECTRI_BACH1_TF_ACTIVITY__decoupler_mlm,KLENJA2025_BACH1_ACTIVITY_INVERTED__ssgsea_NES,P0018,15,0.4535714285714285,0.0894859001430273,positive
COLLECTRI_BACH1_TF_ACTIVITY__decoupler_mlm,KLENJA2025_BACH1_ACTIVITY_INVERTED__ssgsea_NES,P0019,15,0.4535714285714285,0.0894859001430273,positive
COLLECTRI_BACH1_TF_ACTIVITY__decoupler_mlm,KLENJA2025_BACH1_ACTIVITY_INVERTED__ssgsea_NES,P0020,15,0.5428571428571428,0.03652182255483735,positive
COLLECTRI_BACH1_TF_ACTIVITY__decoupler_mlm,KLENJA2025_BACH1_ACTIVITY_INVERTED__ssgsea_NES,P0025,15,0.4392857142857142,0.10136057119347246,positive
COLLECTRI_BACH1_TF_ACTIVITY__decoupler_mlm,KLENJA2025_BACH1_ACTIVITY_INVERTED__ssgsea_NES,P0028,15,0.4928571428571427,0.061951006714168644,positive
COLLECTRI_BACH1_TF_ACTIVITY__decoupler_mlm,KLENJA2025_BACH1_ACTIVITY_INVERTED__ssgsea_NES,P0030,15,0.5214285714285714,0.04621923447857305,positive
COLLECTRI_BACH1_TF_ACTIVITY__decoupler_mlm,KLENJA2025_BACH1_ACTIVITY_INVERTED__ssgsea_NES,P0031,15,0.5142857142857142,0.04983923347142061,positive
COLLECTRI_BACH1_TF_ACTIVITY__decoupler_mlm,KLENJA2025_BACH1_ACTIVITY_INVERTED__ssgsea_NES,P0034,15,0.5035714285714286,0.05565451716115846,positive
DOROTHEA_BACH1_ABC_TF_ACTIVITY__ssgsea_NES,KLENJA2025_BACH1_ACTIVITY_INVERTED__ssgsea_NES,AL02,15,-0.43214285714285705,0.10769303754639795,negative
DOROTHEA_BACH1_ABC_TF_ACTIVITY__ssgsea_NES,KLENJA2025_BACH1_ACTIVITY_INVERTED__ssgsea_NES,AL06,15,-0.5249999999999999,0.04448390580010634,negative
DOROTHEA_BACH1_ABC_TF_ACTIVITY__ssgsea_NES,KLENJA2025_BACH1_ACTIVITY_INVERTED__ssgsea_NES,AL08,15,-0.39999999999999997,0.1395951293721447,negative
DOROTHEA_BACH1_ABC_TF_ACTIVITY__ssgsea_NES,KLENJA2025_BACH1_ACTIVITY_INVERTED__ssgsea_NES,AL10,15,-0.475,0.07357086204591357,negative
DOROTHEA_BACH1_ABC_TF_ACTIVITY__ssgsea_NES,KLENJA2025_BACH1_ACTIVITY_INVERTED__ssgsea_NES,AL11,15,-0.5214285714285714,0.04621923447857305,negative
DOROTHEA_BACH1_ABC_TF_ACTIVITY__ssgsea_NES,KLENJA2025_BACH1_ACTIVITY_INVERTED__ssgsea_NES,P0006,15,-0.4928571428571427,0.061951006714168644,negative
DOROTHEA_BACH1_ABC_TF_ACTIVITY__ssgsea_NES,KLENJA2025_BACH1_ACTIVITY_INVERTED__ssgsea_NES,P0008,15,-0.38214285714285706,0.15982362998696725,negative
DOROTHEA_BACH1_ABC_TF_ACTIVITY__ssgsea_NES,KLENJA2025_BACH1_ACTIVITY_INVERTED__ssgsea_NES,P0009,15,-0.4107142857142856,0.12832864601574892,negative
DOROTHEA_BACH1_ABC_TF_ACTIVITY__ssgsea_NES,KLENJA2025_BACH1_ACTIVITY_INVERTED__ssgsea_NES,P0018,15,-0.5107142857142856,0.05172549836826936,negative
DOROTHEA_BACH1_ABC_TF_ACTIVITY__ssgsea_NES,KLENJA2025_BACH1_ACTIVITY_INVERTED__ssgsea_NES,P0019,15,-0.5714285714285713,0.026063193376362863,negative
DOROTHEA_BACH1_ABC_TF_ACTIVITY__ssgsea_NES,KLENJA2025_BACH1_ACTIVITY_INVERTED__ssgsea_NES,P0020,15,-0.5071428571428571,0.05366366378080595,negative
DOROTHEA_BACH1_ABC_TF_ACTIVITY__ssgsea_NES,KLENJA2025_BACH1_ACTIVITY_INVERTED__ssgsea_NES,P0025,15,-0.5249999999999999,0.04448390580010634,negative
DOROTHEA_BACH1_ABC_TF_ACTIVITY__ssgsea_NES,KLENJA2025_BACH1_ACTIVITY_INVERTED__ssgsea_NES,P0028,15,-0.5428571428571428,0.03652182255483735,negative
DOROTHEA_BACH1_ABC_TF_ACTIVITY__ssgsea_NES,KLENJA2025_BACH1_ACTIVITY_INVERTED__ssgsea_NES,P0030,15,-0.4535714285714285,0.0894859001430273,negative
DOROTHEA_BACH1_ABC_TF_ACTIVITY__ssgsea_NES,KLENJA2025_BACH1_ACTIVITY_INVERTED__ssgsea_NES,P0031,15,-0.5892857142857142,0.02079435848316165,negative
DOROTHEA_BACH1_ABC_TF_ACTIVITY__ssgsea_NES,KLENJA2025_BACH1_ACTIVITY_INVERTED__ssgsea_NES,P0034,15,-0.4928571428571427,0.061951006714168644,negative
KLENJA2025_BACH1_ACTIVITY_INVERTED__ssgsea_NES,COLLECTRI_BACH1_TF_ACTIVITY__decoupler_mlm,AL02,15,0.38214285714285706,0.15982362998696725,positive
KLENJA2025_BACH1_ACTIVITY_INVERTED__ssgsea_NES,COLLECTRI_BACH1_TF_ACTIVITY__decoupler_mlm,AL06,15,0.4535714285714285,0.0894859001430273,positive
KLENJA2025_BACH1_ACTIVITY_INVERTED__ssgsea_NES,COLLECTRI_BACH1_TF_ACTIVITY__decoupler_mlm,AL08,15,0.48571428571428565,0.06642631232518954,positive
KLENJA2025_BACH1_ACTIVITY_INVERTED__ssgsea_NES,COLLECTRI_BACH1_TF_ACTIVITY__decoupler_mlm,AL10,15,0.5035714285714286,0.05565451716115846,positive
KLENJA2025_BACH1_ACTIVITY_INVERTED__ssgsea_NES,COLLECTRI_BACH1_TF_ACTIVITY__decoupler_mlm,AL11,15,0.4535714285714285,0.0894859001430273,positive
KLENJA2025_BACH1_ACTIVITY_INVERTED__ssgsea_NES,COLLECTRI_BACH1_TF_ACTIVITY__decoupler_mlm,P0006,15,0.5607142857142856,0.029676496094474744,positive
KLENJA2025_BACH1_ACTIVITY_INVERTED__ssgsea_NES,COLLECTRI_BACH1_TF_ACTIVITY__decoupler_mlm,P0008,15,0.42142857142857143,0.11769939585541633,positive
KLENJA2025_BACH1_ACTIVITY_INVERTED__ssgsea_NES,COLLECTRI_BACH1_TF_ACTIVITY__decoupler_mlm,P0009,15,0.6464285714285712,0.009214550689979997,positive
KLENJA2025_BACH1_ACTIVITY_INVERTED__ssgsea_NES,COLLECTRI_BACH1_TF_ACTIVITY__decoupler_mlm,P0018,15,0.4535714285714285,0.0894859001430273,positive
KLENJA2025_BACH1_ACTIVITY_INVERTED__ssgsea_NES,COLLECTRI_BACH1_TF_ACTIVITY__decoupler_mlm,P0019,15,0.4535714285714285,0.0894859001430273,positive
KLENJA2025_BACH1_ACTIVITY_INVERTED__ssgsea_NES,COLLECTRI_BACH1_TF_ACTIVITY__decoupler_mlm,P0020,15,0.5428571428571428,0.03652182255483735,positive
KLENJA2025_BACH1_ACTIVITY_INVERTED__ssgsea_NES,COLLECTRI_BACH1_TF_ACTIVITY__decoupler_mlm,P0025,15,0.4392857142857142,0.10136057119347246,positive
KLENJA2025_BACH1_ACTIVITY_INVERTED__ssgsea_NES,COLLECTRI_BACH1_TF_ACTIVITY__decoupler_mlm,P0028,15,0.4928571428571427,0.061951006714168644,positive
KLENJA2025_BACH1_ACTIVITY_INVERTED__ssgsea_NES,COLLECTRI_BACH1_TF_ACTIVITY__decoupler_mlm,P0030,15,0.5214285714285714,0.04621923447857305,positive
KLENJA2025_BACH1_ACTIVITY_INVERTED__ssgsea_NES,COLLECTRI_BACH1_TF_ACTIVITY__decoupler_mlm,P0031,15,0.5142857142857142,0.04983923347142061,positive
KLENJA2025_BACH1_ACTIVITY_INVERTED__ssgsea_NES,COLLECTRI_BACH1_TF_ACTIVITY__decoupler_mlm,P0034,15,0.5035714285714286,0.05565451716115846,positive
KLENJA2025_BACH1_ACTIVITY_INVERTED__ssgsea_NES,DOROTHEA_BACH1_ABC_TF_ACTIVITY__ssgsea_NES,AL02,15,-0.43214285714285705,0.10769303754639795,negative
KLENJA2025_BACH1_ACTIVITY_INVERTED__ssgsea_NES,DOROTHEA_BACH1_ABC_TF_ACTIVITY__ssgsea_NES,AL06,15,-0.5249999999999999,0.04448390580010634,negative
KLENJA2025_BACH1_ACTIVITY_INVERTED__ssgsea_NES,DOROTHEA_BACH1_ABC_TF_ACTIVITY__ssgsea_NES,AL08,15,-0.39999999999999997,0.1395951293721447,negative
KLENJA2025_BACH1_ACTIVITY_INVERTED__ssgsea_NES,DOROTHEA_BACH1_ABC_TF_ACTIVITY__ssgsea_NES,AL10,15,-0.475,0.07357086204591357,negative
KLENJA2025_BACH1_ACTIVITY_INVERTED__ssgsea_NES,DOROTHEA_BACH1_ABC_TF_ACTIVITY__ssgsea_NES,AL11,15,-0.5214285714285714,0.04621923447857305,negative
KLENJA2025_BACH1_ACTIVITY_INVERTED__ssgsea_NES,DOROTHEA_BACH1_ABC_TF_ACTIVITY__ssgsea_NES,P0006,15,-0.4928571428571427,0.061951006714168644,negative
KLENJA2025_BACH1_ACTIVITY_INVERTED__ssgsea_NES,DOROTHEA_BACH1_ABC_TF_ACTIVITY__ssgsea_NES,P0008,15,-0.38214285714285706,0.15982362998696725,negative
KLENJA2025_BACH1_ACTIVITY_INVERTED__ssgsea_NES,DOROTHEA_BACH1_ABC_TF_ACTIVITY__ssgsea_NES,P0009,15,-0.4107142857142856,0.12832864601574892,negative
KLENJA2025_BACH1_ACTIVITY_INVERTED__ssgsea_NES,DOROTHEA_BACH1_ABC_TF_ACTIVITY__ssgsea_NES,P0018,15,-0.5107142857142856,0.05172549836826936,negative
KLENJA2025_BACH1_ACTIVITY_INVERTED__ssgsea_NES,DOROTHEA_BACH1_ABC_TF_ACTIVITY__ssgsea_NES,P0019,15,-0.5714285714285713,0.026063193376362863,negative
KLENJA2025_BACH1_ACTIVITY_INVERTED__ssgsea_NES,DOROTHEA_BACH1_ABC_TF_ACTIVITY__ssgsea_NES,P0020,15,-0.5071428571428571,0.05366366378080595,negative
KLENJA2025_BACH1_ACTIVITY_INVERTED__ssgsea_NES,DOROTHEA_BACH1_ABC_TF_ACTIVITY__ssgsea_NES,P0025,15,-0.5249999999999999,0.04448390580010634,negative
KLENJA2025_BACH1_ACTIVITY_INVERTED__ssgsea_NES,DOROTHEA_BACH1_ABC_TF_ACTIVITY__ssgsea_NES,P0028,15,-0.5428571428571428,0.03652182255483735,negative
KLENJA2025_BACH1_ACTIVITY_INVERTED__ssgsea_NES,DOROTHEA_BACH1_ABC_TF_ACTIVITY__ssgsea_NES,P0030,15,-0.4535714285714285,0.0894859001430273,negative
KLENJA2025_BACH1_ACTIVITY_INVERTED__ssgsea_NES,DOROTHEA_BACH1_ABC_TF_ACTIVITY__ssgsea_NES,P0031,15,-0.5892857142857142,0.02079435848316165,negative
KLENJA2025_BACH1_ACTIVITY_INVERTED__ssgsea_NES,DOROTHEA_BACH1_ABC_TF_ACTIVITY__ssgsea_NES,P0034,15,-0.4928571428571427,0.061951006714168644,negative
DOROTHEA_BACH1_ABC_TF_ACTIVITY__decoupler_mlm,HALLMARK_EPITHELIAL_MESENCHYMAL_TRANSITION__mean_z,AL02,15,0.4964285714285714,0.05979741374992395,positive
DOROTHEA_BACH1_ABC_TF_ACTIVITY__decoupler_mlm,HALLMARK_EPITHELIAL_MESENCHYMAL_TRANSITION__mean_z,AL06,15,0.39642857142857135,0.1434945314423537,positive
DOROTHEA_BACH1_ABC_TF_ACTIVITY__decoupler_mlm,HALLMARK_EPITHELIAL_MESENCHYMAL_TRANSITION__mean_z,AL08,15,0.5178571428571428,0.04800407736655832,positive
DOROTHEA_BACH1_ABC_TF_ACTIVITY__decoupler_mlm,HALLMARK_EPITHELIAL_MESENCHYMAL_TRANSITION__mean_z,AL10,15,0.4928571428571427,0.061951006714168644,positive
DOROTHEA_BACH1_ABC_TF_ACTIVITY__decoupler_mlm,HALLMARK_EPITHELIAL_MESENCHYMAL_TRANSITION__mean_z,AL11,15,0.5,0.057698841268959994,positive
DOROTHEA_BACH1_ABC_TF_ACTIVITY__decoupler_mlm,HALLMARK_EPITHELIAL_MESENCHYMAL_TRANSITION__mean_z,P0006,15,0.47857142857142854,0.07113080825563314,positive
DOROTHEA_BACH1_ABC_TF_ACTIVITY__decoupler_mlm,HALLMARK_EPITHELIAL_MESENCHYMAL_TRANSITION__mean_z,P0008,15,0.5,0.057698841268959994,positive
DOROTHEA_BACH1_ABC_TF_ACTIVITY__decoupler_mlm,HALLMARK_EPITHELIAL_MESENCHYMAL_TRANSITION__mean_z,P0009,15,0.4964285714285714,0.05979741374992395,positive
DOROTHEA_BACH1_ABC_TF_ACTIVITY__decoupler_mlm,HALLMARK_EPITHELIAL_MESENCHYMAL_TRANSITION__mean_z,P0018,15,0.41785714285714276,0.12117253602187847,positive
DOROTHEA_BACH1_ABC_TF_ACTIVITY__decoupler_mlm,HALLMARK_EPITHELIAL_MESENCHYMAL_TRANSITION__mean_z,P0019,15,0.46071428571428563,0.08393338135031418,positive
DOROTHEA_BACH1_ABC_TF_ACTIVITY__decoupler_mlm,HALLMARK_EPITHELIAL_MESENCHYMAL_TRANSITION__mean_z,P0020,15,0.41785714285714276,0.12117253602187847,positive
DOROTHEA_BACH1_ABC_TF_ACTIVITY__decoupler_mlm,HALLMARK_EPITHELIAL_MESENCHYMAL_TRANSITION__mean_z,P0025,15,0.42142857142857143,0.11769939585541633,positive
DOROTHEA_BACH1_ABC_TF_ACTIVITY__decoupler_mlm,HALLMARK_EPITHELIAL_MESENCHYMAL_TRANSITION__mean_z,P0028,15,0.6107142857142855,0.015592831421175636,positive
DOROTHEA_BACH1_ABC_TF_ACTIVITY__decoupler_mlm,HALLMARK_EPITHELIAL_MESENCHYMAL_TRANSITION__mean_z,P0030,15,0.5,0.057698841268959994,positive
DOROTHEA_BACH1_ABC_TF_ACTIVITY__decoupler_mlm,HALLMARK_EPITHELIAL_MESENCHYMAL_TRANSITION__mean_z,P0031,15,0.46071428571428563,0.08393338135031418,positive
DOROTHEA_BACH1_ABC_TF_ACTIVITY__decoupler_mlm,HALLMARK_EPITHELIAL_MESENCHYMAL_TRANSITION__mean_z,P0034,15,0.6107142857142855,0.015592831421175636,positive
COLLECTRI_BACH1_TF_ACTIVITY__mean_z,CURATED_NRF2_ANTIOXIDANT_RESPONSE__ssgsea_NES,AL02,15,-0.4357142857142856,0.10449335704406652,negative
COLLECTRI_BACH1_TF_ACTIVITY__mean_z,CURATED_NRF2_ANTIOXIDANT_RESPONSE__ssgsea_NES,AL06,15,-0.5,0.057698841268959994,negative
COLLECTRI_BACH1_TF_ACTIVITY__mean_z,CURATED_NRF2_ANTIOXIDANT_RESPONSE__ssgsea_NES,AL08,15,-0.5178571428571428,0.04800407736655832,negative
COLLECTRI_BACH1_TF_ACTIVITY__mean_z,CURATED_NRF2_ANTIOXIDANT_RESPONSE__ssgsea_NES,AL10,15,-0.5,0.057698841268959994,negative
COLLECTRI_BACH1_TF_ACTIVITY__mean_z,CURATED_NRF2_ANTIOXIDANT_RESPONSE__ssgsea_NES,AL11,15,-0.4428571428571427,0.09829406554687141,negative
COLLECTRI_BACH1_TF_ACTIVITY__mean_z,CURATED_NRF2_ANTIOXIDANT_RESPONSE__ssgsea_NES,P0006,15,-0.4107142857142856,0.12832864601574892,negative
COLLECTRI_BACH1_TF_ACTIVITY__mean_z,CURATED_NRF2_ANTIOXIDANT_RESPONSE__ssgsea_NES,P0008,15,-0.4107142857142856,0.12832864601574892,negative
COLLECTRI_BACH1_TF_ACTIVITY__mean_z,CURATED_NRF2_ANTIOXIDANT_RESPONSE__ssgsea_NES,P0009,15,-0.4107142857142856,0.12832864601574892,negative
COLLECTRI_BACH1_TF_ACTIVITY__mean_z,CURATED_NRF2_ANTIOXIDANT_RESPONSE__ssgsea_NES,P0018,15,-0.44999999999999996,0.0923573749481225,negative
COLLECTRI_BACH1_TF_ACTIVITY__mean_z,CURATED_NRF2_ANTIOXIDANT_RESPONSE__ssgsea_NES,P0019,15,-0.6285714285714286,0.012079539175905759,negative
COLLECTRI_BACH1_TF_ACTIVITY__mean_z,CURATED_NRF2_ANTIOXIDANT_RESPONSE__ssgsea_NES,P0020,15,-0.48214285714285704,0.06874953772064371,negative
COLLECTRI_BACH1_TF_ACTIVITY__mean_z,CURATED_NRF2_ANTIOXIDANT_RESPONSE__ssgsea_NES,P0025,15,-0.5428571428571428,0.03652182255483735,negative
COLLECTRI_BACH1_TF_ACTIVITY__mean_z,CURATED_NRF2_ANTIOXIDANT_RESPONSE__ssgsea_NES,P0028,15,-0.5035714285714286,0.05565451716115846,negative
COLLECTRI_BACH1_TF_ACTIVITY__mean_z,CURATED_NRF2_ANTIOXIDANT_RESPONSE__ssgsea_NES,P0030,15,-0.4964285714285714,0.05979741374992395,negative
COLLECTRI_BACH1_TF_ACTIVITY__mean_z,CURATED_NRF2_ANTIOXIDANT_RESPONSE__ssgsea_NES,P0031,15,-0.5107142857142856,0.05172549836826936,negative
COLLECTRI_BACH1_TF_ACTIVITY__mean_z,CURATED_NRF2_ANTIOXIDANT_RESPONSE__ssgsea_NES,P0034,15,-0.47857142857142854,0.07113080825563314,negative
COLLECTRI_BACH1_TF_ACTIVITY__mean_z,HALLMARK_REACTIVE_OXYGEN_SPECIES_PATHWAY__ssgsea_NES,AL02,15,-0.4392857142857142,0.10136057119347246,negative
COLLECTRI_BACH1_TF_ACTIVITY__mean_z,HALLMARK_REACTIVE_OXYGEN_SPECIES_PATHWAY__ssgsea_NES,AL06,15,-0.4964285714285714,0.05979741374992395,negative
COLLECTRI_BACH1_TF_ACTIVITY__mean_z,HALLMARK_REACTIVE_OXYGEN_SPECIES_PATHWAY__ssgsea_NES,AL08,15,-0.5,0.057698841268959994,negative
COLLECTRI_BACH1_TF_ACTIVITY__mean_z,HALLMARK_REACTIVE_OXYGEN_SPECIES_PATHWAY__ssgsea_NES,AL10,15,-0.48571428571428565,0.06642631232518954,negative
COLLECTRI_BACH1_TF_ACTIVITY__mean_z,HALLMARK_REACTIVE_OXYGEN_SPECIES_PATHWAY__ssgsea_NES,AL11,15,-0.42142857142857143,0.11769939585541633,negative
COLLECTRI_BACH1_TF_ACTIVITY__mean_z,HALLMARK_REACTIVE_OXYGEN_SPECIES_PATHWAY__ssgsea_NES,P0006,15,-0.42499999999999993,0.11429547548052225,negative
COLLECTRI_BACH1_TF_ACTIVITY__mean_z,HALLMARK_REACTIVE_OXYGEN_SPECIES_PATHWAY__ssgsea_NES,P0008,15,-0.4678571428571427,0.07863023115438064,negative
COLLECTRI_BACH1_TF_ACTIVITY__mean_z,HALLMARK_REACTIVE_OXYGEN_SPECIES_PATHWAY__ssgsea_NES,P0009,15,-0.42499999999999993,0.11429547548052225,negative
COLLECTRI_BACH1_TF_ACTIVITY__mean_z,HALLMARK_REACTIVE_OXYGEN_SPECIES_PATHWAY__ssgsea_NES,P0018,15,-0.44999999999999996,0.0923573749481225,negative
COLLECTRI_BACH1_TF_ACTIVITY__mean_z,HALLMARK_REACTIVE_OXYGEN_SPECIES_PATHWAY__ssgsea_NES,P0019,15,-0.5714285714285713,0.026063193376362863,negative
COLLECTRI_BACH1_TF_ACTIVITY__mean_z,HALLMARK_REACTIVE_OXYGEN_SPECIES_PATHWAY__ssgsea_NES,P0020,15,-0.5178571428571428,0.04800407736655832,negative
COLLECTRI_BACH1_TF_ACTIVITY__mean_z,HALLMARK_REACTIVE_OXYGEN_SPECIES_PATHWAY__ssgsea_NES,P0025,15,-0.4892857142857142,0.06416038631454045,negative
COLLECTRI_BACH1_TF_ACTIVITY__mean_z,HALLMARK_REACTIVE_OXYGEN_SPECIES_PATHWAY__ssgsea_NES,P0028,15,-0.4928571428571427,0.061951006714168644,negative
COLLECTRI_BACH1_TF_ACTIVITY__mean_z,HALLMARK_REACTIVE_OXYGEN_SPECIES_PATHWAY__ssgsea_NES,P0030,15,-0.47142857142857136,0.07607042915033117,negative
COLLECTRI_BACH1_TF_ACTIVITY__mean_z,HALLMARK_REACTIVE_OXYGEN_SPECIES_PATHWAY__ssgsea_NES,P0031,15,-0.575,0.02493622794258255,negative
COLLECTRI_BACH1_TF_ACTIVITY__mean_z,HALLMARK_REACTIVE_OXYGEN_SPECIES_PATHWAY__ssgsea_NES,P0034,15,-0.44999999999999996,0.0923573749481225,negative
COLLECTRI_BACH1_TF_ACTIVITY__decoupler_mlm,KLENJA2025_BACH1_INVERSE_ACTIVITY__mean_z,AL02,15,0.36785714285714277,0.17734214689349137,positive
COLLECTRI_BACH1_TF_ACTIVITY__decoupler_mlm,KLENJA2025_BACH1_INVERSE_ACTIVITY__mean_z,AL06,15,0.4642857142857142,0.081250980755495,positive
COLLECTRI_BACH1_TF_ACTIVITY__decoupler_mlm,KLENJA2025_BACH1_INVERSE_ACTIVITY__mean_z,AL08,15,0.4892857142857142,0.06416038631454045,positive
COLLECTRI_BACH1_TF_ACTIVITY__decoupler_mlm,KLENJA2025_BACH1_INVERSE_ACTIVITY__mean_z,AL10,15,0.4892857142857142,0.06416038631454045,positive
COLLECTRI_BACH1_TF_ACTIVITY__decoupler_mlm,KLENJA2025_BACH1_INVERSE_ACTIVITY__mean_z,AL11,15,0.4071428571428571,0.1320126637798537,positive
COLLECTRI_BACH1_TF_ACTIVITY__decoupler_mlm,KLENJA2025_BACH1_INVERSE_ACTIVITY__mean_z,P0006,15,0.4535714285714285,0.0894859001430273,positive
COLLECTRI_BACH1_TF_ACTIVITY__decoupler_mlm,KLENJA2025_BACH1_INVERSE_ACTIVITY__mean_z,P0008,15,0.4071428571428571,0.1320126637798537,positive
COLLECTRI_BACH1_TF_ACTIVITY__decoupler_mlm,KLENJA2025_BACH1_INVERSE_ACTIVITY__mean_z,P0009,15,0.6321428571428571,0.011457541540078902,positive
COLLECTRI_BACH1_TF_ACTIVITY__decoupler_mlm,KLENJA2025_BACH1_INVERSE_ACTIVITY__mean_z,P0018,15,0.47142857142857136,0.07607042915033117,positive
COLLECTRI_BACH1_TF_ACTIVITY__decoupler_mlm,KLENJA2025_BACH1_INVERSE_ACTIVITY__mean_z,P0019,15,0.4392857142857142,0.10136057119347246,positive
COLLECTRI_BACH1_TF_ACTIVITY__decoupler_mlm,KLENJA2025_BACH1_INVERSE_ACTIVITY__mean_z,P0020,15,0.4964285714285714,0.05979741374992395,positive
COLLECTRI_BACH1_TF_ACTIVITY__decoupler_mlm,KLENJA2025_BACH1_INVERSE_ACTIVITY__mean_z,P0025,15,0.43214285714285705,0.10769303754639795,positive
COLLECTRI_BACH1_TF_ACTIVITY__decoupler_mlm,KLENJA2025_BACH1_INVERSE_ACTIVITY__mean_z,P0028,15,0.5071428571428571,0.05366366378080595,positive
COLLECTRI_BACH1_TF_ACTIVITY__decoupler_mlm,KLENJA2025_BACH1_INVERSE_ACTIVITY__mean_z,P0030,15,0.5928571428571427,0.01984642197018115,positive
COLLECTRI_BACH1_TF_ACTIVITY__decoupler_mlm,KLENJA2025_BACH1_INVERSE_ACTIVITY__mean_z,P0031,15,0.48214285714285704,0.06874953772064371,positive
COLLECTRI_BACH1_TF_ACTIVITY__decoupler_mlm,KLENJA2025_BACH1_INVERSE_ACTIVITY__mean_z,P0034,15,0.5071428571428571,0.05366366378080595,positive
KLENJA2025_BACH1_INVERSE_ACTIVITY__mean_z,COLLECTRI_BACH1_TF_ACTIVITY__decoupler_mlm,AL02,15,0.36785714285714277,0.17734214689349137,positive
KLENJA2025_BACH1_INVERSE_ACTIVITY__mean_z,COLLECTRI_BACH1_TF_ACTIVITY__decoupler_mlm,AL06,15,0.4642857142857142,0.081250980755495,positive
KLENJA2025_BACH1_INVERSE_ACTIVITY__mean_z,COLLECTRI_BACH1_TF_ACTIVITY__decoupler_mlm,AL08,15,0.4892857142857142,0.06416038631454045,positive
KLENJA2025_BACH1_INVERSE_ACTIVITY__mean_z,COLLECTRI_BACH1_TF_ACTIVITY__decoupler_mlm,AL10,15,0.4892857142857142,0.06416038631454045,positive
KLENJA2025_BACH1_INVERSE_ACTIVITY__mean_z,COLLECTRI_BACH1_TF_ACTIVITY__decoupler_mlm,AL11,15,0.4071428571428571,0.1320126637798537,positive
KLENJA2025_BACH1_INVERSE_ACTIVITY__mean_z,COLLECTRI_BACH1_TF_ACTIVITY__decoupler_mlm,P0006,15,0.4535714285714285,0.0894859001430273,positive
KLENJA2025_BACH1_INVERSE_ACTIVITY__mean_z,COLLECTRI_BACH1_TF_ACTIVITY__decoupler_mlm,P0008,15,0.4071428571428571,0.1320126637798537,positive
KLENJA2025_BACH1_INVERSE_ACTIVITY__mean_z,COLLECTRI_BACH1_TF_ACTIVITY__decoupler_mlm,P0009,15,0.6321428571428571,0.011457541540078902,positive
KLENJA2025_BACH1_INVERSE_ACTIVITY__mean_z,COLLECTRI_BACH1_TF_ACTIVITY__decoupler_mlm,P0018,15,0.47142857142857136,0.07607042915033117,positive
KLENJA2025_BACH1_INVERSE_ACTIVITY__mean_z,COLLECTRI_BACH1_TF_ACTIVITY__decoupler_mlm,P0019,15,0.4392857142857142,0.10136057119347246,positive
KLENJA2025_BACH1_INVERSE_ACTIVITY__mean_z,COLLECTRI_BACH1_TF_ACTIVITY__decoupler_mlm,P0020,15,0.4964285714285714,0.05979741374992395,positive
KLENJA2025_BACH1_INVERSE_ACTIVITY__mean_z,COLLECTRI_BACH1_TF_ACTIVITY__decoupler_mlm,P0025,15,0.43214285714285705,0.10769303754639795,positive
KLENJA2025_BACH1_INVERSE_ACTIVITY__mean_z,COLLECTRI_BACH1_TF_ACTIVITY__decoupler_mlm,P0028,15,0.5071428571428571,0.05366366378080595,positive
KLENJA2025_BACH1_INVERSE_ACTIVITY__mean_z,COLLECTRI_BACH1_TF_ACTIVITY__decoupler_mlm,P0030,15,0.5928571428571427,0.01984642197018115,positive
KLENJA2025_BACH1_INVERSE_ACTIVITY__mean_z,COLLECTRI_BACH1_TF_ACTIVITY__decoupler_mlm,P0031,15,0.48214285714285704,0.06874953772064371,positive
KLENJA2025_BACH1_INVERSE_ACTIVITY__mean_z,COLLECTRI_BACH1_TF_ACTIVITY__decoupler_mlm,P0034,15,0.5071428571428571,0.05366366378080595,positive
KLENJA2025_BACH1_INVERSE_ACTIVITY__mean_z,LITERATURE_LUNG_BACH1_EFFECTOR_ACTIVITY__ssgsea_NES,AL02,15,0.5857142857142856,0.02177651761904279,positive
KLENJA2025_BACH1_INVERSE_ACTIVITY__mean_z,LITERATURE_LUNG_BACH1_EFFECTOR_ACTIVITY__ssgsea_NES,AL06,15,0.457142857142857,0.08667812662416981,positive
KLENJA2025_BACH1_INVERSE_ACTIVITY__mean_z,LITERATURE_LUNG_BACH1_EFFECTOR_ACTIVITY__ssgsea_NES,AL08,15,0.532142857142857,0.04115858038693441,positive
KLENJA2025_BACH1_INVERSE_ACTIVITY__mean_z,LITERATURE_LUNG_BACH1_EFFECTOR_ACTIVITY__ssgsea_NES,AL10,15,0.532142857142857,0.04115858038693441,positive
KLENJA2025_BACH1_INVERSE_ACTIVITY__mean_z,LITERATURE_LUNG_BACH1_EFFECTOR_ACTIVITY__ssgsea_NES,AL11,15,0.4071428571428571,0.1320126637798537,positive
KLENJA2025_BACH1_INVERSE_ACTIVITY__mean_z,LITERATURE_LUNG_BACH1_EFFECTOR_ACTIVITY__ssgsea_NES,P0006,15,0.4892857142857142,0.06416038631454045,positive
KLENJA2025_BACH1_INVERSE_ACTIVITY__mean_z,LITERATURE_LUNG_BACH1_EFFECTOR_ACTIVITY__ssgsea_NES,P0008,15,0.36785714285714277,0.17734214689349137,positive
KLENJA2025_BACH1_INVERSE_ACTIVITY__mean_z,LITERATURE_LUNG_BACH1_EFFECTOR_ACTIVITY__ssgsea_NES,P0009,15,0.41785714285714276,0.12117253602187847,positive
KLENJA2025_BACH1_INVERSE_ACTIVITY__mean_z,LITERATURE_LUNG_BACH1_EFFECTOR_ACTIVITY__ssgsea_NES,P0018,15,0.4642857142857142,0.081250980755495,positive
KLENJA2025_BACH1_INVERSE_ACTIVITY__mean_z,LITERATURE_LUNG_BACH1_EFFECTOR_ACTIVITY__ssgsea_NES,P0019,15,0.48214285714285704,0.06874953772064371,positive
KLENJA2025_BACH1_INVERSE_ACTIVITY__mean_z,LITERATURE_LUNG_BACH1_EFFECTOR_ACTIVITY__ssgsea_NES,P0020,15,0.5107142857142856,0.05172549836826936,positive
KLENJA2025_BACH1_INVERSE_ACTIVITY__mean_z,LITERATURE_LUNG_BACH1_EFFECTOR_ACTIVITY__ssgsea_NES,P0025,15,0.5392857142857141,0.03802165626355804,positive
KLENJA2025_BACH1_INVERSE_ACTIVITY__mean_z,LITERATURE_LUNG_BACH1_EFFECTOR_ACTIVITY__ssgsea_NES,P0028,15,0.4964285714285714,0.05979741374992395,positive
KLENJA2025_BACH1_INVERSE_ACTIVITY__mean_z,LITERATURE_LUNG_BACH1_EFFECTOR_ACTIVITY__ssgsea_NES,P0030,15,0.38928571428571423,0.151511936790394,positive
KLENJA2025_BACH1_INVERSE_ACTIVITY__mean_z,LITERATURE_LUNG_BACH1_EFFECTOR_ACTIVITY__ssgsea_NES,P0031,15,0.457142857142857,0.08667812662416981,positive
KLENJA2025_BACH1_INVERSE_ACTIVITY__mean_z,LITERATURE_LUNG_BACH1_EFFECTOR_ACTIVITY__ssgsea_NES,P0034,15,0.5178571428571428,0.04800407736655832,positive
COLLECTRI_BACH1_TF_ACTIVITY__decoupler_mlm,HALLMARK_GLYCOLYSIS__ssgsea_NES,AL02,15,0.36428571428571427,0.18191025904581398,positive
COLLECTRI_BACH1_TF_ACTIVITY__decoupler_mlm,HALLMARK_GLYCOLYSIS__ssgsea_NES,AL06,15,0.4678571428571427,0.07863023115438064,positive
COLLECTRI_BACH1_TF_ACTIVITY__decoupler_mlm,HALLMARK_GLYCOLYSIS__ssgsea_NES,AL08,15,0.4928571428571427,0.061951006714168644,positive
COLLECTRI_BACH1_TF_ACTIVITY__decoupler_mlm,HALLMARK_GLYCOLYSIS__ssgsea_NES,AL10,15,0.4535714285714285,0.0894859001430273,positive
COLLECTRI_BACH1_TF_ACTIVITY__decoupler_mlm,HALLMARK_GLYCOLYSIS__ssgsea_NES,AL11,15,0.42857142857142855,0.11096021426087672,positive
COLLECTRI_BACH1_TF_ACTIVITY__decoupler_mlm,HALLMARK_GLYCOLYSIS__ssgsea_NES,P0006,15,0.48571428571428565,0.06642631232518954,positive
COLLECTRI_BACH1_TF_ACTIVITY__decoupler_mlm,HALLMARK_GLYCOLYSIS__ssgsea_NES,P0008,15,0.5214285714285714,0.04621923447857305,positive
COLLECTRI_BACH1_TF_ACTIVITY__decoupler_mlm,HALLMARK_GLYCOLYSIS__ssgsea_NES,P0009,15,0.6249999999999999,0.012727453511233678,positive
COLLECTRI_BACH1_TF_ACTIVITY__decoupler_mlm,HALLMARK_GLYCOLYSIS__ssgsea_NES,P0018,15,0.36785714285714277,0.17734214689349137,positive
COLLECTRI_BACH1_TF_ACTIVITY__decoupler_mlm,HALLMARK_GLYCOLYSIS__ssgsea_NES,P0019,15,0.5607142857142856,0.029676496094474744,positive
COLLECTRI_BACH1_TF_ACTIVITY__decoupler_mlm,HALLMARK_GLYCOLYSIS__ssgsea_NES,P0020,15,0.36785714285714277,0.17734214689349137,positive
COLLECTRI_BACH1_TF_ACTIVITY__decoupler_mlm,HALLMARK_GLYCOLYSIS__ssgsea_NES,P0025,15,0.5178571428571428,0.04800407736655832,positive
COLLECTRI_BACH1_TF_ACTIVITY__decoupler_mlm,HALLMARK_GLYCOLYSIS__ssgsea_NES,P0028,15,0.47857142857142854,0.07113080825563314,positive
COLLECTRI_BACH1_TF_ACTIVITY__decoupler_mlm,HALLMARK_GLYCOLYSIS__ssgsea_NES,P0030,15,0.4678571428571427,0.07863023115438064,positive
COLLECTRI_BACH1_TF_ACTIVITY__decoupler_mlm,HALLMARK_GLYCOLYSIS__ssgsea_NES,P0031,15,0.4892857142857142,0.06416038631454045,positive
COLLECTRI_BACH1_TF_ACTIVITY__decoupler_mlm,HALLMARK_GLYCOLYSIS__ssgsea_NES,P0034,15,0.5035714285714286,0.05565451716115846,positive
COLLECTRI_BACH1_TF_ACTIVITY__ssgsea_NES,HALLMARK_EPITHELIAL_MESENCHYMAL_TRANSITION__ssgsea_NES,AL02,15,-0.3607142857142856,0.1865543741541635,negative
COLLECTRI_BACH1_TF_ACTIVITY__ssgsea_NES,HALLMARK_EPITHELIAL_MESENCHYMAL_TRANSITION__ssgsea_NES,AL06,15,-0.6,0.018050087941499985,negative
COLLECTRI_BACH1_TF_ACTIVITY__ssgsea_NES,HALLMARK_EPITHELIAL_MESENCHYMAL_TRANSITION__ssgsea_NES,AL08,15,-0.4928571428571427,0.061951006714168644,negative
COLLECTRI_BACH1_TF_ACTIVITY__ssgsea_NES,HALLMARK_EPITHELIAL_MESENCHYMAL_TRANSITION__ssgsea_NES,AL10,15,-0.4535714285714285,0.0894859001430273,negative
COLLECTRI_BACH1_TF_ACTIVITY__ssgsea_NES,HALLMARK_EPITHELIAL_MESENCHYMAL_TRANSITION__ssgsea_NES,AL11,15,-0.4928571428571427,0.061951006714168644,negative
COLLECTRI_BACH1_TF_ACTIVITY__ssgsea_NES,HALLMARK_EPITHELIAL_MESENCHYMAL_TRANSITION__ssgsea_NES,P0006,15,-0.3928571428571428,0.1474666553113262,negative
COLLECTRI_BACH1_TF_ACTIVITY__ssgsea_NES,HALLMARK_EPITHELIAL_MESENCHYMAL_TRANSITION__ssgsea_NES,P0008,15,-0.42857142857142855,0.11096021426087672,negative
COLLECTRI_BACH1_TF_ACTIVITY__ssgsea_NES,HALLMARK_EPITHELIAL_MESENCHYMAL_TRANSITION__ssgsea_NES,P0009,15,-0.5678571428571427,0.02722835670886185,negative
COLLECTRI_BACH1_TF_ACTIVITY__ssgsea_NES,HALLMARK_EPITHELIAL_MESENCHYMAL_TRANSITION__ssgsea_NES,P0018,15,-0.3928571428571428,0.1474666553113262,negative
COLLECTRI_BACH1_TF_ACTIVITY__ssgsea_NES,HALLMARK_EPITHELIAL_MESENCHYMAL_TRANSITION__ssgsea_NES,P0019,15,-0.5464285714285714,0.03506666021670983,negative
COLLECTRI_BACH1_TF_ACTIVITY__ssgsea_NES,HALLMARK_EPITHELIAL_MESENCHYMAL_TRANSITION__ssgsea_NES,P0020,15,-0.4357142857142856,0.10449335704406652,negative
COLLECTRI_BACH1_TF_ACTIVITY__ssgsea_NES,HALLMARK_EPITHELIAL_MESENCHYMAL_TRANSITION__ssgsea_NES,P0025,15,-0.43214285714285705,0.10769303754639795,negative
COLLECTRI_BACH1_TF_ACTIVITY__ssgsea_NES,HALLMARK_EPITHELIAL_MESENCHYMAL_TRANSITION__ssgsea_NES,P0028,15,-0.47857142857142854,0.07113080825563314,negative
COLLECTRI_BACH1_TF_ACTIVITY__ssgsea_NES,HALLMARK_EPITHELIAL_MESENCHYMAL_TRANSITION__ssgsea_NES,P0030,15,-0.532142857142857,0.04115858038693441,negative
COLLECTRI_BACH1_TF_ACTIVITY__ssgsea_NES,HALLMARK_EPITHELIAL_MESENCHYMAL_TRANSITION__ssgsea_NES,P0031,15,-0.4642857142857142,0.081250980755495,negative
COLLECTRI_BACH1_TF_ACTIVITY__ssgsea_NES,HALLMARK_EPITHELIAL_MESENCHYMAL_TRANSITION__ssgsea_NES,P0034,15,-0.47857142857142854,0.07113080825563314,negative
BACH1_expression_mean,HALLMARK_REACTIVE_OXYGEN_SPECIES_PATHWAY__ssgsea_NES,AL02,15,0.3571428571428571,0.19127476343157906,positive
BACH1_expression_mean,HALLMARK_REACTIVE_OXYGEN_SPECIES_PATHWAY__ssgsea_NES,AL06,15,0.44999999999999996,0.0923573749481225,positive
BACH1_expression_mean,HALLMARK_REACTIVE_OXYGEN_SPECIES_PATHWAY__ssgsea_NES,AL08,15,0.4892857142857142,0.06416038631454045,positive
BACH1_expression_mean,HALLMARK_REACTIVE_OXYGEN_SPECIES_PATHWAY__ssgsea_NES,AL10,15,0.5821428571428571,0.022793687126414285,positive
BACH1_expression_mean,HALLMARK_REACTIVE_OXYGEN_SPECIES_PATHWAY__ssgsea_NES,AL11,15,0.39999999999999997,0.1395951293721447,positive
BACH1_expression_mean,HALLMARK_REACTIVE_OXYGEN_SPECIES_PATHWAY__ssgsea_NES,P0006,15,0.3714285714285714,0.17284974708034007,positive
BACH1_expression_mean,HALLMARK_REACTIVE_OXYGEN_SPECIES_PATHWAY__ssgsea_NES,P0008,15,0.4392857142857142,0.10136057119347246,positive
BACH1_expression_mean,HALLMARK_REACTIVE_OXYGEN_SPECIES_PATHWAY__ssgsea_NES,P0009,15,0.44999999999999996,0.0923573749481225,positive
BACH1_expression_mean,HALLMARK_REACTIVE_OXYGEN_SPECIES_PATHWAY__ssgsea_NES,P0018,15,0.5392857142857141,0.03802165626355804,positive
BACH1_expression_mean,HALLMARK_REACTIVE_OXYGEN_SPECIES_PATHWAY__ssgsea_NES,P0019,15,0.4428571428571427,0.09829406554687141,positive
BACH1_expression_mean,HALLMARK_REACTIVE_OXYGEN_SPECIES_PATHWAY__ssgsea_NES,P0020,15,0.5178571428571428,0.04800407736655832,positive
BACH1_expression_mean,HALLMARK_REACTIVE_OXYGEN_SPECIES_PATHWAY__ssgsea_NES,P0025,15,0.5464285714285714,0.03506666021670983,positive
BACH1_expression_mean,HALLMARK_REACTIVE_OXYGEN_SPECIES_PATHWAY__ssgsea_NES,P0028,15,0.475,0.07357086204591357,positive
BACH1_expression_mean,HALLMARK_REACTIVE_OXYGEN_SPECIES_PATHWAY__ssgsea_NES,P0030,15,0.5035714285714286,0.05565451716115846,positive
BACH1_expression_mean,HALLMARK_REACTIVE_OXYGEN_SPECIES_PATHWAY__ssgsea_NES,P0031,15,0.4357142857142856,0.10449335704406652,positive
BACH1_expression_mean,HALLMARK_REACTIVE_OXYGEN_SPECIES_PATHWAY__ssgsea_NES,P0034,15,0.5035714285714286,0.05565451716115846,positive
COLLECTRI_BACH1_TF_ACTIVITY__ssgsea_NES,HALLMARK_REACTIVE_OXYGEN_SPECIES_PATHWAY__ssgsea_NES,AL02,15,0.35357142857142854,0.19607167843419873,positive
COLLECTRI_BACH1_TF_ACTIVITY__ssgsea_NES,HALLMARK_REACTIVE_OXYGEN_SPECIES_PATHWAY__ssgsea_NES,AL06,15,0.48214285714285704,0.06874953772064371,positive
COLLECTRI_BACH1_TF_ACTIVITY__ssgsea_NES,HALLMARK_REACTIVE_OXYGEN_SPECIES_PATHWAY__ssgsea_NES,AL08,15,0.48214285714285704,0.06874953772064371,positive
COLLECTRI_BACH1_TF_ACTIVITY__ssgsea_NES,HALLMARK_REACTIVE_OXYGEN_SPECIES_PATHWAY__ssgsea_NES,AL10,15,0.48214285714285704,0.06874953772064371,positive
COLLECTRI_BACH1_TF_ACTIVITY__ssgsea_NES,HALLMARK_REACTIVE_OXYGEN_SPECIES_PATHWAY__ssgsea_NES,AL11,15,0.48571428571428565,0.06642631232518954,positive
COLLECTRI_BACH1_TF_ACTIVITY__ssgsea_NES,HALLMARK_REACTIVE_OXYGEN_SPECIES_PATHWAY__ssgsea_NES,P0006,15,0.42499999999999993,0.11429547548052225,positive
COLLECTRI_BACH1_TF_ACTIVITY__ssgsea_NES,HALLMARK_REACTIVE_OXYGEN_SPECIES_PATHWAY__ssgsea_NES,P0008,15,0.42499999999999993,0.11429547548052225,positive
COLLECTRI_BACH1_TF_ACTIVITY__ssgsea_NES,HALLMARK_REACTIVE_OXYGEN_SPECIES_PATHWAY__ssgsea_NES,P0009,15,0.7285714285714285,0.0020652097446907935,positive
COLLECTRI_BACH1_TF_ACTIVITY__ssgsea_NES,HALLMARK_REACTIVE_OXYGEN_SPECIES_PATHWAY__ssgsea_NES,P0018,15,0.43214285714285705,0.10769303754639795,positive
COLLECTRI_BACH1_TF_ACTIVITY__ssgsea_NES,HALLMARK_REACTIVE_OXYGEN_SPECIES_PATHWAY__ssgsea_NES,P0019,15,0.4392857142857142,0.10136057119347246,positive
COLLECTRI_BACH1_TF_ACTIVITY__ssgsea_NES,HALLMARK_REACTIVE_OXYGEN_SPECIES_PATHWAY__ssgsea_NES,P0020,15,0.4035714285714285,0.13576799650365626,positive
COLLECTRI_BACH1_TF_ACTIVITY__ssgsea_NES,HALLMARK_REACTIVE_OXYGEN_SPECIES_PATHWAY__ssgsea_NES,P0025,15,0.48214285714285704,0.06874953772064371,positive
COLLECTRI_BACH1_TF_ACTIVITY__ssgsea_NES,HALLMARK_REACTIVE_OXYGEN_SPECIES_PATHWAY__ssgsea_NES,P0028,15,0.4642857142857142,0.081250980755495,positive
COLLECTRI_BACH1_TF_ACTIVITY__ssgsea_NES,HALLMARK_REACTIVE_OXYGEN_SPECIES_PATHWAY__ssgsea_NES,P0030,15,0.47857142857142854,0.07113080825563314,positive
COLLECTRI_BACH1_TF_ACTIVITY__ssgsea_NES,HALLMARK_REACTIVE_OXYGEN_SPECIES_PATHWAY__ssgsea_NES,P0031,15,0.43214285714285705,0.10769303754639795,positive
COLLECTRI_BACH1_TF_ACTIVITY__ssgsea_NES,HALLMARK_REACTIVE_OXYGEN_SPECIES_PATHWAY__ssgsea_NES,P0034,15,0.46071428571428563,0.08393338135031418,positive
BACH1_detected_fraction,HALLMARK_REACTIVE_OXYGEN_SPECIES_PATHWAY__mean_z,AL02,15,0.38214285714285706,0.15982362998696725,positive
BACH1_detected_fraction,HALLMARK_REACTIVE_OXYGEN_SPECIES_PATHWAY__mean_z,AL06,15,0.43214285714285705,0.10769303754639795,positive
BACH1_detected_fraction,HALLMARK_REACTIVE_OXYGEN_SPECIES_PATHWAY__mean_z,AL08,15,0.557142857142857,0.030961086755812144,positive
BACH1_detected_fraction,HALLMARK_REACTIVE_OXYGEN_SPECIES_PATHWAY__mean_z,AL10,15,0.532142857142857,0.04115858038693441,positive
BACH1_detected_fraction,HALLMARK_REACTIVE_OXYGEN_SPECIES_PATHWAY__mean_z,AL11,15,0.3857142857142856,0.15563079458596027,positive
BACH1_detected_fraction,HALLMARK_REACTIVE_OXYGEN_SPECIES_PATHWAY__mean_z,P0006,15,0.41785714285714276,0.12117253602187847,positive
BACH1_detected_fraction,HALLMARK_REACTIVE_OXYGEN_SPECIES_PATHWAY__mean_z,P0008,15,0.5285714285714286,0.0427972893094504,positive
BACH1_detected_fraction,HALLMARK_REACTIVE_OXYGEN_SPECIES_PATHWAY__mean_z,P0009,15,0.557142857142857,0.030961086755812144,positive
BACH1_detected_fraction,HALLMARK_REACTIVE_OXYGEN_SPECIES_PATHWAY__mean_z,P0018,15,0.4428571428571427,0.09829406554687141,positive
BACH1_detected_fraction,HALLMARK_REACTIVE_OXYGEN_SPECIES_PATHWAY__mean_z,P0019,15,0.44999999999999996,0.0923573749481225,positive
BACH1_detected_fraction,HALLMARK_REACTIVE_OXYGEN_SPECIES_PATHWAY__mean_z,P0020,15,0.47142857142857136,0.07607042915033117,positive
BACH1_detected_fraction,HALLMARK_REACTIVE_OXYGEN_SPECIES_PATHWAY__mean_z,P0025,15,0.41785714285714276,0.12117253602187847,positive
BACH1_detected_fraction,HALLMARK_REACTIVE_OXYGEN_SPECIES_PATHWAY__mean_z,P0028,15,0.42857142857142855,0.11096021426087672,positive
BACH1_detected_fraction,HALLMARK_REACTIVE_OXYGEN_SPECIES_PATHWAY__mean_z,P0030,15,0.5214285714285714,0.04621923447857305,positive
BACH1_detected_fraction,HALLMARK_REACTIVE_OXYGEN_SPECIES_PATHWAY__mean_z,P0031,15,0.4428571428571427,0.09829406554687141,positive
BACH1_detected_fraction,HALLMARK_REACTIVE_OXYGEN_SPECIES_PATHWAY__mean_z,P0034,15,0.4428571428571427,0.09829406554687141,positive
COLLECTRI_BACH1_TF_ACTIVITY__ssgsea_NES,CURATED_NRF2_ANTIOXIDANT_RESPONSE__ssgsea_NES,AL02,15,0.35,0.20094535081629333,positive
COLLECTRI_BACH1_TF_ACTIVITY__ssgsea_NES,CURATED_NRF2_ANTIOXIDANT_RESPONSE__ssgsea_NES,AL06,15,0.48571428571428565,0.06642631232518954,positive
COLLECTRI_BACH1_TF_ACTIVITY__ssgsea_NES,CURATED_NRF2_ANTIOXIDANT_RESPONSE__ssgsea_NES,AL08,15,0.48571428571428565,0.06642631232518954,positive
COLLECTRI_BACH1_TF_ACTIVITY__ssgsea_NES,CURATED_NRF2_ANTIOXIDANT_RESPONSE__ssgsea_NES,AL10,15,0.475,0.07357086204591357,positive
COLLECTRI_BACH1_TF_ACTIVITY__ssgsea_NES,CURATED_NRF2_ANTIOXIDANT_RESPONSE__ssgsea_NES,AL11,15,0.48571428571428565,0.06642631232518954,positive
COLLECTRI_BACH1_TF_ACTIVITY__ssgsea_NES,CURATED_NRF2_ANTIOXIDANT_RESPONSE__ssgsea_NES,P0006,15,0.42142857142857143,0.11769939585541633,positive
COLLECTRI_BACH1_TF_ACTIVITY__ssgsea_NES,CURATED_NRF2_ANTIOXIDANT_RESPONSE__ssgsea_NES,P0008,15,0.38214285714285706,0.15982362998696725,positive
COLLECTRI_BACH1_TF_ACTIVITY__ssgsea_NES,CURATED_NRF2_ANTIOXIDANT_RESPONSE__ssgsea_NES,P0009,15,0.6857142857142856,0.004772245222691261,positive
COLLECTRI_BACH1_TF_ACTIVITY__ssgsea_NES,CURATED_NRF2_ANTIOXIDANT_RESPONSE__ssgsea_NES,P0018,15,0.41785714285714276,0.12117253602187847,positive
COLLECTRI_BACH1_TF_ACTIVITY__ssgsea_NES,CURATED_NRF2_ANTIOXIDANT_RESPONSE__ssgsea_NES,P0019,15,0.41785714285714276,0.12117253602187847,positive
COLLECTRI_BACH1_TF_ACTIVITY__ssgsea_NES,CURATED_NRF2_ANTIOXIDANT_RESPONSE__ssgsea_NES,P0020,15,0.4035714285714285,0.13576799650365626,positive
COLLECTRI_BACH1_TF_ACTIVITY__ssgsea_NES,CURATED_NRF2_ANTIOXIDANT_RESPONSE__ssgsea_NES,P0025,15,0.5285714285714286,0.0427972893094504,positive
COLLECTRI_BACH1_TF_ACTIVITY__ssgsea_NES,CURATED_NRF2_ANTIOXIDANT_RESPONSE__ssgsea_NES,P0028,15,0.475,0.07357086204591357,positive
COLLECTRI_BACH1_TF_ACTIVITY__ssgsea_NES,CURATED_NRF2_ANTIOXIDANT_RESPONSE__ssgsea_NES,P0030,15,0.48571428571428565,0.06642631232518954,positive
COLLECTRI_BACH1_TF_ACTIVITY__ssgsea_NES,CURATED_NRF2_ANTIOXIDANT_RESPONSE__ssgsea_NES,P0031,15,0.43214285714285705,0.10769303754639795,positive
COLLECTRI_BACH1_TF_ACTIVITY__ssgsea_NES,CURATED_NRF2_ANTIOXIDANT_RESPONSE__ssgsea_NES,P0034,15,0.475,0.07357086204591357,positive
DOROTHEA_BACH1_ABC_TF_ACTIVITY__mean_z,LITERATURE_LUNG_BACH1_EFFECTOR_ACTIVITY__mean_z,AL02,15,0.3857142857142856,0.15563079458596027,positive
DOROTHEA_BACH1_ABC_TF_ACTIVITY__mean_z,LITERATURE_LUNG_BACH1_EFFECTOR_ACTIVITY__mean_z,AL06,15,0.6214285714285712,0.013402006712181815,positive
DOROTHEA_BACH1_ABC_TF_ACTIVITY__mean_z,LITERATURE_LUNG_BACH1_EFFECTOR_ACTIVITY__mean_z,AL08,15,0.475,0.07357086204591357,positive
DOROTHEA_BACH1_ABC_TF_ACTIVITY__mean_z,LITERATURE_LUNG_BACH1_EFFECTOR_ACTIVITY__mean_z,AL10,15,0.47142857142857136,0.07607042915033117,positive
DOROTHEA_BACH1_ABC_TF_ACTIVITY__mean_z,LITERATURE_LUNG_BACH1_EFFECTOR_ACTIVITY__mean_z,AL11,15,0.5464285714285714,0.03506666021670983,positive
DOROTHEA_BACH1_ABC_TF_ACTIVITY__mean_z,LITERATURE_LUNG_BACH1_EFFECTOR_ACTIVITY__mean_z,P0006,15,0.457142857142857,0.08667812662416981,positive
DOROTHEA_BACH1_ABC_TF_ACTIVITY__mean_z,LITERATURE_LUNG_BACH1_EFFECTOR_ACTIVITY__mean_z,P0008,15,0.5928571428571427,0.01984642197018115,positive
DOROTHEA_BACH1_ABC_TF_ACTIVITY__mean_z,LITERATURE_LUNG_BACH1_EFFECTOR_ACTIVITY__mean_z,P0009,15,0.34642857142857136,0.20589599209355114,positive
DOROTHEA_BACH1_ABC_TF_ACTIVITY__mean_z,LITERATURE_LUNG_BACH1_EFFECTOR_ACTIVITY__mean_z,P0018,15,0.475,0.07357086204591357,positive
DOROTHEA_BACH1_ABC_TF_ACTIVITY__mean_z,LITERATURE_LUNG_BACH1_EFFECTOR_ACTIVITY__mean_z,P0019,15,0.4071428571428571,0.1320126637798537,positive
DOROTHEA_BACH1_ABC_TF_ACTIVITY__mean_z,LITERATURE_LUNG_BACH1_EFFECTOR_ACTIVITY__mean_z,P0020,15,0.3857142857142856,0.15563079458596027,positive
DOROTHEA_BACH1_ABC_TF_ACTIVITY__mean_z,LITERATURE_LUNG_BACH1_EFFECTOR_ACTIVITY__mean_z,P0025,15,0.3571428571428571,0.19127476343157906,positive
DOROTHEA_BACH1_ABC_TF_ACTIVITY__mean_z,LITERATURE_LUNG_BACH1_EFFECTOR_ACTIVITY__mean_z,P0028,15,0.47142857142857136,0.07607042915033117,positive
DOROTHEA_BACH1_ABC_TF_ACTIVITY__mean_z,LITERATURE_LUNG_BACH1_EFFECTOR_ACTIVITY__mean_z,P0030,15,0.4678571428571427,0.07863023115438064,positive
DOROTHEA_BACH1_ABC_TF_ACTIVITY__mean_z,LITERATURE_LUNG_BACH1_EFFECTOR_ACTIVITY__mean_z,P0031,15,0.4535714285714285,0.0894859001430273,positive
DOROTHEA_BACH1_ABC_TF_ACTIVITY__mean_z,LITERATURE_LUNG_BACH1_EFFECTOR_ACTIVITY__mean_z,P0034,15,0.457142857142857,0.08667812662416981,positive
COLLECTRI_BACH1_TF_ACTIVITY__mean_z,HALLMARK_HYPOXIA__ssgsea_NES,AL02,15,0.48214285714285704,0.06874953772064371,positive
COLLECTRI_BACH1_TF_ACTIVITY__mean_z,HALLMARK_HYPOXIA__ssgsea_NES,AL06,15,0.5285714285714286,0.0427972893094504,positive
COLLECTRI_BACH1_TF_ACTIVITY__mean_z,HALLMARK_HYPOXIA__ssgsea_NES,AL08,15,0.4892857142857142,0.06416038631454045,positive
COLLECTRI_BACH1_TF_ACTIVITY__mean_z,HALLMARK_HYPOXIA__ssgsea_NES,AL10,15,0.5249999999999999,0.04448390580010634,positive
COLLECTRI_BACH1_TF_ACTIVITY__mean_z,HALLMARK_HYPOXIA__ssgsea_NES,AL11,15,0.35,0.20094535081629333,positive
COLLECTRI_BACH1_TF_ACTIVITY__mean_z,HALLMARK_HYPOXIA__ssgsea_NES,P0006,15,0.475,0.07357086204591357,positive
COLLECTRI_BACH1_TF_ACTIVITY__mean_z,HALLMARK_HYPOXIA__ssgsea_NES,P0008,15,0.4535714285714285,0.0894859001430273,positive
COLLECTRI_BACH1_TF_ACTIVITY__mean_z,HALLMARK_HYPOXIA__ssgsea_NES,P0009,15,0.5535714285714285,0.032287103770123615,positive
COLLECTRI_BACH1_TF_ACTIVITY__mean_z,HALLMARK_HYPOXIA__ssgsea_NES,P0018,15,0.4107142857142856,0.12832864601574892,positive
COLLECTRI_BACH1_TF_ACTIVITY__mean_z,HALLMARK_HYPOXIA__ssgsea_NES,P0019,15,0.35,0.20094535081629333,positive
COLLECTRI_BACH1_TF_ACTIVITY__mean_z,HALLMARK_HYPOXIA__ssgsea_NES,P0020,15,0.33928571428571425,0.2160289253419548,positive
COLLECTRI_BACH1_TF_ACTIVITY__mean_z,HALLMARK_HYPOXIA__ssgsea_NES,P0025,15,0.35,0.20094535081629333,positive
COLLECTRI_BACH1_TF_ACTIVITY__mean_z,HALLMARK_HYPOXIA__ssgsea_NES,P0028,15,0.48214285714285704,0.06874953772064371,positive
COLLECTRI_BACH1_TF_ACTIVITY__mean_z,HALLMARK_HYPOXIA__ssgsea_NES,P0030,15,0.4535714285714285,0.0894859001430273,positive
COLLECTRI_BACH1_TF_ACTIVITY__mean_z,HALLMARK_HYPOXIA__ssgsea_NES,P0031,15,0.5249999999999999,0.04448390580010634,positive
COLLECTRI_BACH1_TF_ACTIVITY__mean_z,HALLMARK_HYPOXIA__ssgsea_NES,P0034,15,0.4892857142857142,0.06416038631454045,positive
DOROTHEA_BACH1_ABC_TF_ACTIVITY__ssgsea_NES,KLENJA2025_BACH1_INVERSE_ACTIVITY__mean_z,AL02,15,-0.38928571428571423,0.151511936790394,negative
DOROTHEA_BACH1_ABC_TF_ACTIVITY__ssgsea_NES,KLENJA2025_BACH1_INVERSE_ACTIVITY__mean_z,AL06,15,-0.4464285714285714,0.09529321315352629,negative
DOROTHEA_BACH1_ABC_TF_ACTIVITY__ssgsea_NES,KLENJA2025_BACH1_INVERSE_ACTIVITY__mean_z,AL08,15,-0.4357142857142856,0.10449335704406652,negative
DOROTHEA_BACH1_ABC_TF_ACTIVITY__ssgsea_NES,KLENJA2025_BACH1_INVERSE_ACTIVITY__mean_z,AL10,15,-0.4428571428571427,0.09829406554687141,negative
DOROTHEA_BACH1_ABC_TF_ACTIVITY__ssgsea_NES,KLENJA2025_BACH1_INVERSE_ACTIVITY__mean_z,AL11,15,-0.457142857142857,0.08667812662416981,negative
DOROTHEA_BACH1_ABC_TF_ACTIVITY__ssgsea_NES,KLENJA2025_BACH1_INVERSE_ACTIVITY__mean_z,P0006,15,-0.475,0.07357086204591357,negative
DOROTHEA_BACH1_ABC_TF_ACTIVITY__ssgsea_NES,KLENJA2025_BACH1_INVERSE_ACTIVITY__mean_z,P0008,15,-0.33928571428571425,0.2160289253419548,negative
DOROTHEA_BACH1_ABC_TF_ACTIVITY__ssgsea_NES,KLENJA2025_BACH1_INVERSE_ACTIVITY__mean_z,P0009,15,-0.36428571428571427,0.18191025904581398,negative
DOROTHEA_BACH1_ABC_TF_ACTIVITY__ssgsea_NES,KLENJA2025_BACH1_INVERSE_ACTIVITY__mean_z,P0018,15,-0.5,0.057698841268959994,negative
DOROTHEA_BACH1_ABC_TF_ACTIVITY__ssgsea_NES,KLENJA2025_BACH1_INVERSE_ACTIVITY__mean_z,P0019,15,-0.475,0.07357086204591357,negative
DOROTHEA_BACH1_ABC_TF_ACTIVITY__ssgsea_NES,KLENJA2025_BACH1_INVERSE_ACTIVITY__mean_z,P0020,15,-0.48571428571428565,0.06642631232518954,negative
DOROTHEA_BACH1_ABC_TF_ACTIVITY__ssgsea_NES,KLENJA2025_BACH1_INVERSE_ACTIVITY__mean_z,P0025,15,-0.5,0.057698841268959994,negative
DOROTHEA_BACH1_ABC_TF_ACTIVITY__ssgsea_NES,KLENJA2025_BACH1_INVERSE_ACTIVITY__mean_z,P0028,15,-0.532142857142857,0.04115858038693441,negative
DOROTHEA_BACH1_ABC_TF_ACTIVITY__ssgsea_NES,KLENJA2025_BACH1_INVERSE_ACTIVITY__mean_z,P0030,15,-0.35357142857142854,0.19607167843419873,negative
DOROTHEA_BACH1_ABC_TF_ACTIVITY__ssgsea_NES,KLENJA2025_BACH1_INVERSE_ACTIVITY__mean_z,P0031,15,-0.5357142857142856,0.03956697222954946,negative
DOROTHEA_BACH1_ABC_TF_ACTIVITY__ssgsea_NES,KLENJA2025_BACH1_INVERSE_ACTIVITY__mean_z,P0034,15,-0.532142857142857,0.04115858038693441,negative
KLENJA2025_BACH1_INVERSE_ACTIVITY__mean_z,DOROTHEA_BACH1_ABC_TF_ACTIVITY__ssgsea_NES,AL02,15,-0.38928571428571423,0.151511936790394,negative
KLENJA2025_BACH1_INVERSE_ACTIVITY__mean_z,DOROTHEA_BACH1_ABC_TF_ACTIVITY__ssgsea_NES,AL06,15,-0.4464285714285714,0.09529321315352629,negative
KLENJA2025_BACH1_INVERSE_ACTIVITY__mean_z,DOROTHEA_BACH1_ABC_TF_ACTIVITY__ssgsea_NES,AL08,15,-0.4357142857142856,0.10449335704406652,negative
KLENJA2025_BACH1_INVERSE_ACTIVITY__mean_z,DOROTHEA_BACH1_ABC_TF_ACTIVITY__ssgsea_NES,AL10,15,-0.4428571428571427,0.09829406554687141,negative
KLENJA2025_BACH1_INVERSE_ACTIVITY__mean_z,DOROTHEA_BACH1_ABC_TF_ACTIVITY__ssgsea_NES,AL11,15,-0.457142857142857,0.08667812662416981,negative
KLENJA2025_BACH1_INVERSE_ACTIVITY__mean_z,DOROTHEA_BACH1_ABC_TF_ACTIVITY__ssgsea_NES,P0006,15,-0.475,0.07357086204591357,negative
KLENJA2025_BACH1_INVERSE_ACTIVITY__mean_z,DOROTHEA_BACH1_ABC_TF_ACTIVITY__ssgsea_NES,P0008,15,-0.33928571428571425,0.2160289253419548,negative
KLENJA2025_BACH1_INVERSE_ACTIVITY__mean_z,DOROTHEA_BACH1_ABC_TF_ACTIVITY__ssgsea_NES,P0009,15,-0.36428571428571427,0.18191025904581398,negative
KLENJA2025_BACH1_INVERSE_ACTIVITY__mean_z,DOROTHEA_BACH1_ABC_TF_ACTIVITY__ssgsea_NES,P0018,15,-0.5,0.057698841268959994,negative
KLENJA2025_BACH1_INVERSE_ACTIVITY__mean_z,DOROTHEA_BACH1_ABC_TF_ACTIVITY__ssgsea_NES,P0019,15,-0.475,0.07357086204591357,negative
KLENJA2025_BACH1_INVERSE_ACTIVITY__mean_z,DOROTHEA_BACH1_ABC_TF_ACTIVITY__ssgsea_NES,P0020,15,-0.48571428571428565,0.06642631232518954,negative
KLENJA2025_BACH1_INVERSE_ACTIVITY__mean_z,DOROTHEA_BACH1_ABC_TF_ACTIVITY__ssgsea_NES,P0025,15,-0.5,0.057698841268959994,negative
KLENJA2025_BACH1_INVERSE_ACTIVITY__mean_z,DOROTHEA_BACH1_ABC_TF_ACTIVITY__ssgsea_NES,P0028,15,-0.532142857142857,0.04115858038693441,negative
KLENJA2025_BACH1_INVERSE_ACTIVITY__mean_z,DOROTHEA_BACH1_ABC_TF_ACTIVITY__ssgsea_NES,P0030,15,-0.35357142857142854,0.19607167843419873,negative
KLENJA2025_BACH1_INVERSE_ACTIVITY__mean_z,DOROTHEA_BACH1_ABC_TF_ACTIVITY__ssgsea_NES,P0031,15,-0.5357142857142856,0.03956697222954946,negative
KLENJA2025_BACH1_INVERSE_ACTIVITY__mean_z,DOROTHEA_BACH1_ABC_TF_ACTIVITY__ssgsea_NES,P0034,15,-0.532142857142857,0.04115858038693441,negative
DOROTHEA_BACH1_ABC_TF_ACTIVITY__mean_z,DOROTHEA_BACH1_ABC_TF_ACTIVITY__ssgsea_NES,AL02,15,0.38928571428571423,0.151511936790394,positive
DOROTHEA_BACH1_ABC_TF_ACTIVITY__mean_z,DOROTHEA_BACH1_ABC_TF_ACTIVITY__ssgsea_NES,AL06,15,0.33571428571428563,0.22121153763932597,positive
DOROTHEA_BACH1_ABC_TF_ACTIVITY__mean_z,DOROTHEA_BACH1_ABC_TF_ACTIVITY__ssgsea_NES,AL08,15,0.48571428571428565,0.06642631232518954,positive
DOROTHEA_BACH1_ABC_TF_ACTIVITY__mean_z,DOROTHEA_BACH1_ABC_TF_ACTIVITY__ssgsea_NES,AL10,15,0.4964285714285714,0.05979741374992395,positive
DOROTHEA_BACH1_ABC_TF_ACTIVITY__mean_z,DOROTHEA_BACH1_ABC_TF_ACTIVITY__ssgsea_NES,AL11,15,0.4142857142857142,0.1247154422365709,positive
DOROTHEA_BACH1_ABC_TF_ACTIVITY__mean_z,DOROTHEA_BACH1_ABC_TF_ACTIVITY__ssgsea_NES,P0006,15,0.4642857142857142,0.081250980755495,positive
DOROTHEA_BACH1_ABC_TF_ACTIVITY__mean_z,DOROTHEA_BACH1_ABC_TF_ACTIVITY__ssgsea_NES,P0008,15,0.4107142857142856,0.12832864601574892,positive
DOROTHEA_BACH1_ABC_TF_ACTIVITY__mean_z,DOROTHEA_BACH1_ABC_TF_ACTIVITY__ssgsea_NES,P0009,15,0.7107142857142856,0.0029789948868027423,positive
DOROTHEA_BACH1_ABC_TF_ACTIVITY__mean_z,DOROTHEA_BACH1_ABC_TF_ACTIVITY__ssgsea_NES,P0018,15,0.42142857142857143,0.11769939585541633,positive
DOROTHEA_BACH1_ABC_TF_ACTIVITY__mean_z,DOROTHEA_BACH1_ABC_TF_ACTIVITY__ssgsea_NES,P0019,15,0.457142857142857,0.08667812662416981,positive
DOROTHEA_BACH1_ABC_TF_ACTIVITY__mean_z,DOROTHEA_BACH1_ABC_TF_ACTIVITY__ssgsea_NES,P0020,15,0.38928571428571423,0.151511936790394,positive
DOROTHEA_BACH1_ABC_TF_ACTIVITY__mean_z,DOROTHEA_BACH1_ABC_TF_ACTIVITY__ssgsea_NES,P0025,15,0.5035714285714286,0.05565451716115846,positive
DOROTHEA_BACH1_ABC_TF_ACTIVITY__mean_z,DOROTHEA_BACH1_ABC_TF_ACTIVITY__ssgsea_NES,P0028,15,0.41785714285714276,0.12117253602187847,positive
DOROTHEA_BACH1_ABC_TF_ACTIVITY__mean_z,DOROTHEA_BACH1_ABC_TF_ACTIVITY__ssgsea_NES,P0030,15,0.42857142857142855,0.11096021426087672,positive
DOROTHEA_BACH1_ABC_TF_ACTIVITY__mean_z,DOROTHEA_BACH1_ABC_TF_ACTIVITY__ssgsea_NES,P0031,15,0.4357142857142856,0.10449335704406652,positive
DOROTHEA_BACH1_ABC_TF_ACTIVITY__mean_z,DOROTHEA_BACH1_ABC_TF_ACTIVITY__ssgsea_NES,P0034,15,0.47142857142857136,0.07607042915033117,positive
DOROTHEA_BACH1_ABC_TF_ACTIVITY__ssgsea_NES,DOROTHEA_BACH1_ABC_TF_ACTIVITY__mean_z,AL02,15,0.38928571428571423,0.151511936790394,positive
DOROTHEA_BACH1_ABC_TF_ACTIVITY__ssgsea_NES,DOROTHEA_BACH1_ABC_TF_ACTIVITY__mean_z,AL06,15,0.33571428571428563,0.22121153763932597,positive
DOROTHEA_BACH1_ABC_TF_ACTIVITY__ssgsea_NES,DOROTHEA_BACH1_ABC_TF_ACTIVITY__mean_z,AL08,15,0.48571428571428565,0.06642631232518954,positive
DOROTHEA_BACH1_ABC_TF_ACTIVITY__ssgsea_NES,DOROTHEA_BACH1_ABC_TF_ACTIVITY__mean_z,AL10,15,0.4964285714285714,0.05979741374992395,positive
DOROTHEA_BACH1_ABC_TF_ACTIVITY__ssgsea_NES,DOROTHEA_BACH1_ABC_TF_ACTIVITY__mean_z,AL11,15,0.4142857142857142,0.1247154422365709,positive
DOROTHEA_BACH1_ABC_TF_ACTIVITY__ssgsea_NES,DOROTHEA_BACH1_ABC_TF_ACTIVITY__mean_z,P0006,15,0.4642857142857142,0.081250980755495,positive
DOROTHEA_BACH1_ABC_TF_ACTIVITY__ssgsea_NES,DOROTHEA_BACH1_ABC_TF_ACTIVITY__mean_z,P0008,15,0.4107142857142856,0.12832864601574892,positive
DOROTHEA_BACH1_ABC_TF_ACTIVITY__ssgsea_NES,DOROTHEA_BACH1_ABC_TF_ACTIVITY__mean_z,P0009,15,0.7107142857142856,0.0029789948868027423,positive
DOROTHEA_BACH1_ABC_TF_ACTIVITY__ssgsea_NES,DOROTHEA_BACH1_ABC_TF_ACTIVITY__mean_z,P0018,15,0.42142857142857143,0.11769939585541633,positive
DOROTHEA_BACH1_ABC_TF_ACTIVITY__ssgsea_NES,DOROTHEA_BACH1_ABC_TF_ACTIVITY__mean_z,P0019,15,0.457142857142857,0.08667812662416981,positive
DOROTHEA_BACH1_ABC_TF_ACTIVITY__ssgsea_NES,DOROTHEA_BACH1_ABC_TF_ACTIVITY__mean_z,P0020,15,0.38928571428571423,0.151511936790394,positive
DOROTHEA_BACH1_ABC_TF_ACTIVITY__ssgsea_NES,DOROTHEA_BACH1_ABC_TF_ACTIVITY__mean_z,P0025,15,0.5035714285714286,0.05565451716115846,positive
DOROTHEA_BACH1_ABC_TF_ACTIVITY__ssgsea_NES,DOROTHEA_BACH1_ABC_TF_ACTIVITY__mean_z,P0028,15,0.41785714285714276,0.12117253602187847,positive
DOROTHEA_BACH1_ABC_TF_ACTIVITY__ssgsea_NES,DOROTHEA_BACH1_ABC_TF_ACTIVITY__mean_z,P0030,15,0.42857142857142855,0.11096021426087672,positive
DOROTHEA_BACH1_ABC_TF_ACTIVITY__ssgsea_NES,DOROTHEA_BACH1_ABC_TF_ACTIVITY__mean_z,P0031,15,0.4357142857142856,0.10449335704406652,positive
DOROTHEA_BACH1_ABC_TF_ACTIVITY__ssgsea_NES,DOROTHEA_BACH1_ABC_TF_ACTIVITY__mean_z,P0034,15,0.47142857142857136,0.07607042915033117,positive
COLLECTRI_BACH1_TF_ACTIVITY__ssgsea_NES,HALLMARK_GLYCOLYSIS__mean_z,AL02,15,-0.38928571428571423,0.151511936790394,negative
COLLECTRI_BACH1_TF_ACTIVITY__ssgsea_NES,HALLMARK_GLYCOLYSIS__mean_z,AL06,15,-0.48571428571428565,0.06642631232518954,negative
COLLECTRI_BACH1_TF_ACTIVITY__ssgsea_NES,HALLMARK_GLYCOLYSIS__mean_z,AL08,15,-0.5,0.057698841268959994,negative
COLLECTRI_BACH1_TF_ACTIVITY__ssgsea_NES,HALLMARK_GLYCOLYSIS__mean_z,AL10,15,-0.5,0.057698841268959994,negative
COLLECTRI_BACH1_TF_ACTIVITY__ssgsea_NES,HALLMARK_GLYCOLYSIS__mean_z,AL11,15,-0.44999999999999996,0.0923573749481225,negative
COLLECTRI_BACH1_TF_ACTIVITY__ssgsea_NES,HALLMARK_GLYCOLYSIS__mean_z,P0006,15,-0.5,0.057698841268959994,negative
COLLECTRI_BACH1_TF_ACTIVITY__ssgsea_NES,HALLMARK_GLYCOLYSIS__mean_z,P0008,15,-0.5178571428571428,0.04800407736655832,negative
COLLECTRI_BACH1_TF_ACTIVITY__ssgsea_NES,HALLMARK_GLYCOLYSIS__mean_z,P0009,15,-0.3285714285714285,0.23180969720615968,negative
COLLECTRI_BACH1_TF_ACTIVITY__ssgsea_NES,HALLMARK_GLYCOLYSIS__mean_z,P0018,15,-0.4107142857142856,0.12832864601574892,negative
COLLECTRI_BACH1_TF_ACTIVITY__ssgsea_NES,HALLMARK_GLYCOLYSIS__mean_z,P0019,15,-0.5214285714285714,0.04621923447857305,negative
COLLECTRI_BACH1_TF_ACTIVITY__ssgsea_NES,HALLMARK_GLYCOLYSIS__mean_z,P0020,15,-0.4678571428571427,0.07863023115438064,negative
COLLECTRI_BACH1_TF_ACTIVITY__ssgsea_NES,HALLMARK_GLYCOLYSIS__mean_z,P0025,15,-0.33571428571428563,0.22121153763932597,negative
COLLECTRI_BACH1_TF_ACTIVITY__ssgsea_NES,HALLMARK_GLYCOLYSIS__mean_z,P0028,15,-0.4678571428571427,0.07863023115438064,negative
COLLECTRI_BACH1_TF_ACTIVITY__ssgsea_NES,HALLMARK_GLYCOLYSIS__mean_z,P0030,15,-0.3571428571428571,0.19127476343157906,negative
COLLECTRI_BACH1_TF_ACTIVITY__ssgsea_NES,HALLMARK_GLYCOLYSIS__mean_z,P0031,15,-0.5,0.057698841268959994,negative
COLLECTRI_BACH1_TF_ACTIVITY__ssgsea_NES,HALLMARK_GLYCOLYSIS__mean_z,P0034,15,-0.39642857142857135,0.1434945314423537,negative
KLENJA2025_BACH1_ACTIVITY_INVERTED__ssgsea_NES,LITERATURE_LUNG_BACH1_EFFECTOR_ACTIVITY__mean_z,AL02,15,0.7392857142857142,0.0016355111435407662,positive
KLENJA2025_BACH1_ACTIVITY_INVERTED__ssgsea_NES,LITERATURE_LUNG_BACH1_EFFECTOR_ACTIVITY__mean_z,AL06,15,0.37857142857142856,0.16409082655922078,positive
KLENJA2025_BACH1_ACTIVITY_INVERTED__ssgsea_NES,LITERATURE_LUNG_BACH1_EFFECTOR_ACTIVITY__mean_z,AL08,15,0.4107142857142856,0.12832864601574892,positive
KLENJA2025_BACH1_ACTIVITY_INVERTED__ssgsea_NES,LITERATURE_LUNG_BACH1_EFFECTOR_ACTIVITY__mean_z,AL10,15,0.43214285714285705,0.10769303754639795,positive
KLENJA2025_BACH1_ACTIVITY_INVERTED__ssgsea_NES,LITERATURE_LUNG_BACH1_EFFECTOR_ACTIVITY__mean_z,AL11,15,0.37857142857142856,0.16409082655922078,positive
KLENJA2025_BACH1_ACTIVITY_INVERTED__ssgsea_NES,LITERATURE_LUNG_BACH1_EFFECTOR_ACTIVITY__mean_z,P0006,15,0.4535714285714285,0.0894859001430273,positive
KLENJA2025_BACH1_ACTIVITY_INVERTED__ssgsea_NES,LITERATURE_LUNG_BACH1_EFFECTOR_ACTIVITY__mean_z,P0008,15,0.3928571428571428,0.1474666553113262,positive
KLENJA2025_BACH1_ACTIVITY_INVERTED__ssgsea_NES,LITERATURE_LUNG_BACH1_EFFECTOR_ACTIVITY__mean_z,P0009,15,0.36428571428571427,0.18191025904581398,positive
KLENJA2025_BACH1_ACTIVITY_INVERTED__ssgsea_NES,LITERATURE_LUNG_BACH1_EFFECTOR_ACTIVITY__mean_z,P0018,15,0.4107142857142856,0.12832864601574892,positive
KLENJA2025_BACH1_ACTIVITY_INVERTED__ssgsea_NES,LITERATURE_LUNG_BACH1_EFFECTOR_ACTIVITY__mean_z,P0019,15,0.3857142857142856,0.15563079458596027,positive
KLENJA2025_BACH1_ACTIVITY_INVERTED__ssgsea_NES,LITERATURE_LUNG_BACH1_EFFECTOR_ACTIVITY__mean_z,P0020,15,0.4964285714285714,0.05979741374992395,positive
KLENJA2025_BACH1_ACTIVITY_INVERTED__ssgsea_NES,LITERATURE_LUNG_BACH1_EFFECTOR_ACTIVITY__mean_z,P0025,15,0.3714285714285714,0.17284974708034007,positive
KLENJA2025_BACH1_ACTIVITY_INVERTED__ssgsea_NES,LITERATURE_LUNG_BACH1_EFFECTOR_ACTIVITY__mean_z,P0028,15,0.41785714285714276,0.12117253602187847,positive
KLENJA2025_BACH1_ACTIVITY_INVERTED__ssgsea_NES,LITERATURE_LUNG_BACH1_EFFECTOR_ACTIVITY__mean_z,P0030,15,0.4392857142857142,0.10136057119347246,positive
KLENJA2025_BACH1_ACTIVITY_INVERTED__ssgsea_NES,LITERATURE_LUNG_BACH1_EFFECTOR_ACTIVITY__mean_z,P0031,15,0.4142857142857142,0.1247154422365709,positive
KLENJA2025_BACH1_ACTIVITY_INVERTED__ssgsea_NES,LITERATURE_LUNG_BACH1_EFFECTOR_ACTIVITY__mean_z,P0034,15,0.42499999999999993,0.11429547548052225,positive
COLLECTRI_BACH1_TF_ACTIVITY__decoupler_mlm,LITERATURE_LUNG_BACH1_EFFECTOR_ACTIVITY__mean_z,AL02,15,0.7285714285714285,0.0020652097446907935,positive
COLLECTRI_BACH1_TF_ACTIVITY__decoupler_mlm,LITERATURE_LUNG_BACH1_EFFECTOR_ACTIVITY__mean_z,AL06,15,0.39642857142857135,0.1434945314423537,positive
COLLECTRI_BACH1_TF_ACTIVITY__decoupler_mlm,LITERATURE_LUNG_BACH1_EFFECTOR_ACTIVITY__mean_z,AL08,15,0.4035714285714285,0.13576799650365626,positive
COLLECTRI_BACH1_TF_ACTIVITY__decoupler_mlm,LITERATURE_LUNG_BACH1_EFFECTOR_ACTIVITY__mean_z,AL10,15,0.3928571428571428,0.1474666553113262,positive
COLLECTRI_BACH1_TF_ACTIVITY__decoupler_mlm,LITERATURE_LUNG_BACH1_EFFECTOR_ACTIVITY__mean_z,AL11,15,0.4035714285714285,0.13576799650365626,positive
COLLECTRI_BACH1_TF_ACTIVITY__decoupler_mlm,LITERATURE_LUNG_BACH1_EFFECTOR_ACTIVITY__mean_z,P0006,15,0.39642857142857135,0.1434945314423537,positive
COLLECTRI_BACH1_TF_ACTIVITY__decoupler_mlm,LITERATURE_LUNG_BACH1_EFFECTOR_ACTIVITY__mean_z,P0008,15,0.3607142857142856,0.1865543741541635,positive
COLLECTRI_BACH1_TF_ACTIVITY__decoupler_mlm,LITERATURE_LUNG_BACH1_EFFECTOR_ACTIVITY__mean_z,P0009,15,0.5928571428571427,0.01984642197018115,positive
COLLECTRI_BACH1_TF_ACTIVITY__decoupler_mlm,LITERATURE_LUNG_BACH1_EFFECTOR_ACTIVITY__mean_z,P0018,15,0.36785714285714277,0.17734214689349137,positive
COLLECTRI_BACH1_TF_ACTIVITY__decoupler_mlm,LITERATURE_LUNG_BACH1_EFFECTOR_ACTIVITY__mean_z,P0019,15,0.39999999999999997,0.1395951293721447,positive
COLLECTRI_BACH1_TF_ACTIVITY__decoupler_mlm,LITERATURE_LUNG_BACH1_EFFECTOR_ACTIVITY__mean_z,P0020,15,0.35357142857142854,0.19607167843419873,positive
COLLECTRI_BACH1_TF_ACTIVITY__decoupler_mlm,LITERATURE_LUNG_BACH1_EFFECTOR_ACTIVITY__mean_z,P0025,15,0.39999999999999997,0.1395951293721447,positive
COLLECTRI_BACH1_TF_ACTIVITY__decoupler_mlm,LITERATURE_LUNG_BACH1_EFFECTOR_ACTIVITY__mean_z,P0028,15,0.39642857142857135,0.1434945314423537,positive
COLLECTRI_BACH1_TF_ACTIVITY__decoupler_mlm,LITERATURE_LUNG_BACH1_EFFECTOR_ACTIVITY__mean_z,P0030,15,0.39642857142857135,0.1434945314423537,positive
COLLECTRI_BACH1_TF_ACTIVITY__decoupler_mlm,LITERATURE_LUNG_BACH1_EFFECTOR_ACTIVITY__mean_z,P0031,15,0.39642857142857135,0.1434945314423537,positive
COLLECTRI_BACH1_TF_ACTIVITY__decoupler_mlm,LITERATURE_LUNG_BACH1_EFFECTOR_ACTIVITY__mean_z,P0034,15,0.39642857142857135,0.1434945314423537,positive
BACH1_detected_fraction,DOROTHEA_BACH1_ABC_TF_ACTIVITY__mean_z,AL02,15,0.6714285714285713,0.00612776678882011,positive
BACH1_detected_fraction,DOROTHEA_BACH1_ABC_TF_ACTIVITY__mean_z,AL06,15,0.2964285714285714,0.2833554284342631,positive
BACH1_detected_fraction,DOROTHEA_BACH1_ABC_TF_ACTIVITY__mean_z,AL08,15,0.42857142857142855,0.11096021426087672,positive
BACH1_detected_fraction,DOROTHEA_BACH1_ABC_TF_ACTIVITY__mean_z,AL10,15,0.4464285714285714,0.09529321315352629,positive
BACH1_detected_fraction,DOROTHEA_BACH1_ABC_TF_ACTIVITY__mean_z,AL11,15,0.34642857142857136,0.20589599209355114,positive
BACH1_detected_fraction,DOROTHEA_BACH1_ABC_TF_ACTIVITY__mean_z,P0006,15,0.44999999999999996,0.0923573749481225,positive
BACH1_detected_fraction,DOROTHEA_BACH1_ABC_TF_ACTIVITY__mean_z,P0008,15,0.4678571428571427,0.07863023115438064,positive
BACH1_detected_fraction,DOROTHEA_BACH1_ABC_TF_ACTIVITY__mean_z,P0009,15,0.4928571428571427,0.061951006714168644,positive
BACH1_detected_fraction,DOROTHEA_BACH1_ABC_TF_ACTIVITY__mean_z,P0018,15,0.36428571428571427,0.18191025904581398,positive
BACH1_detected_fraction,DOROTHEA_BACH1_ABC_TF_ACTIVITY__mean_z,P0019,15,0.42857142857142855,0.11096021426087672,positive
BACH1_detected_fraction,DOROTHEA_BACH1_ABC_TF_ACTIVITY__mean_z,P0020,15,0.34642857142857136,0.20589599209355114,positive
BACH1_detected_fraction,DOROTHEA_BACH1_ABC_TF_ACTIVITY__mean_z,P0025,15,0.37499999999999994,0.1684327498467455,positive
BACH1_detected_fraction,DOROTHEA_BACH1_ABC_TF_ACTIVITY__mean_z,P0028,15,0.36428571428571427,0.18191025904581398,positive
BACH1_detected_fraction,DOROTHEA_BACH1_ABC_TF_ACTIVITY__mean_z,P0030,15,0.4107142857142856,0.12832864601574892,positive
BACH1_detected_fraction,DOROTHEA_BACH1_ABC_TF_ACTIVITY__mean_z,P0031,15,0.41785714285714276,0.12117253602187847,positive
BACH1_detected_fraction,DOROTHEA_BACH1_ABC_TF_ACTIVITY__mean_z,P0034,15,0.4107142857142856,0.12832864601574892,positive
BACH1_detected_fraction,COLLECTRI_BACH1_TF_ACTIVITY__decoupler_mlm,AL02,15,0.2928571428571428,0.28947166721240103,positive
BACH1_detected_fraction,COLLECTRI_BACH1_TF_ACTIVITY__decoupler_mlm,AL06,15,0.5357142857142856,0.03956697222954946,positive
BACH1_detected_fraction,COLLECTRI_BACH1_TF_ACTIVITY__decoupler_mlm,AL08,15,0.4464285714285714,0.09529321315352629,positive
BACH1_detected_fraction,COLLECTRI_BACH1_TF_ACTIVITY__decoupler_mlm,AL10,15,0.41785714285714276,0.12117253602187847,positive
BACH1_detected_fraction,COLLECTRI_BACH1_TF_ACTIVITY__decoupler_mlm,AL11,15,0.6035714285714285,0.017200138068795334,positive
BACH1_detected_fraction,COLLECTRI_BACH1_TF_ACTIVITY__decoupler_mlm,P0006,15,0.4035714285714285,0.13576799650365626,positive
BACH1_detected_fraction,COLLECTRI_BACH1_TF_ACTIVITY__decoupler_mlm,P0008,15,0.4142857142857142,0.1247154422365709,positive
BACH1_detected_fraction,COLLECTRI_BACH1_TF_ACTIVITY__decoupler_mlm,P0009,15,0.4142857142857142,0.1247154422365709,positive
BACH1_detected_fraction,COLLECTRI_BACH1_TF_ACTIVITY__decoupler_mlm,P0018,15,0.39642857142857135,0.1434945314423537,positive
BACH1_detected_fraction,COLLECTRI_BACH1_TF_ACTIVITY__decoupler_mlm,P0019,15,0.4107142857142856,0.12832864601574892,positive
BACH1_detected_fraction,COLLECTRI_BACH1_TF_ACTIVITY__decoupler_mlm,P0020,15,0.3285714285714285,0.23180969720615968,positive
BACH1_detected_fraction,COLLECTRI_BACH1_TF_ACTIVITY__decoupler_mlm,P0025,15,0.35357142857142854,0.19607167843419873,positive
BACH1_detected_fraction,COLLECTRI_BACH1_TF_ACTIVITY__decoupler_mlm,P0028,15,0.4535714285714285,0.0894859001430273,positive
BACH1_detected_fraction,COLLECTRI_BACH1_TF_ACTIVITY__decoupler_mlm,P0030,15,0.3607142857142856,0.1865543741541635,positive
BACH1_detected_fraction,COLLECTRI_BACH1_TF_ACTIVITY__decoupler_mlm,P0031,15,0.39642857142857135,0.1434945314423537,positive
BACH1_detected_fraction,COLLECTRI_BACH1_TF_ACTIVITY__decoupler_mlm,P0034,15,0.4357142857142856,0.10449335704406652,positive
BACH1_detected_fraction,HALLMARK_REACTIVE_OXYGEN_SPECIES_PATHWAY__ssgsea_NES,AL02,15,0.2821428571428571,0.3082844568200555,positive
BACH1_detected_fraction,HALLMARK_REACTIVE_OXYGEN_SPECIES_PATHWAY__ssgsea_NES,AL06,15,0.36428571428571427,0.18191025904581398,positive
BACH1_detected_fraction,HALLMARK_REACTIVE_OXYGEN_SPECIES_PATHWAY__ssgsea_NES,AL08,15,0.4678571428571427,0.07863023115438064,positive
BACH1_detected_fraction,HALLMARK_REACTIVE_OXYGEN_SPECIES_PATHWAY__ssgsea_NES,AL10,15,0.4464285714285714,0.09529321315352629,positive
BACH1_detected_fraction,HALLMARK_REACTIVE_OXYGEN_SPECIES_PATHWAY__ssgsea_NES,AL11,15,0.32499999999999996,0.237225438237234,positive
BACH1_detected_fraction,HALLMARK_REACTIVE_OXYGEN_SPECIES_PATHWAY__ssgsea_NES,P0006,15,0.33928571428571425,0.2160289253419548,positive
BACH1_detected_fraction,HALLMARK_REACTIVE_OXYGEN_SPECIES_PATHWAY__ssgsea_NES,P0008,15,0.4392857142857142,0.10136057119347246,positive
BACH1_detected_fraction,HALLMARK_REACTIVE_OXYGEN_SPECIES_PATHWAY__ssgsea_NES,P0009,15,0.4678571428571427,0.07863023115438064,positive
BACH1_detected_fraction,HALLMARK_REACTIVE_OXYGEN_SPECIES_PATHWAY__ssgsea_NES,P0018,15,0.4392857142857142,0.10136057119347246,positive
BACH1_detected_fraction,HALLMARK_REACTIVE_OXYGEN_SPECIES_PATHWAY__ssgsea_NES,P0019,15,0.4142857142857142,0.1247154422365709,positive
BACH1_detected_fraction,HALLMARK_REACTIVE_OXYGEN_SPECIES_PATHWAY__ssgsea_NES,P0020,15,0.4642857142857142,0.081250980755495,positive
BACH1_detected_fraction,HALLMARK_REACTIVE_OXYGEN_SPECIES_PATHWAY__ssgsea_NES,P0025,15,0.4892857142857142,0.06416038631454045,positive
BACH1_detected_fraction,HALLMARK_REACTIVE_OXYGEN_SPECIES_PATHWAY__ssgsea_NES,P0028,15,0.32499999999999996,0.237225438237234,positive
BACH1_detected_fraction,HALLMARK_REACTIVE_OXYGEN_SPECIES_PATHWAY__ssgsea_NES,P0030,15,0.4642857142857142,0.081250980755495,positive
BACH1_detected_fraction,HALLMARK_REACTIVE_OXYGEN_SPECIES_PATHWAY__ssgsea_NES,P0031,15,0.3607142857142856,0.1865543741541635,positive
BACH1_detected_fraction,HALLMARK_REACTIVE_OXYGEN_SPECIES_PATHWAY__ssgsea_NES,P0034,15,0.42857142857142855,0.11096021426087672,positive
BACH1_expression_mean,DOROTHEA_BACH1_ABC_TF_ACTIVITY__mean_z,AL02,15,0.6535714285714285,0.008230371463638971,positive
BACH1_expression_mean,DOROTHEA_BACH1_ABC_TF_ACTIVITY__mean_z,AL06,15,0.2785714285714285,0.3147094732307908,positive
BACH1_expression_mean,DOROTHEA_BACH1_ABC_TF_ACTIVITY__mean_z,AL08,15,0.38928571428571423,0.151511936790394,positive
BACH1_expression_mean,DOROTHEA_BACH1_ABC_TF_ACTIVITY__mean_z,AL10,15,0.48214285714285704,0.06874953772064371,positive
BACH1_expression_mean,DOROTHEA_BACH1_ABC_TF_ACTIVITY__mean_z,AL11,15,0.3285714285714285,0.23180969720615968,positive
BACH1_expression_mean,DOROTHEA_BACH1_ABC_TF_ACTIVITY__mean_z,P0006,15,0.46071428571428563,0.08393338135031418,positive
BACH1_expression_mean,DOROTHEA_BACH1_ABC_TF_ACTIVITY__mean_z,P0008,15,0.36428571428571427,0.18191025904581398,positive
BACH1_expression_mean,DOROTHEA_BACH1_ABC_TF_ACTIVITY__mean_z,P0009,15,0.4035714285714285,0.13576799650365626,positive
BACH1_expression_mean,DOROTHEA_BACH1_ABC_TF_ACTIVITY__mean_z,P0018,15,0.36785714285714277,0.17734214689349137,positive
BACH1_expression_mean,DOROTHEA_BACH1_ABC_TF_ACTIVITY__mean_z,P0019,15,0.4035714285714285,0.13576799650365626,positive
BACH1_expression_mean,DOROTHEA_BACH1_ABC_TF_ACTIVITY__mean_z,P0020,15,0.3285714285714285,0.23180969720615968,positive
BACH1_expression_mean,DOROTHEA_BACH1_ABC_TF_ACTIVITY__mean_z,P0025,15,0.36428571428571427,0.18191025904581398,positive
BACH1_expression_mean,DOROTHEA_BACH1_ABC_TF_ACTIVITY__mean_z,P0028,15,0.39999999999999997,0.1395951293721447,positive
BACH1_expression_mean,DOROTHEA_BACH1_ABC_TF_ACTIVITY__mean_z,P0030,15,0.4392857142857142,0.10136057119347246,positive
BACH1_expression_mean,DOROTHEA_BACH1_ABC_TF_ACTIVITY__mean_z,P0031,15,0.4035714285714285,0.13576799650365626,positive
BACH1_expression_mean,DOROTHEA_BACH1_ABC_TF_ACTIVITY__mean_z,P0034,15,0.4142857142857142,0.1247154422365709,positive
DOROTHEA_BACH1_ABC_TF_ACTIVITY__decoupler_ulm,HALLMARK_HYPOXIA__mean_z,AL02,15,0.3857142857142856,0.15563079458596027,positive
DOROTHEA_BACH1_ABC_TF_ACTIVITY__decoupler_ulm,HALLMARK_HYPOXIA__mean_z,AL06,15,0.32499999999999996,0.237225438237234,positive
DOROTHEA_BACH1_ABC_TF_ACTIVITY__decoupler_ulm,HALLMARK_HYPOXIA__mean_z,AL08,15,0.46071428571428563,0.08393338135031418,positive
DOROTHEA_BACH1_ABC_TF_ACTIVITY__decoupler_ulm,HALLMARK_HYPOXIA__mean_z,AL10,15,0.475,0.07357086204591357,positive
DOROTHEA_BACH1_ABC_TF_ACTIVITY__decoupler_ulm,HALLMARK_HYPOXIA__mean_z,AL11,15,0.5,0.057698841268959994,positive
DOROTHEA_BACH1_ABC_TF_ACTIVITY__decoupler_ulm,HALLMARK_HYPOXIA__mean_z,P0006,15,0.4071428571428571,0.1320126637798537,positive
DOROTHEA_BACH1_ABC_TF_ACTIVITY__decoupler_ulm,HALLMARK_HYPOXIA__mean_z,P0008,15,0.37857142857142856,0.16409082655922078,positive
DOROTHEA_BACH1_ABC_TF_ACTIVITY__decoupler_ulm,HALLMARK_HYPOXIA__mean_z,P0009,15,0.36428571428571427,0.18191025904581398,positive
DOROTHEA_BACH1_ABC_TF_ACTIVITY__decoupler_ulm,HALLMARK_HYPOXIA__mean_z,P0018,15,0.36428571428571427,0.18191025904581398,positive
DOROTHEA_BACH1_ABC_TF_ACTIVITY__decoupler_ulm,HALLMARK_HYPOXIA__mean_z,P0019,15,0.42142857142857143,0.11769939585541633,positive
DOROTHEA_BACH1_ABC_TF_ACTIVITY__decoupler_ulm,HALLMARK_HYPOXIA__mean_z,P0020,15,0.32499999999999996,0.237225438237234,positive
DOROTHEA_BACH1_ABC_TF_ACTIVITY__decoupler_ulm,HALLMARK_HYPOXIA__mean_z,P0025,15,0.28928571428571426,0.29566536100437774,positive
DOROTHEA_BACH1_ABC_TF_ACTIVITY__decoupler_ulm,HALLMARK_HYPOXIA__mean_z,P0028,15,0.43214285714285705,0.10769303754639795,positive
DOROTHEA_BACH1_ABC_TF_ACTIVITY__decoupler_ulm,HALLMARK_HYPOXIA__mean_z,P0030,15,0.3928571428571428,0.1474666553113262,positive
DOROTHEA_BACH1_ABC_TF_ACTIVITY__decoupler_ulm,HALLMARK_HYPOXIA__mean_z,P0031,15,0.42499999999999993,0.11429547548052225,positive
DOROTHEA_BACH1_ABC_TF_ACTIVITY__decoupler_ulm,HALLMARK_HYPOXIA__mean_z,P0034,15,0.48214285714285704,0.06874953772064371,positive
BACH1_expression_mean,DOROTHEA_BACH1_ABC_TF_ACTIVITY__decoupler_ulm,AL02,15,0.48214285714285704,0.06874953772064371,positive
BACH1_expression_mean,DOROTHEA_BACH1_ABC_TF_ACTIVITY__decoupler_ulm,AL06,15,0.2714285714285714,0.3277893068411728,positive
BACH1_expression_mean,DOROTHEA_BACH1_ABC_TF_ACTIVITY__decoupler_ulm,AL08,15,0.42857142857142855,0.11096021426087672,positive
BACH1_expression_mean,DOROTHEA_BACH1_ABC_TF_ACTIVITY__decoupler_ulm,AL10,15,0.42499999999999993,0.11429547548052225,positive
BACH1_expression_mean,DOROTHEA_BACH1_ABC_TF_ACTIVITY__decoupler_ulm,AL11,15,0.5392857142857141,0.03802165626355804,positive
BACH1_expression_mean,DOROTHEA_BACH1_ABC_TF_ACTIVITY__decoupler_ulm,P0006,15,0.48214285714285704,0.06874953772064371,positive
BACH1_expression_mean,DOROTHEA_BACH1_ABC_TF_ACTIVITY__decoupler_ulm,P0008,15,0.42499999999999993,0.11429547548052225,positive
BACH1_expression_mean,DOROTHEA_BACH1_ABC_TF_ACTIVITY__decoupler_ulm,P0009,15,0.42857142857142855,0.11096021426087672,positive
BACH1_expression_mean,DOROTHEA_BACH1_ABC_TF_ACTIVITY__decoupler_ulm,P0018,15,0.3107142857142856,0.2596673973372183,positive
BACH1_expression_mean,DOROTHEA_BACH1_ABC_TF_ACTIVITY__decoupler_ulm,P0019,15,0.41785714285714276,0.12117253602187847,positive
BACH1_expression_mean,DOROTHEA_BACH1_ABC_TF_ACTIVITY__decoupler_ulm,P0020,15,0.2714285714285714,0.3277893068411728,positive
BACH1_expression_mean,DOROTHEA_BACH1_ABC_TF_ACTIVITY__decoupler_ulm,P0025,15,0.33928571428571425,0.2160289253419548,positive
BACH1_expression_mean,DOROTHEA_BACH1_ABC_TF_ACTIVITY__decoupler_ulm,P0028,15,0.34642857142857136,0.20589599209355114,positive
BACH1_expression_mean,DOROTHEA_BACH1_ABC_TF_ACTIVITY__decoupler_ulm,P0030,15,0.475,0.07357086204591357,positive
BACH1_expression_mean,DOROTHEA_BACH1_ABC_TF_ACTIVITY__decoupler_ulm,P0031,15,0.41785714285714276,0.12117253602187847,positive
BACH1_expression_mean,DOROTHEA_BACH1_ABC_TF_ACTIVITY__decoupler_ulm,P0034,15,0.3178571428571428,0.24829056581701822,positive
BACH1_expression_mean,DOROTHEA_BACH1_ABC_TF_ACTIVITY__decoupler_mlm,AL02,15,0.47857142857142854,0.07113080825563314,positive
BACH1_expression_mean,DOROTHEA_BACH1_ABC_TF_ACTIVITY__decoupler_mlm,AL06,15,0.2678571428571428,0.33444360051235367,positive
BACH1_expression_mean,DOROTHEA_BACH1_ABC_TF_ACTIVITY__decoupler_mlm,AL08,15,0.4464285714285714,0.09529321315352629,positive
BACH1_expression_mean,DOROTHEA_BACH1_ABC_TF_ACTIVITY__decoupler_mlm,AL10,15,0.41785714285714276,0.12117253602187847,positive
BACH1_expression_mean,DOROTHEA_BACH1_ABC_TF_ACTIVITY__decoupler_mlm,AL11,15,0.5357142857142856,0.03956697222954946,positive
BACH1_expression_mean,DOROTHEA_BACH1_ABC_TF_ACTIVITY__decoupler_mlm,P0006,15,0.47857142857142854,0.07113080825563314,positive
BACH1_expression_mean,DOROTHEA_BACH1_ABC_TF_ACTIVITY__decoupler_mlm,P0008,15,0.41785714285714276,0.12117253602187847,positive
BACH1_expression_mean,DOROTHEA_BACH1_ABC_TF_ACTIVITY__decoupler_mlm,P0009,15,0.41785714285714276,0.12117253602187847,positive
BACH1_expression_mean,DOROTHEA_BACH1_ABC_TF_ACTIVITY__decoupler_mlm,P0018,15,0.3071428571428571,0.2654726857102781,positive
BACH1_expression_mean,DOROTHEA_BACH1_ABC_TF_ACTIVITY__decoupler_mlm,P0019,15,0.41785714285714276,0.12117253602187847,positive
BACH1_expression_mean,DOROTHEA_BACH1_ABC_TF_ACTIVITY__decoupler_mlm,P0020,15,0.2678571428571428,0.33444360051235367,positive
BACH1_expression_mean,DOROTHEA_BACH1_ABC_TF_ACTIVITY__decoupler_mlm,P0025,15,0.3571428571428571,0.19127476343157906,positive
BACH1_expression_mean,DOROTHEA_BACH1_ABC_TF_ACTIVITY__decoupler_mlm,P0028,15,0.33571428571428563,0.22121153763932597,positive
BACH1_expression_mean,DOROTHEA_BACH1_ABC_TF_ACTIVITY__decoupler_mlm,P0030,15,0.4678571428571427,0.07863023115438064,positive
BACH1_expression_mean,DOROTHEA_BACH1_ABC_TF_ACTIVITY__decoupler_mlm,P0031,15,0.41785714285714276,0.12117253602187847,positive
BACH1_expression_mean,DOROTHEA_BACH1_ABC_TF_ACTIVITY__decoupler_mlm,P0034,15,0.3071428571428571,0.2654726857102781,positive
COLLECTRI_BACH1_TF_ACTIVITY__mean_z,HALLMARK_OXIDATIVE_PHOSPHORYLATION__mean_z,AL02,15,-0.42857142857142855,0.11096021426087672,negative
COLLECTRI_BACH1_TF_ACTIVITY__mean_z,HALLMARK_OXIDATIVE_PHOSPHORYLATION__mean_z,AL06,15,-0.4642857142857142,0.081250980755495,negative
COLLECTRI_BACH1_TF_ACTIVITY__mean_z,HALLMARK_OXIDATIVE_PHOSPHORYLATION__mean_z,AL08,15,-0.475,0.07357086204591357,negative
COLLECTRI_BACH1_TF_ACTIVITY__mean_z,HALLMARK_OXIDATIVE_PHOSPHORYLATION__mean_z,AL10,15,-0.38214285714285706,0.15982362998696725,negative
COLLECTRI_BACH1_TF_ACTIVITY__mean_z,HALLMARK_OXIDATIVE_PHOSPHORYLATION__mean_z,AL11,15,-0.33928571428571425,0.2160289253419548,negative
COLLECTRI_BACH1_TF_ACTIVITY__mean_z,HALLMARK_OXIDATIVE_PHOSPHORYLATION__mean_z,P0006,15,-0.3214285714285714,0.2427190468016684,negative
COLLECTRI_BACH1_TF_ACTIVITY__mean_z,HALLMARK_OXIDATIVE_PHOSPHORYLATION__mean_z,P0008,15,-0.30357142857142855,0.27135583600386837,negative
COLLECTRI_BACH1_TF_ACTIVITY__mean_z,HALLMARK_OXIDATIVE_PHOSPHORYLATION__mean_z,P0009,15,-0.2785714285714285,0.3147094732307908,negative
COLLECTRI_BACH1_TF_ACTIVITY__mean_z,HALLMARK_OXIDATIVE_PHOSPHORYLATION__mean_z,P0018,15,-0.4071428571428571,0.1320126637798537,negative
COLLECTRI_BACH1_TF_ACTIVITY__mean_z,HALLMARK_OXIDATIVE_PHOSPHORYLATION__mean_z,P0019,15,-0.43214285714285705,0.10769303754639795,negative
COLLECTRI_BACH1_TF_ACTIVITY__mean_z,HALLMARK_OXIDATIVE_PHOSPHORYLATION__mean_z,P0020,15,-0.30357142857142855,0.27135583600386837,negative
COLLECTRI_BACH1_TF_ACTIVITY__mean_z,HALLMARK_OXIDATIVE_PHOSPHORYLATION__mean_z,P0025,15,-0.43214285714285705,0.10769303754639795,negative
COLLECTRI_BACH1_TF_ACTIVITY__mean_z,HALLMARK_OXIDATIVE_PHOSPHORYLATION__mean_z,P0028,15,-0.42142857142857143,0.11769939585541633,negative
COLLECTRI_BACH1_TF_ACTIVITY__mean_z,HALLMARK_OXIDATIVE_PHOSPHORYLATION__mean_z,P0030,15,-0.457142857142857,0.08667812662416981,negative
COLLECTRI_BACH1_TF_ACTIVITY__mean_z,HALLMARK_OXIDATIVE_PHOSPHORYLATION__mean_z,P0031,15,-0.4071428571428571,0.1320126637798537,negative
COLLECTRI_BACH1_TF_ACTIVITY__mean_z,HALLMARK_OXIDATIVE_PHOSPHORYLATION__mean_z,P0034,15,-0.38214285714285706,0.15982362998696725,negative
KLENJA2025_BACH1_INVERSE_ACTIVITY__mean_z,HALLMARK_GLYCOLYSIS__ssgsea_NES,AL02,15,0.2571428571428571,0.3548603636506091,positive
KLENJA2025_BACH1_INVERSE_ACTIVITY__mean_z,HALLMARK_GLYCOLYSIS__ssgsea_NES,AL06,15,0.3142857142857143,0.2539400163236716,positive
KLENJA2025_BACH1_INVERSE_ACTIVITY__mean_z,HALLMARK_GLYCOLYSIS__ssgsea_NES,AL08,15,0.41785714285714276,0.12117253602187847,positive
KLENJA2025_BACH1_INVERSE_ACTIVITY__mean_z,HALLMARK_GLYCOLYSIS__ssgsea_NES,AL10,15,0.3857142857142856,0.15563079458596027,positive
KLENJA2025_BACH1_INVERSE_ACTIVITY__mean_z,HALLMARK_GLYCOLYSIS__ssgsea_NES,AL11,15,0.3107142857142856,0.2596673973372183,positive
KLENJA2025_BACH1_INVERSE_ACTIVITY__mean_z,HALLMARK_GLYCOLYSIS__ssgsea_NES,P0006,15,0.39999999999999997,0.1395951293721447,positive
KLENJA2025_BACH1_INVERSE_ACTIVITY__mean_z,HALLMARK_GLYCOLYSIS__ssgsea_NES,P0008,15,0.48571428571428565,0.06642631232518954,positive
KLENJA2025_BACH1_INVERSE_ACTIVITY__mean_z,HALLMARK_GLYCOLYSIS__ssgsea_NES,P0009,15,0.2571428571428571,0.3548603636506091,positive
KLENJA2025_BACH1_INVERSE_ACTIVITY__mean_z,HALLMARK_GLYCOLYSIS__ssgsea_NES,P0018,15,0.37499999999999994,0.1684327498467455,positive
KLENJA2025_BACH1_INVERSE_ACTIVITY__mean_z,HALLMARK_GLYCOLYSIS__ssgsea_NES,P0019,15,0.3928571428571428,0.1474666553113262,positive
KLENJA2025_BACH1_INVERSE_ACTIVITY__mean_z,HALLMARK_GLYCOLYSIS__ssgsea_NES,P0020,15,0.39999999999999997,0.1395951293721447,positive
KLENJA2025_BACH1_INVERSE_ACTIVITY__mean_z,HALLMARK_GLYCOLYSIS__ssgsea_NES,P0025,15,0.4071428571428571,0.1320126637798537,positive
KLENJA2025_BACH1_INVERSE_ACTIVITY__mean_z,HALLMARK_GLYCOLYSIS__ssgsea_NES,P0028,15,0.3571428571428571,0.19127476343157906,positive
KLENJA2025_BACH1_INVERSE_ACTIVITY__mean_z,HALLMARK_GLYCOLYSIS__ssgsea_NES,P0030,15,0.5357142857142856,0.03956697222954946,positive
KLENJA2025_BACH1_INVERSE_ACTIVITY__mean_z,HALLMARK_GLYCOLYSIS__ssgsea_NES,P0031,15,0.42857142857142855,0.11096021426087672,positive
KLENJA2025_BACH1_INVERSE_ACTIVITY__mean_z,HALLMARK_GLYCOLYSIS__ssgsea_NES,P0034,15,0.4678571428571427,0.07863023115438064,positive
COLLECTRI_BACH1_TF_ACTIVITY__ssgsea_NES,HALLMARK_HYPOXIA__mean_z,AL02,15,-0.25357142857142856,0.3618161038158894,negative
COLLECTRI_BACH1_TF_ACTIVITY__ssgsea_NES,HALLMARK_HYPOXIA__mean_z,AL06,15,-0.5107142857142856,0.05172549836826936,negative
COLLECTRI_BACH1_TF_ACTIVITY__ssgsea_NES,HALLMARK_HYPOXIA__mean_z,AL08,15,-0.39642857142857135,0.1434945314423537,negative
COLLECTRI_BACH1_TF_ACTIVITY__ssgsea_NES,HALLMARK_HYPOXIA__mean_z,AL10,15,-0.39642857142857135,0.1434945314423537,negative
COLLECTRI_BACH1_TF_ACTIVITY__ssgsea_NES,HALLMARK_HYPOXIA__mean_z,AL11,15,-0.41785714285714276,0.12117253602187847,negative
COLLECTRI_BACH1_TF_ACTIVITY__ssgsea_NES,HALLMARK_HYPOXIA__mean_z,P0006,15,-0.4107142857142856,0.12832864601574892,negative
COLLECTRI_BACH1_TF_ACTIVITY__ssgsea_NES,HALLMARK_HYPOXIA__mean_z,P0008,15,-0.4392857142857142,0.10136057119347246,negative
COLLECTRI_BACH1_TF_ACTIVITY__ssgsea_NES,HALLMARK_HYPOXIA__mean_z,P0009,15,-0.25357142857142856,0.3618161038158894,negative
COLLECTRI_BACH1_TF_ACTIVITY__ssgsea_NES,HALLMARK_HYPOXIA__mean_z,P0018,15,-0.3928571428571428,0.1474666553113262,negative
COLLECTRI_BACH1_TF_ACTIVITY__ssgsea_NES,HALLMARK_HYPOXIA__mean_z,P0019,15,-0.532142857142857,0.04115858038693441,negative
COLLECTRI_BACH1_TF_ACTIVITY__ssgsea_NES,HALLMARK_HYPOXIA__mean_z,P0020,15,-0.41785714285714276,0.12117253602187847,negative
COLLECTRI_BACH1_TF_ACTIVITY__ssgsea_NES,HALLMARK_HYPOXIA__mean_z,P0025,15,-0.25357142857142856,0.3618161038158894,negative
COLLECTRI_BACH1_TF_ACTIVITY__ssgsea_NES,HALLMARK_HYPOXIA__mean_z,P0028,15,-0.36428571428571427,0.18191025904581398,negative
COLLECTRI_BACH1_TF_ACTIVITY__ssgsea_NES,HALLMARK_HYPOXIA__mean_z,P0030,15,-0.33928571428571425,0.2160289253419548,negative
COLLECTRI_BACH1_TF_ACTIVITY__ssgsea_NES,HALLMARK_HYPOXIA__mean_z,P0031,15,-0.41785714285714276,0.12117253602187847,negative
COLLECTRI_BACH1_TF_ACTIVITY__ssgsea_NES,HALLMARK_HYPOXIA__mean_z,P0034,15,-0.34642857142857136,0.20589599209355114,negative
BACH1_detected_fraction,HALLMARK_HEME_METABOLISM__mean_z,AL02,15,0.42857142857142855,0.11096021426087672,positive
BACH1_detected_fraction,HALLMARK_HEME_METABOLISM__mean_z,AL06,15,0.25357142857142856,0.3618161038158894,positive
BACH1_detected_fraction,HALLMARK_HEME_METABOLISM__mean_z,AL08,15,0.39999999999999997,0.1395951293721447,positive
BACH1_detected_fraction,HALLMARK_HEME_METABOLISM__mean_z,AL10,15,0.4142857142857142,0.1247154422365709,positive
BACH1_detected_fraction,HALLMARK_HEME_METABOLISM__mean_z,AL11,15,0.2714285714285714,0.3277893068411728,positive
BACH1_detected_fraction,HALLMARK_HEME_METABOLISM__mean_z,P0006,15,0.4642857142857142,0.081250980755495,positive
BACH1_detected_fraction,HALLMARK_HEME_METABOLISM__mean_z,P0008,15,0.457142857142857,0.08667812662416981,positive
BACH1_detected_fraction,HALLMARK_HEME_METABOLISM__mean_z,P0009,15,0.457142857142857,0.08667812662416981,positive
BACH1_detected_fraction,HALLMARK_HEME_METABOLISM__mean_z,P0018,15,0.3857142857142856,0.15563079458596027,positive
BACH1_detected_fraction,HALLMARK_HEME_METABOLISM__mean_z,P0019,15,0.4107142857142856,0.12832864601574892,positive
BACH1_detected_fraction,HALLMARK_HEME_METABOLISM__mean_z,P0020,15,0.3571428571428571,0.19127476343157906,positive
BACH1_detected_fraction,HALLMARK_HEME_METABOLISM__mean_z,P0025,15,0.3285714285714285,0.23180969720615968,positive
BACH1_detected_fraction,HALLMARK_HEME_METABOLISM__mean_z,P0028,15,0.2821428571428571,0.3082844568200555,positive
BACH1_detected_fraction,HALLMARK_HEME_METABOLISM__mean_z,P0030,15,0.3571428571428571,0.19127476343157906,positive
BACH1_detected_fraction,HALLMARK_HEME_METABOLISM__mean_z,P0031,15,0.37857142857142856,0.16409082655922078,positive
BACH1_detected_fraction,HALLMARK_HEME_METABOLISM__mean_z,P0034,15,0.4071428571428571,0.1320126637798537,positive
COLLECTRI_BACH1_TF_ACTIVITY__ssgsea_NES,HALLMARK_HEME_METABOLISM__ssgsea_NES,AL02,15,0.24642857142857136,0.375950515973805,positive
COLLECTRI_BACH1_TF_ACTIVITY__ssgsea_NES,HALLMARK_HEME_METABOLISM__ssgsea_NES,AL06,15,0.46071428571428563,0.08393338135031418,positive
COLLECTRI_BACH1_TF_ACTIVITY__ssgsea_NES,HALLMARK_HEME_METABOLISM__ssgsea_NES,AL08,15,0.39642857142857135,0.1434945314423537,positive
COLLECTRI_BACH1_TF_ACTIVITY__ssgsea_NES,HALLMARK_HEME_METABOLISM__ssgsea_NES,AL10,15,0.39642857142857135,0.1434945314423537,positive
COLLECTRI_BACH1_TF_ACTIVITY__ssgsea_NES,HALLMARK_HEME_METABOLISM__ssgsea_NES,AL11,15,0.3857142857142856,0.15563079458596027,positive
COLLECTRI_BACH1_TF_ACTIVITY__ssgsea_NES,HALLMARK_HEME_METABOLISM__ssgsea_NES,P0006,15,0.4107142857142856,0.12832864601574892,positive
COLLECTRI_BACH1_TF_ACTIVITY__ssgsea_NES,HALLMARK_HEME_METABOLISM__ssgsea_NES,P0008,15,0.39999999999999997,0.1395951293721447,positive
COLLECTRI_BACH1_TF_ACTIVITY__ssgsea_NES,HALLMARK_HEME_METABOLISM__ssgsea_NES,P0009,15,0.3428571428571428,0.2109237934147519,positive
COLLECTRI_BACH1_TF_ACTIVITY__ssgsea_NES,HALLMARK_HEME_METABOLISM__ssgsea_NES,P0018,15,0.3321428571428571,0.22647175907072442,positive
COLLECTRI_BACH1_TF_ACTIVITY__ssgsea_NES,HALLMARK_HEME_METABOLISM__ssgsea_NES,P0019,15,0.575,0.02493622794258255,positive
COLLECTRI_BACH1_TF_ACTIVITY__ssgsea_NES,HALLMARK_HEME_METABOLISM__ssgsea_NES,P0020,15,0.4035714285714285,0.13576799650365626,positive
COLLECTRI_BACH1_TF_ACTIVITY__ssgsea_NES,HALLMARK_HEME_METABOLISM__ssgsea_NES,P0025,15,0.2642857142857143,0.34117375799008204,positive
COLLECTRI_BACH1_TF_ACTIVITY__ssgsea_NES,HALLMARK_HEME_METABOLISM__ssgsea_NES,P0028,15,0.3428571428571428,0.2109237934147519,positive
COLLECTRI_BACH1_TF_ACTIVITY__ssgsea_NES,HALLMARK_HEME_METABOLISM__ssgsea_NES,P0030,15,0.33928571428571425,0.2160289253419548,positive
COLLECTRI_BACH1_TF_ACTIVITY__ssgsea_NES,HALLMARK_HEME_METABOLISM__ssgsea_NES,P0031,15,0.4035714285714285,0.13576799650365626,positive
COLLECTRI_BACH1_TF_ACTIVITY__ssgsea_NES,HALLMARK_HEME_METABOLISM__ssgsea_NES,P0034,15,0.3428571428571428,0.2109237934147519,positive
BACH1_detected_fraction,CURATED_NRF2_ANTIOXIDANT_RESPONSE__mean_z,AL02,15,0.24285714285714283,0.3831283418393415,positive
BACH1_detected_fraction,CURATED_NRF2_ANTIOXIDANT_RESPONSE__mean_z,AL06,15,0.32499999999999996,0.237225438237234,positive
BACH1_detected_fraction,CURATED_NRF2_ANTIOXIDANT_RESPONSE__mean_z,AL08,15,0.46071428571428563,0.08393338135031418,positive
BACH1_detected_fraction,CURATED_NRF2_ANTIOXIDANT_RESPONSE__mean_z,AL10,15,0.4357142857142856,0.10449335704406652,positive
BACH1_detected_fraction,CURATED_NRF2_ANTIOXIDANT_RESPONSE__mean_z,AL11,15,0.2964285714285714,0.2833554284342631,positive
BACH1_detected_fraction,CURATED_NRF2_ANTIOXIDANT_RESPONSE__mean_z,P0006,15,0.2785714285714285,0.3147094732307908,positive
BACH1_detected_fraction,CURATED_NRF2_ANTIOXIDANT_RESPONSE__mean_z,P0008,15,0.42857142857142855,0.11096021426087672,positive
BACH1_detected_fraction,CURATED_NRF2_ANTIOXIDANT_RESPONSE__mean_z,P0009,15,0.4071428571428571,0.1320126637798537,positive
BACH1_detected_fraction,CURATED_NRF2_ANTIOXIDANT_RESPONSE__mean_z,P0018,15,0.38214285714285706,0.15982362998696725,positive
BACH1_detected_fraction,CURATED_NRF2_ANTIOXIDANT_RESPONSE__mean_z,P0019,15,0.3857142857142856,0.15563079458596027,positive
BACH1_detected_fraction,CURATED_NRF2_ANTIOXIDANT_RESPONSE__mean_z,P0020,15,0.5,0.057698841268959994,positive
BACH1_detected_fraction,CURATED_NRF2_ANTIOXIDANT_RESPONSE__mean_z,P0025,15,0.34642857142857136,0.20589599209355114,positive
BACH1_detected_fraction,CURATED_NRF2_ANTIOXIDANT_RESPONSE__mean_z,P0028,15,0.33928571428571425,0.2160289253419548,positive
BACH1_detected_fraction,CURATED_NRF2_ANTIOXIDANT_RESPONSE__mean_z,P0030,15,0.39999999999999997,0.1395951293721447,positive
BACH1_detected_fraction,CURATED_NRF2_ANTIOXIDANT_RESPONSE__mean_z,P0031,15,0.39999999999999997,0.1395951293721447,positive
BACH1_detected_fraction,CURATED_NRF2_ANTIOXIDANT_RESPONSE__mean_z,P0034,15,0.38214285714285706,0.15982362998696725,positive
COLLECTRI_BACH1_TF_ACTIVITY__mean_z,HALLMARK_HEME_METABOLISM__ssgsea_NES,AL02,15,-0.36785714285714277,0.17734214689349137,negative
COLLECTRI_BACH1_TF_ACTIVITY__mean_z,HALLMARK_HEME_METABOLISM__ssgsea_NES,AL06,15,-0.42499999999999993,0.11429547548052225,negative
COLLECTRI_BACH1_TF_ACTIVITY__mean_z,HALLMARK_HEME_METABOLISM__ssgsea_NES,AL08,15,-0.36785714285714277,0.17734214689349137,negative
COLLECTRI_BACH1_TF_ACTIVITY__mean_z,HALLMARK_HEME_METABOLISM__ssgsea_NES,AL10,15,-0.4428571428571427,0.09829406554687141,negative
COLLECTRI_BACH1_TF_ACTIVITY__mean_z,HALLMARK_HEME_METABOLISM__ssgsea_NES,AL11,15,-0.457142857142857,0.08667812662416981,negative
COLLECTRI_BACH1_TF_ACTIVITY__mean_z,HALLMARK_HEME_METABOLISM__ssgsea_NES,P0006,15,-0.4464285714285714,0.09529321315352629,negative
COLLECTRI_BACH1_TF_ACTIVITY__mean_z,HALLMARK_HEME_METABOLISM__ssgsea_NES,P0008,15,-0.4142857142857142,0.1247154422365709,negative
COLLECTRI_BACH1_TF_ACTIVITY__mean_z,HALLMARK_HEME_METABOLISM__ssgsea_NES,P0009,15,-0.4464285714285714,0.09529321315352629,negative
COLLECTRI_BACH1_TF_ACTIVITY__mean_z,HALLMARK_HEME_METABOLISM__ssgsea_NES,P0018,15,-0.38928571428571423,0.151511936790394,negative
COLLECTRI_BACH1_TF_ACTIVITY__mean_z,HALLMARK_HEME_METABOLISM__ssgsea_NES,P0019,15,-0.24642857142857136,0.375950515973805,negative
COLLECTRI_BACH1_TF_ACTIVITY__mean_z,HALLMARK_HEME_METABOLISM__ssgsea_NES,P0020,15,-0.4142857142857142,0.1247154422365709,negative
COLLECTRI_BACH1_TF_ACTIVITY__mean_z,HALLMARK_HEME_METABOLISM__ssgsea_NES,P0025,15,-0.24642857142857136,0.375950515973805,negative
COLLECTRI_BACH1_TF_ACTIVITY__mean_z,HALLMARK_HEME_METABOLISM__ssgsea_NES,P0028,15,-0.35357142857142854,0.19607167843419873,negative
COLLECTRI_BACH1_TF_ACTIVITY__mean_z,HALLMARK_HEME_METABOLISM__ssgsea_NES,P0030,15,-0.2714285714285714,0.3277893068411728,negative
COLLECTRI_BACH1_TF_ACTIVITY__mean_z,HALLMARK_HEME_METABOLISM__ssgsea_NES,P0031,15,-0.3571428571428571,0.19127476343157906,negative
COLLECTRI_BACH1_TF_ACTIVITY__mean_z,HALLMARK_HEME_METABOLISM__ssgsea_NES,P0034,15,-0.35357142857142854,0.19607167843419873,negative
KLENJA2025_BACH1_INVERSE_ACTIVITY__mean_z,LITERATURE_LUNG_BACH1_EFFECTOR_ACTIVITY__mean_z,AL02,15,0.6714285714285713,0.00612776678882011,positive
KLENJA2025_BACH1_INVERSE_ACTIVITY__mean_z,LITERATURE_LUNG_BACH1_EFFECTOR_ACTIVITY__mean_z,AL06,15,0.3214285714285714,0.2427190468016684,positive
KLENJA2025_BACH1_INVERSE_ACTIVITY__mean_z,LITERATURE_LUNG_BACH1_EFFECTOR_ACTIVITY__mean_z,AL08,15,0.37499999999999994,0.1684327498467455,positive
KLENJA2025_BACH1_INVERSE_ACTIVITY__mean_z,LITERATURE_LUNG_BACH1_EFFECTOR_ACTIVITY__mean_z,AL10,15,0.3714285714285714,0.17284974708034007,positive
KLENJA2025_BACH1_INVERSE_ACTIVITY__mean_z,LITERATURE_LUNG_BACH1_EFFECTOR_ACTIVITY__mean_z,AL11,15,0.3178571428571428,0.24829056581701822,positive
KLENJA2025_BACH1_INVERSE_ACTIVITY__mean_z,LITERATURE_LUNG_BACH1_EFFECTOR_ACTIVITY__mean_z,P0006,15,0.32499999999999996,0.237225438237234,positive
KLENJA2025_BACH1_INVERSE_ACTIVITY__mean_z,LITERATURE_LUNG_BACH1_EFFECTOR_ACTIVITY__mean_z,P0008,15,0.3214285714285714,0.2427190468016684,positive
KLENJA2025_BACH1_INVERSE_ACTIVITY__mean_z,LITERATURE_LUNG_BACH1_EFFECTOR_ACTIVITY__mean_z,P0009,15,0.2964285714285714,0.2833554284342631,positive
KLENJA2025_BACH1_INVERSE_ACTIVITY__mean_z,LITERATURE_LUNG_BACH1_EFFECTOR_ACTIVITY__mean_z,P0018,15,0.37499999999999994,0.1684327498467455,positive
KLENJA2025_BACH1_INVERSE_ACTIVITY__mean_z,LITERATURE_LUNG_BACH1_EFFECTOR_ACTIVITY__mean_z,P0019,15,0.33571428571428563,0.22121153763932597,positive
KLENJA2025_BACH1_INVERSE_ACTIVITY__mean_z,LITERATURE_LUNG_BACH1_EFFECTOR_ACTIVITY__mean_z,P0020,15,0.4035714285714285,0.13576799650365626,positive
KLENJA2025_BACH1_INVERSE_ACTIVITY__mean_z,LITERATURE_LUNG_BACH1_EFFECTOR_ACTIVITY__mean_z,P0025,15,0.3285714285714285,0.23180969720615968,positive
KLENJA2025_BACH1_INVERSE_ACTIVITY__mean_z,LITERATURE_LUNG_BACH1_EFFECTOR_ACTIVITY__mean_z,P0028,15,0.37857142857142856,0.16409082655922078,positive
KLENJA2025_BACH1_INVERSE_ACTIVITY__mean_z,LITERATURE_LUNG_BACH1_EFFECTOR_ACTIVITY__mean_z,P0030,15,0.4392857142857142,0.10136057119347246,positive
KLENJA2025_BACH1_INVERSE_ACTIVITY__mean_z,LITERATURE_LUNG_BACH1_EFFECTOR_ACTIVITY__mean_z,P0031,15,0.36428571428571427,0.18191025904581398,positive
KLENJA2025_BACH1_INVERSE_ACTIVITY__mean_z,LITERATURE_LUNG_BACH1_EFFECTOR_ACTIVITY__mean_z,P0034,15,0.37857142857142856,0.16409082655922078,positive
KLENJA2025_BACH1_ACTIVITY_INVERTED__ssgsea_NES,HALLMARK_GLYCOLYSIS__ssgsea_NES,AL02,15,0.23928571428571427,0.3903793119202355,positive
KLENJA2025_BACH1_ACTIVITY_INVERTED__ssgsea_NES,HALLMARK_GLYCOLYSIS__ssgsea_NES,AL06,15,0.3285714285714285,0.23180969720615968,positive
KLENJA2025_BACH1_ACTIVITY_INVERTED__ssgsea_NES,HALLMARK_GLYCOLYSIS__ssgsea_NES,AL08,15,0.4142857142857142,0.1247154422365709,positive
KLENJA2025_BACH1_ACTIVITY_INVERTED__ssgsea_NES,HALLMARK_GLYCOLYSIS__ssgsea_NES,AL10,15,0.36785714285714277,0.17734214689349137,positive
KLENJA2025_BACH1_ACTIVITY_INVERTED__ssgsea_NES,HALLMARK_GLYCOLYSIS__ssgsea_NES,AL11,15,0.3428571428571428,0.2109237934147519,positive
KLENJA2025_BACH1_ACTIVITY_INVERTED__ssgsea_NES,HALLMARK_GLYCOLYSIS__ssgsea_NES,P0006,15,0.4535714285714285,0.0894859001430273,positive
KLENJA2025_BACH1_ACTIVITY_INVERTED__ssgsea_NES,HALLMARK_GLYCOLYSIS__ssgsea_NES,P0008,15,0.4535714285714285,0.0894859001430273,positive
KLENJA2025_BACH1_ACTIVITY_INVERTED__ssgsea_NES,HALLMARK_GLYCOLYSIS__ssgsea_NES,P0009,15,0.23928571428571427,0.3903793119202355,positive
KLENJA2025_BACH1_ACTIVITY_INVERTED__ssgsea_NES,HALLMARK_GLYCOLYSIS__ssgsea_NES,P0018,15,0.3214285714285714,0.2427190468016684,positive
KLENJA2025_BACH1_ACTIVITY_INVERTED__ssgsea_NES,HALLMARK_GLYCOLYSIS__ssgsea_NES,P0019,15,0.4392857142857142,0.10136057119347246,positive
KLENJA2025_BACH1_ACTIVITY_INVERTED__ssgsea_NES,HALLMARK_GLYCOLYSIS__ssgsea_NES,P0020,15,0.4035714285714285,0.13576799650365626,positive
KLENJA2025_BACH1_ACTIVITY_INVERTED__ssgsea_NES,HALLMARK_GLYCOLYSIS__ssgsea_NES,P0025,15,0.4035714285714285,0.13576799650365626,positive
KLENJA2025_BACH1_ACTIVITY_INVERTED__ssgsea_NES,HALLMARK_GLYCOLYSIS__ssgsea_NES,P0028,15,0.33571428571428563,0.22121153763932597,positive
KLENJA2025_BACH1_ACTIVITY_INVERTED__ssgsea_NES,HALLMARK_GLYCOLYSIS__ssgsea_NES,P0030,15,0.4071428571428571,0.1320126637798537,positive
KLENJA2025_BACH1_ACTIVITY_INVERTED__ssgsea_NES,HALLMARK_GLYCOLYSIS__ssgsea_NES,P0031,15,0.4392857142857142,0.10136057119347246,positive
KLENJA2025_BACH1_ACTIVITY_INVERTED__ssgsea_NES,HALLMARK_GLYCOLYSIS__ssgsea_NES,P0034,15,0.36785714285714277,0.17734214689349137,positive
COLLECTRI_BACH1_TF_ACTIVITY__mean_z,DOROTHEA_BACH1_ABC_TF_ACTIVITY__decoupler_mlm,AL02,15,0.35357142857142854,0.19607167843419873,positive
COLLECTRI_BACH1_TF_ACTIVITY__mean_z,DOROTHEA_BACH1_ABC_TF_ACTIVITY__decoupler_mlm,AL06,15,0.43214285714285705,0.10769303754639795,positive
COLLECTRI_BACH1_TF_ACTIVITY__mean_z,DOROTHEA_BACH1_ABC_TF_ACTIVITY__decoupler_mlm,AL08,15,0.46071428571428563,0.08393338135031418,positive
COLLECTRI_BACH1_TF_ACTIVITY__mean_z,DOROTHEA_BACH1_ABC_TF_ACTIVITY__decoupler_mlm,AL10,15,0.3321428571428571,0.22647175907072442,positive
COLLECTRI_BACH1_TF_ACTIVITY__mean_z,DOROTHEA_BACH1_ABC_TF_ACTIVITY__decoupler_mlm,AL11,15,0.28928571428571426,0.29566536100437774,positive
COLLECTRI_BACH1_TF_ACTIVITY__mean_z,DOROTHEA_BACH1_ABC_TF_ACTIVITY__decoupler_mlm,P0006,15,0.36428571428571427,0.18191025904581398,positive
COLLECTRI_BACH1_TF_ACTIVITY__mean_z,DOROTHEA_BACH1_ABC_TF_ACTIVITY__decoupler_mlm,P0008,15,0.4642857142857142,0.081250980755495,positive
COLLECTRI_BACH1_TF_ACTIVITY__mean_z,DOROTHEA_BACH1_ABC_TF_ACTIVITY__decoupler_mlm,P0009,15,0.4357142857142856,0.10449335704406652,positive
COLLECTRI_BACH1_TF_ACTIVITY__mean_z,DOROTHEA_BACH1_ABC_TF_ACTIVITY__decoupler_mlm,P0018,15,0.33571428571428563,0.22121153763932597,positive
COLLECTRI_BACH1_TF_ACTIVITY__mean_z,DOROTHEA_BACH1_ABC_TF_ACTIVITY__decoupler_mlm,P0019,15,0.4142857142857142,0.1247154422365709,positive
COLLECTRI_BACH1_TF_ACTIVITY__mean_z,DOROTHEA_BACH1_ABC_TF_ACTIVITY__decoupler_mlm,P0020,15,0.2642857142857143,0.34117375799008204,positive
COLLECTRI_BACH1_TF_ACTIVITY__mean_z,DOROTHEA_BACH1_ABC_TF_ACTIVITY__decoupler_mlm,P0025,15,0.28928571428571426,0.29566536100437774,positive
COLLECTRI_BACH1_TF_ACTIVITY__mean_z,DOROTHEA_BACH1_ABC_TF_ACTIVITY__decoupler_mlm,P0028,15,0.3857142857142856,0.15563079458596027,positive
COLLECTRI_BACH1_TF_ACTIVITY__mean_z,DOROTHEA_BACH1_ABC_TF_ACTIVITY__decoupler_mlm,P0030,15,0.28928571428571426,0.29566536100437774,positive
COLLECTRI_BACH1_TF_ACTIVITY__mean_z,DOROTHEA_BACH1_ABC_TF_ACTIVITY__decoupler_mlm,P0031,15,0.3607142857142856,0.1865543741541635,positive
COLLECTRI_BACH1_TF_ACTIVITY__mean_z,DOROTHEA_BACH1_ABC_TF_ACTIVITY__decoupler_mlm,P0034,15,0.3857142857142856,0.15563079458596027,positive
COLLECTRI_BACH1_TF_ACTIVITY__mean_z,DOROTHEA_BACH1_ABC_TF_ACTIVITY__decoupler_ulm,AL02,15,0.3571428571428571,0.19127476343157906,positive
COLLECTRI_BACH1_TF_ACTIVITY__mean_z,DOROTHEA_BACH1_ABC_TF_ACTIVITY__decoupler_ulm,AL06,15,0.43214285714285705,0.10769303754639795,positive
COLLECTRI_BACH1_TF_ACTIVITY__mean_z,DOROTHEA_BACH1_ABC_TF_ACTIVITY__decoupler_ulm,AL08,15,0.4357142857142856,0.10449335704406652,positive
COLLECTRI_BACH1_TF_ACTIVITY__mean_z,DOROTHEA_BACH1_ABC_TF_ACTIVITY__decoupler_ulm,AL10,15,0.3571428571428571,0.19127476343157906,positive
COLLECTRI_BACH1_TF_ACTIVITY__mean_z,DOROTHEA_BACH1_ABC_TF_ACTIVITY__decoupler_ulm,AL11,15,0.28571428571428564,0.3019363513225493,positive
COLLECTRI_BACH1_TF_ACTIVITY__mean_z,DOROTHEA_BACH1_ABC_TF_ACTIVITY__decoupler_ulm,P0006,15,0.36785714285714277,0.17734214689349137,positive
COLLECTRI_BACH1_TF_ACTIVITY__mean_z,DOROTHEA_BACH1_ABC_TF_ACTIVITY__decoupler_ulm,P0008,15,0.46071428571428563,0.08393338135031418,positive
COLLECTRI_BACH1_TF_ACTIVITY__mean_z,DOROTHEA_BACH1_ABC_TF_ACTIVITY__decoupler_ulm,P0009,15,0.46071428571428563,0.08393338135031418,positive
COLLECTRI_BACH1_TF_ACTIVITY__mean_z,DOROTHEA_BACH1_ABC_TF_ACTIVITY__decoupler_ulm,P0018,15,0.33928571428571425,0.2160289253419548,positive
COLLECTRI_BACH1_TF_ACTIVITY__mean_z,DOROTHEA_BACH1_ABC_TF_ACTIVITY__decoupler_ulm,P0019,15,0.4142857142857142,0.1247154422365709,positive
COLLECTRI_BACH1_TF_ACTIVITY__mean_z,DOROTHEA_BACH1_ABC_TF_ACTIVITY__decoupler_ulm,P0020,15,0.2642857142857143,0.34117375799008204,positive
COLLECTRI_BACH1_TF_ACTIVITY__mean_z,DOROTHEA_BACH1_ABC_TF_ACTIVITY__decoupler_ulm,P0025,15,0.2607142857142857,0.3479794598627935,positive
COLLECTRI_BACH1_TF_ACTIVITY__mean_z,DOROTHEA_BACH1_ABC_TF_ACTIVITY__decoupler_ulm,P0028,15,0.38928571428571423,0.151511936790394,positive
COLLECTRI_BACH1_TF_ACTIVITY__mean_z,DOROTHEA_BACH1_ABC_TF_ACTIVITY__decoupler_ulm,P0030,15,0.28571428571428564,0.3019363513225493,positive
COLLECTRI_BACH1_TF_ACTIVITY__mean_z,DOROTHEA_BACH1_ABC_TF_ACTIVITY__decoupler_ulm,P0031,15,0.3571428571428571,0.19127476343157906,positive
COLLECTRI_BACH1_TF_ACTIVITY__mean_z,DOROTHEA_BACH1_ABC_TF_ACTIVITY__decoupler_ulm,P0034,15,0.38928571428571423,0.151511936790394,positive
DOROTHEA_BACH1_ABC_TF_ACTIVITY__decoupler_mlm,COLLECTRI_BACH1_TF_ACTIVITY__mean_z,AL02,15,0.35357142857142854,0.19607167843419873,positive
DOROTHEA_BACH1_ABC_TF_ACTIVITY__decoupler_mlm,COLLECTRI_BACH1_TF_ACTIVITY__mean_z,AL06,15,0.43214285714285705,0.10769303754639795,positive
DOROTHEA_BACH1_ABC_TF_ACTIVITY__decoupler_mlm,COLLECTRI_BACH1_TF_ACTIVITY__mean_z,AL08,15,0.46071428571428563,0.08393338135031418,positive
DOROTHEA_BACH1_ABC_TF_ACTIVITY__decoupler_mlm,COLLECTRI_BACH1_TF_ACTIVITY__mean_z,AL10,15,0.3321428571428571,0.22647175907072442,positive
DOROTHEA_BACH1_ABC_TF_ACTIVITY__decoupler_mlm,COLLECTRI_BACH1_TF_ACTIVITY__mean_z,AL11,15,0.28928571428571426,0.29566536100437774,positive
DOROTHEA_BACH1_ABC_TF_ACTIVITY__decoupler_mlm,COLLECTRI_BACH1_TF_ACTIVITY__mean_z,P0006,15,0.36428571428571427,0.18191025904581398,positive
DOROTHEA_BACH1_ABC_TF_ACTIVITY__decoupler_mlm,COLLECTRI_BACH1_TF_ACTIVITY__mean_z,P0008,15,0.4642857142857142,0.081250980755495,positive
DOROTHEA_BACH1_ABC_TF_ACTIVITY__decoupler_mlm,COLLECTRI_BACH1_TF_ACTIVITY__mean_z,P0009,15,0.4357142857142856,0.10449335704406652,positive
DOROTHEA_BACH1_ABC_TF_ACTIVITY__decoupler_mlm,COLLECTRI_BACH1_TF_ACTIVITY__mean_z,P0018,15,0.33571428571428563,0.22121153763932597,positive
DOROTHEA_BACH1_ABC_TF_ACTIVITY__decoupler_mlm,COLLECTRI_BACH1_TF_ACTIVITY__mean_z,P0019,15,0.4142857142857142,0.1247154422365709,positive
DOROTHEA_BACH1_ABC_TF_ACTIVITY__decoupler_mlm,COLLECTRI_BACH1_TF_ACTIVITY__mean_z,P0020,15,0.2642857142857143,0.34117375799008204,positive
DOROTHEA_BACH1_ABC_TF_ACTIVITY__decoupler_mlm,COLLECTRI_BACH1_TF_ACTIVITY__mean_z,P0025,15,0.28928571428571426,0.29566536100437774,positive
DOROTHEA_BACH1_ABC_TF_ACTIVITY__decoupler_mlm,COLLECTRI_BACH1_TF_ACTIVITY__mean_z,P0028,15,0.3857142857142856,0.15563079458596027,positive
DOROTHEA_BACH1_ABC_TF_ACTIVITY__decoupler_mlm,COLLECTRI_BACH1_TF_ACTIVITY__mean_z,P0030,15,0.28928571428571426,0.29566536100437774,positive
DOROTHEA_BACH1_ABC_TF_ACTIVITY__decoupler_mlm,COLLECTRI_BACH1_TF_ACTIVITY__mean_z,P0031,15,0.3607142857142856,0.1865543741541635,positive
DOROTHEA_BACH1_ABC_TF_ACTIVITY__decoupler_mlm,COLLECTRI_BACH1_TF_ACTIVITY__mean_z,P0034,15,0.3857142857142856,0.15563079458596027,positive
DOROTHEA_BACH1_ABC_TF_ACTIVITY__decoupler_ulm,COLLECTRI_BACH1_TF_ACTIVITY__mean_z,AL02,15,0.3571428571428571,0.19127476343157906,positive
DOROTHEA_BACH1_ABC_TF_ACTIVITY__decoupler_ulm,COLLECTRI_BACH1_TF_ACTIVITY__mean_z,AL06,15,0.43214285714285705,0.10769303754639795,positive
DOROTHEA_BACH1_ABC_TF_ACTIVITY__decoupler_ulm,COLLECTRI_BACH1_TF_ACTIVITY__mean_z,AL08,15,0.4357142857142856,0.10449335704406652,positive
DOROTHEA_BACH1_ABC_TF_ACTIVITY__decoupler_ulm,COLLECTRI_BACH1_TF_ACTIVITY__mean_z,AL10,15,0.3571428571428571,0.19127476343157906,positive
DOROTHEA_BACH1_ABC_TF_ACTIVITY__decoupler_ulm,COLLECTRI_BACH1_TF_ACTIVITY__mean_z,AL11,15,0.28571428571428564,0.3019363513225493,positive
DOROTHEA_BACH1_ABC_TF_ACTIVITY__decoupler_ulm,COLLECTRI_BACH1_TF_ACTIVITY__mean_z,P0006,15,0.36785714285714277,0.17734214689349137,positive
DOROTHEA_BACH1_ABC_TF_ACTIVITY__decoupler_ulm,COLLECTRI_BACH1_TF_ACTIVITY__mean_z,P0008,15,0.46071428571428563,0.08393338135031418,positive
DOROTHEA_BACH1_ABC_TF_ACTIVITY__decoupler_ulm,COLLECTRI_BACH1_TF_ACTIVITY__mean_z,P0009,15,0.46071428571428563,0.08393338135031418,positive
DOROTHEA_BACH1_ABC_TF_ACTIVITY__decoupler_ulm,COLLECTRI_BACH1_TF_ACTIVITY__mean_z,P0018,15,0.33928571428571425,0.2160289253419548,positive
DOROTHEA_BACH1_ABC_TF_ACTIVITY__decoupler_ulm,COLLECTRI_BACH1_TF_ACTIVITY__mean_z,P0019,15,0.4142857142857142,0.1247154422365709,positive
DOROTHEA_BACH1_ABC_TF_ACTIVITY__decoupler_ulm,COLLECTRI_BACH1_TF_ACTIVITY__mean_z,P0020,15,0.2642857142857143,0.34117375799008204,positive
DOROTHEA_BACH1_ABC_TF_ACTIVITY__decoupler_ulm,COLLECTRI_BACH1_TF_ACTIVITY__mean_z,P0025,15,0.2607142857142857,0.3479794598627935,positive
DOROTHEA_BACH1_ABC_TF_ACTIVITY__decoupler_ulm,COLLECTRI_BACH1_TF_ACTIVITY__mean_z,P0028,15,0.38928571428571423,0.151511936790394,positive
DOROTHEA_BACH1_ABC_TF_ACTIVITY__decoupler_ulm,COLLECTRI_BACH1_TF_ACTIVITY__mean_z,P0030,15,0.28571428571428564,0.3019363513225493,positive
DOROTHEA_BACH1_ABC_TF_ACTIVITY__decoupler_ulm,COLLECTRI_BACH1_TF_ACTIVITY__mean_z,P0031,15,0.3571428571428571,0.19127476343157906,positive
DOROTHEA_BACH1_ABC_TF_ACTIVITY__decoupler_ulm,COLLECTRI_BACH1_TF_ACTIVITY__mean_z,P0034,15,0.38928571428571423,0.151511936790394,positive
KLENJA2025_BACH1_ACTIVITY_INVERTED__ssgsea_NES,LITERATURE_LUNG_BACH1_EFFECTOR_ACTIVITY__ssgsea_NES,AL02,15,0.4464285714285714,0.09529321315352629,positive
KLENJA2025_BACH1_ACTIVITY_INVERTED__ssgsea_NES,LITERATURE_LUNG_BACH1_EFFECTOR_ACTIVITY__ssgsea_NES,AL06,15,0.35357142857142854,0.19607167843419873,positive
KLENJA2025_BACH1_ACTIVITY_INVERTED__ssgsea_NES,LITERATURE_LUNG_BACH1_EFFECTOR_ACTIVITY__ssgsea_NES,AL08,15,0.4678571428571427,0.07863023115438064,positive
KLENJA2025_BACH1_ACTIVITY_INVERTED__ssgsea_NES,LITERATURE_LUNG_BACH1_EFFECTOR_ACTIVITY__ssgsea_NES,AL10,15,0.39999999999999997,0.1395951293721447,positive
KLENJA2025_BACH1_ACTIVITY_INVERTED__ssgsea_NES,LITERATURE_LUNG_BACH1_EFFECTOR_ACTIVITY__ssgsea_NES,AL11,15,0.35357142857142854,0.19607167843419873,positive
KLENJA2025_BACH1_ACTIVITY_INVERTED__ssgsea_NES,LITERATURE_LUNG_BACH1_EFFECTOR_ACTIVITY__ssgsea_NES,P0006,15,0.2714285714285714,0.3277893068411728,positive
KLENJA2025_BACH1_ACTIVITY_INVERTED__ssgsea_NES,LITERATURE_LUNG_BACH1_EFFECTOR_ACTIVITY__ssgsea_NES,P0008,15,0.2321428571428571,0.40509874069364893,positive
KLENJA2025_BACH1_ACTIVITY_INVERTED__ssgsea_NES,LITERATURE_LUNG_BACH1_EFFECTOR_ACTIVITY__ssgsea_NES,P0009,15,0.2964285714285714,0.2833554284342631,positive
KLENJA2025_BACH1_ACTIVITY_INVERTED__ssgsea_NES,LITERATURE_LUNG_BACH1_EFFECTOR_ACTIVITY__ssgsea_NES,P0018,15,0.33571428571428563,0.22121153763932597,positive
KLENJA2025_BACH1_ACTIVITY_INVERTED__ssgsea_NES,LITERATURE_LUNG_BACH1_EFFECTOR_ACTIVITY__ssgsea_NES,P0019,15,0.39642857142857135,0.1434945314423537,positive
KLENJA2025_BACH1_ACTIVITY_INVERTED__ssgsea_NES,LITERATURE_LUNG_BACH1_EFFECTOR_ACTIVITY__ssgsea_NES,P0020,15,0.38214285714285706,0.15982362998696725,positive
KLENJA2025_BACH1_ACTIVITY_INVERTED__ssgsea_NES,LITERATURE_LUNG_BACH1_EFFECTOR_ACTIVITY__ssgsea_NES,P0025,15,0.457142857142857,0.08667812662416981,positive
KLENJA2025_BACH1_ACTIVITY_INVERTED__ssgsea_NES,LITERATURE_LUNG_BACH1_EFFECTOR_ACTIVITY__ssgsea_NES,P0028,15,0.37499999999999994,0.1684327498467455,positive
KLENJA2025_BACH1_ACTIVITY_INVERTED__ssgsea_NES,LITERATURE_LUNG_BACH1_EFFECTOR_ACTIVITY__ssgsea_NES,P0030,15,0.32499999999999996,0.237225438237234,positive
KLENJA2025_BACH1_ACTIVITY_INVERTED__ssgsea_NES,LITERATURE_LUNG_BACH1_EFFECTOR_ACTIVITY__ssgsea_NES,P0031,15,0.38214285714285706,0.15982362998696725,positive
KLENJA2025_BACH1_ACTIVITY_INVERTED__ssgsea_NES,LITERATURE_LUNG_BACH1_EFFECTOR_ACTIVITY__ssgsea_NES,P0034,15,0.38214285714285706,0.15982362998696725,positive
BACH1_detected_fraction,CURATED_NRF2_ANTIOXIDANT_RESPONSE__ssgsea_NES,AL02,15,0.2285714285714285,0.41256617049636035,positive
BACH1_detected_fraction,CURATED_NRF2_ANTIOXIDANT_RESPONSE__ssgsea_NES,AL06,15,0.3107142857142856,0.2596673973372183,positive
BACH1_detected_fraction,CURATED_NRF2_ANTIOXIDANT_RESPONSE__ssgsea_NES,AL08,15,0.46071428571428563,0.08393338135031418,positive
BACH1_detected_fraction,CURATED_NRF2_ANTIOXIDANT_RESPONSE__ssgsea_NES,AL10,15,0.4107142857142856,0.12832864601574892,positive
BACH1_detected_fraction,CURATED_NRF2_ANTIOXIDANT_RESPONSE__ssgsea_NES,AL11,15,0.27499999999999997,0.3212111733193767,positive
BACH1_detected_fraction,CURATED_NRF2_ANTIOXIDANT_RESPONSE__ssgsea_NES,P0006,15,0.2964285714285714,0.2833554284342631,positive
BACH1_detected_fraction,CURATED_NRF2_ANTIOXIDANT_RESPONSE__ssgsea_NES,P0008,15,0.4107142857142856,0.12832864601574892,positive
BACH1_detected_fraction,CURATED_NRF2_ANTIOXIDANT_RESPONSE__ssgsea_NES,P0009,15,0.4107142857142856,0.12832864601574892,positive
BACH1_detected_fraction,CURATED_NRF2_ANTIOXIDANT_RESPONSE__ssgsea_NES,P0018,15,0.38928571428571423,0.151511936790394,positive
BACH1_detected_fraction,CURATED_NRF2_ANTIOXIDANT_RESPONSE__ssgsea_NES,P0019,15,0.36785714285714277,0.17734214689349137,positive
BACH1_detected_fraction,CURATED_NRF2_ANTIOXIDANT_RESPONSE__ssgsea_NES,P0020,15,0.4464285714285714,0.09529321315352629,positive
BACH1_detected_fraction,CURATED_NRF2_ANTIOXIDANT_RESPONSE__ssgsea_NES,P0025,15,0.3857142857142856,0.15563079458596027,positive
BACH1_detected_fraction,CURATED_NRF2_ANTIOXIDANT_RESPONSE__ssgsea_NES,P0028,15,0.3,0.27731678036838414,positive
BACH1_detected_fraction,CURATED_NRF2_ANTIOXIDANT_RESPONSE__ssgsea_NES,P0030,15,0.39999999999999997,0.1395951293721447,positive
BACH1_detected_fraction,CURATED_NRF2_ANTIOXIDANT_RESPONSE__ssgsea_NES,P0031,15,0.37857142857142856,0.16409082655922078,positive
BACH1_detected_fraction,CURATED_NRF2_ANTIOXIDANT_RESPONSE__ssgsea_NES,P0034,15,0.34642857142857136,0.20589599209355114,positive
COLLECTRI_BACH1_TF_ACTIVITY__decoupler_ulm,DOROTHEA_BACH1_ABC_TF_ACTIVITY__decoupler_ulm,AL02,15,0.457142857142857,0.08667812662416981,positive
COLLECTRI_BACH1_TF_ACTIVITY__decoupler_ulm,DOROTHEA_BACH1_ABC_TF_ACTIVITY__decoupler_ulm,AL06,15,0.42142857142857143,0.11769939585541633,positive
COLLECTRI_BACH1_TF_ACTIVITY__decoupler_ulm,DOROTHEA_BACH1_ABC_TF_ACTIVITY__decoupler_ulm,AL08,15,0.457142857142857,0.08667812662416981,positive
COLLECTRI_BACH1_TF_ACTIVITY__decoupler_ulm,DOROTHEA_BACH1_ABC_TF_ACTIVITY__decoupler_ulm,AL10,15,0.42142857142857143,0.11769939585541633,positive
COLLECTRI_BACH1_TF_ACTIVITY__decoupler_ulm,DOROTHEA_BACH1_ABC_TF_ACTIVITY__decoupler_ulm,AL11,15,0.30357142857142855,0.27135583600386837,positive
COLLECTRI_BACH1_TF_ACTIVITY__decoupler_ulm,DOROTHEA_BACH1_ABC_TF_ACTIVITY__decoupler_ulm,P0006,15,0.36785714285714277,0.17734214689349137,positive
COLLECTRI_BACH1_TF_ACTIVITY__decoupler_ulm,DOROTHEA_BACH1_ABC_TF_ACTIVITY__decoupler_ulm,P0008,15,0.42142857142857143,0.11769939585541633,positive
COLLECTRI_BACH1_TF_ACTIVITY__decoupler_ulm,DOROTHEA_BACH1_ABC_TF_ACTIVITY__decoupler_ulm,P0009,15,0.38214285714285706,0.15982362998696725,positive
COLLECTRI_BACH1_TF_ACTIVITY__decoupler_ulm,DOROTHEA_BACH1_ABC_TF_ACTIVITY__decoupler_ulm,P0018,15,0.2571428571428571,0.3548603636506091,positive
COLLECTRI_BACH1_TF_ACTIVITY__decoupler_ulm,DOROTHEA_BACH1_ABC_TF_ACTIVITY__decoupler_ulm,P0019,15,0.41785714285714276,0.12117253602187847,positive
COLLECTRI_BACH1_TF_ACTIVITY__decoupler_ulm,DOROTHEA_BACH1_ABC_TF_ACTIVITY__decoupler_ulm,P0020,15,0.2571428571428571,0.3548603636506091,positive
COLLECTRI_BACH1_TF_ACTIVITY__decoupler_ulm,DOROTHEA_BACH1_ABC_TF_ACTIVITY__decoupler_ulm,P0025,15,0.3,0.27731678036838414,positive
COLLECTRI_BACH1_TF_ACTIVITY__decoupler_ulm,DOROTHEA_BACH1_ABC_TF_ACTIVITY__decoupler_ulm,P0028,15,0.34642857142857136,0.20589599209355114,positive
COLLECTRI_BACH1_TF_ACTIVITY__decoupler_ulm,DOROTHEA_BACH1_ABC_TF_ACTIVITY__decoupler_ulm,P0030,15,0.3142857142857143,0.2539400163236716,positive
COLLECTRI_BACH1_TF_ACTIVITY__decoupler_ulm,DOROTHEA_BACH1_ABC_TF_ACTIVITY__decoupler_ulm,P0031,15,0.37857142857142856,0.16409082655922078,positive
COLLECTRI_BACH1_TF_ACTIVITY__decoupler_ulm,DOROTHEA_BACH1_ABC_TF_ACTIVITY__decoupler_ulm,P0034,15,0.3107142857142856,0.2596673973372183,positive
DOROTHEA_BACH1_ABC_TF_ACTIVITY__decoupler_ulm,COLLECTRI_BACH1_TF_ACTIVITY__decoupler_ulm,AL02,15,0.457142857142857,0.08667812662416981,positive
DOROTHEA_BACH1_ABC_TF_ACTIVITY__decoupler_ulm,COLLECTRI_BACH1_TF_ACTIVITY__decoupler_ulm,AL06,15,0.42142857142857143,0.11769939585541633,positive
DOROTHEA_BACH1_ABC_TF_ACTIVITY__decoupler_ulm,COLLECTRI_BACH1_TF_ACTIVITY__decoupler_ulm,AL08,15,0.457142857142857,0.08667812662416981,positive
DOROTHEA_BACH1_ABC_TF_ACTIVITY__decoupler_ulm,COLLECTRI_BACH1_TF_ACTIVITY__decoupler_ulm,AL10,15,0.42142857142857143,0.11769939585541633,positive
DOROTHEA_BACH1_ABC_TF_ACTIVITY__decoupler_ulm,COLLECTRI_BACH1_TF_ACTIVITY__decoupler_ulm,AL11,15,0.30357142857142855,0.27135583600386837,positive
DOROTHEA_BACH1_ABC_TF_ACTIVITY__decoupler_ulm,COLLECTRI_BACH1_TF_ACTIVITY__decoupler_ulm,P0006,15,0.36785714285714277,0.17734214689349137,positive
DOROTHEA_BACH1_ABC_TF_ACTIVITY__decoupler_ulm,COLLECTRI_BACH1_TF_ACTIVITY__decoupler_ulm,P0008,15,0.42142857142857143,0.11769939585541633,positive
DOROTHEA_BACH1_ABC_TF_ACTIVITY__decoupler_ulm,COLLECTRI_BACH1_TF_ACTIVITY__decoupler_ulm,P0009,15,0.38214285714285706,0.15982362998696725,positive
DOROTHEA_BACH1_ABC_TF_ACTIVITY__decoupler_ulm,COLLECTRI_BACH1_TF_ACTIVITY__decoupler_ulm,P0018,15,0.2571428571428571,0.3548603636506091,positive
DOROTHEA_BACH1_ABC_TF_ACTIVITY__decoupler_ulm,COLLECTRI_BACH1_TF_ACTIVITY__decoupler_ulm,P0019,15,0.41785714285714276,0.12117253602187847,positive
DOROTHEA_BACH1_ABC_TF_ACTIVITY__decoupler_ulm,COLLECTRI_BACH1_TF_ACTIVITY__decoupler_ulm,P0020,15,0.2571428571428571,0.3548603636506091,positive
DOROTHEA_BACH1_ABC_TF_ACTIVITY__decoupler_ulm,COLLECTRI_BACH1_TF_ACTIVITY__decoupler_ulm,P0025,15,0.3,0.27731678036838414,positive
DOROTHEA_BACH1_ABC_TF_ACTIVITY__decoupler_ulm,COLLECTRI_BACH1_TF_ACTIVITY__decoupler_ulm,P0028,15,0.34642857142857136,0.20589599209355114,positive
DOROTHEA_BACH1_ABC_TF_ACTIVITY__decoupler_ulm,COLLECTRI_BACH1_TF_ACTIVITY__decoupler_ulm,P0030,15,0.3142857142857143,0.2539400163236716,positive
DOROTHEA_BACH1_ABC_TF_ACTIVITY__decoupler_ulm,COLLECTRI_BACH1_TF_ACTIVITY__decoupler_ulm,P0031,15,0.37857142857142856,0.16409082655922078,positive
DOROTHEA_BACH1_ABC_TF_ACTIVITY__decoupler_ulm,COLLECTRI_BACH1_TF_ACTIVITY__decoupler_ulm,P0034,15,0.3107142857142856,0.2596673973372183,positive
DOROTHEA_BACH1_ABC_TF_ACTIVITY__decoupler_ulm,HALLMARK_HEME_METABOLISM__mean_z,AL02,15,0.3607142857142856,0.1865543741541635,positive
DOROTHEA_BACH1_ABC_TF_ACTIVITY__decoupler_ulm,HALLMARK_HEME_METABOLISM__mean_z,AL06,15,0.27499999999999997,0.3212111733193767,positive
DOROTHEA_BACH1_ABC_TF_ACTIVITY__decoupler_ulm,HALLMARK_HEME_METABOLISM__mean_z,AL08,15,0.36785714285714277,0.17734214689349137,positive
DOROTHEA_BACH1_ABC_TF_ACTIVITY__decoupler_ulm,HALLMARK_HEME_METABOLISM__mean_z,AL10,15,0.4142857142857142,0.1247154422365709,positive
DOROTHEA_BACH1_ABC_TF_ACTIVITY__decoupler_ulm,HALLMARK_HEME_METABOLISM__mean_z,AL11,15,0.5821428571428571,0.022793687126414285,positive
DOROTHEA_BACH1_ABC_TF_ACTIVITY__decoupler_ulm,HALLMARK_HEME_METABOLISM__mean_z,P0006,15,0.3714285714285714,0.17284974708034007,positive
DOROTHEA_BACH1_ABC_TF_ACTIVITY__decoupler_ulm,HALLMARK_HEME_METABOLISM__mean_z,P0008,15,0.3285714285714285,0.23180969720615968,positive
DOROTHEA_BACH1_ABC_TF_ACTIVITY__decoupler_ulm,HALLMARK_HEME_METABOLISM__mean_z,P0009,15,0.3285714285714285,0.23180969720615968,positive
DOROTHEA_BACH1_ABC_TF_ACTIVITY__decoupler_ulm,HALLMARK_HEME_METABOLISM__mean_z,P0018,15,0.4035714285714285,0.13576799650365626,positive
DOROTHEA_BACH1_ABC_TF_ACTIVITY__decoupler_ulm,HALLMARK_HEME_METABOLISM__mean_z,P0019,15,0.3714285714285714,0.17284974708034007,positive
DOROTHEA_BACH1_ABC_TF_ACTIVITY__decoupler_ulm,HALLMARK_HEME_METABOLISM__mean_z,P0020,15,0.35,0.20094535081629333,positive
DOROTHEA_BACH1_ABC_TF_ACTIVITY__decoupler_ulm,HALLMARK_HEME_METABOLISM__mean_z,P0025,15,0.2607142857142857,0.3479794598627935,positive
DOROTHEA_BACH1_ABC_TF_ACTIVITY__decoupler_ulm,HALLMARK_HEME_METABOLISM__mean_z,P0028,15,0.33571428571428563,0.22121153763932597,positive
DOROTHEA_BACH1_ABC_TF_ACTIVITY__decoupler_ulm,HALLMARK_HEME_METABOLISM__mean_z,P0030,15,0.3178571428571428,0.24829056581701822,positive
DOROTHEA_BACH1_ABC_TF_ACTIVITY__decoupler_ulm,HALLMARK_HEME_METABOLISM__mean_z,P0031,15,0.34642857142857136,0.20589599209355114,positive
DOROTHEA_BACH1_ABC_TF_ACTIVITY__decoupler_ulm,HALLMARK_HEME_METABOLISM__mean_z,P0034,15,0.39642857142857135,0.1434945314423537,positive
KLENJA2025_BACH1_ACTIVITY_INVERTED__ssgsea_NES,HALLMARK_HYPOXIA__ssgsea_NES,AL02,15,0.35357142857142854,0.19607167843419873,positive
KLENJA2025_BACH1_ACTIVITY_INVERTED__ssgsea_NES,HALLMARK_HYPOXIA__ssgsea_NES,AL06,15,0.38928571428571423,0.151511936790394,positive
KLENJA2025_BACH1_ACTIVITY_INVERTED__ssgsea_NES,HALLMARK_HYPOXIA__ssgsea_NES,AL08,15,0.4428571428571427,0.09829406554687141,positive
KLENJA2025_BACH1_ACTIVITY_INVERTED__ssgsea_NES,HALLMARK_HYPOXIA__ssgsea_NES,AL10,15,0.36785714285714277,0.17734214689349137,positive
KLENJA2025_BACH1_ACTIVITY_INVERTED__ssgsea_NES,HALLMARK_HYPOXIA__ssgsea_NES,AL11,15,0.3107142857142856,0.2596673973372183,positive
KLENJA2025_BACH1_ACTIVITY_INVERTED__ssgsea_NES,HALLMARK_HYPOXIA__ssgsea_NES,P0006,15,0.36428571428571427,0.18191025904581398,positive
KLENJA2025_BACH1_ACTIVITY_INVERTED__ssgsea_NES,HALLMARK_HYPOXIA__ssgsea_NES,P0008,15,0.36428571428571427,0.18191025904581398,positive
KLENJA2025_BACH1_ACTIVITY_INVERTED__ssgsea_NES,HALLMARK_HYPOXIA__ssgsea_NES,P0009,15,0.27499999999999997,0.3212111733193767,positive
KLENJA2025_BACH1_ACTIVITY_INVERTED__ssgsea_NES,HALLMARK_HYPOXIA__ssgsea_NES,P0018,15,0.3214285714285714,0.2427190468016684,positive
KLENJA2025_BACH1_ACTIVITY_INVERTED__ssgsea_NES,HALLMARK_HYPOXIA__ssgsea_NES,P0019,15,0.30357142857142855,0.27135583600386837,positive
KLENJA2025_BACH1_ACTIVITY_INVERTED__ssgsea_NES,HALLMARK_HYPOXIA__ssgsea_NES,P0020,15,0.4035714285714285,0.13576799650365626,positive
KLENJA2025_BACH1_ACTIVITY_INVERTED__ssgsea_NES,HALLMARK_HYPOXIA__ssgsea_NES,P0025,15,0.2678571428571428,0.33444360051235367,positive
KLENJA2025_BACH1_ACTIVITY_INVERTED__ssgsea_NES,HALLMARK_HYPOXIA__ssgsea_NES,P0028,15,0.4107142857142856,0.12832864601574892,positive
KLENJA2025_BACH1_ACTIVITY_INVERTED__ssgsea_NES,HALLMARK_HYPOXIA__ssgsea_NES,P0030,15,0.36785714285714277,0.17734214689349137,positive
KLENJA2025_BACH1_ACTIVITY_INVERTED__ssgsea_NES,HALLMARK_HYPOXIA__ssgsea_NES,P0031,15,0.46071428571428563,0.08393338135031418,positive
KLENJA2025_BACH1_ACTIVITY_INVERTED__ssgsea_NES,HALLMARK_HYPOXIA__ssgsea_NES,P0034,15,0.35,0.20094535081629333,positive
COLLECTRI_BACH1_TF_ACTIVITY__mean_z,KLENJA2025_BACH1_ACTIVITY_INVERTED__ssgsea_NES,AL02,15,0.47142857142857136,0.07607042915033117,positive
COLLECTRI_BACH1_TF_ACTIVITY__mean_z,KLENJA2025_BACH1_ACTIVITY_INVERTED__ssgsea_NES,AL06,15,0.3285714285714285,0.23180969720615968,positive
COLLECTRI_BACH1_TF_ACTIVITY__mean_z,KLENJA2025_BACH1_ACTIVITY_INVERTED__ssgsea_NES,AL08,15,0.3428571428571428,0.2109237934147519,positive
COLLECTRI_BACH1_TF_ACTIVITY__mean_z,KLENJA2025_BACH1_ACTIVITY_INVERTED__ssgsea_NES,AL10,15,0.36785714285714277,0.17734214689349137,positive
COLLECTRI_BACH1_TF_ACTIVITY__mean_z,KLENJA2025_BACH1_ACTIVITY_INVERTED__ssgsea_NES,AL11,15,0.3107142857142856,0.2596673973372183,positive
COLLECTRI_BACH1_TF_ACTIVITY__mean_z,KLENJA2025_BACH1_ACTIVITY_INVERTED__ssgsea_NES,P0006,15,0.2928571428571428,0.28947166721240103,positive
COLLECTRI_BACH1_TF_ACTIVITY__mean_z,KLENJA2025_BACH1_ACTIVITY_INVERTED__ssgsea_NES,P0008,15,0.24642857142857136,0.375950515973805,positive
COLLECTRI_BACH1_TF_ACTIVITY__mean_z,KLENJA2025_BACH1_ACTIVITY_INVERTED__ssgsea_NES,P0009,15,0.557142857142857,0.030961086755812144,positive
COLLECTRI_BACH1_TF_ACTIVITY__mean_z,KLENJA2025_BACH1_ACTIVITY_INVERTED__ssgsea_NES,P0018,15,0.3,0.27731678036838414,positive
COLLECTRI_BACH1_TF_ACTIVITY__mean_z,KLENJA2025_BACH1_ACTIVITY_INVERTED__ssgsea_NES,P0019,15,0.3178571428571428,0.24829056581701822,positive
COLLECTRI_BACH1_TF_ACTIVITY__mean_z,KLENJA2025_BACH1_ACTIVITY_INVERTED__ssgsea_NES,P0020,15,0.39999999999999997,0.1395951293721447,positive
COLLECTRI_BACH1_TF_ACTIVITY__mean_z,KLENJA2025_BACH1_ACTIVITY_INVERTED__ssgsea_NES,P0025,15,0.3071428571428571,0.2654726857102781,positive
COLLECTRI_BACH1_TF_ACTIVITY__mean_z,KLENJA2025_BACH1_ACTIVITY_INVERTED__ssgsea_NES,P0028,15,0.34642857142857136,0.20589599209355114,positive
COLLECTRI_BACH1_TF_ACTIVITY__mean_z,KLENJA2025_BACH1_ACTIVITY_INVERTED__ssgsea_NES,P0030,15,0.38928571428571423,0.151511936790394,positive
COLLECTRI_BACH1_TF_ACTIVITY__mean_z,KLENJA2025_BACH1_ACTIVITY_INVERTED__ssgsea_NES,P0031,15,0.33928571428571425,0.2160289253419548,positive
COLLECTRI_BACH1_TF_ACTIVITY__mean_z,KLENJA2025_BACH1_ACTIVITY_INVERTED__ssgsea_NES,P0034,15,0.36785714285714277,0.17734214689349137,positive
KLENJA2025_BACH1_ACTIVITY_INVERTED__ssgsea_NES,COLLECTRI_BACH1_TF_ACTIVITY__mean_z,AL02,15,0.47142857142857136,0.07607042915033117,positive
KLENJA2025_BACH1_ACTIVITY_INVERTED__ssgsea_NES,COLLECTRI_BACH1_TF_ACTIVITY__mean_z,AL06,15,0.3285714285714285,0.23180969720615968,positive
KLENJA2025_BACH1_ACTIVITY_INVERTED__ssgsea_NES,COLLECTRI_BACH1_TF_ACTIVITY__mean_z,AL08,15,0.3428571428571428,0.2109237934147519,positive
KLENJA2025_BACH1_ACTIVITY_INVERTED__ssgsea_NES,COLLECTRI_BACH1_TF_ACTIVITY__mean_z,AL10,15,0.36785714285714277,0.17734214689349137,positive
KLENJA2025_BACH1_ACTIVITY_INVERTED__ssgsea_NES,COLLECTRI_BACH1_TF_ACTIVITY__mean_z,AL11,15,0.3107142857142856,0.2596673973372183,positive
KLENJA2025_BACH1_ACTIVITY_INVERTED__ssgsea_NES,COLLECTRI_BACH1_TF_ACTIVITY__mean_z,P0006,15,0.2928571428571428,0.28947166721240103,positive
KLENJA2025_BACH1_ACTIVITY_INVERTED__ssgsea_NES,COLLECTRI_BACH1_TF_ACTIVITY__mean_z,P0008,15,0.24642857142857136,0.375950515973805,positive
KLENJA2025_BACH1_ACTIVITY_INVERTED__ssgsea_NES,COLLECTRI_BACH1_TF_ACTIVITY__mean_z,P0009,15,0.557142857142857,0.030961086755812144,positive
KLENJA2025_BACH1_ACTIVITY_INVERTED__ssgsea_NES,COLLECTRI_BACH1_TF_ACTIVITY__mean_z,P0018,15,0.3,0.27731678036838414,positive
KLENJA2025_BACH1_ACTIVITY_INVERTED__ssgsea_NES,COLLECTRI_BACH1_TF_ACTIVITY__mean_z,P0019,15,0.3178571428571428,0.24829056581701822,positive
KLENJA2025_BACH1_ACTIVITY_INVERTED__ssgsea_NES,COLLECTRI_BACH1_TF_ACTIVITY__mean_z,P0020,15,0.39999999999999997,0.1395951293721447,positive
KLENJA2025_BACH1_ACTIVITY_INVERTED__ssgsea_NES,COLLECTRI_BACH1_TF_ACTIVITY__mean_z,P0025,15,0.3071428571428571,0.2654726857102781,positive
KLENJA2025_BACH1_ACTIVITY_INVERTED__ssgsea_NES,COLLECTRI_BACH1_TF_ACTIVITY__mean_z,P0028,15,0.34642857142857136,0.20589599209355114,positive
KLENJA2025_BACH1_ACTIVITY_INVERTED__ssgsea_NES,COLLECTRI_BACH1_TF_ACTIVITY__mean_z,P0030,15,0.38928571428571423,0.151511936790394,positive
KLENJA2025_BACH1_ACTIVITY_INVERTED__ssgsea_NES,COLLECTRI_BACH1_TF_ACTIVITY__mean_z,P0031,15,0.33928571428571425,0.2160289253419548,positive
KLENJA2025_BACH1_ACTIVITY_INVERTED__ssgsea_NES,COLLECTRI_BACH1_TF_ACTIVITY__mean_z,P0034,15,0.36785714285714277,0.17734214689349137,positive
KLENJA2025_BACH1_ACTIVITY_INVERTED__ssgsea_NES,HALLMARK_REACTIVE_OXYGEN_SPECIES_PATHWAY__mean_z,AL02,15,0.2178571428571428,0.43539267351553756,positive
KLENJA2025_BACH1_ACTIVITY_INVERTED__ssgsea_NES,HALLMARK_REACTIVE_OXYGEN_SPECIES_PATHWAY__mean_z,AL06,15,0.3714285714285714,0.17284974708034007,positive
KLENJA2025_BACH1_ACTIVITY_INVERTED__ssgsea_NES,HALLMARK_REACTIVE_OXYGEN_SPECIES_PATHWAY__mean_z,AL08,15,0.33928571428571425,0.2160289253419548,positive
KLENJA2025_BACH1_ACTIVITY_INVERTED__ssgsea_NES,HALLMARK_REACTIVE_OXYGEN_SPECIES_PATHWAY__mean_z,AL10,15,0.37499999999999994,0.1684327498467455,positive
KLENJA2025_BACH1_ACTIVITY_INVERTED__ssgsea_NES,HALLMARK_REACTIVE_OXYGEN_SPECIES_PATHWAY__mean_z,AL11,15,0.42499999999999993,0.11429547548052225,positive
KLENJA2025_BACH1_ACTIVITY_INVERTED__ssgsea_NES,HALLMARK_REACTIVE_OXYGEN_SPECIES_PATHWAY__mean_z,P0006,15,0.457142857142857,0.08667812662416981,positive
KLENJA2025_BACH1_ACTIVITY_INVERTED__ssgsea_NES,HALLMARK_REACTIVE_OXYGEN_SPECIES_PATHWAY__mean_z,P0008,15,0.5392857142857141,0.03802165626355804,positive
KLENJA2025_BACH1_ACTIVITY_INVERTED__ssgsea_NES,HALLMARK_REACTIVE_OXYGEN_SPECIES_PATHWAY__mean_z,P0009,15,0.2178571428571428,0.43539267351553756,positive
KLENJA2025_BACH1_ACTIVITY_INVERTED__ssgsea_NES,HALLMARK_REACTIVE_OXYGEN_SPECIES_PATHWAY__mean_z,P0018,15,0.4035714285714285,0.13576799650365626,positive
KLENJA2025_BACH1_ACTIVITY_INVERTED__ssgsea_NES,HALLMARK_REACTIVE_OXYGEN_SPECIES_PATHWAY__mean_z,P0019,15,0.2964285714285714,0.2833554284342631,positive
KLENJA2025_BACH1_ACTIVITY_INVERTED__ssgsea_NES,HALLMARK_REACTIVE_OXYGEN_SPECIES_PATHWAY__mean_z,P0020,15,0.3607142857142856,0.1865543741541635,positive
KLENJA2025_BACH1_ACTIVITY_INVERTED__ssgsea_NES,HALLMARK_REACTIVE_OXYGEN_SPECIES_PATHWAY__mean_z,P0025,15,0.2642857142857143,0.34117375799008204,positive
KLENJA2025_BACH1_ACTIVITY_INVERTED__ssgsea_NES,HALLMARK_REACTIVE_OXYGEN_SPECIES_PATHWAY__mean_z,P0028,15,0.3571428571428571,0.19127476343157906,positive
KLENJA2025_BACH1_ACTIVITY_INVERTED__ssgsea_NES,HALLMARK_REACTIVE_OXYGEN_SPECIES_PATHWAY__mean_z,P0030,15,0.3714285714285714,0.17284974708034007,positive
KLENJA2025_BACH1_ACTIVITY_INVERTED__ssgsea_NES,HALLMARK_REACTIVE_OXYGEN_SPECIES_PATHWAY__mean_z,P0031,15,0.2642857142857143,0.34117375799008204,positive
KLENJA2025_BACH1_ACTIVITY_INVERTED__ssgsea_NES,HALLMARK_REACTIVE_OXYGEN_SPECIES_PATHWAY__mean_z,P0034,15,0.3607142857142856,0.1865543741541635,positive
DOROTHEA_BACH1_ABC_TF_ACTIVITY__mean_z,HALLMARK_HYPOXIA__ssgsea_NES,AL02,15,0.42142857142857143,0.11769939585541633,positive
DOROTHEA_BACH1_ABC_TF_ACTIVITY__mean_z,HALLMARK_HYPOXIA__ssgsea_NES,AL06,15,0.28571428571428564,0.3019363513225493,positive
DOROTHEA_BACH1_ABC_TF_ACTIVITY__mean_z,HALLMARK_HYPOXIA__ssgsea_NES,AL08,15,0.35,0.20094535081629333,positive
DOROTHEA_BACH1_ABC_TF_ACTIVITY__mean_z,HALLMARK_HYPOXIA__ssgsea_NES,AL10,15,0.3107142857142856,0.2596673973372183,positive
DOROTHEA_BACH1_ABC_TF_ACTIVITY__mean_z,HALLMARK_HYPOXIA__ssgsea_NES,AL11,15,0.5214285714285714,0.04621923447857305,positive
DOROTHEA_BACH1_ABC_TF_ACTIVITY__mean_z,HALLMARK_HYPOXIA__ssgsea_NES,P0006,15,0.3428571428571428,0.2109237934147519,positive
DOROTHEA_BACH1_ABC_TF_ACTIVITY__mean_z,HALLMARK_HYPOXIA__ssgsea_NES,P0008,15,0.3714285714285714,0.17284974708034007,positive
DOROTHEA_BACH1_ABC_TF_ACTIVITY__mean_z,HALLMARK_HYPOXIA__ssgsea_NES,P0009,15,0.2678571428571428,0.33444360051235367,positive
DOROTHEA_BACH1_ABC_TF_ACTIVITY__mean_z,HALLMARK_HYPOXIA__ssgsea_NES,P0018,15,0.33928571428571425,0.2160289253419548,positive
DOROTHEA_BACH1_ABC_TF_ACTIVITY__mean_z,HALLMARK_HYPOXIA__ssgsea_NES,P0019,15,0.30357142857142855,0.27135583600386837,positive
DOROTHEA_BACH1_ABC_TF_ACTIVITY__mean_z,HALLMARK_HYPOXIA__ssgsea_NES,P0020,15,0.25357142857142856,0.3618161038158894,positive
DOROTHEA_BACH1_ABC_TF_ACTIVITY__mean_z,HALLMARK_HYPOXIA__ssgsea_NES,P0025,15,0.2571428571428571,0.3548603636506091,positive
DOROTHEA_BACH1_ABC_TF_ACTIVITY__mean_z,HALLMARK_HYPOXIA__ssgsea_NES,P0028,15,0.38214285714285706,0.15982362998696725,positive
DOROTHEA_BACH1_ABC_TF_ACTIVITY__mean_z,HALLMARK_HYPOXIA__ssgsea_NES,P0030,15,0.3714285714285714,0.17284974708034007,positive
DOROTHEA_BACH1_ABC_TF_ACTIVITY__mean_z,HALLMARK_HYPOXIA__ssgsea_NES,P0031,15,0.3857142857142856,0.15563079458596027,positive
DOROTHEA_BACH1_ABC_TF_ACTIVITY__mean_z,HALLMARK_HYPOXIA__ssgsea_NES,P0034,15,0.36785714285714277,0.17734214689349137,positive
COLLECTRI_BACH1_TF_ACTIVITY__mean_z,LITERATURE_LUNG_BACH1_EFFECTOR_ACTIVITY__ssgsea_NES,AL02,15,0.3107142857142856,0.2596673973372183,positive
COLLECTRI_BACH1_TF_ACTIVITY__mean_z,LITERATURE_LUNG_BACH1_EFFECTOR_ACTIVITY__ssgsea_NES,AL06,15,0.33571428571428563,0.22121153763932597,positive
COLLECTRI_BACH1_TF_ACTIVITY__mean_z,LITERATURE_LUNG_BACH1_EFFECTOR_ACTIVITY__ssgsea_NES,AL08,15,0.3857142857142856,0.15563079458596027,positive
COLLECTRI_BACH1_TF_ACTIVITY__mean_z,LITERATURE_LUNG_BACH1_EFFECTOR_ACTIVITY__ssgsea_NES,AL10,15,0.3714285714285714,0.17284974708034007,positive
COLLECTRI_BACH1_TF_ACTIVITY__mean_z,LITERATURE_LUNG_BACH1_EFFECTOR_ACTIVITY__ssgsea_NES,AL11,15,0.2678571428571428,0.33444360051235367,positive
COLLECTRI_BACH1_TF_ACTIVITY__mean_z,LITERATURE_LUNG_BACH1_EFFECTOR_ACTIVITY__ssgsea_NES,P0006,15,0.27499999999999997,0.3212111733193767,positive
COLLECTRI_BACH1_TF_ACTIVITY__mean_z,LITERATURE_LUNG_BACH1_EFFECTOR_ACTIVITY__ssgsea_NES,P0008,15,0.2071428571428571,0.45884280496347013,positive
COLLECTRI_BACH1_TF_ACTIVITY__mean_z,LITERATURE_LUNG_BACH1_EFFECTOR_ACTIVITY__ssgsea_NES,P0009,15,0.4642857142857142,0.081250980755495,positive
COLLECTRI_BACH1_TF_ACTIVITY__mean_z,LITERATURE_LUNG_BACH1_EFFECTOR_ACTIVITY__ssgsea_NES,P0018,15,0.3107142857142856,0.2596673973372183,positive
COLLECTRI_BACH1_TF_ACTIVITY__mean_z,LITERATURE_LUNG_BACH1_EFFECTOR_ACTIVITY__ssgsea_NES,P0019,15,0.3714285714285714,0.17284974708034007,positive
COLLECTRI_BACH1_TF_ACTIVITY__mean_z,LITERATURE_LUNG_BACH1_EFFECTOR_ACTIVITY__ssgsea_NES,P0020,15,0.2071428571428571,0.45884280496347013,positive
COLLECTRI_BACH1_TF_ACTIVITY__mean_z,LITERATURE_LUNG_BACH1_EFFECTOR_ACTIVITY__ssgsea_NES,P0025,15,0.46071428571428563,0.08393338135031418,positive
COLLECTRI_BACH1_TF_ACTIVITY__mean_z,LITERATURE_LUNG_BACH1_EFFECTOR_ACTIVITY__ssgsea_NES,P0028,15,0.33571428571428563,0.22121153763932597,positive
COLLECTRI_BACH1_TF_ACTIVITY__mean_z,LITERATURE_LUNG_BACH1_EFFECTOR_ACTIVITY__ssgsea_NES,P0030,15,0.4535714285714285,0.0894859001430273,positive
COLLECTRI_BACH1_TF_ACTIVITY__mean_z,LITERATURE_LUNG_BACH1_EFFECTOR_ACTIVITY__ssgsea_NES,P0031,15,0.3714285714285714,0.17284974708034007,positive
COLLECTRI_BACH1_TF_ACTIVITY__mean_z,LITERATURE_LUNG_BACH1_EFFECTOR_ACTIVITY__ssgsea_NES,P0034,15,0.3607142857142856,0.1865543741541635,positive
BACH1_expression_mean,DOROTHEA_BACH1_ABC_TF_ACTIVITY__ssgsea_NES,AL02,15,0.5071428571428571,0.05366366378080595,positive
BACH1_expression_mean,DOROTHEA_BACH1_ABC_TF_ACTIVITY__ssgsea_NES,AL06,15,0.19999999999999998,0.47481396452216845,positive
BACH1_expression_mean,DOROTHEA_BACH1_ABC_TF_ACTIVITY__ssgsea_NES,AL08,15,0.36785714285714277,0.17734214689349137,positive
BACH1_expression_mean,DOROTHEA_BACH1_ABC_TF_ACTIVITY__ssgsea_NES,AL10,15,0.3321428571428571,0.22647175907072442,positive
BACH1_expression_mean,DOROTHEA_BACH1_ABC_TF_ACTIVITY__ssgsea_NES,AL11,15,0.3,0.27731678036838414,positive
BACH1_expression_mean,DOROTHEA_BACH1_ABC_TF_ACTIVITY__ssgsea_NES,P0006,15,0.3571428571428571,0.19127476343157906,positive
BACH1_expression_mean,DOROTHEA_BACH1_ABC_TF_ACTIVITY__ssgsea_NES,P0008,15,0.28928571428571426,0.29566536100437774,positive
BACH1_expression_mean,DOROTHEA_BACH1_ABC_TF_ACTIVITY__ssgsea_NES,P0009,15,0.42857142857142855,0.11096021426087672,positive
BACH1_expression_mean,DOROTHEA_BACH1_ABC_TF_ACTIVITY__ssgsea_NES,P0018,15,0.3,0.27731678036838414,positive
BACH1_expression_mean,DOROTHEA_BACH1_ABC_TF_ACTIVITY__ssgsea_NES,P0019,15,0.3607142857142856,0.1865543741541635,positive
BACH1_expression_mean,DOROTHEA_BACH1_ABC_TF_ACTIVITY__ssgsea_NES,P0020,15,0.2321428571428571,0.40509874069364893,positive
BACH1_expression_mean,DOROTHEA_BACH1_ABC_TF_ACTIVITY__ssgsea_NES,P0025,15,0.3571428571428571,0.19127476343157906,positive
BACH1_expression_mean,DOROTHEA_BACH1_ABC_TF_ACTIVITY__ssgsea_NES,P0028,15,0.3321428571428571,0.22647175907072442,positive
BACH1_expression_mean,DOROTHEA_BACH1_ABC_TF_ACTIVITY__ssgsea_NES,P0030,15,0.39999999999999997,0.1395951293721447,positive
BACH1_expression_mean,DOROTHEA_BACH1_ABC_TF_ACTIVITY__ssgsea_NES,P0031,15,0.36785714285714277,0.17734214689349137,positive
BACH1_expression_mean,DOROTHEA_BACH1_ABC_TF_ACTIVITY__ssgsea_NES,P0034,15,0.30357142857142855,0.27135583600386837,positive
DOROTHEA_BACH1_ABC_TF_ACTIVITY__decoupler_ulm,LITERATURE_LUNG_BACH1_EFFECTOR_ACTIVITY__mean_z,AL02,15,0.30357142857142855,0.27135583600386837,positive
DOROTHEA_BACH1_ABC_TF_ACTIVITY__decoupler_ulm,LITERATURE_LUNG_BACH1_EFFECTOR_ACTIVITY__mean_z,AL06,15,0.4642857142857142,0.081250980755495,positive
DOROTHEA_BACH1_ABC_TF_ACTIVITY__decoupler_ulm,LITERATURE_LUNG_BACH1_EFFECTOR_ACTIVITY__mean_z,AL08,15,0.4892857142857142,0.06416038631454045,positive
DOROTHEA_BACH1_ABC_TF_ACTIVITY__decoupler_ulm,LITERATURE_LUNG_BACH1_EFFECTOR_ACTIVITY__mean_z,AL10,15,0.37857142857142856,0.16409082655922078,positive
DOROTHEA_BACH1_ABC_TF_ACTIVITY__decoupler_ulm,LITERATURE_LUNG_BACH1_EFFECTOR_ACTIVITY__mean_z,AL11,15,0.27499999999999997,0.3212111733193767,positive
DOROTHEA_BACH1_ABC_TF_ACTIVITY__decoupler_ulm,LITERATURE_LUNG_BACH1_EFFECTOR_ACTIVITY__mean_z,P0006,15,0.3214285714285714,0.2427190468016684,positive
DOROTHEA_BACH1_ABC_TF_ACTIVITY__decoupler_ulm,LITERATURE_LUNG_BACH1_EFFECTOR_ACTIVITY__mean_z,P0008,15,0.38928571428571423,0.151511936790394,positive
DOROTHEA_BACH1_ABC_TF_ACTIVITY__decoupler_ulm,LITERATURE_LUNG_BACH1_EFFECTOR_ACTIVITY__mean_z,P0009,15,0.2785714285714285,0.3147094732307908,positive
DOROTHEA_BACH1_ABC_TF_ACTIVITY__decoupler_ulm,LITERATURE_LUNG_BACH1_EFFECTOR_ACTIVITY__mean_z,P0018,15,0.32499999999999996,0.237225438237234,positive
DOROTHEA_BACH1_ABC_TF_ACTIVITY__decoupler_ulm,LITERATURE_LUNG_BACH1_EFFECTOR_ACTIVITY__mean_z,P0019,15,0.3714285714285714,0.17284974708034007,positive
DOROTHEA_BACH1_ABC_TF_ACTIVITY__decoupler_ulm,LITERATURE_LUNG_BACH1_EFFECTOR_ACTIVITY__mean_z,P0020,15,0.25357142857142856,0.3618161038158894,positive
DOROTHEA_BACH1_ABC_TF_ACTIVITY__decoupler_ulm,LITERATURE_LUNG_BACH1_EFFECTOR_ACTIVITY__mean_z,P0025,15,0.24285714285714283,0.3831283418393415,positive
DOROTHEA_BACH1_ABC_TF_ACTIVITY__decoupler_ulm,LITERATURE_LUNG_BACH1_EFFECTOR_ACTIVITY__mean_z,P0028,15,0.34642857142857136,0.20589599209355114,positive
DOROTHEA_BACH1_ABC_TF_ACTIVITY__decoupler_ulm,LITERATURE_LUNG_BACH1_EFFECTOR_ACTIVITY__mean_z,P0030,15,0.3178571428571428,0.24829056581701822,positive
DOROTHEA_BACH1_ABC_TF_ACTIVITY__decoupler_ulm,LITERATURE_LUNG_BACH1_EFFECTOR_ACTIVITY__mean_z,P0031,15,0.33928571428571425,0.2160289253419548,positive
DOROTHEA_BACH1_ABC_TF_ACTIVITY__decoupler_ulm,LITERATURE_LUNG_BACH1_EFFECTOR_ACTIVITY__mean_z,P0034,15,0.34642857142857136,0.20589599209355114,positive
DOROTHEA_BACH1_ABC_TF_ACTIVITY__mean_z,HALLMARK_OXIDATIVE_PHOSPHORYLATION__mean_z,AL02,15,0.30357142857142855,0.27135583600386837,positive
DOROTHEA_BACH1_ABC_TF_ACTIVITY__mean_z,HALLMARK_OXIDATIVE_PHOSPHORYLATION__mean_z,AL06,15,0.575,0.02493622794258255,positive
DOROTHEA_BACH1_ABC_TF_ACTIVITY__mean_z,HALLMARK_OXIDATIVE_PHOSPHORYLATION__mean_z,AL08,15,0.35,0.20094535081629333,positive
DOROTHEA_BACH1_ABC_TF_ACTIVITY__mean_z,HALLMARK_OXIDATIVE_PHOSPHORYLATION__mean_z,AL10,15,0.3214285714285714,0.2427190468016684,positive
DOROTHEA_BACH1_ABC_TF_ACTIVITY__mean_z,HALLMARK_OXIDATIVE_PHOSPHORYLATION__mean_z,AL11,15,0.3214285714285714,0.2427190468016684,positive
DOROTHEA_BACH1_ABC_TF_ACTIVITY__mean_z,HALLMARK_OXIDATIVE_PHOSPHORYLATION__mean_z,P0006,15,0.33571428571428563,0.22121153763932597,positive
DOROTHEA_BACH1_ABC_TF_ACTIVITY__mean_z,HALLMARK_OXIDATIVE_PHOSPHORYLATION__mean_z,P0008,15,0.2678571428571428,0.33444360051235367,positive
DOROTHEA_BACH1_ABC_TF_ACTIVITY__mean_z,HALLMARK_OXIDATIVE_PHOSPHORYLATION__mean_z,P0009,15,0.19999999999999998,0.47481396452216845,positive
DOROTHEA_BACH1_ABC_TF_ACTIVITY__mean_z,HALLMARK_OXIDATIVE_PHOSPHORYLATION__mean_z,P0018,15,0.3214285714285714,0.2427190468016684,positive
DOROTHEA_BACH1_ABC_TF_ACTIVITY__mean_z,HALLMARK_OXIDATIVE_PHOSPHORYLATION__mean_z,P0019,15,0.3142857142857143,0.2539400163236716,positive
DOROTHEA_BACH1_ABC_TF_ACTIVITY__mean_z,HALLMARK_OXIDATIVE_PHOSPHORYLATION__mean_z,P0020,15,0.5035714285714286,0.05565451716115846,positive
DOROTHEA_BACH1_ABC_TF_ACTIVITY__mean_z,HALLMARK_OXIDATIVE_PHOSPHORYLATION__mean_z,P0025,15,0.3428571428571428,0.2109237934147519,positive
DOROTHEA_BACH1_ABC_TF_ACTIVITY__mean_z,HALLMARK_OXIDATIVE_PHOSPHORYLATION__mean_z,P0028,15,0.3214285714285714,0.2427190468016684,positive
DOROTHEA_BACH1_ABC_TF_ACTIVITY__mean_z,HALLMARK_OXIDATIVE_PHOSPHORYLATION__mean_z,P0030,15,0.30357142857142855,0.27135583600386837,positive
DOROTHEA_BACH1_ABC_TF_ACTIVITY__mean_z,HALLMARK_OXIDATIVE_PHOSPHORYLATION__mean_z,P0031,15,0.3285714285714285,0.23180969720615968,positive
DOROTHEA_BACH1_ABC_TF_ACTIVITY__mean_z,HALLMARK_OXIDATIVE_PHOSPHORYLATION__mean_z,P0034,15,0.33571428571428563,0.22121153763932597,positive
COLLECTRI_BACH1_TF_ACTIVITY__ssgsea_NES,LITERATURE_LUNG_BACH1_EFFECTOR_ACTIVITY__ssgsea_NES,AL02,15,-0.3428571428571428,0.2109237934147519,negative
COLLECTRI_BACH1_TF_ACTIVITY__ssgsea_NES,LITERATURE_LUNG_BACH1_EFFECTOR_ACTIVITY__ssgsea_NES,AL06,15,-0.2571428571428571,0.3548603636506091,negative
COLLECTRI_BACH1_TF_ACTIVITY__ssgsea_NES,LITERATURE_LUNG_BACH1_EFFECTOR_ACTIVITY__ssgsea_NES,AL08,15,-0.3071428571428571,0.2654726857102781,negative
COLLECTRI_BACH1_TF_ACTIVITY__ssgsea_NES,LITERATURE_LUNG_BACH1_EFFECTOR_ACTIVITY__ssgsea_NES,AL10,15,-0.3071428571428571,0.2654726857102781,negative
COLLECTRI_BACH1_TF_ACTIVITY__ssgsea_NES,LITERATURE_LUNG_BACH1_EFFECTOR_ACTIVITY__ssgsea_NES,AL11,15,-0.3428571428571428,0.2109237934147519,negative
COLLECTRI_BACH1_TF_ACTIVITY__ssgsea_NES,LITERATURE_LUNG_BACH1_EFFECTOR_ACTIVITY__ssgsea_NES,P0006,15,-0.3107142857142856,0.2596673973372183,negative
COLLECTRI_BACH1_TF_ACTIVITY__ssgsea_NES,LITERATURE_LUNG_BACH1_EFFECTOR_ACTIVITY__ssgsea_NES,P0008,15,-0.27499999999999997,0.3212111733193767,negative
COLLECTRI_BACH1_TF_ACTIVITY__ssgsea_NES,LITERATURE_LUNG_BACH1_EFFECTOR_ACTIVITY__ssgsea_NES,P0009,15,-0.22499999999999998,0.42010468690763486,negative
COLLECTRI_BACH1_TF_ACTIVITY__ssgsea_NES,LITERATURE_LUNG_BACH1_EFFECTOR_ACTIVITY__ssgsea_NES,P0018,15,-0.35,0.20094535081629333,negative
COLLECTRI_BACH1_TF_ACTIVITY__ssgsea_NES,LITERATURE_LUNG_BACH1_EFFECTOR_ACTIVITY__ssgsea_NES,P0019,15,-0.37857142857142856,0.16409082655922078,negative
COLLECTRI_BACH1_TF_ACTIVITY__ssgsea_NES,LITERATURE_LUNG_BACH1_EFFECTOR_ACTIVITY__ssgsea_NES,P0020,15,-0.3071428571428571,0.2654726857102781,negative
COLLECTRI_BACH1_TF_ACTIVITY__ssgsea_NES,LITERATURE_LUNG_BACH1_EFFECTOR_ACTIVITY__ssgsea_NES,P0025,15,-0.4678571428571427,0.07863023115438064,negative
COLLECTRI_BACH1_TF_ACTIVITY__ssgsea_NES,LITERATURE_LUNG_BACH1_EFFECTOR_ACTIVITY__ssgsea_NES,P0028,15,-0.3714285714285714,0.17284974708034007,negative
COLLECTRI_BACH1_TF_ACTIVITY__ssgsea_NES,LITERATURE_LUNG_BACH1_EFFECTOR_ACTIVITY__ssgsea_NES,P0030,15,-0.4642857142857142,0.081250980755495,negative
COLLECTRI_BACH1_TF_ACTIVITY__ssgsea_NES,LITERATURE_LUNG_BACH1_EFFECTOR_ACTIVITY__ssgsea_NES,P0031,15,-0.33928571428571425,0.2160289253419548,negative
COLLECTRI_BACH1_TF_ACTIVITY__ssgsea_NES,LITERATURE_LUNG_BACH1_EFFECTOR_ACTIVITY__ssgsea_NES,P0034,15,-0.33928571428571425,0.2160289253419548,negative
BACH1_expression_mean,HALLMARK_HEME_METABOLISM__mean_z,AL02,15,0.3928571428571428,0.1474666553113262,positive
BACH1_expression_mean,HALLMARK_HEME_METABOLISM__mean_z,AL06,15,0.1964285714285714,0.48289875627163353,positive
BACH1_expression_mean,HALLMARK_HEME_METABOLISM__mean_z,AL08,15,0.3571428571428571,0.19127476343157906,positive
BACH1_expression_mean,HALLMARK_HEME_METABOLISM__mean_z,AL10,15,0.4071428571428571,0.1320126637798537,positive
BACH1_expression_mean,HALLMARK_HEME_METABOLISM__mean_z,AL11,15,0.21428571428571427,0.44314093482351424,positive
BACH1_expression_mean,HALLMARK_HEME_METABOLISM__mean_z,P0006,15,0.46071428571428563,0.08393338135031418,positive
BACH1_expression_mean,HALLMARK_HEME_METABOLISM__mean_z,P0008,15,0.2642857142857143,0.34117375799008204,positive
BACH1_expression_mean,HALLMARK_HEME_METABOLISM__mean_z,P0009,15,0.3071428571428571,0.2654726857102781,positive
BACH1_expression_mean,HALLMARK_HEME_METABOLISM__mean_z,P0018,15,0.3571428571428571,0.19127476343157906,positive
BACH1_expression_mean,HALLMARK_HEME_METABOLISM__mean_z,P0019,15,0.35357142857142854,0.19607167843419873,positive
BACH1_expression_mean,HALLMARK_HEME_METABOLISM__mean_z,P0020,15,0.3214285714285714,0.2427190468016684,positive
BACH1_expression_mean,HALLMARK_HEME_METABOLISM__mean_z,P0025,15,0.2714285714285714,0.3277893068411728,positive
BACH1_expression_mean,HALLMARK_HEME_METABOLISM__mean_z,P0028,15,0.3178571428571428,0.24829056581701822,positive
BACH1_expression_mean,HALLMARK_HEME_METABOLISM__mean_z,P0030,15,0.37499999999999994,0.1684327498467455,positive
BACH1_expression_mean,HALLMARK_HEME_METABOLISM__mean_z,P0031,15,0.3285714285714285,0.23180969720615968,positive
BACH1_expression_mean,HALLMARK_HEME_METABOLISM__mean_z,P0034,15,0.37499999999999994,0.1684327498467455,positive
COLLECTRI_BACH1_TF_ACTIVITY__mean_z,HALLMARK_REACTIVE_OXYGEN_SPECIES_PATHWAY__mean_z,AL02,15,-0.2642857142857143,0.34117375799008204,negative
COLLECTRI_BACH1_TF_ACTIVITY__mean_z,HALLMARK_REACTIVE_OXYGEN_SPECIES_PATHWAY__mean_z,AL06,15,-0.3285714285714285,0.23180969720615968,negative
COLLECTRI_BACH1_TF_ACTIVITY__mean_z,HALLMARK_REACTIVE_OXYGEN_SPECIES_PATHWAY__mean_z,AL08,15,-0.3428571428571428,0.2109237934147519,negative
COLLECTRI_BACH1_TF_ACTIVITY__mean_z,HALLMARK_REACTIVE_OXYGEN_SPECIES_PATHWAY__mean_z,AL10,15,-0.3142857142857143,0.2539400163236716,negative
COLLECTRI_BACH1_TF_ACTIVITY__mean_z,HALLMARK_REACTIVE_OXYGEN_SPECIES_PATHWAY__mean_z,AL11,15,-0.2607142857142857,0.3479794598627935,negative
COLLECTRI_BACH1_TF_ACTIVITY__mean_z,HALLMARK_REACTIVE_OXYGEN_SPECIES_PATHWAY__mean_z,P0006,15,-0.3,0.27731678036838414,negative
COLLECTRI_BACH1_TF_ACTIVITY__mean_z,HALLMARK_REACTIVE_OXYGEN_SPECIES_PATHWAY__mean_z,P0008,15,-0.23928571428571427,0.3903793119202355,negative
COLLECTRI_BACH1_TF_ACTIVITY__mean_z,HALLMARK_REACTIVE_OXYGEN_SPECIES_PATHWAY__mean_z,P0009,15,-0.2285714285714285,0.41256617049636035,negative
COLLECTRI_BACH1_TF_ACTIVITY__mean_z,HALLMARK_REACTIVE_OXYGEN_SPECIES_PATHWAY__mean_z,P0018,15,-0.33928571428571425,0.2160289253419548,negative
COLLECTRI_BACH1_TF_ACTIVITY__mean_z,HALLMARK_REACTIVE_OXYGEN_SPECIES_PATHWAY__mean_z,P0019,15,-0.42499999999999993,0.11429547548052225,negative
COLLECTRI_BACH1_TF_ACTIVITY__mean_z,HALLMARK_REACTIVE_OXYGEN_SPECIES_PATHWAY__mean_z,P0020,15,-0.4107142857142856,0.12832864601574892,negative
COLLECTRI_BACH1_TF_ACTIVITY__mean_z,HALLMARK_REACTIVE_OXYGEN_SPECIES_PATHWAY__mean_z,P0025,15,-0.4642857142857142,0.081250980755495,negative
COLLECTRI_BACH1_TF_ACTIVITY__mean_z,HALLMARK_REACTIVE_OXYGEN_SPECIES_PATHWAY__mean_z,P0028,15,-0.3285714285714285,0.23180969720615968,negative
COLLECTRI_BACH1_TF_ACTIVITY__mean_z,HALLMARK_REACTIVE_OXYGEN_SPECIES_PATHWAY__mean_z,P0030,15,-0.3142857142857143,0.2539400163236716,negative
COLLECTRI_BACH1_TF_ACTIVITY__mean_z,HALLMARK_REACTIVE_OXYGEN_SPECIES_PATHWAY__mean_z,P0031,15,-0.4035714285714285,0.13576799650365626,negative
COLLECTRI_BACH1_TF_ACTIVITY__mean_z,HALLMARK_REACTIVE_OXYGEN_SPECIES_PATHWAY__mean_z,P0034,15,-0.33571428571428563,0.22121153763932597,negative
DOROTHEA_BACH1_ABC_TF_ACTIVITY__decoupler_mlm,HALLMARK_OXIDATIVE_PHOSPHORYLATION__mean_z,AL02,15,-0.37857142857142856,0.16409082655922078,negative
DOROTHEA_BACH1_ABC_TF_ACTIVITY__decoupler_mlm,HALLMARK_OXIDATIVE_PHOSPHORYLATION__mean_z,AL06,15,-0.22142857142857136,0.42771371901637,negative
DOROTHEA_BACH1_ABC_TF_ACTIVITY__decoupler_mlm,HALLMARK_OXIDATIVE_PHOSPHORYLATION__mean_z,AL08,15,-0.18928571428571428,0.4992630332385452,negative
DOROTHEA_BACH1_ABC_TF_ACTIVITY__decoupler_mlm,HALLMARK_OXIDATIVE_PHOSPHORYLATION__mean_z,AL10,15,-0.28571428571428564,0.3019363513225493,negative
DOROTHEA_BACH1_ABC_TF_ACTIVITY__decoupler_mlm,HALLMARK_OXIDATIVE_PHOSPHORYLATION__mean_z,AL11,15,-0.21428571428571427,0.44314093482351424,negative
DOROTHEA_BACH1_ABC_TF_ACTIVITY__decoupler_mlm,HALLMARK_OXIDATIVE_PHOSPHORYLATION__mean_z,P0006,15,-0.3571428571428571,0.19127476343157906,negative
DOROTHEA_BACH1_ABC_TF_ACTIVITY__decoupler_mlm,HALLMARK_OXIDATIVE_PHOSPHORYLATION__mean_z,P0008,15,-0.42857142857142855,0.11096021426087672,negative
DOROTHEA_BACH1_ABC_TF_ACTIVITY__decoupler_mlm,HALLMARK_OXIDATIVE_PHOSPHORYLATION__mean_z,P0009,15,-0.42142857142857143,0.11769939585541633,negative
DOROTHEA_BACH1_ABC_TF_ACTIVITY__decoupler_mlm,HALLMARK_OXIDATIVE_PHOSPHORYLATION__mean_z,P0018,15,-0.3714285714285714,0.17284974708034007,negative
DOROTHEA_BACH1_ABC_TF_ACTIVITY__decoupler_mlm,HALLMARK_OXIDATIVE_PHOSPHORYLATION__mean_z,P0019,15,-0.3714285714285714,0.17284974708034007,negative
DOROTHEA_BACH1_ABC_TF_ACTIVITY__decoupler_mlm,HALLMARK_OXIDATIVE_PHOSPHORYLATION__mean_z,P0020,15,-0.2571428571428571,0.3548603636506091,negative
DOROTHEA_BACH1_ABC_TF_ACTIVITY__decoupler_mlm,HALLMARK_OXIDATIVE_PHOSPHORYLATION__mean_z,P0025,15,-0.36428571428571427,0.18191025904581398,negative
DOROTHEA_BACH1_ABC_TF_ACTIVITY__decoupler_mlm,HALLMARK_OXIDATIVE_PHOSPHORYLATION__mean_z,P0028,15,-0.37857142857142856,0.16409082655922078,negative
DOROTHEA_BACH1_ABC_TF_ACTIVITY__decoupler_mlm,HALLMARK_OXIDATIVE_PHOSPHORYLATION__mean_z,P0030,15,-0.3928571428571428,0.1474666553113262,negative
DOROTHEA_BACH1_ABC_TF_ACTIVITY__decoupler_mlm,HALLMARK_OXIDATIVE_PHOSPHORYLATION__mean_z,P0031,15,-0.35357142857142854,0.19607167843419873,negative
DOROTHEA_BACH1_ABC_TF_ACTIVITY__decoupler_mlm,HALLMARK_OXIDATIVE_PHOSPHORYLATION__mean_z,P0034,15,-0.3178571428571428,0.24829056581701822,negative
DOROTHEA_BACH1_ABC_TF_ACTIVITY__decoupler_ulm,HALLMARK_GLYCOLYSIS__mean_z,AL02,15,0.3321428571428571,0.22647175907072442,positive
DOROTHEA_BACH1_ABC_TF_ACTIVITY__decoupler_ulm,HALLMARK_GLYCOLYSIS__mean_z,AL06,15,0.3571428571428571,0.19127476343157906,positive
DOROTHEA_BACH1_ABC_TF_ACTIVITY__decoupler_ulm,HALLMARK_GLYCOLYSIS__mean_z,AL08,15,0.5535714285714285,0.032287103770123615,positive
DOROTHEA_BACH1_ABC_TF_ACTIVITY__decoupler_ulm,HALLMARK_GLYCOLYSIS__mean_z,AL10,15,0.39999999999999997,0.1395951293721447,positive
DOROTHEA_BACH1_ABC_TF_ACTIVITY__decoupler_ulm,HALLMARK_GLYCOLYSIS__mean_z,AL11,15,0.4071428571428571,0.1320126637798537,positive
DOROTHEA_BACH1_ABC_TF_ACTIVITY__decoupler_ulm,HALLMARK_GLYCOLYSIS__mean_z,P0006,15,0.3178571428571428,0.24829056581701822,positive
DOROTHEA_BACH1_ABC_TF_ACTIVITY__decoupler_ulm,HALLMARK_GLYCOLYSIS__mean_z,P0008,15,0.2642857142857143,0.34117375799008204,positive
DOROTHEA_BACH1_ABC_TF_ACTIVITY__decoupler_ulm,HALLMARK_GLYCOLYSIS__mean_z,P0009,15,0.2821428571428571,0.3082844568200555,positive
DOROTHEA_BACH1_ABC_TF_ACTIVITY__decoupler_ulm,HALLMARK_GLYCOLYSIS__mean_z,P0018,15,0.2964285714285714,0.2833554284342631,positive
DOROTHEA_BACH1_ABC_TF_ACTIVITY__decoupler_ulm,HALLMARK_GLYCOLYSIS__mean_z,P0019,15,0.3178571428571428,0.24829056581701822,positive
DOROTHEA_BACH1_ABC_TF_ACTIVITY__decoupler_ulm,HALLMARK_GLYCOLYSIS__mean_z,P0020,15,0.3071428571428571,0.2654726857102781,positive
DOROTHEA_BACH1_ABC_TF_ACTIVITY__decoupler_ulm,HALLMARK_GLYCOLYSIS__mean_z,P0025,15,0.21428571428571427,0.44314093482351424,positive
DOROTHEA_BACH1_ABC_TF_ACTIVITY__decoupler_ulm,HALLMARK_GLYCOLYSIS__mean_z,P0028,15,0.3,0.27731678036838414,positive
DOROTHEA_BACH1_ABC_TF_ACTIVITY__decoupler_ulm,HALLMARK_GLYCOLYSIS__mean_z,P0030,15,0.2821428571428571,0.3082844568200555,positive
DOROTHEA_BACH1_ABC_TF_ACTIVITY__decoupler_ulm,HALLMARK_GLYCOLYSIS__mean_z,P0031,15,0.3178571428571428,0.24829056581701822,positive
DOROTHEA_BACH1_ABC_TF_ACTIVITY__decoupler_ulm,HALLMARK_GLYCOLYSIS__mean_z,P0034,15,0.35357142857142854,0.19607167843419873,positive
DOROTHEA_BACH1_ABC_TF_ACTIVITY__mean_z,CURATED_NRF2_ANTIOXIDANT_RESPONSE__ssgsea_NES,AL02,15,0.575,0.02493622794258255,positive
DOROTHEA_BACH1_ABC_TF_ACTIVITY__mean_z,CURATED_NRF2_ANTIOXIDANT_RESPONSE__ssgsea_NES,AL06,15,0.25357142857142856,0.3618161038158894,positive
DOROTHEA_BACH1_ABC_TF_ACTIVITY__mean_z,CURATED_NRF2_ANTIOXIDANT_RESPONSE__ssgsea_NES,AL08,15,0.3285714285714285,0.23180969720615968,positive
DOROTHEA_BACH1_ABC_TF_ACTIVITY__mean_z,CURATED_NRF2_ANTIOXIDANT_RESPONSE__ssgsea_NES,AL10,15,0.3,0.27731678036838414,positive
DOROTHEA_BACH1_ABC_TF_ACTIVITY__mean_z,CURATED_NRF2_ANTIOXIDANT_RESPONSE__ssgsea_NES,AL11,15,0.28571428571428564,0.3019363513225493,positive
DOROTHEA_BACH1_ABC_TF_ACTIVITY__mean_z,CURATED_NRF2_ANTIOXIDANT_RESPONSE__ssgsea_NES,P0006,15,0.3214285714285714,0.2427190468016684,positive
DOROTHEA_BACH1_ABC_TF_ACTIVITY__mean_z,CURATED_NRF2_ANTIOXIDANT_RESPONSE__ssgsea_NES,P0008,15,0.2607142857142857,0.3479794598627935,positive
DOROTHEA_BACH1_ABC_TF_ACTIVITY__mean_z,CURATED_NRF2_ANTIOXIDANT_RESPONSE__ssgsea_NES,P0009,15,0.24285714285714283,0.3831283418393415,positive
DOROTHEA_BACH1_ABC_TF_ACTIVITY__mean_z,CURATED_NRF2_ANTIOXIDANT_RESPONSE__ssgsea_NES,P0018,15,0.3428571428571428,0.2109237934147519,positive
DOROTHEA_BACH1_ABC_TF_ACTIVITY__mean_z,CURATED_NRF2_ANTIOXIDANT_RESPONSE__ssgsea_NES,P0019,15,0.28928571428571426,0.29566536100437774,positive
DOROTHEA_BACH1_ABC_TF_ACTIVITY__mean_z,CURATED_NRF2_ANTIOXIDANT_RESPONSE__ssgsea_NES,P0020,15,0.42142857142857143,0.11769939585541633,positive
DOROTHEA_BACH1_ABC_TF_ACTIVITY__mean_z,CURATED_NRF2_ANTIOXIDANT_RESPONSE__ssgsea_NES,P0025,15,0.34642857142857136,0.20589599209355114,positive
DOROTHEA_BACH1_ABC_TF_ACTIVITY__mean_z,CURATED_NRF2_ANTIOXIDANT_RESPONSE__ssgsea_NES,P0028,15,0.3,0.27731678036838414,positive
DOROTHEA_BACH1_ABC_TF_ACTIVITY__mean_z,CURATED_NRF2_ANTIOXIDANT_RESPONSE__ssgsea_NES,P0030,15,0.3428571428571428,0.2109237934147519,positive
DOROTHEA_BACH1_ABC_TF_ACTIVITY__mean_z,CURATED_NRF2_ANTIOXIDANT_RESPONSE__ssgsea_NES,P0031,15,0.3214285714285714,0.2427190468016684,positive
DOROTHEA_BACH1_ABC_TF_ACTIVITY__mean_z,CURATED_NRF2_ANTIOXIDANT_RESPONSE__ssgsea_NES,P0034,15,0.3214285714285714,0.2427190468016684,positive
COLLECTRI_BACH1_TF_ACTIVITY__ssgsea_NES,CURATED_NRF2_ANTIOXIDANT_RESPONSE__mean_z,AL02,15,0.18214285714285713,0.5158816817070392,positive
COLLECTRI_BACH1_TF_ACTIVITY__ssgsea_NES,CURATED_NRF2_ANTIOXIDANT_RESPONSE__mean_z,AL06,15,0.3214285714285714,0.2427190468016684,positive
COLLECTRI_BACH1_TF_ACTIVITY__ssgsea_NES,CURATED_NRF2_ANTIOXIDANT_RESPONSE__mean_z,AL08,15,0.33928571428571425,0.2160289253419548,positive
COLLECTRI_BACH1_TF_ACTIVITY__ssgsea_NES,CURATED_NRF2_ANTIOXIDANT_RESPONSE__mean_z,AL10,15,0.33928571428571425,0.2160289253419548,positive
COLLECTRI_BACH1_TF_ACTIVITY__ssgsea_NES,CURATED_NRF2_ANTIOXIDANT_RESPONSE__mean_z,AL11,15,0.33571428571428563,0.22121153763932597,positive
COLLECTRI_BACH1_TF_ACTIVITY__ssgsea_NES,CURATED_NRF2_ANTIOXIDANT_RESPONSE__mean_z,P0006,15,0.2285714285714285,0.41256617049636035,positive
COLLECTRI_BACH1_TF_ACTIVITY__ssgsea_NES,CURATED_NRF2_ANTIOXIDANT_RESPONSE__mean_z,P0008,15,0.2285714285714285,0.41256617049636035,positive
COLLECTRI_BACH1_TF_ACTIVITY__ssgsea_NES,CURATED_NRF2_ANTIOXIDANT_RESPONSE__mean_z,P0009,15,0.475,0.07357086204591357,positive
COLLECTRI_BACH1_TF_ACTIVITY__ssgsea_NES,CURATED_NRF2_ANTIOXIDANT_RESPONSE__mean_z,P0018,15,0.3428571428571428,0.2109237934147519,positive
COLLECTRI_BACH1_TF_ACTIVITY__ssgsea_NES,CURATED_NRF2_ANTIOXIDANT_RESPONSE__mean_z,P0019,15,0.3142857142857143,0.2539400163236716,positive
COLLECTRI_BACH1_TF_ACTIVITY__ssgsea_NES,CURATED_NRF2_ANTIOXIDANT_RESPONSE__mean_z,P0020,15,0.2821428571428571,0.3082844568200555,positive
COLLECTRI_BACH1_TF_ACTIVITY__ssgsea_NES,CURATED_NRF2_ANTIOXIDANT_RESPONSE__mean_z,P0025,15,0.4464285714285714,0.09529321315352629,positive
COLLECTRI_BACH1_TF_ACTIVITY__ssgsea_NES,CURATED_NRF2_ANTIOXIDANT_RESPONSE__mean_z,P0028,15,0.3285714285714285,0.23180969720615968,positive
COLLECTRI_BACH1_TF_ACTIVITY__ssgsea_NES,CURATED_NRF2_ANTIOXIDANT_RESPONSE__mean_z,P0030,15,0.34642857142857136,0.20589599209355114,positive
COLLECTRI_BACH1_TF_ACTIVITY__ssgsea_NES,CURATED_NRF2_ANTIOXIDANT_RESPONSE__mean_z,P0031,15,0.3214285714285714,0.2427190468016684,positive
COLLECTRI_BACH1_TF_ACTIVITY__ssgsea_NES,CURATED_NRF2_ANTIOXIDANT_RESPONSE__mean_z,P0034,15,0.36428571428571427,0.18191025904581398,positive
DOROTHEA_BACH1_ABC_TF_ACTIVITY__mean_z,CURATED_NRF2_ANTIOXIDANT_RESPONSE__mean_z,AL02,15,0.5714285714285713,0.026063193376362863,positive
DOROTHEA_BACH1_ABC_TF_ACTIVITY__mean_z,CURATED_NRF2_ANTIOXIDANT_RESPONSE__mean_z,AL06,15,0.25,0.36884629178393047,positive
DOROTHEA_BACH1_ABC_TF_ACTIVITY__mean_z,CURATED_NRF2_ANTIOXIDANT_RESPONSE__mean_z,AL08,15,0.3107142857142856,0.2596673973372183,positive
DOROTHEA_BACH1_ABC_TF_ACTIVITY__mean_z,CURATED_NRF2_ANTIOXIDANT_RESPONSE__mean_z,AL10,15,0.28928571428571426,0.29566536100437774,positive
DOROTHEA_BACH1_ABC_TF_ACTIVITY__mean_z,CURATED_NRF2_ANTIOXIDANT_RESPONSE__mean_z,AL11,15,0.28928571428571426,0.29566536100437774,positive
DOROTHEA_BACH1_ABC_TF_ACTIVITY__mean_z,CURATED_NRF2_ANTIOXIDANT_RESPONSE__mean_z,P0006,15,0.33928571428571425,0.2160289253419548,positive
DOROTHEA_BACH1_ABC_TF_ACTIVITY__mean_z,CURATED_NRF2_ANTIOXIDANT_RESPONSE__mean_z,P0008,15,0.25357142857142856,0.3618161038158894,positive
DOROTHEA_BACH1_ABC_TF_ACTIVITY__mean_z,CURATED_NRF2_ANTIOXIDANT_RESPONSE__mean_z,P0009,15,0.2642857142857143,0.34117375799008204,positive
DOROTHEA_BACH1_ABC_TF_ACTIVITY__mean_z,CURATED_NRF2_ANTIOXIDANT_RESPONSE__mean_z,P0018,15,0.3142857142857143,0.2539400163236716,positive
DOROTHEA_BACH1_ABC_TF_ACTIVITY__mean_z,CURATED_NRF2_ANTIOXIDANT_RESPONSE__mean_z,P0019,15,0.30357142857142855,0.27135583600386837,positive
DOROTHEA_BACH1_ABC_TF_ACTIVITY__mean_z,CURATED_NRF2_ANTIOXIDANT_RESPONSE__mean_z,P0020,15,0.4642857142857142,0.081250980755495,positive
DOROTHEA_BACH1_ABC_TF_ACTIVITY__mean_z,CURATED_NRF2_ANTIOXIDANT_RESPONSE__mean_z,P0025,15,0.3071428571428571,0.2654726857102781,positive
DOROTHEA_BACH1_ABC_TF_ACTIVITY__mean_z,CURATED_NRF2_ANTIOXIDANT_RESPONSE__mean_z,P0028,15,0.2964285714285714,0.2833554284342631,positive
DOROTHEA_BACH1_ABC_TF_ACTIVITY__mean_z,CURATED_NRF2_ANTIOXIDANT_RESPONSE__mean_z,P0030,15,0.3285714285714285,0.23180969720615968,positive
DOROTHEA_BACH1_ABC_TF_ACTIVITY__mean_z,CURATED_NRF2_ANTIOXIDANT_RESPONSE__mean_z,P0031,15,0.3178571428571428,0.24829056581701822,positive
DOROTHEA_BACH1_ABC_TF_ACTIVITY__mean_z,CURATED_NRF2_ANTIOXIDANT_RESPONSE__mean_z,P0034,15,0.3142857142857143,0.2539400163236716,positive
COLLECTRI_BACH1_TF_ACTIVITY__decoupler_ulm,DOROTHEA_BACH1_ABC_TF_ACTIVITY__decoupler_mlm,AL02,15,0.4071428571428571,0.1320126637798537,positive
COLLECTRI_BACH1_TF_ACTIVITY__decoupler_ulm,DOROTHEA_BACH1_ABC_TF_ACTIVITY__decoupler_mlm,AL06,15,0.37499999999999994,0.1684327498467455,positive
COLLECTRI_BACH1_TF_ACTIVITY__decoupler_ulm,DOROTHEA_BACH1_ABC_TF_ACTIVITY__decoupler_mlm,AL08,15,0.4357142857142856,0.10449335704406652,positive
COLLECTRI_BACH1_TF_ACTIVITY__decoupler_ulm,DOROTHEA_BACH1_ABC_TF_ACTIVITY__decoupler_mlm,AL10,15,0.38928571428571423,0.151511936790394,positive
COLLECTRI_BACH1_TF_ACTIVITY__decoupler_ulm,DOROTHEA_BACH1_ABC_TF_ACTIVITY__decoupler_mlm,AL11,15,0.25357142857142856,0.3618161038158894,positive
COLLECTRI_BACH1_TF_ACTIVITY__decoupler_ulm,DOROTHEA_BACH1_ABC_TF_ACTIVITY__decoupler_mlm,P0006,15,0.3214285714285714,0.2427190468016684,positive
COLLECTRI_BACH1_TF_ACTIVITY__decoupler_ulm,DOROTHEA_BACH1_ABC_TF_ACTIVITY__decoupler_mlm,P0008,15,0.38928571428571423,0.151511936790394,positive
COLLECTRI_BACH1_TF_ACTIVITY__decoupler_ulm,DOROTHEA_BACH1_ABC_TF_ACTIVITY__decoupler_mlm,P0009,15,0.36785714285714277,0.17734214689349137,positive
COLLECTRI_BACH1_TF_ACTIVITY__decoupler_ulm,DOROTHEA_BACH1_ABC_TF_ACTIVITY__decoupler_mlm,P0018,15,0.2071428571428571,0.45884280496347013,positive
COLLECTRI_BACH1_TF_ACTIVITY__decoupler_ulm,DOROTHEA_BACH1_ABC_TF_ACTIVITY__decoupler_mlm,P0019,15,0.36785714285714277,0.17734214689349137,positive
COLLECTRI_BACH1_TF_ACTIVITY__decoupler_ulm,DOROTHEA_BACH1_ABC_TF_ACTIVITY__decoupler_mlm,P0020,15,0.2071428571428571,0.45884280496347013,positive
COLLECTRI_BACH1_TF_ACTIVITY__decoupler_ulm,DOROTHEA_BACH1_ABC_TF_ACTIVITY__decoupler_mlm,P0025,15,0.27499999999999997,0.3212111733193767,positive
COLLECTRI_BACH1_TF_ACTIVITY__decoupler_ulm,DOROTHEA_BACH1_ABC_TF_ACTIVITY__decoupler_mlm,P0028,15,0.3,0.27731678036838414,positive
COLLECTRI_BACH1_TF_ACTIVITY__decoupler_ulm,DOROTHEA_BACH1_ABC_TF_ACTIVITY__decoupler_mlm,P0030,15,0.2678571428571428,0.33444360051235367,positive
COLLECTRI_BACH1_TF_ACTIVITY__decoupler_ulm,DOROTHEA_BACH1_ABC_TF_ACTIVITY__decoupler_mlm,P0031,15,0.3321428571428571,0.22647175907072442,positive
COLLECTRI_BACH1_TF_ACTIVITY__decoupler_ulm,DOROTHEA_BACH1_ABC_TF_ACTIVITY__decoupler_mlm,P0034,15,0.2607142857142857,0.3479794598627935,positive
DOROTHEA_BACH1_ABC_TF_ACTIVITY__decoupler_mlm,COLLECTRI_BACH1_TF_ACTIVITY__decoupler_ulm,AL02,15,0.4071428571428571,0.1320126637798537,positive
DOROTHEA_BACH1_ABC_TF_ACTIVITY__decoupler_mlm,COLLECTRI_BACH1_TF_ACTIVITY__decoupler_ulm,AL06,15,0.37499999999999994,0.1684327498467455,positive
DOROTHEA_BACH1_ABC_TF_ACTIVITY__decoupler_mlm,COLLECTRI_BACH1_TF_ACTIVITY__decoupler_ulm,AL08,15,0.4357142857142856,0.10449335704406652,positive
DOROTHEA_BACH1_ABC_TF_ACTIVITY__decoupler_mlm,COLLECTRI_BACH1_TF_ACTIVITY__decoupler_ulm,AL10,15,0.38928571428571423,0.151511936790394,positive
DOROTHEA_BACH1_ABC_TF_ACTIVITY__decoupler_mlm,COLLECTRI_BACH1_TF_ACTIVITY__decoupler_ulm,AL11,15,0.25357142857142856,0.3618161038158894,positive
DOROTHEA_BACH1_ABC_TF_ACTIVITY__decoupler_mlm,COLLECTRI_BACH1_TF_ACTIVITY__decoupler_ulm,P0006,15,0.3214285714285714,0.2427190468016684,positive
DOROTHEA_BACH1_ABC_TF_ACTIVITY__decoupler_mlm,COLLECTRI_BACH1_TF_ACTIVITY__decoupler_ulm,P0008,15,0.38928571428571423,0.151511936790394,positive
DOROTHEA_BACH1_ABC_TF_ACTIVITY__decoupler_mlm,COLLECTRI_BACH1_TF_ACTIVITY__decoupler_ulm,P0009,15,0.36785714285714277,0.17734214689349137,positive
DOROTHEA_BACH1_ABC_TF_ACTIVITY__decoupler_mlm,COLLECTRI_BACH1_TF_ACTIVITY__decoupler_ulm,P0018,15,0.2071428571428571,0.45884280496347013,positive
DOROTHEA_BACH1_ABC_TF_ACTIVITY__decoupler_mlm,COLLECTRI_BACH1_TF_ACTIVITY__decoupler_ulm,P0019,15,0.36785714285714277,0.17734214689349137,positive
DOROTHEA_BACH1_ABC_TF_ACTIVITY__decoupler_mlm,COLLECTRI_BACH1_TF_ACTIVITY__decoupler_ulm,P0020,15,0.2071428571428571,0.45884280496347013,positive
DOROTHEA_BACH1_ABC_TF_ACTIVITY__decoupler_mlm,COLLECTRI_BACH1_TF_ACTIVITY__decoupler_ulm,P0025,15,0.27499999999999997,0.3212111733193767,positive
DOROTHEA_BACH1_ABC_TF_ACTIVITY__decoupler_mlm,COLLECTRI_BACH1_TF_ACTIVITY__decoupler_ulm,P0028,15,0.3,0.27731678036838414,positive
DOROTHEA_BACH1_ABC_TF_ACTIVITY__decoupler_mlm,COLLECTRI_BACH1_TF_ACTIVITY__decoupler_ulm,P0030,15,0.2678571428571428,0.33444360051235367,positive
DOROTHEA_BACH1_ABC_TF_ACTIVITY__decoupler_mlm,COLLECTRI_BACH1_TF_ACTIVITY__decoupler_ulm,P0031,15,0.3321428571428571,0.22647175907072442,positive
DOROTHEA_BACH1_ABC_TF_ACTIVITY__decoupler_mlm,COLLECTRI_BACH1_TF_ACTIVITY__decoupler_ulm,P0034,15,0.2607142857142857,0.3479794598627935,positive
COLLECTRI_BACH1_TF_ACTIVITY__ssgsea_NES,HALLMARK_HYPOXIA__ssgsea_NES,AL02,15,-0.3928571428571428,0.1474666553113262,negative
COLLECTRI_BACH1_TF_ACTIVITY__ssgsea_NES,HALLMARK_HYPOXIA__ssgsea_NES,AL06,15,-0.3928571428571428,0.1474666553113262,negative
COLLECTRI_BACH1_TF_ACTIVITY__ssgsea_NES,HALLMARK_HYPOXIA__ssgsea_NES,AL08,15,-0.2821428571428571,0.3082844568200555,negative
COLLECTRI_BACH1_TF_ACTIVITY__ssgsea_NES,HALLMARK_HYPOXIA__ssgsea_NES,AL10,15,-0.28928571428571426,0.29566536100437774,negative
COLLECTRI_BACH1_TF_ACTIVITY__ssgsea_NES,HALLMARK_HYPOXIA__ssgsea_NES,AL11,15,-0.2964285714285714,0.2833554284342631,negative
COLLECTRI_BACH1_TF_ACTIVITY__ssgsea_NES,HALLMARK_HYPOXIA__ssgsea_NES,P0006,15,-0.3214285714285714,0.2427190468016684,negative
COLLECTRI_BACH1_TF_ACTIVITY__ssgsea_NES,HALLMARK_HYPOXIA__ssgsea_NES,P0008,15,-0.3214285714285714,0.2427190468016684,negative
COLLECTRI_BACH1_TF_ACTIVITY__ssgsea_NES,HALLMARK_HYPOXIA__ssgsea_NES,P0009,15,-0.24642857142857136,0.375950515973805,negative
COLLECTRI_BACH1_TF_ACTIVITY__ssgsea_NES,HALLMARK_HYPOXIA__ssgsea_NES,P0018,15,-0.2642857142857143,0.34117375799008204,negative
COLLECTRI_BACH1_TF_ACTIVITY__ssgsea_NES,HALLMARK_HYPOXIA__ssgsea_NES,P0019,15,-0.5035714285714286,0.05565451716115846,negative
COLLECTRI_BACH1_TF_ACTIVITY__ssgsea_NES,HALLMARK_HYPOXIA__ssgsea_NES,P0020,15,-0.30357142857142855,0.27135583600386837,negative
COLLECTRI_BACH1_TF_ACTIVITY__ssgsea_NES,HALLMARK_HYPOXIA__ssgsea_NES,P0025,15,-0.19999999999999998,0.47481396452216845,negative
COLLECTRI_BACH1_TF_ACTIVITY__ssgsea_NES,HALLMARK_HYPOXIA__ssgsea_NES,P0028,15,-0.28928571428571426,0.29566536100437774,negative
COLLECTRI_BACH1_TF_ACTIVITY__ssgsea_NES,HALLMARK_HYPOXIA__ssgsea_NES,P0030,15,-0.3321428571428571,0.22647175907072442,negative
COLLECTRI_BACH1_TF_ACTIVITY__ssgsea_NES,HALLMARK_HYPOXIA__ssgsea_NES,P0031,15,-0.2964285714285714,0.2833554284342631,negative
COLLECTRI_BACH1_TF_ACTIVITY__ssgsea_NES,HALLMARK_HYPOXIA__ssgsea_NES,P0034,15,-0.32499999999999996,0.237225438237234,negative
KLENJA2025_BACH1_INVERSE_ACTIVITY__mean_z,HALLMARK_REACTIVE_OXYGEN_SPECIES_PATHWAY__mean_z,AL02,15,0.175,0.5327481481378592,positive
KLENJA2025_BACH1_INVERSE_ACTIVITY__mean_z,HALLMARK_REACTIVE_OXYGEN_SPECIES_PATHWAY__mean_z,AL06,15,0.3607142857142856,0.1865543741541635,positive
KLENJA2025_BACH1_INVERSE_ACTIVITY__mean_z,HALLMARK_REACTIVE_OXYGEN_SPECIES_PATHWAY__mean_z,AL08,15,0.3321428571428571,0.22647175907072442,positive
KLENJA2025_BACH1_INVERSE_ACTIVITY__mean_z,HALLMARK_REACTIVE_OXYGEN_SPECIES_PATHWAY__mean_z,AL10,15,0.3321428571428571,0.22647175907072442,positive
KLENJA2025_BACH1_INVERSE_ACTIVITY__mean_z,HALLMARK_REACTIVE_OXYGEN_SPECIES_PATHWAY__mean_z,AL11,15,0.4964285714285714,0.05979741374992395,positive
KLENJA2025_BACH1_INVERSE_ACTIVITY__mean_z,HALLMARK_REACTIVE_OXYGEN_SPECIES_PATHWAY__mean_z,P0006,15,0.28571428571428564,0.3019363513225493,positive
KLENJA2025_BACH1_INVERSE_ACTIVITY__mean_z,HALLMARK_REACTIVE_OXYGEN_SPECIES_PATHWAY__mean_z,P0008,15,0.4964285714285714,0.05979741374992395,positive
KLENJA2025_BACH1_INVERSE_ACTIVITY__mean_z,HALLMARK_REACTIVE_OXYGEN_SPECIES_PATHWAY__mean_z,P0009,15,0.175,0.5327481481378592,positive
KLENJA2025_BACH1_INVERSE_ACTIVITY__mean_z,HALLMARK_REACTIVE_OXYGEN_SPECIES_PATHWAY__mean_z,P0018,15,0.33571428571428563,0.22121153763932597,positive
KLENJA2025_BACH1_INVERSE_ACTIVITY__mean_z,HALLMARK_REACTIVE_OXYGEN_SPECIES_PATHWAY__mean_z,P0019,15,0.28571428571428564,0.3019363513225493,positive
KLENJA2025_BACH1_INVERSE_ACTIVITY__mean_z,HALLMARK_REACTIVE_OXYGEN_SPECIES_PATHWAY__mean_z,P0020,15,0.3071428571428571,0.2654726857102781,positive
KLENJA2025_BACH1_INVERSE_ACTIVITY__mean_z,HALLMARK_REACTIVE_OXYGEN_SPECIES_PATHWAY__mean_z,P0025,15,0.2607142857142857,0.3479794598627935,positive
KLENJA2025_BACH1_INVERSE_ACTIVITY__mean_z,HALLMARK_REACTIVE_OXYGEN_SPECIES_PATHWAY__mean_z,P0028,15,0.3,0.27731678036838414,positive
KLENJA2025_BACH1_INVERSE_ACTIVITY__mean_z,HALLMARK_REACTIVE_OXYGEN_SPECIES_PATHWAY__mean_z,P0030,15,0.3285714285714285,0.23180969720615968,positive
KLENJA2025_BACH1_INVERSE_ACTIVITY__mean_z,HALLMARK_REACTIVE_OXYGEN_SPECIES_PATHWAY__mean_z,P0031,15,0.2607142857142857,0.3479794598627935,positive
KLENJA2025_BACH1_INVERSE_ACTIVITY__mean_z,HALLMARK_REACTIVE_OXYGEN_SPECIES_PATHWAY__mean_z,P0034,15,0.33571428571428563,0.22121153763932597,positive
DOROTHEA_BACH1_ABC_TF_ACTIVITY__decoupler_mlm,HALLMARK_HYPOXIA__mean_z,AL02,15,0.2785714285714285,0.3147094732307908,positive
DOROTHEA_BACH1_ABC_TF_ACTIVITY__decoupler_mlm,HALLMARK_HYPOXIA__mean_z,AL06,15,0.22142857142857136,0.42771371901637,positive
DOROTHEA_BACH1_ABC_TF_ACTIVITY__decoupler_mlm,HALLMARK_HYPOXIA__mean_z,AL08,15,0.3857142857142856,0.15563079458596027,positive
DOROTHEA_BACH1_ABC_TF_ACTIVITY__decoupler_mlm,HALLMARK_HYPOXIA__mean_z,AL10,15,0.41785714285714276,0.12117253602187847,positive
DOROTHEA_BACH1_ABC_TF_ACTIVITY__decoupler_mlm,HALLMARK_HYPOXIA__mean_z,AL11,15,0.39642857142857135,0.1434945314423537,positive
DOROTHEA_BACH1_ABC_TF_ACTIVITY__decoupler_mlm,HALLMARK_HYPOXIA__mean_z,P0006,15,0.3071428571428571,0.2654726857102781,positive
DOROTHEA_BACH1_ABC_TF_ACTIVITY__decoupler_mlm,HALLMARK_HYPOXIA__mean_z,P0008,15,0.3,0.27731678036838414,positive
DOROTHEA_BACH1_ABC_TF_ACTIVITY__decoupler_mlm,HALLMARK_HYPOXIA__mean_z,P0009,15,0.32499999999999996,0.237225438237234,positive
DOROTHEA_BACH1_ABC_TF_ACTIVITY__decoupler_mlm,HALLMARK_HYPOXIA__mean_z,P0018,15,0.2607142857142857,0.3479794598627935,positive
DOROTHEA_BACH1_ABC_TF_ACTIVITY__decoupler_mlm,HALLMARK_HYPOXIA__mean_z,P0019,15,0.32499999999999996,0.237225438237234,positive
DOROTHEA_BACH1_ABC_TF_ACTIVITY__decoupler_mlm,HALLMARK_HYPOXIA__mean_z,P0020,15,0.22142857142857136,0.42771371901637,positive
DOROTHEA_BACH1_ABC_TF_ACTIVITY__decoupler_mlm,HALLMARK_HYPOXIA__mean_z,P0025,15,0.2178571428571428,0.43539267351553756,positive
DOROTHEA_BACH1_ABC_TF_ACTIVITY__decoupler_mlm,HALLMARK_HYPOXIA__mean_z,P0028,15,0.3428571428571428,0.2109237934147519,positive
DOROTHEA_BACH1_ABC_TF_ACTIVITY__decoupler_mlm,HALLMARK_HYPOXIA__mean_z,P0030,15,0.3,0.27731678036838414,positive
DOROTHEA_BACH1_ABC_TF_ACTIVITY__decoupler_mlm,HALLMARK_HYPOXIA__mean_z,P0031,15,0.32499999999999996,0.237225438237234,positive
DOROTHEA_BACH1_ABC_TF_ACTIVITY__decoupler_mlm,HALLMARK_HYPOXIA__mean_z,P0034,15,0.39642857142857135,0.1434945314423537,positive
KLENJA2025_BACH1_INVERSE_ACTIVITY__mean_z,HALLMARK_HYPOXIA__ssgsea_NES,AL02,15,0.2964285714285714,0.2833554284342631,positive
KLENJA2025_BACH1_INVERSE_ACTIVITY__mean_z,HALLMARK_HYPOXIA__ssgsea_NES,AL06,15,0.36428571428571427,0.18191025904581398,positive
KLENJA2025_BACH1_INVERSE_ACTIVITY__mean_z,HALLMARK_HYPOXIA__ssgsea_NES,AL08,15,0.34642857142857136,0.20589599209355114,positive
KLENJA2025_BACH1_INVERSE_ACTIVITY__mean_z,HALLMARK_HYPOXIA__ssgsea_NES,AL10,15,0.3214285714285714,0.2427190468016684,positive
KLENJA2025_BACH1_INVERSE_ACTIVITY__mean_z,HALLMARK_HYPOXIA__ssgsea_NES,AL11,15,0.19999999999999998,0.47481396452216845,positive
KLENJA2025_BACH1_INVERSE_ACTIVITY__mean_z,HALLMARK_HYPOXIA__ssgsea_NES,P0006,15,0.33571428571428563,0.22121153763932597,positive
KLENJA2025_BACH1_INVERSE_ACTIVITY__mean_z,HALLMARK_HYPOXIA__ssgsea_NES,P0008,15,0.33571428571428563,0.22121153763932597,positive
KLENJA2025_BACH1_INVERSE_ACTIVITY__mean_z,HALLMARK_HYPOXIA__ssgsea_NES,P0009,15,0.22142857142857136,0.42771371901637,positive
KLENJA2025_BACH1_INVERSE_ACTIVITY__mean_z,HALLMARK_HYPOXIA__ssgsea_NES,P0018,15,0.28928571428571426,0.29566536100437774,positive
KLENJA2025_BACH1_INVERSE_ACTIVITY__mean_z,HALLMARK_HYPOXIA__ssgsea_NES,P0019,15,0.2714285714285714,0.3277893068411728,positive
KLENJA2025_BACH1_INVERSE_ACTIVITY__mean_z,HALLMARK_HYPOXIA__ssgsea_NES,P0020,15,0.3285714285714285,0.23180969720615968,positive
KLENJA2025_BACH1_INVERSE_ACTIVITY__mean_z,HALLMARK_HYPOXIA__ssgsea_NES,P0025,15,0.23928571428571427,0.3903793119202355,positive
KLENJA2025_BACH1_INVERSE_ACTIVITY__mean_z,HALLMARK_HYPOXIA__ssgsea_NES,P0028,15,0.3857142857142856,0.15563079458596027,positive
KLENJA2025_BACH1_INVERSE_ACTIVITY__mean_z,HALLMARK_HYPOXIA__ssgsea_NES,P0030,15,0.33571428571428563,0.22121153763932597,positive
KLENJA2025_BACH1_INVERSE_ACTIVITY__mean_z,HALLMARK_HYPOXIA__ssgsea_NES,P0031,15,0.39999999999999997,0.1395951293721447,positive
KLENJA2025_BACH1_INVERSE_ACTIVITY__mean_z,HALLMARK_HYPOXIA__ssgsea_NES,P0034,15,0.3428571428571428,0.2109237934147519,positive
BACH1_detected_fraction,LITERATURE_LUNG_BACH1_EFFECTOR_ACTIVITY__ssgsea_NES,AL02,15,-0.30357142857142855,0.27135583600386837,negative
BACH1_detected_fraction,LITERATURE_LUNG_BACH1_EFFECTOR_ACTIVITY__ssgsea_NES,AL06,15,-0.1714285714285714,0.5412721760996332,negative
BACH1_detected_fraction,LITERATURE_LUNG_BACH1_EFFECTOR_ACTIVITY__ssgsea_NES,AL08,15,-0.33571428571428563,0.22121153763932597,negative
BACH1_detected_fraction,LITERATURE_LUNG_BACH1_EFFECTOR_ACTIVITY__ssgsea_NES,AL10,15,-0.32499999999999996,0.237225438237234,negative
BACH1_detected_fraction,LITERATURE_LUNG_BACH1_EFFECTOR_ACTIVITY__ssgsea_NES,AL11,15,-0.2178571428571428,0.43539267351553756,negative
BACH1_detected_fraction,LITERATURE_LUNG_BACH1_EFFECTOR_ACTIVITY__ssgsea_NES,P0006,15,-0.2678571428571428,0.33444360051235367,negative
BACH1_detected_fraction,LITERATURE_LUNG_BACH1_EFFECTOR_ACTIVITY__ssgsea_NES,P0008,15,-0.36428571428571427,0.18191025904581398,negative
BACH1_detected_fraction,LITERATURE_LUNG_BACH1_EFFECTOR_ACTIVITY__ssgsea_NES,P0009,15,-0.27499999999999997,0.3212111733193767,negative
BACH1_detected_fraction,LITERATURE_LUNG_BACH1_EFFECTOR_ACTIVITY__ssgsea_NES,P0018,15,-0.3607142857142856,0.1865543741541635,negative
BACH1_detected_fraction,LITERATURE_LUNG_BACH1_EFFECTOR_ACTIVITY__ssgsea_NES,P0019,15,-0.3214285714285714,0.2427190468016684,negative
BACH1_detected_fraction,LITERATURE_LUNG_BACH1_EFFECTOR_ACTIVITY__ssgsea_NES,P0020,15,-0.5214285714285714,0.04621923447857305,negative
BACH1_detected_fraction,LITERATURE_LUNG_BACH1_EFFECTOR_ACTIVITY__ssgsea_NES,P0025,15,-0.2678571428571428,0.33444360051235367,negative
BACH1_detected_fraction,LITERATURE_LUNG_BACH1_EFFECTOR_ACTIVITY__ssgsea_NES,P0028,15,-0.3214285714285714,0.2427190468016684,negative
BACH1_detected_fraction,LITERATURE_LUNG_BACH1_EFFECTOR_ACTIVITY__ssgsea_NES,P0030,15,-0.2678571428571428,0.33444360051235367,negative
BACH1_detected_fraction,LITERATURE_LUNG_BACH1_EFFECTOR_ACTIVITY__ssgsea_NES,P0031,15,-0.3285714285714285,0.23180969720615968,negative
BACH1_detected_fraction,LITERATURE_LUNG_BACH1_EFFECTOR_ACTIVITY__ssgsea_NES,P0034,15,-0.3142857142857143,0.2539400163236716,negative
COLLECTRI_BACH1_TF_ACTIVITY__decoupler_mlm,HALLMARK_HEME_METABOLISM__mean_z,AL02,15,-0.3321428571428571,0.22647175907072442,negative
COLLECTRI_BACH1_TF_ACTIVITY__decoupler_mlm,HALLMARK_HEME_METABOLISM__mean_z,AL06,15,-0.28571428571428564,0.3019363513225493,negative
COLLECTRI_BACH1_TF_ACTIVITY__decoupler_mlm,HALLMARK_HEME_METABOLISM__mean_z,AL08,15,-0.28571428571428564,0.3019363513225493,negative
COLLECTRI_BACH1_TF_ACTIVITY__decoupler_mlm,HALLMARK_HEME_METABOLISM__mean_z,AL10,15,-0.3571428571428571,0.19127476343157906,negative
COLLECTRI_BACH1_TF_ACTIVITY__decoupler_mlm,HALLMARK_HEME_METABOLISM__mean_z,AL11,15,-0.18928571428571428,0.4992630332385452,negative
COLLECTRI_BACH1_TF_ACTIVITY__decoupler_mlm,HALLMARK_HEME_METABOLISM__mean_z,P0006,15,-0.3071428571428571,0.2654726857102781,negative
COLLECTRI_BACH1_TF_ACTIVITY__decoupler_mlm,HALLMARK_HEME_METABOLISM__mean_z,P0008,15,-0.2178571428571428,0.43539267351553756,negative
COLLECTRI_BACH1_TF_ACTIVITY__decoupler_mlm,HALLMARK_HEME_METABOLISM__mean_z,P0009,15,-0.2178571428571428,0.43539267351553756,negative
COLLECTRI_BACH1_TF_ACTIVITY__decoupler_mlm,HALLMARK_HEME_METABOLISM__mean_z,P0018,15,-0.32499999999999996,0.237225438237234,negative
COLLECTRI_BACH1_TF_ACTIVITY__decoupler_mlm,HALLMARK_HEME_METABOLISM__mean_z,P0019,15,-0.2642857142857143,0.34117375799008204,negative
COLLECTRI_BACH1_TF_ACTIVITY__decoupler_mlm,HALLMARK_HEME_METABOLISM__mean_z,P0020,15,-0.3857142857142856,0.15563079458596027,negative
COLLECTRI_BACH1_TF_ACTIVITY__decoupler_mlm,HALLMARK_HEME_METABOLISM__mean_z,P0025,15,-0.4071428571428571,0.1320126637798537,negative
COLLECTRI_BACH1_TF_ACTIVITY__decoupler_mlm,HALLMARK_HEME_METABOLISM__mean_z,P0028,15,-0.3285714285714285,0.23180969720615968,negative
COLLECTRI_BACH1_TF_ACTIVITY__decoupler_mlm,HALLMARK_HEME_METABOLISM__mean_z,P0030,15,-0.4071428571428571,0.1320126637798537,negative
COLLECTRI_BACH1_TF_ACTIVITY__decoupler_mlm,HALLMARK_HEME_METABOLISM__mean_z,P0031,15,-0.33928571428571425,0.2160289253419548,negative
COLLECTRI_BACH1_TF_ACTIVITY__decoupler_mlm,HALLMARK_HEME_METABOLISM__mean_z,P0034,15,-0.3142857142857143,0.2539400163236716,negative
COLLECTRI_BACH1_TF_ACTIVITY__ssgsea_NES,HALLMARK_GLYCOLYSIS__ssgsea_NES,AL02,15,-0.5928571428571427,0.01984642197018115,negative
COLLECTRI_BACH1_TF_ACTIVITY__ssgsea_NES,HALLMARK_GLYCOLYSIS__ssgsea_NES,AL06,15,-0.23928571428571427,0.3903793119202355,negative
COLLECTRI_BACH1_TF_ACTIVITY__ssgsea_NES,HALLMARK_GLYCOLYSIS__ssgsea_NES,AL08,15,-0.28571428571428564,0.3019363513225493,negative
COLLECTRI_BACH1_TF_ACTIVITY__ssgsea_NES,HALLMARK_GLYCOLYSIS__ssgsea_NES,AL10,15,-0.3142857142857143,0.2539400163236716,negative
COLLECTRI_BACH1_TF_ACTIVITY__ssgsea_NES,HALLMARK_GLYCOLYSIS__ssgsea_NES,AL11,15,-0.27499999999999997,0.3212111733193767,negative
COLLECTRI_BACH1_TF_ACTIVITY__ssgsea_NES,HALLMARK_GLYCOLYSIS__ssgsea_NES,P0006,15,-0.34642857142857136,0.20589599209355114,negative
COLLECTRI_BACH1_TF_ACTIVITY__ssgsea_NES,HALLMARK_GLYCOLYSIS__ssgsea_NES,P0008,15,-0.34642857142857136,0.20589599209355114,negative
COLLECTRI_BACH1_TF_ACTIVITY__ssgsea_NES,HALLMARK_GLYCOLYSIS__ssgsea_NES,P0009,15,-0.2178571428571428,0.43539267351553756,negative
COLLECTRI_BACH1_TF_ACTIVITY__ssgsea_NES,HALLMARK_GLYCOLYSIS__ssgsea_NES,P0018,15,-0.2321428571428571,0.40509874069364893,negative
COLLECTRI_BACH1_TF_ACTIVITY__ssgsea_NES,HALLMARK_GLYCOLYSIS__ssgsea_NES,P0019,15,-0.2964285714285714,0.2833554284342631,negative
COLLECTRI_BACH1_TF_ACTIVITY__ssgsea_NES,HALLMARK_GLYCOLYSIS__ssgsea_NES,P0020,15,-0.3,0.27731678036838414,negative
COLLECTRI_BACH1_TF_ACTIVITY__ssgsea_NES,HALLMARK_GLYCOLYSIS__ssgsea_NES,P0025,15,-0.33571428571428563,0.22121153763932597,negative
COLLECTRI_BACH1_TF_ACTIVITY__ssgsea_NES,HALLMARK_GLYCOLYSIS__ssgsea_NES,P0028,15,-0.37857142857142856,0.16409082655922078,negative
COLLECTRI_BACH1_TF_ACTIVITY__ssgsea_NES,HALLMARK_GLYCOLYSIS__ssgsea_NES,P0030,15,-0.23928571428571427,0.3903793119202355,negative
COLLECTRI_BACH1_TF_ACTIVITY__ssgsea_NES,HALLMARK_GLYCOLYSIS__ssgsea_NES,P0031,15,-0.3071428571428571,0.2654726857102781,negative
COLLECTRI_BACH1_TF_ACTIVITY__ssgsea_NES,HALLMARK_GLYCOLYSIS__ssgsea_NES,P0034,15,-0.27499999999999997,0.3212111733193767,negative
DOROTHEA_BACH1_ABC_TF_ACTIVITY__ssgsea_NES,HALLMARK_HEME_METABOLISM__mean_z,AL02,15,0.3071428571428571,0.2654726857102781,positive
DOROTHEA_BACH1_ABC_TF_ACTIVITY__ssgsea_NES,HALLMARK_HEME_METABOLISM__mean_z,AL06,15,0.1714285714285714,0.5412721760996332,positive
DOROTHEA_BACH1_ABC_TF_ACTIVITY__ssgsea_NES,HALLMARK_HEME_METABOLISM__mean_z,AL08,15,0.28571428571428564,0.3019363513225493,positive
DOROTHEA_BACH1_ABC_TF_ACTIVITY__ssgsea_NES,HALLMARK_HEME_METABOLISM__mean_z,AL10,15,0.3607142857142856,0.1865543741541635,positive
DOROTHEA_BACH1_ABC_TF_ACTIVITY__ssgsea_NES,HALLMARK_HEME_METABOLISM__mean_z,AL11,15,0.3,0.27731678036838414,positive
DOROTHEA_BACH1_ABC_TF_ACTIVITY__ssgsea_NES,HALLMARK_HEME_METABOLISM__mean_z,P0006,15,0.33571428571428563,0.22121153763932597,positive
DOROTHEA_BACH1_ABC_TF_ACTIVITY__ssgsea_NES,HALLMARK_HEME_METABOLISM__mean_z,P0008,15,0.15,0.5936302027425882,positive
DOROTHEA_BACH1_ABC_TF_ACTIVITY__ssgsea_NES,HALLMARK_HEME_METABOLISM__mean_z,P0009,15,0.47857142857142854,0.07113080825563314,positive
DOROTHEA_BACH1_ABC_TF_ACTIVITY__ssgsea_NES,HALLMARK_HEME_METABOLISM__mean_z,P0018,15,0.30357142857142855,0.27135583600386837,positive
DOROTHEA_BACH1_ABC_TF_ACTIVITY__ssgsea_NES,HALLMARK_HEME_METABOLISM__mean_z,P0019,15,0.33571428571428563,0.22121153763932597,positive
DOROTHEA_BACH1_ABC_TF_ACTIVITY__ssgsea_NES,HALLMARK_HEME_METABOLISM__mean_z,P0020,15,0.3071428571428571,0.2654726857102781,positive
DOROTHEA_BACH1_ABC_TF_ACTIVITY__ssgsea_NES,HALLMARK_HEME_METABOLISM__mean_z,P0025,15,0.3285714285714285,0.23180969720615968,positive
DOROTHEA_BACH1_ABC_TF_ACTIVITY__ssgsea_NES,HALLMARK_HEME_METABOLISM__mean_z,P0028,15,0.2714285714285714,0.3277893068411728,positive
DOROTHEA_BACH1_ABC_TF_ACTIVITY__ssgsea_NES,HALLMARK_HEME_METABOLISM__mean_z,P0030,15,0.2321428571428571,0.40509874069364893,positive
DOROTHEA_BACH1_ABC_TF_ACTIVITY__ssgsea_NES,HALLMARK_HEME_METABOLISM__mean_z,P0031,15,0.2571428571428571,0.3548603636506091,positive
DOROTHEA_BACH1_ABC_TF_ACTIVITY__ssgsea_NES,HALLMARK_HEME_METABOLISM__mean_z,P0034,15,0.3571428571428571,0.19127476343157906,positive
BACH1_expression_mean,COLLECTRI_BACH1_TF_ACTIVITY__decoupler_ulm,AL02,15,0.1464285714285714,0.602549920983054,positive
BACH1_expression_mean,COLLECTRI_BACH1_TF_ACTIVITY__decoupler_ulm,AL06,15,0.33928571428571425,0.2160289253419548,positive
BACH1_expression_mean,COLLECTRI_BACH1_TF_ACTIVITY__decoupler_ulm,AL08,15,0.3,0.27731678036838414,positive
BACH1_expression_mean,COLLECTRI_BACH1_TF_ACTIVITY__decoupler_ulm,AL10,15,0.37499999999999994,0.1684327498467455,positive
BACH1_expression_mean,COLLECTRI_BACH1_TF_ACTIVITY__decoupler_ulm,AL11,15,0.44999999999999996,0.0923573749481225,positive
BACH1_expression_mean,COLLECTRI_BACH1_TF_ACTIVITY__decoupler_ulm,P0006,15,0.2642857142857143,0.34117375799008204,positive
BACH1_expression_mean,COLLECTRI_BACH1_TF_ACTIVITY__decoupler_ulm,P0008,15,0.37499999999999994,0.1684327498467455,positive
BACH1_expression_mean,COLLECTRI_BACH1_TF_ACTIVITY__decoupler_ulm,P0009,15,0.3285714285714285,0.23180969720615968,positive
BACH1_expression_mean,COLLECTRI_BACH1_TF_ACTIVITY__decoupler_ulm,P0018,15,0.22142857142857136,0.42771371901637,positive
BACH1_expression_mean,COLLECTRI_BACH1_TF_ACTIVITY__decoupler_ulm,P0019,15,0.3142857142857143,0.2539400163236716,positive
BACH1_expression_mean,COLLECTRI_BACH1_TF_ACTIVITY__decoupler_ulm,P0020,15,0.175,0.5327481481378592,positive
BACH1_expression_mean,COLLECTRI_BACH1_TF_ACTIVITY__decoupler_ulm,P0025,15,0.22142857142857136,0.42771371901637,positive
BACH1_expression_mean,COLLECTRI_BACH1_TF_ACTIVITY__decoupler_ulm,P0028,15,0.3,0.27731678036838414,positive
BACH1_expression_mean,COLLECTRI_BACH1_TF_ACTIVITY__decoupler_ulm,P0030,15,0.33571428571428563,0.22121153763932597,positive
BACH1_expression_mean,COLLECTRI_BACH1_TF_ACTIVITY__decoupler_ulm,P0031,15,0.3107142857142856,0.2596673973372183,positive
BACH1_expression_mean,COLLECTRI_BACH1_TF_ACTIVITY__decoupler_ulm,P0034,15,0.27499999999999997,0.3212111733193767,positive
KLENJA2025_BACH1_INVERSE_ACTIVITY__mean_z,HALLMARK_REACTIVE_OXYGEN_SPECIES_PATHWAY__ssgsea_NES,AL02,15,0.1464285714285714,0.602549920983054,positive
KLENJA2025_BACH1_INVERSE_ACTIVITY__mean_z,HALLMARK_REACTIVE_OXYGEN_SPECIES_PATHWAY__ssgsea_NES,AL06,15,0.3571428571428571,0.19127476343157906,positive
KLENJA2025_BACH1_INVERSE_ACTIVITY__mean_z,HALLMARK_REACTIVE_OXYGEN_SPECIES_PATHWAY__ssgsea_NES,AL08,15,0.2964285714285714,0.2833554284342631,positive
KLENJA2025_BACH1_INVERSE_ACTIVITY__mean_z,HALLMARK_REACTIVE_OXYGEN_SPECIES_PATHWAY__ssgsea_NES,AL10,15,0.2964285714285714,0.2833554284342631,positive
KLENJA2025_BACH1_INVERSE_ACTIVITY__mean_z,HALLMARK_REACTIVE_OXYGEN_SPECIES_PATHWAY__ssgsea_NES,AL11,15,0.47142857142857136,0.07607042915033117,positive
KLENJA2025_BACH1_INVERSE_ACTIVITY__mean_z,HALLMARK_REACTIVE_OXYGEN_SPECIES_PATHWAY__ssgsea_NES,P0006,15,0.2714285714285714,0.3277893068411728,positive
KLENJA2025_BACH1_INVERSE_ACTIVITY__mean_z,HALLMARK_REACTIVE_OXYGEN_SPECIES_PATHWAY__ssgsea_NES,P0008,15,0.3857142857142856,0.15563079458596027,positive
KLENJA2025_BACH1_INVERSE_ACTIVITY__mean_z,HALLMARK_REACTIVE_OXYGEN_SPECIES_PATHWAY__ssgsea_NES,P0009,15,0.1464285714285714,0.602549920983054,positive
KLENJA2025_BACH1_INVERSE_ACTIVITY__mean_z,HALLMARK_REACTIVE_OXYGEN_SPECIES_PATHWAY__ssgsea_NES,P0018,15,0.3285714285714285,0.23180969720615968,positive
KLENJA2025_BACH1_INVERSE_ACTIVITY__mean_z,HALLMARK_REACTIVE_OXYGEN_SPECIES_PATHWAY__ssgsea_NES,P0019,15,0.30357142857142855,0.27135583600386837,positive
KLENJA2025_BACH1_INVERSE_ACTIVITY__mean_z,HALLMARK_REACTIVE_OXYGEN_SPECIES_PATHWAY__ssgsea_NES,P0020,15,0.28928571428571426,0.29566536100437774,positive
KLENJA2025_BACH1_INVERSE_ACTIVITY__mean_z,HALLMARK_REACTIVE_OXYGEN_SPECIES_PATHWAY__ssgsea_NES,P0025,15,0.3571428571428571,0.19127476343157906,positive
KLENJA2025_BACH1_INVERSE_ACTIVITY__mean_z,HALLMARK_REACTIVE_OXYGEN_SPECIES_PATHWAY__ssgsea_NES,P0028,15,0.24285714285714283,0.3831283418393415,positive
KLENJA2025_BACH1_INVERSE_ACTIVITY__mean_z,HALLMARK_REACTIVE_OXYGEN_SPECIES_PATHWAY__ssgsea_NES,P0030,15,0.3285714285714285,0.23180969720615968,positive
KLENJA2025_BACH1_INVERSE_ACTIVITY__mean_z,HALLMARK_REACTIVE_OXYGEN_SPECIES_PATHWAY__ssgsea_NES,P0031,15,0.2071428571428571,0.45884280496347013,positive
KLENJA2025_BACH1_INVERSE_ACTIVITY__mean_z,HALLMARK_REACTIVE_OXYGEN_SPECIES_PATHWAY__ssgsea_NES,P0034,15,0.3107142857142856,0.2596673973372183,positive
DOROTHEA_BACH1_ABC_TF_ACTIVITY__decoupler_mlm,HALLMARK_HEME_METABOLISM__mean_z,AL02,15,0.2821428571428571,0.3082844568200555,positive
DOROTHEA_BACH1_ABC_TF_ACTIVITY__decoupler_mlm,HALLMARK_HEME_METABOLISM__mean_z,AL06,15,0.18928571428571428,0.4992630332385452,positive
DOROTHEA_BACH1_ABC_TF_ACTIVITY__decoupler_mlm,HALLMARK_HEME_METABOLISM__mean_z,AL08,15,0.3071428571428571,0.2654726857102781,positive
DOROTHEA_BACH1_ABC_TF_ACTIVITY__decoupler_mlm,HALLMARK_HEME_METABOLISM__mean_z,AL10,15,0.3714285714285714,0.17284974708034007,positive
DOROTHEA_BACH1_ABC_TF_ACTIVITY__decoupler_mlm,HALLMARK_HEME_METABOLISM__mean_z,AL11,15,0.4964285714285714,0.05979741374992395,positive
DOROTHEA_BACH1_ABC_TF_ACTIVITY__decoupler_mlm,HALLMARK_HEME_METABOLISM__mean_z,P0006,15,0.2928571428571428,0.28947166721240103,positive
DOROTHEA_BACH1_ABC_TF_ACTIVITY__decoupler_mlm,HALLMARK_HEME_METABOLISM__mean_z,P0008,15,0.23928571428571427,0.3903793119202355,positive
DOROTHEA_BACH1_ABC_TF_ACTIVITY__decoupler_mlm,HALLMARK_HEME_METABOLISM__mean_z,P0009,15,0.2821428571428571,0.3082844568200555,positive
DOROTHEA_BACH1_ABC_TF_ACTIVITY__decoupler_mlm,HALLMARK_HEME_METABOLISM__mean_z,P0018,15,0.3285714285714285,0.23180969720615968,positive
DOROTHEA_BACH1_ABC_TF_ACTIVITY__decoupler_mlm,HALLMARK_HEME_METABOLISM__mean_z,P0019,15,0.2928571428571428,0.28947166721240103,positive
DOROTHEA_BACH1_ABC_TF_ACTIVITY__decoupler_mlm,HALLMARK_HEME_METABOLISM__mean_z,P0020,15,0.2714285714285714,0.3277893068411728,positive
DOROTHEA_BACH1_ABC_TF_ACTIVITY__decoupler_mlm,HALLMARK_HEME_METABOLISM__mean_z,P0025,15,0.1964285714285714,0.48289875627163353,positive
DOROTHEA_BACH1_ABC_TF_ACTIVITY__decoupler_mlm,HALLMARK_HEME_METABOLISM__mean_z,P0028,15,0.2821428571428571,0.3082844568200555,positive
DOROTHEA_BACH1_ABC_TF_ACTIVITY__decoupler_mlm,HALLMARK_HEME_METABOLISM__mean_z,P0030,15,0.23928571428571427,0.3903793119202355,positive
DOROTHEA_BACH1_ABC_TF_ACTIVITY__decoupler_mlm,HALLMARK_HEME_METABOLISM__mean_z,P0031,15,0.2714285714285714,0.3277893068411728,positive
DOROTHEA_BACH1_ABC_TF_ACTIVITY__decoupler_mlm,HALLMARK_HEME_METABOLISM__mean_z,P0034,15,0.34642857142857136,0.20589599209355114,positive
DOROTHEA_BACH1_ABC_TF_ACTIVITY__ssgsea_NES,HALLMARK_OXIDATIVE_PHOSPHORYLATION__mean_z,AL02,15,-0.3428571428571428,0.2109237934147519,negative
DOROTHEA_BACH1_ABC_TF_ACTIVITY__ssgsea_NES,HALLMARK_OXIDATIVE_PHOSPHORYLATION__mean_z,AL06,15,-0.1464285714285714,0.602549920983054,negative
DOROTHEA_BACH1_ABC_TF_ACTIVITY__ssgsea_NES,HALLMARK_OXIDATIVE_PHOSPHORYLATION__mean_z,AL08,15,-0.18928571428571428,0.4992630332385452,negative
DOROTHEA_BACH1_ABC_TF_ACTIVITY__ssgsea_NES,HALLMARK_OXIDATIVE_PHOSPHORYLATION__mean_z,AL10,15,-0.2571428571428571,0.3548603636506091,negative
DOROTHEA_BACH1_ABC_TF_ACTIVITY__ssgsea_NES,HALLMARK_OXIDATIVE_PHOSPHORYLATION__mean_z,AL11,15,-0.33928571428571425,0.2160289253419548,negative
DOROTHEA_BACH1_ABC_TF_ACTIVITY__ssgsea_NES,HALLMARK_OXIDATIVE_PHOSPHORYLATION__mean_z,P0006,15,-0.3285714285714285,0.23180969720615968,negative
DOROTHEA_BACH1_ABC_TF_ACTIVITY__ssgsea_NES,HALLMARK_OXIDATIVE_PHOSPHORYLATION__mean_z,P0008,15,-0.4678571428571427,0.07863023115438064,negative
DOROTHEA_BACH1_ABC_TF_ACTIVITY__ssgsea_NES,HALLMARK_OXIDATIVE_PHOSPHORYLATION__mean_z,P0009,15,-0.1464285714285714,0.602549920983054,negative
DOROTHEA_BACH1_ABC_TF_ACTIVITY__ssgsea_NES,HALLMARK_OXIDATIVE_PHOSPHORYLATION__mean_z,P0018,15,-0.32499999999999996,0.237225438237234,negative
DOROTHEA_BACH1_ABC_TF_ACTIVITY__ssgsea_NES,HALLMARK_OXIDATIVE_PHOSPHORYLATION__mean_z,P0019,15,-0.3107142857142856,0.2596673973372183,negative
DOROTHEA_BACH1_ABC_TF_ACTIVITY__ssgsea_NES,HALLMARK_OXIDATIVE_PHOSPHORYLATION__mean_z,P0020,15,-0.18928571428571428,0.4992630332385452,negative
DOROTHEA_BACH1_ABC_TF_ACTIVITY__ssgsea_NES,HALLMARK_OXIDATIVE_PHOSPHORYLATION__mean_z,P0025,15,-0.3178571428571428,0.24829056581701822,negative
DOROTHEA_BACH1_ABC_TF_ACTIVITY__ssgsea_NES,HALLMARK_OXIDATIVE_PHOSPHORYLATION__mean_z,P0028,15,-0.3428571428571428,0.2109237934147519,negative
DOROTHEA_BACH1_ABC_TF_ACTIVITY__ssgsea_NES,HALLMARK_OXIDATIVE_PHOSPHORYLATION__mean_z,P0030,15,-0.3857142857142856,0.15563079458596027,negative
DOROTHEA_BACH1_ABC_TF_ACTIVITY__ssgsea_NES,HALLMARK_OXIDATIVE_PHOSPHORYLATION__mean_z,P0031,15,-0.3107142857142856,0.2596673973372183,negative
DOROTHEA_BACH1_ABC_TF_ACTIVITY__ssgsea_NES,HALLMARK_OXIDATIVE_PHOSPHORYLATION__mean_z,P0034,15,-0.28571428571428564,0.3019363513225493,negative
COLLECTRI_BACH1_TF_ACTIVITY__ssgsea_NES,DOROTHEA_BACH1_ABC_TF_ACTIVITY__decoupler_ulm,AL02,15,-0.28928571428571426,0.29566536100437774,negative
COLLECTRI_BACH1_TF_ACTIVITY__ssgsea_NES,DOROTHEA_BACH1_ABC_TF_ACTIVITY__decoupler_ulm,AL06,15,-0.475,0.07357086204591357,negative
COLLECTRI_BACH1_TF_ACTIVITY__ssgsea_NES,DOROTHEA_BACH1_ABC_TF_ACTIVITY__decoupler_ulm,AL08,15,-0.28928571428571426,0.29566536100437774,negative
COLLECTRI_BACH1_TF_ACTIVITY__ssgsea_NES,DOROTHEA_BACH1_ABC_TF_ACTIVITY__decoupler_ulm,AL10,15,-0.2571428571428571,0.3548603636506091,negative
COLLECTRI_BACH1_TF_ACTIVITY__ssgsea_NES,DOROTHEA_BACH1_ABC_TF_ACTIVITY__decoupler_ulm,AL11,15,-0.28928571428571426,0.29566536100437774,negative
COLLECTRI_BACH1_TF_ACTIVITY__ssgsea_NES,DOROTHEA_BACH1_ABC_TF_ACTIVITY__decoupler_ulm,P0006,15,-0.2821428571428571,0.3082844568200555,negative
COLLECTRI_BACH1_TF_ACTIVITY__ssgsea_NES,DOROTHEA_BACH1_ABC_TF_ACTIVITY__decoupler_ulm,P0008,15,-0.28928571428571426,0.29566536100437774,negative
COLLECTRI_BACH1_TF_ACTIVITY__ssgsea_NES,DOROTHEA_BACH1_ABC_TF_ACTIVITY__decoupler_ulm,P0009,15,-0.19999999999999998,0.47481396452216845,negative
COLLECTRI_BACH1_TF_ACTIVITY__ssgsea_NES,DOROTHEA_BACH1_ABC_TF_ACTIVITY__decoupler_ulm,P0018,15,-0.23571428571428568,0.39770294590327276,negative
COLLECTRI_BACH1_TF_ACTIVITY__ssgsea_NES,DOROTHEA_BACH1_ABC_TF_ACTIVITY__decoupler_ulm,P0019,15,-0.2964285714285714,0.2833554284342631,negative
COLLECTRI_BACH1_TF_ACTIVITY__ssgsea_NES,DOROTHEA_BACH1_ABC_TF_ACTIVITY__decoupler_ulm,P0020,15,-0.3,0.27731678036838414,negative
COLLECTRI_BACH1_TF_ACTIVITY__ssgsea_NES,DOROTHEA_BACH1_ABC_TF_ACTIVITY__decoupler_ulm,P0025,15,-0.15357142857142855,0.5847640949410158,negative
COLLECTRI_BACH1_TF_ACTIVITY__ssgsea_NES,DOROTHEA_BACH1_ABC_TF_ACTIVITY__decoupler_ulm,P0028,15,-0.3857142857142856,0.15563079458596027,negative
COLLECTRI_BACH1_TF_ACTIVITY__ssgsea_NES,DOROTHEA_BACH1_ABC_TF_ACTIVITY__decoupler_ulm,P0030,15,-0.2285714285714285,0.41256617049636035,negative
COLLECTRI_BACH1_TF_ACTIVITY__ssgsea_NES,DOROTHEA_BACH1_ABC_TF_ACTIVITY__decoupler_ulm,P0031,15,-0.2821428571428571,0.3082844568200555,negative
COLLECTRI_BACH1_TF_ACTIVITY__ssgsea_NES,DOROTHEA_BACH1_ABC_TF_ACTIVITY__decoupler_ulm,P0034,15,-0.3857142857142856,0.15563079458596027,negative
DOROTHEA_BACH1_ABC_TF_ACTIVITY__decoupler_ulm,COLLECTRI_BACH1_TF_ACTIVITY__ssgsea_NES,AL02,15,-0.28928571428571426,0.29566536100437774,negative
DOROTHEA_BACH1_ABC_TF_ACTIVITY__decoupler_ulm,COLLECTRI_BACH1_TF_ACTIVITY__ssgsea_NES,AL06,15,-0.475,0.07357086204591357,negative
DOROTHEA_BACH1_ABC_TF_ACTIVITY__decoupler_ulm,COLLECTRI_BACH1_TF_ACTIVITY__ssgsea_NES,AL08,15,-0.28928571428571426,0.29566536100437774,negative
DOROTHEA_BACH1_ABC_TF_ACTIVITY__decoupler_ulm,COLLECTRI_BACH1_TF_ACTIVITY__ssgsea_NES,AL10,15,-0.2571428571428571,0.3548603636506091,negative
DOROTHEA_BACH1_ABC_TF_ACTIVITY__decoupler_ulm,COLLECTRI_BACH1_TF_ACTIVITY__ssgsea_NES,AL11,15,-0.28928571428571426,0.29566536100437774,negative
DOROTHEA_BACH1_ABC_TF_ACTIVITY__decoupler_ulm,COLLECTRI_BACH1_TF_ACTIVITY__ssgsea_NES,P0006,15,-0.2821428571428571,0.3082844568200555,negative
DOROTHEA_BACH1_ABC_TF_ACTIVITY__decoupler_ulm,COLLECTRI_BACH1_TF_ACTIVITY__ssgsea_NES,P0008,15,-0.28928571428571426,0.29566536100437774,negative
DOROTHEA_BACH1_ABC_TF_ACTIVITY__decoupler_ulm,COLLECTRI_BACH1_TF_ACTIVITY__ssgsea_NES,P0009,15,-0.19999999999999998,0.47481396452216845,negative
DOROTHEA_BACH1_ABC_TF_ACTIVITY__decoupler_ulm,COLLECTRI_BACH1_TF_ACTIVITY__ssgsea_NES,P0018,15,-0.23571428571428568,0.39770294590327276,negative
DOROTHEA_BACH1_ABC_TF_ACTIVITY__decoupler_ulm,COLLECTRI_BACH1_TF_ACTIVITY__ssgsea_NES,P0019,15,-0.2964285714285714,0.2833554284342631,negative
DOROTHEA_BACH1_ABC_TF_ACTIVITY__decoupler_ulm,COLLECTRI_BACH1_TF_ACTIVITY__ssgsea_NES,P0020,15,-0.3,0.27731678036838414,negative
DOROTHEA_BACH1_ABC_TF_ACTIVITY__decoupler_ulm,COLLECTRI_BACH1_TF_ACTIVITY__ssgsea_NES,P0025,15,-0.15357142857142855,0.5847640949410158,negative
DOROTHEA_BACH1_ABC_TF_ACTIVITY__decoupler_ulm,COLLECTRI_BACH1_TF_ACTIVITY__ssgsea_NES,P0028,15,-0.3857142857142856,0.15563079458596027,negative
DOROTHEA_BACH1_ABC_TF_ACTIVITY__decoupler_ulm,COLLECTRI_BACH1_TF_ACTIVITY__ssgsea_NES,P0030,15,-0.2285714285714285,0.41256617049636035,negative
DOROTHEA_BACH1_ABC_TF_ACTIVITY__decoupler_ulm,COLLECTRI_BACH1_TF_ACTIVITY__ssgsea_NES,P0031,15,-0.2821428571428571,0.3082844568200555,negative
DOROTHEA_BACH1_ABC_TF_ACTIVITY__decoupler_ulm,COLLECTRI_BACH1_TF_ACTIVITY__ssgsea_NES,P0034,15,-0.3857142857142856,0.15563079458596027,negative
DOROTHEA_BACH1_ABC_TF_ACTIVITY__mean_z,HALLMARK_REACTIVE_OXYGEN_SPECIES_PATHWAY__ssgsea_NES,AL02,15,0.5285714285714286,0.0427972893094504,positive
DOROTHEA_BACH1_ABC_TF_ACTIVITY__mean_z,HALLMARK_REACTIVE_OXYGEN_SPECIES_PATHWAY__ssgsea_NES,AL06,15,0.2071428571428571,0.45884280496347013,positive
DOROTHEA_BACH1_ABC_TF_ACTIVITY__mean_z,HALLMARK_REACTIVE_OXYGEN_SPECIES_PATHWAY__ssgsea_NES,AL08,15,0.2642857142857143,0.34117375799008204,positive
DOROTHEA_BACH1_ABC_TF_ACTIVITY__mean_z,HALLMARK_REACTIVE_OXYGEN_SPECIES_PATHWAY__ssgsea_NES,AL10,15,0.23928571428571427,0.3903793119202355,positive
DOROTHEA_BACH1_ABC_TF_ACTIVITY__mean_z,HALLMARK_REACTIVE_OXYGEN_SPECIES_PATHWAY__ssgsea_NES,AL11,15,0.23571428571428568,0.39770294590327276,positive
DOROTHEA_BACH1_ABC_TF_ACTIVITY__mean_z,HALLMARK_REACTIVE_OXYGEN_SPECIES_PATHWAY__ssgsea_NES,P0006,15,0.2928571428571428,0.28947166721240103,positive
DOROTHEA_BACH1_ABC_TF_ACTIVITY__mean_z,HALLMARK_REACTIVE_OXYGEN_SPECIES_PATHWAY__ssgsea_NES,P0008,15,0.2714285714285714,0.3277893068411728,positive
DOROTHEA_BACH1_ABC_TF_ACTIVITY__mean_z,HALLMARK_REACTIVE_OXYGEN_SPECIES_PATHWAY__ssgsea_NES,P0009,15,0.18928571428571428,0.4992630332385452,positive
DOROTHEA_BACH1_ABC_TF_ACTIVITY__mean_z,HALLMARK_REACTIVE_OXYGEN_SPECIES_PATHWAY__ssgsea_NES,P0018,15,0.3142857142857143,0.2539400163236716,positive
DOROTHEA_BACH1_ABC_TF_ACTIVITY__mean_z,HALLMARK_REACTIVE_OXYGEN_SPECIES_PATHWAY__ssgsea_NES,P0019,15,0.2821428571428571,0.3082844568200555,positive
DOROTHEA_BACH1_ABC_TF_ACTIVITY__mean_z,HALLMARK_REACTIVE_OXYGEN_SPECIES_PATHWAY__ssgsea_NES,P0020,15,0.34642857142857136,0.20589599209355114,positive
DOROTHEA_BACH1_ABC_TF_ACTIVITY__mean_z,HALLMARK_REACTIVE_OXYGEN_SPECIES_PATHWAY__ssgsea_NES,P0025,15,0.33571428571428563,0.22121153763932597,positive
DOROTHEA_BACH1_ABC_TF_ACTIVITY__mean_z,HALLMARK_REACTIVE_OXYGEN_SPECIES_PATHWAY__ssgsea_NES,P0028,15,0.23928571428571427,0.3903793119202355,positive
DOROTHEA_BACH1_ABC_TF_ACTIVITY__mean_z,HALLMARK_REACTIVE_OXYGEN_SPECIES_PATHWAY__ssgsea_NES,P0030,15,0.3214285714285714,0.2427190468016684,positive
DOROTHEA_BACH1_ABC_TF_ACTIVITY__mean_z,HALLMARK_REACTIVE_OXYGEN_SPECIES_PATHWAY__ssgsea_NES,P0031,15,0.27499999999999997,0.3212111733193767,positive
DOROTHEA_BACH1_ABC_TF_ACTIVITY__mean_z,HALLMARK_REACTIVE_OXYGEN_SPECIES_PATHWAY__ssgsea_NES,P0034,15,0.2964285714285714,0.2833554284342631,positive
COLLECTRI_BACH1_TF_ACTIVITY__ssgsea_NES,DOROTHEA_BACH1_ABC_TF_ACTIVITY__ssgsea_NES,AL02,15,0.4392857142857142,0.10136057119347246,positive
COLLECTRI_BACH1_TF_ACTIVITY__ssgsea_NES,DOROTHEA_BACH1_ABC_TF_ACTIVITY__ssgsea_NES,AL06,15,0.16428571428571426,0.5584973732486012,positive
COLLECTRI_BACH1_TF_ACTIVITY__ssgsea_NES,DOROTHEA_BACH1_ABC_TF_ACTIVITY__ssgsea_NES,AL08,15,0.30357142857142855,0.27135583600386837,positive
COLLECTRI_BACH1_TF_ACTIVITY__ssgsea_NES,DOROTHEA_BACH1_ABC_TF_ACTIVITY__ssgsea_NES,AL10,15,0.3107142857142856,0.2596673973372183,positive
COLLECTRI_BACH1_TF_ACTIVITY__ssgsea_NES,DOROTHEA_BACH1_ABC_TF_ACTIVITY__ssgsea_NES,AL11,15,0.25357142857142856,0.3618161038158894,positive
COLLECTRI_BACH1_TF_ACTIVITY__ssgsea_NES,DOROTHEA_BACH1_ABC_TF_ACTIVITY__ssgsea_NES,P0006,15,0.2928571428571428,0.28947166721240103,positive
COLLECTRI_BACH1_TF_ACTIVITY__ssgsea_NES,DOROTHEA_BACH1_ABC_TF_ACTIVITY__ssgsea_NES,P0008,15,0.24285714285714283,0.3831283418393415,positive
COLLECTRI_BACH1_TF_ACTIVITY__ssgsea_NES,DOROTHEA_BACH1_ABC_TF_ACTIVITY__ssgsea_NES,P0009,15,0.13928571428571426,0.6205460876279013,positive
COLLECTRI_BACH1_TF_ACTIVITY__ssgsea_NES,DOROTHEA_BACH1_ABC_TF_ACTIVITY__ssgsea_NES,P0018,15,0.3321428571428571,0.22647175907072442,positive
COLLECTRI_BACH1_TF_ACTIVITY__ssgsea_NES,DOROTHEA_BACH1_ABC_TF_ACTIVITY__ssgsea_NES,P0019,15,0.28571428571428564,0.3019363513225493,positive
COLLECTRI_BACH1_TF_ACTIVITY__ssgsea_NES,DOROTHEA_BACH1_ABC_TF_ACTIVITY__ssgsea_NES,P0020,15,0.30357142857142855,0.27135583600386837,positive
COLLECTRI_BACH1_TF_ACTIVITY__ssgsea_NES,DOROTHEA_BACH1_ABC_TF_ACTIVITY__ssgsea_NES,P0025,15,0.30357142857142855,0.27135583600386837,positive
COLLECTRI_BACH1_TF_ACTIVITY__ssgsea_NES,DOROTHEA_BACH1_ABC_TF_ACTIVITY__ssgsea_NES,P0028,15,0.25357142857142856,0.3618161038158894,positive
COLLECTRI_BACH1_TF_ACTIVITY__ssgsea_NES,DOROTHEA_BACH1_ABC_TF_ACTIVITY__ssgsea_NES,P0030,15,0.38928571428571423,0.151511936790394,positive
COLLECTRI_BACH1_TF_ACTIVITY__ssgsea_NES,DOROTHEA_BACH1_ABC_TF_ACTIVITY__ssgsea_NES,P0031,15,0.2785714285714285,0.3147094732307908,positive
COLLECTRI_BACH1_TF_ACTIVITY__ssgsea_NES,DOROTHEA_BACH1_ABC_TF_ACTIVITY__ssgsea_NES,P0034,15,0.25357142857142856,0.3618161038158894,positive
DOROTHEA_BACH1_ABC_TF_ACTIVITY__ssgsea_NES,COLLECTRI_BACH1_TF_ACTIVITY__ssgsea_NES,AL02,15,0.4392857142857142,0.10136057119347246,positive
DOROTHEA_BACH1_ABC_TF_ACTIVITY__ssgsea_NES,COLLECTRI_BACH1_TF_ACTIVITY__ssgsea_NES,AL06,15,0.16428571428571426,0.5584973732486012,positive
DOROTHEA_BACH1_ABC_TF_ACTIVITY__ssgsea_NES,COLLECTRI_BACH1_TF_ACTIVITY__ssgsea_NES,AL08,15,0.30357142857142855,0.27135583600386837,positive
DOROTHEA_BACH1_ABC_TF_ACTIVITY__ssgsea_NES,COLLECTRI_BACH1_TF_ACTIVITY__ssgsea_NES,AL10,15,0.3107142857142856,0.2596673973372183,positive
DOROTHEA_BACH1_ABC_TF_ACTIVITY__ssgsea_NES,COLLECTRI_BACH1_TF_ACTIVITY__ssgsea_NES,AL11,15,0.25357142857142856,0.3618161038158894,positive
DOROTHEA_BACH1_ABC_TF_ACTIVITY__ssgsea_NES,COLLECTRI_BACH1_TF_ACTIVITY__ssgsea_NES,P0006,15,0.2928571428571428,0.28947166721240103,positive
DOROTHEA_BACH1_ABC_TF_ACTIVITY__ssgsea_NES,COLLECTRI_BACH1_TF_ACTIVITY__ssgsea_NES,P0008,15,0.24285714285714283,0.3831283418393415,positive
DOROTHEA_BACH1_ABC_TF_ACTIVITY__ssgsea_NES,COLLECTRI_BACH1_TF_ACTIVITY__ssgsea_NES,P0009,15,0.13928571428571426,0.6205460876279013,positive
DOROTHEA_BACH1_ABC_TF_ACTIVITY__ssgsea_NES,COLLECTRI_BACH1_TF_ACTIVITY__ssgsea_NES,P0018,15,0.3321428571428571,0.22647175907072442,positive
DOROTHEA_BACH1_ABC_TF_ACTIVITY__ssgsea_NES,COLLECTRI_BACH1_TF_ACTIVITY__ssgsea_NES,P0019,15,0.28571428571428564,0.3019363513225493,positive
DOROTHEA_BACH1_ABC_TF_ACTIVITY__ssgsea_NES,COLLECTRI_BACH1_TF_ACTIVITY__ssgsea_NES,P0020,15,0.30357142857142855,0.27135583600386837,positive
DOROTHEA_BACH1_ABC_TF_ACTIVITY__ssgsea_NES,COLLECTRI_BACH1_TF_ACTIVITY__ssgsea_NES,P0025,15,0.30357142857142855,0.27135583600386837,positive
DOROTHEA_BACH1_ABC_TF_ACTIVITY__ssgsea_NES,COLLECTRI_BACH1_TF_ACTIVITY__ssgsea_NES,P0028,15,0.25357142857142856,0.3618161038158894,positive
DOROTHEA_BACH1_ABC_TF_ACTIVITY__ssgsea_NES,COLLECTRI_BACH1_TF_ACTIVITY__ssgsea_NES,P0030,15,0.38928571428571423,0.151511936790394,positive
DOROTHEA_BACH1_ABC_TF_ACTIVITY__ssgsea_NES,COLLECTRI_BACH1_TF_ACTIVITY__ssgsea_NES,P0031,15,0.2785714285714285,0.3147094732307908,positive
DOROTHEA_BACH1_ABC_TF_ACTIVITY__ssgsea_NES,COLLECTRI_BACH1_TF_ACTIVITY__ssgsea_NES,P0034,15,0.25357142857142856,0.3618161038158894,positive
BACH1_expression_mean,COLLECTRI_BACH1_TF_ACTIVITY__ssgsea_NES,AL02,15,0.12857142857142856,0.6479163294665075,positive
BACH1_expression_mean,COLLECTRI_BACH1_TF_ACTIVITY__ssgsea_NES,AL06,15,0.21071428571428572,0.450957865215285,positive
BACH1_expression_mean,COLLECTRI_BACH1_TF_ACTIVITY__ssgsea_NES,AL08,15,0.2642857142857143,0.34117375799008204,positive
BACH1_expression_mean,COLLECTRI_BACH1_TF_ACTIVITY__ssgsea_NES,AL10,15,0.2678571428571428,0.33444360051235367,positive
BACH1_expression_mean,COLLECTRI_BACH1_TF_ACTIVITY__ssgsea_NES,AL11,15,0.2642857142857143,0.34117375799008204,positive
BACH1_expression_mean,COLLECTRI_BACH1_TF_ACTIVITY__ssgsea_NES,P0006,15,0.18928571428571428,0.4992630332385452,positive
BACH1_expression_mean,COLLECTRI_BACH1_TF_ACTIVITY__ssgsea_NES,P0008,15,0.22499999999999998,0.42010468690763486,positive
BACH1_expression_mean,COLLECTRI_BACH1_TF_ACTIVITY__ssgsea_NES,P0009,15,0.38928571428571423,0.151511936790394,positive
BACH1_expression_mean,COLLECTRI_BACH1_TF_ACTIVITY__ssgsea_NES,P0018,15,0.39642857142857135,0.1434945314423537,positive
BACH1_expression_mean,COLLECTRI_BACH1_TF_ACTIVITY__ssgsea_NES,P0019,15,0.2785714285714285,0.3147094732307908,positive
BACH1_expression_mean,COLLECTRI_BACH1_TF_ACTIVITY__ssgsea_NES,P0020,15,0.3142857142857143,0.2539400163236716,positive
BACH1_expression_mean,COLLECTRI_BACH1_TF_ACTIVITY__ssgsea_NES,P0025,15,0.44999999999999996,0.0923573749481225,positive
BACH1_expression_mean,COLLECTRI_BACH1_TF_ACTIVITY__ssgsea_NES,P0028,15,0.28571428571428564,0.3019363513225493,positive
BACH1_expression_mean,COLLECTRI_BACH1_TF_ACTIVITY__ssgsea_NES,P0030,15,0.28571428571428564,0.3019363513225493,positive
BACH1_expression_mean,COLLECTRI_BACH1_TF_ACTIVITY__ssgsea_NES,P0031,15,0.2678571428571428,0.33444360051235367,positive
BACH1_expression_mean,COLLECTRI_BACH1_TF_ACTIVITY__ssgsea_NES,P0034,15,0.28928571428571426,0.29566536100437774,positive
COLLECTRI_BACH1_TF_ACTIVITY__ssgsea_NES,HALLMARK_OXIDATIVE_PHOSPHORYLATION__mean_z,AL02,15,-0.25,0.36884629178393047,negative
COLLECTRI_BACH1_TF_ACTIVITY__ssgsea_NES,HALLMARK_OXIDATIVE_PHOSPHORYLATION__mean_z,AL06,15,-0.1464285714285714,0.602549920983054,negative
COLLECTRI_BACH1_TF_ACTIVITY__ssgsea_NES,HALLMARK_OXIDATIVE_PHOSPHORYLATION__mean_z,AL08,15,-0.33571428571428563,0.22121153763932597,negative
COLLECTRI_BACH1_TF_ACTIVITY__ssgsea_NES,HALLMARK_OXIDATIVE_PHOSPHORYLATION__mean_z,AL10,15,-0.33928571428571425,0.2160289253419548,negative
COLLECTRI_BACH1_TF_ACTIVITY__ssgsea_NES,HALLMARK_OXIDATIVE_PHOSPHORYLATION__mean_z,AL11,15,-0.33571428571428563,0.22121153763932597,negative
COLLECTRI_BACH1_TF_ACTIVITY__ssgsea_NES,HALLMARK_OXIDATIVE_PHOSPHORYLATION__mean_z,P0006,15,-0.3285714285714285,0.23180969720615968,negative
COLLECTRI_BACH1_TF_ACTIVITY__ssgsea_NES,HALLMARK_OXIDATIVE_PHOSPHORYLATION__mean_z,P0008,15,-0.36428571428571427,0.18191025904581398,negative
COLLECTRI_BACH1_TF_ACTIVITY__ssgsea_NES,HALLMARK_OXIDATIVE_PHOSPHORYLATION__mean_z,P0009,15,-0.125,0.6571356681869506,negative
COLLECTRI_BACH1_TF_ACTIVITY__ssgsea_NES,HALLMARK_OXIDATIVE_PHOSPHORYLATION__mean_z,P0018,15,-0.2678571428571428,0.33444360051235367,negative
COLLECTRI_BACH1_TF_ACTIVITY__ssgsea_NES,HALLMARK_OXIDATIVE_PHOSPHORYLATION__mean_z,P0019,15,-0.2678571428571428,0.33444360051235367,negative
COLLECTRI_BACH1_TF_ACTIVITY__ssgsea_NES,HALLMARK_OXIDATIVE_PHOSPHORYLATION__mean_z,P0020,15,-0.33928571428571425,0.2160289253419548,negative
COLLECTRI_BACH1_TF_ACTIVITY__ssgsea_NES,HALLMARK_OXIDATIVE_PHOSPHORYLATION__mean_z,P0025,15,-0.25357142857142856,0.3618161038158894,negative
COLLECTRI_BACH1_TF_ACTIVITY__ssgsea_NES,HALLMARK_OXIDATIVE_PHOSPHORYLATION__mean_z,P0028,15,-0.35,0.20094535081629333,negative
COLLECTRI_BACH1_TF_ACTIVITY__ssgsea_NES,HALLMARK_OXIDATIVE_PHOSPHORYLATION__mean_z,P0030,15,-0.1964285714285714,0.48289875627163353,negative
COLLECTRI_BACH1_TF_ACTIVITY__ssgsea_NES,HALLMARK_OXIDATIVE_PHOSPHORYLATION__mean_z,P0031,15,-0.3071428571428571,0.2654726857102781,negative
COLLECTRI_BACH1_TF_ACTIVITY__ssgsea_NES,HALLMARK_OXIDATIVE_PHOSPHORYLATION__mean_z,P0034,15,-0.24642857142857136,0.375950515973805,negative
DOROTHEA_BACH1_ABC_TF_ACTIVITY__ssgsea_NES,LITERATURE_LUNG_BACH1_EFFECTOR_ACTIVITY__ssgsea_NES,AL02,15,-0.3214285714285714,0.2427190468016684,negative
DOROTHEA_BACH1_ABC_TF_ACTIVITY__ssgsea_NES,LITERATURE_LUNG_BACH1_EFFECTOR_ACTIVITY__ssgsea_NES,AL06,15,-0.1464285714285714,0.602549920983054,negative
DOROTHEA_BACH1_ABC_TF_ACTIVITY__ssgsea_NES,LITERATURE_LUNG_BACH1_EFFECTOR_ACTIVITY__ssgsea_NES,AL08,15,-0.37499999999999994,0.1684327498467455,negative
DOROTHEA_BACH1_ABC_TF_ACTIVITY__ssgsea_NES,LITERATURE_LUNG_BACH1_EFFECTOR_ACTIVITY__ssgsea_NES,AL10,15,-0.33928571428571425,0.2160289253419548,negative
DOROTHEA_BACH1_ABC_TF_ACTIVITY__ssgsea_NES,LITERATURE_LUNG_BACH1_EFFECTOR_ACTIVITY__ssgsea_NES,AL11,15,-0.2678571428571428,0.33444360051235367,negative
DOROTHEA_BACH1_ABC_TF_ACTIVITY__ssgsea_NES,LITERATURE_LUNG_BACH1_EFFECTOR_ACTIVITY__ssgsea_NES,P0006,15,-0.27499999999999997,0.3212111733193767,negative
DOROTHEA_BACH1_ABC_TF_ACTIVITY__ssgsea_NES,LITERATURE_LUNG_BACH1_EFFECTOR_ACTIVITY__ssgsea_NES,P0008,15,-0.125,0.6571356681869506,negative
DOROTHEA_BACH1_ABC_TF_ACTIVITY__ssgsea_NES,LITERATURE_LUNG_BACH1_EFFECTOR_ACTIVITY__ssgsea_NES,P0009,15,-0.1464285714285714,0.602549920983054,negative
DOROTHEA_BACH1_ABC_TF_ACTIVITY__ssgsea_NES,LITERATURE_LUNG_BACH1_EFFECTOR_ACTIVITY__ssgsea_NES,P0018,15,-0.27499999999999997,0.3212111733193767,negative
DOROTHEA_BACH1_ABC_TF_ACTIVITY__ssgsea_NES,LITERATURE_LUNG_BACH1_EFFECTOR_ACTIVITY__ssgsea_NES,P0019,15,-0.32499999999999996,0.237225438237234,negative
DOROTHEA_BACH1_ABC_TF_ACTIVITY__ssgsea_NES,LITERATURE_LUNG_BACH1_EFFECTOR_ACTIVITY__ssgsea_NES,P0020,15,-0.4107142857142856,0.12832864601574892,negative
DOROTHEA_BACH1_ABC_TF_ACTIVITY__ssgsea_NES,LITERATURE_LUNG_BACH1_EFFECTOR_ACTIVITY__ssgsea_NES,P0025,15,-0.27499999999999997,0.3212111733193767,negative
DOROTHEA_BACH1_ABC_TF_ACTIVITY__ssgsea_NES,LITERATURE_LUNG_BACH1_EFFECTOR_ACTIVITY__ssgsea_NES,P0028,15,-0.3214285714285714,0.2427190468016684,negative
DOROTHEA_BACH1_ABC_TF_ACTIVITY__ssgsea_NES,LITERATURE_LUNG_BACH1_EFFECTOR_ACTIVITY__ssgsea_NES,P0030,15,-0.20357142857142854,0.4667950724891123,negative
DOROTHEA_BACH1_ABC_TF_ACTIVITY__ssgsea_NES,LITERATURE_LUNG_BACH1_EFFECTOR_ACTIVITY__ssgsea_NES,P0031,15,-0.33928571428571425,0.2160289253419548,negative
DOROTHEA_BACH1_ABC_TF_ACTIVITY__ssgsea_NES,LITERATURE_LUNG_BACH1_EFFECTOR_ACTIVITY__ssgsea_NES,P0034,15,-0.30357142857142855,0.27135583600386837,negative
COLLECTRI_BACH1_TF_ACTIVITY__decoupler_ulm,HALLMARK_GLYCOLYSIS__mean_z,AL02,15,0.42142857142857143,0.11769939585541633,positive
COLLECTRI_BACH1_TF_ACTIVITY__decoupler_ulm,HALLMARK_GLYCOLYSIS__mean_z,AL06,15,0.27499999999999997,0.3212111733193767,positive
COLLECTRI_BACH1_TF_ACTIVITY__decoupler_ulm,HALLMARK_GLYCOLYSIS__mean_z,AL08,15,0.22142857142857136,0.42771371901637,positive
COLLECTRI_BACH1_TF_ACTIVITY__decoupler_ulm,HALLMARK_GLYCOLYSIS__mean_z,AL10,15,0.1857142857142857,0.5075409629336735,positive
COLLECTRI_BACH1_TF_ACTIVITY__decoupler_ulm,HALLMARK_GLYCOLYSIS__mean_z,AL11,15,0.3428571428571428,0.2109237934147519,positive
COLLECTRI_BACH1_TF_ACTIVITY__decoupler_ulm,HALLMARK_GLYCOLYSIS__mean_z,P0006,15,0.27499999999999997,0.3212111733193767,positive
COLLECTRI_BACH1_TF_ACTIVITY__decoupler_ulm,HALLMARK_GLYCOLYSIS__mean_z,P0008,15,0.37857142857142856,0.16409082655922078,positive
COLLECTRI_BACH1_TF_ACTIVITY__decoupler_ulm,HALLMARK_GLYCOLYSIS__mean_z,P0009,15,0.3,0.27731678036838414,positive
COLLECTRI_BACH1_TF_ACTIVITY__decoupler_ulm,HALLMARK_GLYCOLYSIS__mean_z,P0018,15,0.15714285714285714,0.5759526006037947,positive
COLLECTRI_BACH1_TF_ACTIVITY__decoupler_ulm,HALLMARK_GLYCOLYSIS__mean_z,P0019,15,0.3107142857142856,0.2596673973372183,positive
COLLECTRI_BACH1_TF_ACTIVITY__decoupler_ulm,HALLMARK_GLYCOLYSIS__mean_z,P0020,15,0.2071428571428571,0.45884280496347013,positive
COLLECTRI_BACH1_TF_ACTIVITY__decoupler_ulm,HALLMARK_GLYCOLYSIS__mean_z,P0025,15,0.23928571428571427,0.3903793119202355,positive
COLLECTRI_BACH1_TF_ACTIVITY__decoupler_ulm,HALLMARK_GLYCOLYSIS__mean_z,P0028,15,0.22142857142857136,0.42771371901637,positive
COLLECTRI_BACH1_TF_ACTIVITY__decoupler_ulm,HALLMARK_GLYCOLYSIS__mean_z,P0030,15,0.23928571428571427,0.3903793119202355,positive
COLLECTRI_BACH1_TF_ACTIVITY__decoupler_ulm,HALLMARK_GLYCOLYSIS__mean_z,P0031,15,0.28571428571428564,0.3019363513225493,positive
COLLECTRI_BACH1_TF_ACTIVITY__decoupler_ulm,HALLMARK_GLYCOLYSIS__mean_z,P0034,15,0.33928571428571425,0.2160289253419548,positive
BACH1_expression_mean,LITERATURE_LUNG_BACH1_EFFECTOR_ACTIVITY__ssgsea_NES,AL02,15,-0.2678571428571428,0.33444360051235367,negative
BACH1_expression_mean,LITERATURE_LUNG_BACH1_EFFECTOR_ACTIVITY__ssgsea_NES,AL06,15,-0.125,0.6571356681869506,negative
BACH1_expression_mean,LITERATURE_LUNG_BACH1_EFFECTOR_ACTIVITY__ssgsea_NES,AL08,15,-0.2785714285714285,0.3147094732307908,negative
BACH1_expression_mean,LITERATURE_LUNG_BACH1_EFFECTOR_ACTIVITY__ssgsea_NES,AL10,15,-0.28928571428571426,0.29566536100437774,negative
BACH1_expression_mean,LITERATURE_LUNG_BACH1_EFFECTOR_ACTIVITY__ssgsea_NES,AL11,15,-0.1714285714285714,0.5412721760996332,negative
BACH1_expression_mean,LITERATURE_LUNG_BACH1_EFFECTOR_ACTIVITY__ssgsea_NES,P0006,15,-0.22499999999999998,0.42010468690763486,negative
BACH1_expression_mean,LITERATURE_LUNG_BACH1_EFFECTOR_ACTIVITY__ssgsea_NES,P0008,15,-0.16428571428571426,0.5584973732486012,negative
BACH1_expression_mean,LITERATURE_LUNG_BACH1_EFFECTOR_ACTIVITY__ssgsea_NES,P0009,15,-0.3,0.27731678036838414,negative
BACH1_expression_mean,LITERATURE_LUNG_BACH1_EFFECTOR_ACTIVITY__ssgsea_NES,P0018,15,-0.3285714285714285,0.23180969720615968,negative
BACH1_expression_mean,LITERATURE_LUNG_BACH1_EFFECTOR_ACTIVITY__ssgsea_NES,P0019,15,-0.2821428571428571,0.3082844568200555,negative
BACH1_expression_mean,LITERATURE_LUNG_BACH1_EFFECTOR_ACTIVITY__ssgsea_NES,P0020,15,-0.457142857142857,0.08667812662416981,negative
BACH1_expression_mean,LITERATURE_LUNG_BACH1_EFFECTOR_ACTIVITY__ssgsea_NES,P0025,15,-0.22499999999999998,0.42010468690763486,negative
BACH1_expression_mean,LITERATURE_LUNG_BACH1_EFFECTOR_ACTIVITY__ssgsea_NES,P0028,15,-0.2964285714285714,0.2833554284342631,negative
BACH1_expression_mean,LITERATURE_LUNG_BACH1_EFFECTOR_ACTIVITY__ssgsea_NES,P0030,15,-0.37499999999999994,0.1684327498467455,negative
BACH1_expression_mean,LITERATURE_LUNG_BACH1_EFFECTOR_ACTIVITY__ssgsea_NES,P0031,15,-0.2964285714285714,0.2833554284342631,negative
BACH1_expression_mean,LITERATURE_LUNG_BACH1_EFFECTOR_ACTIVITY__ssgsea_NES,P0034,15,-0.2678571428571428,0.33444360051235367,negative
DOROTHEA_BACH1_ABC_TF_ACTIVITY__ssgsea_NES,HALLMARK_EPITHELIAL_MESENCHYMAL_TRANSITION__ssgsea_NES,AL02,15,0.16428571428571426,0.5584973732486012,positive
DOROTHEA_BACH1_ABC_TF_ACTIVITY__ssgsea_NES,HALLMARK_EPITHELIAL_MESENCHYMAL_TRANSITION__ssgsea_NES,AL06,15,0.1857142857142857,0.5075409629336735,positive
DOROTHEA_BACH1_ABC_TF_ACTIVITY__ssgsea_NES,HALLMARK_EPITHELIAL_MESENCHYMAL_TRANSITION__ssgsea_NES,AL08,15,0.18214285714285713,0.5158816817070392,positive
DOROTHEA_BACH1_ABC_TF_ACTIVITY__ssgsea_NES,HALLMARK_EPITHELIAL_MESENCHYMAL_TRANSITION__ssgsea_NES,AL10,15,0.2785714285714285,0.3147094732307908,positive
DOROTHEA_BACH1_ABC_TF_ACTIVITY__ssgsea_NES,HALLMARK_EPITHELIAL_MESENCHYMAL_TRANSITION__ssgsea_NES,AL11,15,0.35357142857142854,0.19607167843419873,positive
DOROTHEA_BACH1_ABC_TF_ACTIVITY__ssgsea_NES,HALLMARK_EPITHELIAL_MESENCHYMAL_TRANSITION__ssgsea_NES,P0006,15,0.33571428571428563,0.22121153763932597,positive
DOROTHEA_BACH1_ABC_TF_ACTIVITY__ssgsea_NES,HALLMARK_EPITHELIAL_MESENCHYMAL_TRANSITION__ssgsea_NES,P0008,15,0.35357142857142854,0.19607167843419873,positive
DOROTHEA_BACH1_ABC_TF_ACTIVITY__ssgsea_NES,HALLMARK_EPITHELIAL_MESENCHYMAL_TRANSITION__ssgsea_NES,P0009,15,0.23928571428571427,0.3903793119202355,positive
DOROTHEA_BACH1_ABC_TF_ACTIVITY__ssgsea_NES,HALLMARK_EPITHELIAL_MESENCHYMAL_TRANSITION__ssgsea_NES,P0018,15,0.2964285714285714,0.2833554284342631,positive
DOROTHEA_BACH1_ABC_TF_ACTIVITY__ssgsea_NES,HALLMARK_EPITHELIAL_MESENCHYMAL_TRANSITION__ssgsea_NES,P0019,15,0.2785714285714285,0.3147094732307908,positive
DOROTHEA_BACH1_ABC_TF_ACTIVITY__ssgsea_NES,HALLMARK_EPITHELIAL_MESENCHYMAL_TRANSITION__ssgsea_NES,P0020,15,0.1928571428571428,0.49104870160522307,positive
DOROTHEA_BACH1_ABC_TF_ACTIVITY__ssgsea_NES,HALLMARK_EPITHELIAL_MESENCHYMAL_TRANSITION__ssgsea_NES,P0025,15,0.28928571428571426,0.29566536100437774,positive
DOROTHEA_BACH1_ABC_TF_ACTIVITY__ssgsea_NES,HALLMARK_EPITHELIAL_MESENCHYMAL_TRANSITION__ssgsea_NES,P0028,15,0.3214285714285714,0.2427190468016684,positive
DOROTHEA_BACH1_ABC_TF_ACTIVITY__ssgsea_NES,HALLMARK_EPITHELIAL_MESENCHYMAL_TRANSITION__ssgsea_NES,P0030,15,0.2785714285714285,0.3147094732307908,positive
DOROTHEA_BACH1_ABC_TF_ACTIVITY__ssgsea_NES,HALLMARK_EPITHELIAL_MESENCHYMAL_TRANSITION__ssgsea_NES,P0031,15,0.2785714285714285,0.3147094732307908,positive
DOROTHEA_BACH1_ABC_TF_ACTIVITY__ssgsea_NES,HALLMARK_EPITHELIAL_MESENCHYMAL_TRANSITION__ssgsea_NES,P0034,15,0.3214285714285714,0.2427190468016684,positive
DOROTHEA_BACH1_ABC_TF_ACTIVITY__decoupler_mlm,HALLMARK_REACTIVE_OXYGEN_SPECIES_PATHWAY__ssgsea_NES,AL02,15,-0.2642857142857143,0.34117375799008204,negative
DOROTHEA_BACH1_ABC_TF_ACTIVITY__decoupler_mlm,HALLMARK_REACTIVE_OXYGEN_SPECIES_PATHWAY__ssgsea_NES,AL06,15,-0.3857142857142856,0.15563079458596027,negative
DOROTHEA_BACH1_ABC_TF_ACTIVITY__decoupler_mlm,HALLMARK_REACTIVE_OXYGEN_SPECIES_PATHWAY__ssgsea_NES,AL08,15,-0.1714285714285714,0.5412721760996332,negative
DOROTHEA_BACH1_ABC_TF_ACTIVITY__decoupler_mlm,HALLMARK_REACTIVE_OXYGEN_SPECIES_PATHWAY__ssgsea_NES,AL10,15,-0.2071428571428571,0.45884280496347013,negative
DOROTHEA_BACH1_ABC_TF_ACTIVITY__decoupler_mlm,HALLMARK_REACTIVE_OXYGEN_SPECIES_PATHWAY__ssgsea_NES,AL11,15,-0.1357142857142857,0.6296204418728145,negative
DOROTHEA_BACH1_ABC_TF_ACTIVITY__decoupler_mlm,HALLMARK_REACTIVE_OXYGEN_SPECIES_PATHWAY__ssgsea_NES,P0006,15,-0.27499999999999997,0.3212111733193767,negative
DOROTHEA_BACH1_ABC_TF_ACTIVITY__decoupler_mlm,HALLMARK_REACTIVE_OXYGEN_SPECIES_PATHWAY__ssgsea_NES,P0008,15,-0.2821428571428571,0.3082844568200555,negative
DOROTHEA_BACH1_ABC_TF_ACTIVITY__decoupler_mlm,HALLMARK_REACTIVE_OXYGEN_SPECIES_PATHWAY__ssgsea_NES,P0009,15,-0.2928571428571428,0.28947166721240103,negative
DOROTHEA_BACH1_ABC_TF_ACTIVITY__decoupler_mlm,HALLMARK_REACTIVE_OXYGEN_SPECIES_PATHWAY__ssgsea_NES,P0018,15,-0.24285714285714283,0.3831283418393415,negative
DOROTHEA_BACH1_ABC_TF_ACTIVITY__decoupler_mlm,HALLMARK_REACTIVE_OXYGEN_SPECIES_PATHWAY__ssgsea_NES,P0019,15,-0.2785714285714285,0.3147094732307908,negative
DOROTHEA_BACH1_ABC_TF_ACTIVITY__decoupler_mlm,HALLMARK_REACTIVE_OXYGEN_SPECIES_PATHWAY__ssgsea_NES,P0020,15,-0.2928571428571428,0.28947166721240103,negative
DOROTHEA_BACH1_ABC_TF_ACTIVITY__decoupler_mlm,HALLMARK_REACTIVE_OXYGEN_SPECIES_PATHWAY__ssgsea_NES,P0025,15,-0.22142857142857136,0.42771371901637,negative
DOROTHEA_BACH1_ABC_TF_ACTIVITY__decoupler_mlm,HALLMARK_REACTIVE_OXYGEN_SPECIES_PATHWAY__ssgsea_NES,P0028,15,-0.39642857142857135,0.1434945314423537,negative
DOROTHEA_BACH1_ABC_TF_ACTIVITY__decoupler_mlm,HALLMARK_REACTIVE_OXYGEN_SPECIES_PATHWAY__ssgsea_NES,P0030,15,-0.20357142857142854,0.4667950724891123,negative
DOROTHEA_BACH1_ABC_TF_ACTIVITY__decoupler_mlm,HALLMARK_REACTIVE_OXYGEN_SPECIES_PATHWAY__ssgsea_NES,P0031,15,-0.28571428571428564,0.3019363513225493,negative
DOROTHEA_BACH1_ABC_TF_ACTIVITY__decoupler_mlm,HALLMARK_REACTIVE_OXYGEN_SPECIES_PATHWAY__ssgsea_NES,P0034,15,-0.2821428571428571,0.3082844568200555,negative
BACH1_detected_fraction,COLLECTRI_BACH1_TF_ACTIVITY__ssgsea_NES,AL02,15,0.09999999999999999,0.7228973252791182,positive
BACH1_detected_fraction,COLLECTRI_BACH1_TF_ACTIVITY__ssgsea_NES,AL06,15,0.1714285714285714,0.5412721760996332,positive
BACH1_detected_fraction,COLLECTRI_BACH1_TF_ACTIVITY__ssgsea_NES,AL08,15,0.27499999999999997,0.3212111733193767,positive
BACH1_detected_fraction,COLLECTRI_BACH1_TF_ACTIVITY__ssgsea_NES,AL10,15,0.25357142857142856,0.3618161038158894,positive
BACH1_detected_fraction,COLLECTRI_BACH1_TF_ACTIVITY__ssgsea_NES,AL11,15,0.24285714285714283,0.3831283418393415,positive
BACH1_detected_fraction,COLLECTRI_BACH1_TF_ACTIVITY__ssgsea_NES,P0006,15,0.1928571428571428,0.49104870160522307,positive
BACH1_detected_fraction,COLLECTRI_BACH1_TF_ACTIVITY__ssgsea_NES,P0008,15,0.24285714285714283,0.3831283418393415,positive
BACH1_detected_fraction,COLLECTRI_BACH1_TF_ACTIVITY__ssgsea_NES,P0009,15,0.23928571428571427,0.3903793119202355,positive
BACH1_detected_fraction,COLLECTRI_BACH1_TF_ACTIVITY__ssgsea_NES,P0018,15,0.3321428571428571,0.22647175907072442,positive
BACH1_detected_fraction,COLLECTRI_BACH1_TF_ACTIVITY__ssgsea_NES,P0019,15,0.2321428571428571,0.40509874069364893,positive
BACH1_detected_fraction,COLLECTRI_BACH1_TF_ACTIVITY__ssgsea_NES,P0020,15,0.2928571428571428,0.28947166721240103,positive
BACH1_detected_fraction,COLLECTRI_BACH1_TF_ACTIVITY__ssgsea_NES,P0025,15,0.4464285714285714,0.09529321315352629,positive
BACH1_detected_fraction,COLLECTRI_BACH1_TF_ACTIVITY__ssgsea_NES,P0028,15,0.23571428571428568,0.39770294590327276,positive
BACH1_detected_fraction,COLLECTRI_BACH1_TF_ACTIVITY__ssgsea_NES,P0030,15,0.36785714285714277,0.17734214689349137,positive
BACH1_detected_fraction,COLLECTRI_BACH1_TF_ACTIVITY__ssgsea_NES,P0031,15,0.23571428571428568,0.39770294590327276,positive
BACH1_detected_fraction,COLLECTRI_BACH1_TF_ACTIVITY__ssgsea_NES,P0034,15,0.2642857142857143,0.34117375799008204,positive
COLLECTRI_BACH1_TF_ACTIVITY__decoupler_mlm,HALLMARK_OXIDATIVE_PHOSPHORYLATION__mean_z,AL02,15,-0.19999999999999998,0.47481396452216845,negative
COLLECTRI_BACH1_TF_ACTIVITY__decoupler_mlm,HALLMARK_OXIDATIVE_PHOSPHORYLATION__mean_z,AL06,15,-0.33928571428571425,0.2160289253419548,negative
COLLECTRI_BACH1_TF_ACTIVITY__decoupler_mlm,HALLMARK_OXIDATIVE_PHOSPHORYLATION__mean_z,AL08,15,-0.3571428571428571,0.19127476343157906,negative
COLLECTRI_BACH1_TF_ACTIVITY__decoupler_mlm,HALLMARK_OXIDATIVE_PHOSPHORYLATION__mean_z,AL10,15,-0.32499999999999996,0.237225438237234,negative
COLLECTRI_BACH1_TF_ACTIVITY__decoupler_mlm,HALLMARK_OXIDATIVE_PHOSPHORYLATION__mean_z,AL11,15,-0.14285714285714282,0.6115222287644656,negative
COLLECTRI_BACH1_TF_ACTIVITY__decoupler_mlm,HALLMARK_OXIDATIVE_PHOSPHORYLATION__mean_z,P0006,15,-0.28571428571428564,0.3019363513225493,negative
COLLECTRI_BACH1_TF_ACTIVITY__decoupler_mlm,HALLMARK_OXIDATIVE_PHOSPHORYLATION__mean_z,P0008,15,-0.16785714285714282,0.5498555542278019,negative
COLLECTRI_BACH1_TF_ACTIVITY__decoupler_mlm,HALLMARK_OXIDATIVE_PHOSPHORYLATION__mean_z,P0009,15,-0.14285714285714282,0.6115222287644656,negative
COLLECTRI_BACH1_TF_ACTIVITY__decoupler_mlm,HALLMARK_OXIDATIVE_PHOSPHORYLATION__mean_z,P0018,15,-0.3107142857142856,0.2596673973372183,negative
COLLECTRI_BACH1_TF_ACTIVITY__decoupler_mlm,HALLMARK_OXIDATIVE_PHOSPHORYLATION__mean_z,P0019,15,-0.25,0.36884629178393047,negative
COLLECTRI_BACH1_TF_ACTIVITY__decoupler_mlm,HALLMARK_OXIDATIVE_PHOSPHORYLATION__mean_z,P0020,15,-0.1464285714285714,0.602549920983054,negative
COLLECTRI_BACH1_TF_ACTIVITY__decoupler_mlm,HALLMARK_OXIDATIVE_PHOSPHORYLATION__mean_z,P0025,15,-0.25,0.36884629178393047,negative
COLLECTRI_BACH1_TF_ACTIVITY__decoupler_mlm,HALLMARK_OXIDATIVE_PHOSPHORYLATION__mean_z,P0028,15,-0.30357142857142855,0.27135583600386837,negative
COLLECTRI_BACH1_TF_ACTIVITY__decoupler_mlm,HALLMARK_OXIDATIVE_PHOSPHORYLATION__mean_z,P0030,15,-0.27499999999999997,0.3212111733193767,negative
COLLECTRI_BACH1_TF_ACTIVITY__decoupler_mlm,HALLMARK_OXIDATIVE_PHOSPHORYLATION__mean_z,P0031,15,-0.2785714285714285,0.3147094732307908,negative
COLLECTRI_BACH1_TF_ACTIVITY__decoupler_mlm,HALLMARK_OXIDATIVE_PHOSPHORYLATION__mean_z,P0034,15,-0.25,0.36884629178393047,negative
DOROTHEA_BACH1_ABC_TF_ACTIVITY__mean_z,LITERATURE_LUNG_BACH1_EFFECTOR_ACTIVITY__ssgsea_NES,AL02,15,-0.2964285714285714,0.2833554284342631,negative
DOROTHEA_BACH1_ABC_TF_ACTIVITY__mean_z,LITERATURE_LUNG_BACH1_EFFECTOR_ACTIVITY__ssgsea_NES,AL06,15,-0.10357142857142855,0.7133796306287292,negative
DOROTHEA_BACH1_ABC_TF_ACTIVITY__mean_z,LITERATURE_LUNG_BACH1_EFFECTOR_ACTIVITY__ssgsea_NES,AL08,15,-0.25357142857142856,0.3618161038158894,negative
DOROTHEA_BACH1_ABC_TF_ACTIVITY__mean_z,LITERATURE_LUNG_BACH1_EFFECTOR_ACTIVITY__ssgsea_NES,AL10,15,-0.2178571428571428,0.43539267351553756,negative
DOROTHEA_BACH1_ABC_TF_ACTIVITY__mean_z,LITERATURE_LUNG_BACH1_EFFECTOR_ACTIVITY__ssgsea_NES,AL11,15,-0.17857142857142855,0.5242843600465524,negative
DOROTHEA_BACH1_ABC_TF_ACTIVITY__mean_z,LITERATURE_LUNG_BACH1_EFFECTOR_ACTIVITY__ssgsea_NES,P0006,15,-0.25357142857142856,0.3618161038158894,negative
DOROTHEA_BACH1_ABC_TF_ACTIVITY__mean_z,LITERATURE_LUNG_BACH1_EFFECTOR_ACTIVITY__ssgsea_NES,P0008,15,-0.15357142857142855,0.5847640949410158,negative
DOROTHEA_BACH1_ABC_TF_ACTIVITY__mean_z,LITERATURE_LUNG_BACH1_EFFECTOR_ACTIVITY__ssgsea_NES,P0009,15,-0.42499999999999993,0.11429547548052225,negative
DOROTHEA_BACH1_ABC_TF_ACTIVITY__mean_z,LITERATURE_LUNG_BACH1_EFFECTOR_ACTIVITY__ssgsea_NES,P0018,15,-0.2571428571428571,0.3548603636506091,negative
DOROTHEA_BACH1_ABC_TF_ACTIVITY__mean_z,LITERATURE_LUNG_BACH1_EFFECTOR_ACTIVITY__ssgsea_NES,P0019,15,-0.2678571428571428,0.33444360051235367,negative
DOROTHEA_BACH1_ABC_TF_ACTIVITY__mean_z,LITERATURE_LUNG_BACH1_EFFECTOR_ACTIVITY__ssgsea_NES,P0020,15,-0.4107142857142856,0.12832864601574892,negative
DOROTHEA_BACH1_ABC_TF_ACTIVITY__mean_z,LITERATURE_LUNG_BACH1_EFFECTOR_ACTIVITY__ssgsea_NES,P0025,15,-0.21428571428571427,0.44314093482351424,negative
DOROTHEA_BACH1_ABC_TF_ACTIVITY__mean_z,LITERATURE_LUNG_BACH1_EFFECTOR_ACTIVITY__ssgsea_NES,P0028,15,-0.2714285714285714,0.3277893068411728,negative
DOROTHEA_BACH1_ABC_TF_ACTIVITY__mean_z,LITERATURE_LUNG_BACH1_EFFECTOR_ACTIVITY__ssgsea_NES,P0030,15,-0.18928571428571428,0.4992630332385452,negative
DOROTHEA_BACH1_ABC_TF_ACTIVITY__mean_z,LITERATURE_LUNG_BACH1_EFFECTOR_ACTIVITY__ssgsea_NES,P0031,15,-0.2714285714285714,0.3277893068411728,negative
DOROTHEA_BACH1_ABC_TF_ACTIVITY__mean_z,LITERATURE_LUNG_BACH1_EFFECTOR_ACTIVITY__ssgsea_NES,P0034,15,-0.2714285714285714,0.3277893068411728,negative
COLLECTRI_BACH1_TF_ACTIVITY__mean_z,HALLMARK_HEME_METABOLISM__mean_z,AL02,15,-0.2571428571428571,0.3548603636506091,negative
COLLECTRI_BACH1_TF_ACTIVITY__mean_z,HALLMARK_HEME_METABOLISM__mean_z,AL06,15,-0.2285714285714285,0.41256617049636035,negative
COLLECTRI_BACH1_TF_ACTIVITY__mean_z,HALLMARK_HEME_METABOLISM__mean_z,AL08,15,-0.2571428571428571,0.3548603636506091,negative
COLLECTRI_BACH1_TF_ACTIVITY__mean_z,HALLMARK_HEME_METABOLISM__mean_z,AL10,15,-0.2285714285714285,0.41256617049636035,negative
COLLECTRI_BACH1_TF_ACTIVITY__mean_z,HALLMARK_HEME_METABOLISM__mean_z,AL11,15,-0.15357142857142855,0.5847640949410158,negative
COLLECTRI_BACH1_TF_ACTIVITY__mean_z,HALLMARK_HEME_METABOLISM__mean_z,P0006,15,-0.2928571428571428,0.28947166721240103,negative
COLLECTRI_BACH1_TF_ACTIVITY__mean_z,HALLMARK_HEME_METABOLISM__mean_z,P0008,15,-0.12142857142857141,0.6664011137233892,negative
COLLECTRI_BACH1_TF_ACTIVITY__mean_z,HALLMARK_HEME_METABOLISM__mean_z,P0009,15,-0.12142857142857141,0.6664011137233892,negative
COLLECTRI_BACH1_TF_ACTIVITY__mean_z,HALLMARK_HEME_METABOLISM__mean_z,P0018,15,-0.25357142857142856,0.3618161038158894,negative
COLLECTRI_BACH1_TF_ACTIVITY__mean_z,HALLMARK_HEME_METABOLISM__mean_z,P0019,15,-0.20357142857142854,0.4667950724891123,negative
COLLECTRI_BACH1_TF_ACTIVITY__mean_z,HALLMARK_HEME_METABOLISM__mean_z,P0020,15,-0.3107142857142856,0.2596673973372183,negative
COLLECTRI_BACH1_TF_ACTIVITY__mean_z,HALLMARK_HEME_METABOLISM__mean_z,P0025,15,-0.3928571428571428,0.1474666553113262,negative
COLLECTRI_BACH1_TF_ACTIVITY__mean_z,HALLMARK_HEME_METABOLISM__mean_z,P0028,15,-0.22499999999999998,0.42010468690763486,negative
COLLECTRI_BACH1_TF_ACTIVITY__mean_z,HALLMARK_HEME_METABOLISM__mean_z,P0030,15,-0.35,0.20094535081629333,negative
COLLECTRI_BACH1_TF_ACTIVITY__mean_z,HALLMARK_HEME_METABOLISM__mean_z,P0031,15,-0.33571428571428563,0.22121153763932597,negative
COLLECTRI_BACH1_TF_ACTIVITY__mean_z,HALLMARK_HEME_METABOLISM__mean_z,P0034,15,-0.25,0.36884629178393047,negative
DOROTHEA_BACH1_ABC_TF_ACTIVITY__decoupler_ulm,HALLMARK_GLYCOLYSIS__ssgsea_NES,AL02,15,0.3428571428571428,0.2109237934147519,positive
DOROTHEA_BACH1_ABC_TF_ACTIVITY__decoupler_ulm,HALLMARK_GLYCOLYSIS__ssgsea_NES,AL06,15,0.46071428571428563,0.08393338135031418,positive
DOROTHEA_BACH1_ABC_TF_ACTIVITY__decoupler_ulm,HALLMARK_GLYCOLYSIS__ssgsea_NES,AL08,15,0.3,0.27731678036838414,positive
DOROTHEA_BACH1_ABC_TF_ACTIVITY__decoupler_ulm,HALLMARK_GLYCOLYSIS__ssgsea_NES,AL10,15,0.2321428571428571,0.40509874069364893,positive
DOROTHEA_BACH1_ABC_TF_ACTIVITY__decoupler_ulm,HALLMARK_GLYCOLYSIS__ssgsea_NES,AL11,15,0.23571428571428568,0.39770294590327276,positive
DOROTHEA_BACH1_ABC_TF_ACTIVITY__decoupler_ulm,HALLMARK_GLYCOLYSIS__ssgsea_NES,P0006,15,0.28571428571428564,0.3019363513225493,positive
DOROTHEA_BACH1_ABC_TF_ACTIVITY__decoupler_ulm,HALLMARK_GLYCOLYSIS__ssgsea_NES,P0008,15,0.24285714285714283,0.3831283418393415,positive
DOROTHEA_BACH1_ABC_TF_ACTIVITY__decoupler_ulm,HALLMARK_GLYCOLYSIS__ssgsea_NES,P0009,15,0.1964285714285714,0.48289875627163353,positive
DOROTHEA_BACH1_ABC_TF_ACTIVITY__decoupler_ulm,HALLMARK_GLYCOLYSIS__ssgsea_NES,P0018,15,0.13928571428571426,0.6205460876279013,positive
DOROTHEA_BACH1_ABC_TF_ACTIVITY__decoupler_ulm,HALLMARK_GLYCOLYSIS__ssgsea_NES,P0019,15,0.2285714285714285,0.41256617049636035,positive
DOROTHEA_BACH1_ABC_TF_ACTIVITY__decoupler_ulm,HALLMARK_GLYCOLYSIS__ssgsea_NES,P0020,15,0.13928571428571426,0.6205460876279013,positive
DOROTHEA_BACH1_ABC_TF_ACTIVITY__decoupler_ulm,HALLMARK_GLYCOLYSIS__ssgsea_NES,P0025,15,0.3,0.27731678036838414,positive
DOROTHEA_BACH1_ABC_TF_ACTIVITY__decoupler_ulm,HALLMARK_GLYCOLYSIS__ssgsea_NES,P0028,15,0.1357142857142857,0.6296204418728145,positive
DOROTHEA_BACH1_ABC_TF_ACTIVITY__decoupler_ulm,HALLMARK_GLYCOLYSIS__ssgsea_NES,P0030,15,0.23571428571428568,0.39770294590327276,positive
DOROTHEA_BACH1_ABC_TF_ACTIVITY__decoupler_ulm,HALLMARK_GLYCOLYSIS__ssgsea_NES,P0031,15,0.2285714285714285,0.41256617049636035,positive
DOROTHEA_BACH1_ABC_TF_ACTIVITY__decoupler_ulm,HALLMARK_GLYCOLYSIS__ssgsea_NES,P0034,15,0.2821428571428571,0.3082844568200555,positive
DOROTHEA_BACH1_ABC_TF_ACTIVITY__decoupler_ulm,HALLMARK_OXIDATIVE_PHOSPHORYLATION__mean_z,AL02,15,-0.28571428571428564,0.3019363513225493,negative
DOROTHEA_BACH1_ABC_TF_ACTIVITY__decoupler_ulm,HALLMARK_OXIDATIVE_PHOSPHORYLATION__mean_z,AL06,15,-0.125,0.6571356681869506,negative
DOROTHEA_BACH1_ABC_TF_ACTIVITY__decoupler_ulm,HALLMARK_OXIDATIVE_PHOSPHORYLATION__mean_z,AL08,15,-0.11428571428571425,0.6850657626568974,negative
DOROTHEA_BACH1_ABC_TF_ACTIVITY__decoupler_ulm,HALLMARK_OXIDATIVE_PHOSPHORYLATION__mean_z,AL10,15,-0.2321428571428571,0.40509874069364893,negative
DOROTHEA_BACH1_ABC_TF_ACTIVITY__decoupler_ulm,HALLMARK_OXIDATIVE_PHOSPHORYLATION__mean_z,AL11,15,-0.11428571428571425,0.6850657626568974,negative
DOROTHEA_BACH1_ABC_TF_ACTIVITY__decoupler_ulm,HALLMARK_OXIDATIVE_PHOSPHORYLATION__mean_z,P0006,15,-0.2571428571428571,0.3548603636506091,negative
DOROTHEA_BACH1_ABC_TF_ACTIVITY__decoupler_ulm,HALLMARK_OXIDATIVE_PHOSPHORYLATION__mean_z,P0008,15,-0.33571428571428563,0.22121153763932597,negative
DOROTHEA_BACH1_ABC_TF_ACTIVITY__decoupler_ulm,HALLMARK_OXIDATIVE_PHOSPHORYLATION__mean_z,P0009,15,-0.3714285714285714,0.17284974708034007,negative
DOROTHEA_BACH1_ABC_TF_ACTIVITY__decoupler_ulm,HALLMARK_OXIDATIVE_PHOSPHORYLATION__mean_z,P0018,15,-0.2785714285714285,0.3147094732307908,negative
DOROTHEA_BACH1_ABC_TF_ACTIVITY__decoupler_ulm,HALLMARK_OXIDATIVE_PHOSPHORYLATION__mean_z,P0019,15,-0.2785714285714285,0.3147094732307908,negative
DOROTHEA_BACH1_ABC_TF_ACTIVITY__decoupler_ulm,HALLMARK_OXIDATIVE_PHOSPHORYLATION__mean_z,P0020,15,-0.15714285714285714,0.5759526006037947,negative
DOROTHEA_BACH1_ABC_TF_ACTIVITY__decoupler_ulm,HALLMARK_OXIDATIVE_PHOSPHORYLATION__mean_z,P0025,15,-0.2964285714285714,0.2833554284342631,negative
DOROTHEA_BACH1_ABC_TF_ACTIVITY__decoupler_ulm,HALLMARK_OXIDATIVE_PHOSPHORYLATION__mean_z,P0028,15,-0.30357142857142855,0.27135583600386837,negative
DOROTHEA_BACH1_ABC_TF_ACTIVITY__decoupler_ulm,HALLMARK_OXIDATIVE_PHOSPHORYLATION__mean_z,P0030,15,-0.2928571428571428,0.28947166721240103,negative
DOROTHEA_BACH1_ABC_TF_ACTIVITY__decoupler_ulm,HALLMARK_OXIDATIVE_PHOSPHORYLATION__mean_z,P0031,15,-0.2607142857142857,0.3479794598627935,negative
DOROTHEA_BACH1_ABC_TF_ACTIVITY__decoupler_ulm,HALLMARK_OXIDATIVE_PHOSPHORYLATION__mean_z,P0034,15,-0.23928571428571427,0.3903793119202355,negative
COLLECTRI_BACH1_TF_ACTIVITY__ssgsea_NES,DOROTHEA_BACH1_ABC_TF_ACTIVITY__mean_z,AL02,15,-0.125,0.6571356681869506,negative
COLLECTRI_BACH1_TF_ACTIVITY__ssgsea_NES,DOROTHEA_BACH1_ABC_TF_ACTIVITY__mean_z,AL06,15,-0.4035714285714285,0.13576799650365626,negative
COLLECTRI_BACH1_TF_ACTIVITY__ssgsea_NES,DOROTHEA_BACH1_ABC_TF_ACTIVITY__mean_z,AL08,15,-0.2607142857142857,0.3479794598627935,negative
COLLECTRI_BACH1_TF_ACTIVITY__ssgsea_NES,DOROTHEA_BACH1_ABC_TF_ACTIVITY__mean_z,AL10,15,-0.2678571428571428,0.33444360051235367,negative
COLLECTRI_BACH1_TF_ACTIVITY__ssgsea_NES,DOROTHEA_BACH1_ABC_TF_ACTIVITY__mean_z,AL11,15,-0.2785714285714285,0.3147094732307908,negative
COLLECTRI_BACH1_TF_ACTIVITY__ssgsea_NES,DOROTHEA_BACH1_ABC_TF_ACTIVITY__mean_z,P0006,15,-0.2642857142857143,0.34117375799008204,negative
COLLECTRI_BACH1_TF_ACTIVITY__ssgsea_NES,DOROTHEA_BACH1_ABC_TF_ACTIVITY__mean_z,P0008,15,-0.3107142857142856,0.2596673973372183,negative
COLLECTRI_BACH1_TF_ACTIVITY__ssgsea_NES,DOROTHEA_BACH1_ABC_TF_ACTIVITY__mean_z,P0009,15,-0.07857142857142857,0.7807545523090464,negative
COLLECTRI_BACH1_TF_ACTIVITY__ssgsea_NES,DOROTHEA_BACH1_ABC_TF_ACTIVITY__mean_z,P0018,15,-0.24642857142857136,0.375950515973805,negative
COLLECTRI_BACH1_TF_ACTIVITY__ssgsea_NES,DOROTHEA_BACH1_ABC_TF_ACTIVITY__mean_z,P0019,15,-0.3107142857142856,0.2596673973372183,negative
COLLECTRI_BACH1_TF_ACTIVITY__ssgsea_NES,DOROTHEA_BACH1_ABC_TF_ACTIVITY__mean_z,P0020,15,-0.2607142857142857,0.3479794598627935,negative
COLLECTRI_BACH1_TF_ACTIVITY__ssgsea_NES,DOROTHEA_BACH1_ABC_TF_ACTIVITY__mean_z,P0025,15,-0.07857142857142857,0.7807545523090464,negative
COLLECTRI_BACH1_TF_ACTIVITY__ssgsea_NES,DOROTHEA_BACH1_ABC_TF_ACTIVITY__mean_z,P0028,15,-0.28571428571428564,0.3019363513225493,negative
COLLECTRI_BACH1_TF_ACTIVITY__ssgsea_NES,DOROTHEA_BACH1_ABC_TF_ACTIVITY__mean_z,P0030,15,-0.15357142857142855,0.5847640949410158,negative
COLLECTRI_BACH1_TF_ACTIVITY__ssgsea_NES,DOROTHEA_BACH1_ABC_TF_ACTIVITY__mean_z,P0031,15,-0.2964285714285714,0.2833554284342631,negative
COLLECTRI_BACH1_TF_ACTIVITY__ssgsea_NES,DOROTHEA_BACH1_ABC_TF_ACTIVITY__mean_z,P0034,15,-0.22499999999999998,0.42010468690763486,negative
DOROTHEA_BACH1_ABC_TF_ACTIVITY__decoupler_mlm,LITERATURE_LUNG_BACH1_EFFECTOR_ACTIVITY__mean_z,AL02,15,0.18214285714285713,0.5158816817070392,positive
DOROTHEA_BACH1_ABC_TF_ACTIVITY__decoupler_mlm,LITERATURE_LUNG_BACH1_EFFECTOR_ACTIVITY__mean_z,AL06,15,0.35357142857142854,0.19607167843419873,positive
DOROTHEA_BACH1_ABC_TF_ACTIVITY__decoupler_mlm,LITERATURE_LUNG_BACH1_EFFECTOR_ACTIVITY__mean_z,AL08,15,0.4071428571428571,0.1320126637798537,positive
DOROTHEA_BACH1_ABC_TF_ACTIVITY__decoupler_mlm,LITERATURE_LUNG_BACH1_EFFECTOR_ACTIVITY__mean_z,AL10,15,0.3,0.27731678036838414,positive
DOROTHEA_BACH1_ABC_TF_ACTIVITY__decoupler_mlm,LITERATURE_LUNG_BACH1_EFFECTOR_ACTIVITY__mean_z,AL11,15,0.16428571428571426,0.5584973732486012,positive
DOROTHEA_BACH1_ABC_TF_ACTIVITY__decoupler_mlm,LITERATURE_LUNG_BACH1_EFFECTOR_ACTIVITY__mean_z,P0006,15,0.21071428571428572,0.450957865215285,positive
DOROTHEA_BACH1_ABC_TF_ACTIVITY__decoupler_mlm,LITERATURE_LUNG_BACH1_EFFECTOR_ACTIVITY__mean_z,P0008,15,0.3142857142857143,0.2539400163236716,positive
DOROTHEA_BACH1_ABC_TF_ACTIVITY__decoupler_mlm,LITERATURE_LUNG_BACH1_EFFECTOR_ACTIVITY__mean_z,P0009,15,0.23928571428571427,0.3903793119202355,positive
DOROTHEA_BACH1_ABC_TF_ACTIVITY__decoupler_mlm,LITERATURE_LUNG_BACH1_EFFECTOR_ACTIVITY__mean_z,P0018,15,0.21071428571428572,0.450957865215285,positive
DOROTHEA_BACH1_ABC_TF_ACTIVITY__decoupler_mlm,LITERATURE_LUNG_BACH1_EFFECTOR_ACTIVITY__mean_z,P0019,15,0.2571428571428571,0.3548603636506091,positive
DOROTHEA_BACH1_ABC_TF_ACTIVITY__decoupler_mlm,LITERATURE_LUNG_BACH1_EFFECTOR_ACTIVITY__mean_z,P0020,15,0.13214285714285715,0.6387442188840663,positive
DOROTHEA_BACH1_ABC_TF_ACTIVITY__decoupler_mlm,LITERATURE_LUNG_BACH1_EFFECTOR_ACTIVITY__mean_z,P0025,15,0.16428571428571426,0.5584973732486012,positive
DOROTHEA_BACH1_ABC_TF_ACTIVITY__decoupler_mlm,LITERATURE_LUNG_BACH1_EFFECTOR_ACTIVITY__mean_z,P0028,15,0.23928571428571427,0.3903793119202355,positive
DOROTHEA_BACH1_ABC_TF_ACTIVITY__decoupler_mlm,LITERATURE_LUNG_BACH1_EFFECTOR_ACTIVITY__mean_z,P0030,15,0.2071428571428571,0.45884280496347013,positive
DOROTHEA_BACH1_ABC_TF_ACTIVITY__decoupler_mlm,LITERATURE_LUNG_BACH1_EFFECTOR_ACTIVITY__mean_z,P0031,15,0.2285714285714285,0.41256617049636035,positive
DOROTHEA_BACH1_ABC_TF_ACTIVITY__decoupler_mlm,LITERATURE_LUNG_BACH1_EFFECTOR_ACTIVITY__mean_z,P0034,15,0.23928571428571427,0.3903793119202355,positive
DOROTHEA_BACH1_ABC_TF_ACTIVITY__mean_z,COLLECTRI_BACH1_TF_ACTIVITY__ssgsea_NES,AL02,15,-0.125,0.6571356681869506,negative
DOROTHEA_BACH1_ABC_TF_ACTIVITY__mean_z,COLLECTRI_BACH1_TF_ACTIVITY__ssgsea_NES,AL06,15,-0.4035714285714285,0.13576799650365626,negative
DOROTHEA_BACH1_ABC_TF_ACTIVITY__mean_z,COLLECTRI_BACH1_TF_ACTIVITY__ssgsea_NES,AL08,15,-0.2607142857142857,0.3479794598627935,negative
DOROTHEA_BACH1_ABC_TF_ACTIVITY__mean_z,COLLECTRI_BACH1_TF_ACTIVITY__ssgsea_NES,AL10,15,-0.2678571428571428,0.33444360051235367,negative
DOROTHEA_BACH1_ABC_TF_ACTIVITY__mean_z,COLLECTRI_BACH1_TF_ACTIVITY__ssgsea_NES,AL11,15,-0.2785714285714285,0.3147094732307908,negative
DOROTHEA_BACH1_ABC_TF_ACTIVITY__mean_z,COLLECTRI_BACH1_TF_ACTIVITY__ssgsea_NES,P0006,15,-0.2642857142857143,0.34117375799008204,negative
DOROTHEA_BACH1_ABC_TF_ACTIVITY__mean_z,COLLECTRI_BACH1_TF_ACTIVITY__ssgsea_NES,P0008,15,-0.3107142857142856,0.2596673973372183,negative
DOROTHEA_BACH1_ABC_TF_ACTIVITY__mean_z,COLLECTRI_BACH1_TF_ACTIVITY__ssgsea_NES,P0009,15,-0.07857142857142857,0.7807545523090464,negative
DOROTHEA_BACH1_ABC_TF_ACTIVITY__mean_z,COLLECTRI_BACH1_TF_ACTIVITY__ssgsea_NES,P0018,15,-0.24642857142857136,0.375950515973805,negative
DOROTHEA_BACH1_ABC_TF_ACTIVITY__mean_z,COLLECTRI_BACH1_TF_ACTIVITY__ssgsea_NES,P0019,15,-0.3107142857142856,0.2596673973372183,negative
DOROTHEA_BACH1_ABC_TF_ACTIVITY__mean_z,COLLECTRI_BACH1_TF_ACTIVITY__ssgsea_NES,P0020,15,-0.2607142857142857,0.3479794598627935,negative
DOROTHEA_BACH1_ABC_TF_ACTIVITY__mean_z,COLLECTRI_BACH1_TF_ACTIVITY__ssgsea_NES,P0025,15,-0.07857142857142857,0.7807545523090464,negative
DOROTHEA_BACH1_ABC_TF_ACTIVITY__mean_z,COLLECTRI_BACH1_TF_ACTIVITY__ssgsea_NES,P0028,15,-0.28571428571428564,0.3019363513225493,negative
DOROTHEA_BACH1_ABC_TF_ACTIVITY__mean_z,COLLECTRI_BACH1_TF_ACTIVITY__ssgsea_NES,P0030,15,-0.15357142857142855,0.5847640949410158,negative
DOROTHEA_BACH1_ABC_TF_ACTIVITY__mean_z,COLLECTRI_BACH1_TF_ACTIVITY__ssgsea_NES,P0031,15,-0.2964285714285714,0.2833554284342631,negative
DOROTHEA_BACH1_ABC_TF_ACTIVITY__mean_z,COLLECTRI_BACH1_TF_ACTIVITY__ssgsea_NES,P0034,15,-0.22499999999999998,0.42010468690763486,negative
KLENJA2025_BACH1_ACTIVITY_INVERTED__ssgsea_NES,HALLMARK_GLYCOLYSIS__mean_z,AL02,15,0.38214285714285706,0.15982362998696725,positive
KLENJA2025_BACH1_ACTIVITY_INVERTED__ssgsea_NES,HALLMARK_GLYCOLYSIS__mean_z,AL06,15,0.24285714285714283,0.3831283418393415,positive
KLENJA2025_BACH1_ACTIVITY_INVERTED__ssgsea_NES,HALLMARK_GLYCOLYSIS__mean_z,AL08,15,0.1607142857142857,0.5671967045803447,positive
KLENJA2025_BACH1_ACTIVITY_INVERTED__ssgsea_NES,HALLMARK_GLYCOLYSIS__mean_z,AL10,15,0.22499999999999998,0.42010468690763486,positive
KLENJA2025_BACH1_ACTIVITY_INVERTED__ssgsea_NES,HALLMARK_GLYCOLYSIS__mean_z,AL11,15,0.24285714285714283,0.3831283418393415,positive
KLENJA2025_BACH1_ACTIVITY_INVERTED__ssgsea_NES,HALLMARK_GLYCOLYSIS__mean_z,P0006,15,0.2928571428571428,0.28947166721240103,positive
KLENJA2025_BACH1_ACTIVITY_INVERTED__ssgsea_NES,HALLMARK_GLYCOLYSIS__mean_z,P0008,15,0.38928571428571423,0.151511936790394,positive
KLENJA2025_BACH1_ACTIVITY_INVERTED__ssgsea_NES,HALLMARK_GLYCOLYSIS__mean_z,P0009,15,0.11785714285714284,0.6757115292213043,positive
KLENJA2025_BACH1_ACTIVITY_INVERTED__ssgsea_NES,HALLMARK_GLYCOLYSIS__mean_z,P0018,15,0.1607142857142857,0.5671967045803447,positive
KLENJA2025_BACH1_ACTIVITY_INVERTED__ssgsea_NES,HALLMARK_GLYCOLYSIS__mean_z,P0019,15,0.2071428571428571,0.45884280496347013,positive
KLENJA2025_BACH1_ACTIVITY_INVERTED__ssgsea_NES,HALLMARK_GLYCOLYSIS__mean_z,P0020,15,0.25357142857142856,0.3618161038158894,positive
KLENJA2025_BACH1_ACTIVITY_INVERTED__ssgsea_NES,HALLMARK_GLYCOLYSIS__mean_z,P0025,15,0.1464285714285714,0.602549920983054,positive
KLENJA2025_BACH1_ACTIVITY_INVERTED__ssgsea_NES,HALLMARK_GLYCOLYSIS__mean_z,P0028,15,0.21428571428571427,0.44314093482351424,positive
KLENJA2025_BACH1_ACTIVITY_INVERTED__ssgsea_NES,HALLMARK_GLYCOLYSIS__mean_z,P0030,15,0.30357142857142855,0.27135583600386837,positive
KLENJA2025_BACH1_ACTIVITY_INVERTED__ssgsea_NES,HALLMARK_GLYCOLYSIS__mean_z,P0031,15,0.2071428571428571,0.45884280496347013,positive
KLENJA2025_BACH1_ACTIVITY_INVERTED__ssgsea_NES,HALLMARK_GLYCOLYSIS__mean_z,P0034,15,0.2571428571428571,0.3548603636506091,positive
COLLECTRI_BACH1_TF_ACTIVITY__decoupler_ulm,LITERATURE_LUNG_BACH1_EFFECTOR_ACTIVITY__ssgsea_NES,AL02,15,0.30357142857142855,0.27135583600386837,positive
COLLECTRI_BACH1_TF_ACTIVITY__decoupler_ulm,LITERATURE_LUNG_BACH1_EFFECTOR_ACTIVITY__ssgsea_NES,AL06,15,0.2571428571428571,0.3548603636506091,positive
COLLECTRI_BACH1_TF_ACTIVITY__decoupler_ulm,LITERATURE_LUNG_BACH1_EFFECTOR_ACTIVITY__ssgsea_NES,AL08,15,0.27499999999999997,0.3212111733193767,positive
COLLECTRI_BACH1_TF_ACTIVITY__decoupler_ulm,LITERATURE_LUNG_BACH1_EFFECTOR_ACTIVITY__ssgsea_NES,AL10,15,0.2821428571428571,0.3082844568200555,positive
COLLECTRI_BACH1_TF_ACTIVITY__decoupler_ulm,LITERATURE_LUNG_BACH1_EFFECTOR_ACTIVITY__ssgsea_NES,AL11,15,0.10357142857142855,0.7133796306287292,positive
COLLECTRI_BACH1_TF_ACTIVITY__decoupler_ulm,LITERATURE_LUNG_BACH1_EFFECTOR_ACTIVITY__ssgsea_NES,P0006,15,0.28571428571428564,0.3019363513225493,positive
COLLECTRI_BACH1_TF_ACTIVITY__decoupler_ulm,LITERATURE_LUNG_BACH1_EFFECTOR_ACTIVITY__ssgsea_NES,P0008,15,0.09285714285714285,0.7420450099073671,positive
COLLECTRI_BACH1_TF_ACTIVITY__decoupler_ulm,LITERATURE_LUNG_BACH1_EFFECTOR_ACTIVITY__ssgsea_NES,P0009,15,0.2571428571428571,0.3548603636506091,positive
COLLECTRI_BACH1_TF_ACTIVITY__decoupler_ulm,LITERATURE_LUNG_BACH1_EFFECTOR_ACTIVITY__ssgsea_NES,P0018,15,0.18214285714285713,0.5158816817070392,positive
COLLECTRI_BACH1_TF_ACTIVITY__decoupler_ulm,LITERATURE_LUNG_BACH1_EFFECTOR_ACTIVITY__ssgsea_NES,P0019,15,0.25,0.36884629178393047,positive
COLLECTRI_BACH1_TF_ACTIVITY__decoupler_ulm,LITERATURE_LUNG_BACH1_EFFECTOR_ACTIVITY__ssgsea_NES,P0020,15,0.07857142857142857,0.7807545523090464,positive
COLLECTRI_BACH1_TF_ACTIVITY__decoupler_ulm,LITERATURE_LUNG_BACH1_EFFECTOR_ACTIVITY__ssgsea_NES,P0025,15,0.30357142857142855,0.27135583600386837,positive
COLLECTRI_BACH1_TF_ACTIVITY__decoupler_ulm,LITERATURE_LUNG_BACH1_EFFECTOR_ACTIVITY__ssgsea_NES,P0028,15,0.24642857142857136,0.375950515973805,positive
COLLECTRI_BACH1_TF_ACTIVITY__decoupler_ulm,LITERATURE_LUNG_BACH1_EFFECTOR_ACTIVITY__ssgsea_NES,P0030,15,0.3107142857142856,0.2596673973372183,positive
COLLECTRI_BACH1_TF_ACTIVITY__decoupler_ulm,LITERATURE_LUNG_BACH1_EFFECTOR_ACTIVITY__ssgsea_NES,P0031,15,0.2642857142857143,0.34117375799008204,positive
COLLECTRI_BACH1_TF_ACTIVITY__decoupler_ulm,LITERATURE_LUNG_BACH1_EFFECTOR_ACTIVITY__ssgsea_NES,P0034,15,0.2607142857142857,0.3479794598627935,positive
COLLECTRI_BACH1_TF_ACTIVITY__ssgsea_NES,HALLMARK_REACTIVE_OXYGEN_SPECIES_PATHWAY__mean_z,AL02,15,0.125,0.6571356681869506,positive
COLLECTRI_BACH1_TF_ACTIVITY__ssgsea_NES,HALLMARK_REACTIVE_OXYGEN_SPECIES_PATHWAY__mean_z,AL06,15,0.22499999999999998,0.42010468690763486,positive
COLLECTRI_BACH1_TF_ACTIVITY__ssgsea_NES,HALLMARK_REACTIVE_OXYGEN_SPECIES_PATHWAY__mean_z,AL08,15,0.23571428571428568,0.39770294590327276,positive
COLLECTRI_BACH1_TF_ACTIVITY__ssgsea_NES,HALLMARK_REACTIVE_OXYGEN_SPECIES_PATHWAY__mean_z,AL10,15,0.23571428571428568,0.39770294590327276,positive
COLLECTRI_BACH1_TF_ACTIVITY__ssgsea_NES,HALLMARK_REACTIVE_OXYGEN_SPECIES_PATHWAY__mean_z,AL11,15,0.2321428571428571,0.40509874069364893,positive
COLLECTRI_BACH1_TF_ACTIVITY__ssgsea_NES,HALLMARK_REACTIVE_OXYGEN_SPECIES_PATHWAY__mean_z,P0006,15,0.2071428571428571,0.45884280496347013,positive
COLLECTRI_BACH1_TF_ACTIVITY__ssgsea_NES,HALLMARK_REACTIVE_OXYGEN_SPECIES_PATHWAY__mean_z,P0008,15,0.16785714285714282,0.5498555542278019,positive
COLLECTRI_BACH1_TF_ACTIVITY__ssgsea_NES,HALLMARK_REACTIVE_OXYGEN_SPECIES_PATHWAY__mean_z,P0009,15,0.5,0.057698841268959994,positive
COLLECTRI_BACH1_TF_ACTIVITY__ssgsea_NES,HALLMARK_REACTIVE_OXYGEN_SPECIES_PATHWAY__mean_z,P0018,15,0.20357142857142854,0.4667950724891123,positive
COLLECTRI_BACH1_TF_ACTIVITY__ssgsea_NES,HALLMARK_REACTIVE_OXYGEN_SPECIES_PATHWAY__mean_z,P0019,15,0.20357142857142854,0.4667950724891123,positive
COLLECTRI_BACH1_TF_ACTIVITY__ssgsea_NES,HALLMARK_REACTIVE_OXYGEN_SPECIES_PATHWAY__mean_z,P0020,15,0.17857142857142855,0.5242843600465524,positive
COLLECTRI_BACH1_TF_ACTIVITY__ssgsea_NES,HALLMARK_REACTIVE_OXYGEN_SPECIES_PATHWAY__mean_z,P0025,15,0.38214285714285706,0.15982362998696725,positive
COLLECTRI_BACH1_TF_ACTIVITY__ssgsea_NES,HALLMARK_REACTIVE_OXYGEN_SPECIES_PATHWAY__mean_z,P0028,15,0.2285714285714285,0.41256617049636035,positive
COLLECTRI_BACH1_TF_ACTIVITY__ssgsea_NES,HALLMARK_REACTIVE_OXYGEN_SPECIES_PATHWAY__mean_z,P0030,15,0.22499999999999998,0.42010468690763486,positive
COLLECTRI_BACH1_TF_ACTIVITY__ssgsea_NES,HALLMARK_REACTIVE_OXYGEN_SPECIES_PATHWAY__mean_z,P0031,15,0.16785714285714282,0.5498555542278019,positive
COLLECTRI_BACH1_TF_ACTIVITY__ssgsea_NES,HALLMARK_REACTIVE_OXYGEN_SPECIES_PATHWAY__mean_z,P0034,15,0.2321428571428571,0.40509874069364893,positive
COLLECTRI_BACH1_TF_ACTIVITY__decoupler_mlm,DOROTHEA_BACH1_ABC_TF_ACTIVITY__decoupler_ulm,AL02,15,0.3142857142857143,0.2539400163236716,positive
COLLECTRI_BACH1_TF_ACTIVITY__decoupler_mlm,DOROTHEA_BACH1_ABC_TF_ACTIVITY__decoupler_ulm,AL06,15,0.3107142857142856,0.2596673973372183,positive
COLLECTRI_BACH1_TF_ACTIVITY__decoupler_mlm,DOROTHEA_BACH1_ABC_TF_ACTIVITY__decoupler_ulm,AL08,15,0.33928571428571425,0.2160289253419548,positive
COLLECTRI_BACH1_TF_ACTIVITY__decoupler_mlm,DOROTHEA_BACH1_ABC_TF_ACTIVITY__decoupler_ulm,AL10,15,0.2964285714285714,0.2833554284342631,positive
COLLECTRI_BACH1_TF_ACTIVITY__decoupler_mlm,DOROTHEA_BACH1_ABC_TF_ACTIVITY__decoupler_ulm,AL11,15,0.1464285714285714,0.602549920983054,positive
COLLECTRI_BACH1_TF_ACTIVITY__decoupler_mlm,DOROTHEA_BACH1_ABC_TF_ACTIVITY__decoupler_ulm,P0006,15,0.25,0.36884629178393047,positive
COLLECTRI_BACH1_TF_ACTIVITY__decoupler_mlm,DOROTHEA_BACH1_ABC_TF_ACTIVITY__decoupler_ulm,P0008,15,0.2785714285714285,0.3147094732307908,positive
COLLECTRI_BACH1_TF_ACTIVITY__decoupler_mlm,DOROTHEA_BACH1_ABC_TF_ACTIVITY__decoupler_ulm,P0009,15,0.2785714285714285,0.3147094732307908,positive
COLLECTRI_BACH1_TF_ACTIVITY__decoupler_mlm,DOROTHEA_BACH1_ABC_TF_ACTIVITY__decoupler_ulm,P0018,15,0.10357142857142855,0.7133796306287292,positive
COLLECTRI_BACH1_TF_ACTIVITY__decoupler_mlm,DOROTHEA_BACH1_ABC_TF_ACTIVITY__decoupler_ulm,P0019,15,0.27499999999999997,0.3212111733193767,positive
COLLECTRI_BACH1_TF_ACTIVITY__decoupler_mlm,DOROTHEA_BACH1_ABC_TF_ACTIVITY__decoupler_ulm,P0020,15,0.10357142857142855,0.7133796306287292,positive
COLLECTRI_BACH1_TF_ACTIVITY__decoupler_mlm,DOROTHEA_BACH1_ABC_TF_ACTIVITY__decoupler_ulm,P0025,15,0.13928571428571426,0.6205460876279013,positive
COLLECTRI_BACH1_TF_ACTIVITY__decoupler_mlm,DOROTHEA_BACH1_ABC_TF_ACTIVITY__decoupler_ulm,P0028,15,0.22142857142857136,0.42771371901637,positive
COLLECTRI_BACH1_TF_ACTIVITY__decoupler_mlm,DOROTHEA_BACH1_ABC_TF_ACTIVITY__decoupler_ulm,P0030,15,0.15714285714285714,0.5759526006037947,positive
COLLECTRI_BACH1_TF_ACTIVITY__decoupler_mlm,DOROTHEA_BACH1_ABC_TF_ACTIVITY__decoupler_ulm,P0031,15,0.2642857142857143,0.34117375799008204,positive
COLLECTRI_BACH1_TF_ACTIVITY__decoupler_mlm,DOROTHEA_BACH1_ABC_TF_ACTIVITY__decoupler_ulm,P0034,15,0.22142857142857136,0.42771371901637,positive
DOROTHEA_BACH1_ABC_TF_ACTIVITY__decoupler_ulm,COLLECTRI_BACH1_TF_ACTIVITY__decoupler_mlm,AL02,15,0.3142857142857143,0.2539400163236716,positive
DOROTHEA_BACH1_ABC_TF_ACTIVITY__decoupler_ulm,COLLECTRI_BACH1_TF_ACTIVITY__decoupler_mlm,AL06,15,0.3107142857142856,0.2596673973372183,positive
DOROTHEA_BACH1_ABC_TF_ACTIVITY__decoupler_ulm,COLLECTRI_BACH1_TF_ACTIVITY__decoupler_mlm,AL08,15,0.33928571428571425,0.2160289253419548,positive
DOROTHEA_BACH1_ABC_TF_ACTIVITY__decoupler_ulm,COLLECTRI_BACH1_TF_ACTIVITY__decoupler_mlm,AL10,15,0.2964285714285714,0.2833554284342631,positive
DOROTHEA_BACH1_ABC_TF_ACTIVITY__decoupler_ulm,COLLECTRI_BACH1_TF_ACTIVITY__decoupler_mlm,AL11,15,0.1464285714285714,0.602549920983054,positive
DOROTHEA_BACH1_ABC_TF_ACTIVITY__decoupler_ulm,COLLECTRI_BACH1_TF_ACTIVITY__decoupler_mlm,P0006,15,0.25,0.36884629178393047,positive
DOROTHEA_BACH1_ABC_TF_ACTIVITY__decoupler_ulm,COLLECTRI_BACH1_TF_ACTIVITY__decoupler_mlm,P0008,15,0.2785714285714285,0.3147094732307908,positive
DOROTHEA_BACH1_ABC_TF_ACTIVITY__decoupler_ulm,COLLECTRI_BACH1_TF_ACTIVITY__decoupler_mlm,P0009,15,0.2785714285714285,0.3147094732307908,positive
DOROTHEA_BACH1_ABC_TF_ACTIVITY__decoupler_ulm,COLLECTRI_BACH1_TF_ACTIVITY__decoupler_mlm,P0018,15,0.10357142857142855,0.7133796306287292,positive
DOROTHEA_BACH1_ABC_TF_ACTIVITY__decoupler_ulm,COLLECTRI_BACH1_TF_ACTIVITY__decoupler_mlm,P0019,15,0.27499999999999997,0.3212111733193767,positive
DOROTHEA_BACH1_ABC_TF_ACTIVITY__decoupler_ulm,COLLECTRI_BACH1_TF_ACTIVITY__decoupler_mlm,P0020,15,0.10357142857142855,0.7133796306287292,positive
DOROTHEA_BACH1_ABC_TF_ACTIVITY__decoupler_ulm,COLLECTRI_BACH1_TF_ACTIVITY__decoupler_mlm,P0025,15,0.13928571428571426,0.6205460876279013,positive
DOROTHEA_BACH1_ABC_TF_ACTIVITY__decoupler_ulm,COLLECTRI_BACH1_TF_ACTIVITY__decoupler_mlm,P0028,15,0.22142857142857136,0.42771371901637,positive
DOROTHEA_BACH1_ABC_TF_ACTIVITY__decoupler_ulm,COLLECTRI_BACH1_TF_ACTIVITY__decoupler_mlm,P0030,15,0.15714285714285714,0.5759526006037947,positive
DOROTHEA_BACH1_ABC_TF_ACTIVITY__decoupler_ulm,COLLECTRI_BACH1_TF_ACTIVITY__decoupler_mlm,P0031,15,0.2642857142857143,0.34117375799008204,positive
DOROTHEA_BACH1_ABC_TF_ACTIVITY__decoupler_ulm,COLLECTRI_BACH1_TF_ACTIVITY__decoupler_mlm,P0034,15,0.22142857142857136,0.42771371901637,positive
DOROTHEA_BACH1_ABC_TF_ACTIVITY__ssgsea_NES,HALLMARK_GLYCOLYSIS__ssgsea_NES,AL02,15,-0.12857142857142856,0.6479163294665075,negative
DOROTHEA_BACH1_ABC_TF_ACTIVITY__ssgsea_NES,HALLMARK_GLYCOLYSIS__ssgsea_NES,AL06,15,-0.08214285714285713,0.7710285652881773,negative
DOROTHEA_BACH1_ABC_TF_ACTIVITY__ssgsea_NES,HALLMARK_GLYCOLYSIS__ssgsea_NES,AL08,15,-0.23571428571428568,0.39770294590327276,negative
DOROTHEA_BACH1_ABC_TF_ACTIVITY__ssgsea_NES,HALLMARK_GLYCOLYSIS__ssgsea_NES,AL10,15,-0.25357142857142856,0.3618161038158894,negative
DOROTHEA_BACH1_ABC_TF_ACTIVITY__ssgsea_NES,HALLMARK_GLYCOLYSIS__ssgsea_NES,AL11,15,-0.17857142857142855,0.5242843600465524,negative
DOROTHEA_BACH1_ABC_TF_ACTIVITY__ssgsea_NES,HALLMARK_GLYCOLYSIS__ssgsea_NES,P0006,15,-0.23571428571428568,0.39770294590327276,negative
DOROTHEA_BACH1_ABC_TF_ACTIVITY__ssgsea_NES,HALLMARK_GLYCOLYSIS__ssgsea_NES,P0008,15,-0.27499999999999997,0.3212111733193767,negative
DOROTHEA_BACH1_ABC_TF_ACTIVITY__ssgsea_NES,HALLMARK_GLYCOLYSIS__ssgsea_NES,P0009,15,-0.08214285714285713,0.7710285652881773,negative
DOROTHEA_BACH1_ABC_TF_ACTIVITY__ssgsea_NES,HALLMARK_GLYCOLYSIS__ssgsea_NES,P0018,15,-0.2607142857142857,0.3479794598627935,negative
DOROTHEA_BACH1_ABC_TF_ACTIVITY__ssgsea_NES,HALLMARK_GLYCOLYSIS__ssgsea_NES,P0019,15,-0.25357142857142856,0.3618161038158894,negative
DOROTHEA_BACH1_ABC_TF_ACTIVITY__ssgsea_NES,HALLMARK_GLYCOLYSIS__ssgsea_NES,P0020,15,-0.38214285714285706,0.15982362998696725,negative
DOROTHEA_BACH1_ABC_TF_ACTIVITY__ssgsea_NES,HALLMARK_GLYCOLYSIS__ssgsea_NES,P0025,15,-0.23571428571428568,0.39770294590327276,negative
DOROTHEA_BACH1_ABC_TF_ACTIVITY__ssgsea_NES,HALLMARK_GLYCOLYSIS__ssgsea_NES,P0028,15,-0.33571428571428563,0.22121153763932597,negative
DOROTHEA_BACH1_ABC_TF_ACTIVITY__ssgsea_NES,HALLMARK_GLYCOLYSIS__ssgsea_NES,P0030,15,-0.3178571428571428,0.24829056581701822,negative
DOROTHEA_BACH1_ABC_TF_ACTIVITY__ssgsea_NES,HALLMARK_GLYCOLYSIS__ssgsea_NES,P0031,15,-0.2571428571428571,0.3548603636506091,negative
DOROTHEA_BACH1_ABC_TF_ACTIVITY__ssgsea_NES,HALLMARK_GLYCOLYSIS__ssgsea_NES,P0034,15,-0.17857142857142855,0.5242843600465524,negative
COLLECTRI_BACH1_TF_ACTIVITY__decoupler_ulm,HALLMARK_HEME_METABOLISM__ssgsea_NES,AL02,15,-0.4928571428571427,0.061951006714168644,negative
COLLECTRI_BACH1_TF_ACTIVITY__decoupler_ulm,HALLMARK_HEME_METABOLISM__ssgsea_NES,AL06,15,-0.2321428571428571,0.40509874069364893,negative
COLLECTRI_BACH1_TF_ACTIVITY__decoupler_ulm,HALLMARK_HEME_METABOLISM__ssgsea_NES,AL08,15,-0.2071428571428571,0.45884280496347013,negative
COLLECTRI_BACH1_TF_ACTIVITY__decoupler_ulm,HALLMARK_HEME_METABOLISM__ssgsea_NES,AL10,15,-0.1714285714285714,0.5412721760996332,negative
COLLECTRI_BACH1_TF_ACTIVITY__decoupler_ulm,HALLMARK_HEME_METABOLISM__ssgsea_NES,AL11,15,-0.35357142857142854,0.19607167843419873,negative
COLLECTRI_BACH1_TF_ACTIVITY__decoupler_ulm,HALLMARK_HEME_METABOLISM__ssgsea_NES,P0006,15,-0.20357142857142854,0.4667950724891123,negative
COLLECTRI_BACH1_TF_ACTIVITY__decoupler_ulm,HALLMARK_HEME_METABOLISM__ssgsea_NES,P0008,15,-0.22499999999999998,0.42010468690763486,negative
COLLECTRI_BACH1_TF_ACTIVITY__decoupler_ulm,HALLMARK_HEME_METABOLISM__ssgsea_NES,P0009,15,-0.22142857142857136,0.42771371901637,negative
COLLECTRI_BACH1_TF_ACTIVITY__decoupler_ulm,HALLMARK_HEME_METABOLISM__ssgsea_NES,P0018,15,-0.1607142857142857,0.5671967045803447,negative
COLLECTRI_BACH1_TF_ACTIVITY__decoupler_ulm,HALLMARK_HEME_METABOLISM__ssgsea_NES,P0019,15,-0.15714285714285714,0.5759526006037947,negative
COLLECTRI_BACH1_TF_ACTIVITY__decoupler_ulm,HALLMARK_HEME_METABOLISM__ssgsea_NES,P0020,15,-0.23571428571428568,0.39770294590327276,negative
COLLECTRI_BACH1_TF_ACTIVITY__decoupler_ulm,HALLMARK_HEME_METABOLISM__ssgsea_NES,P0025,15,-0.15714285714285714,0.5759526006037947,negative
COLLECTRI_BACH1_TF_ACTIVITY__decoupler_ulm,HALLMARK_HEME_METABOLISM__ssgsea_NES,P0028,15,-0.22142857142857136,0.42771371901637,negative
COLLECTRI_BACH1_TF_ACTIVITY__decoupler_ulm,HALLMARK_HEME_METABOLISM__ssgsea_NES,P0030,15,-0.15357142857142855,0.5847640949410158,negative
COLLECTRI_BACH1_TF_ACTIVITY__decoupler_ulm,HALLMARK_HEME_METABOLISM__ssgsea_NES,P0031,15,-0.20357142857142854,0.4667950724891123,negative
COLLECTRI_BACH1_TF_ACTIVITY__decoupler_ulm,HALLMARK_HEME_METABOLISM__ssgsea_NES,P0034,15,-0.2571428571428571,0.3548603636506091,negative
DOROTHEA_BACH1_ABC_TF_ACTIVITY__decoupler_mlm,CURATED_NRF2_ANTIOXIDANT_RESPONSE__ssgsea_NES,AL02,15,-0.2178571428571428,0.43539267351553756,negative
DOROTHEA_BACH1_ABC_TF_ACTIVITY__decoupler_mlm,CURATED_NRF2_ANTIOXIDANT_RESPONSE__ssgsea_NES,AL06,15,-0.33928571428571425,0.2160289253419548,negative
DOROTHEA_BACH1_ABC_TF_ACTIVITY__decoupler_mlm,CURATED_NRF2_ANTIOXIDANT_RESPONSE__ssgsea_NES,AL08,15,-0.06785714285714285,0.8101088187105132,negative
DOROTHEA_BACH1_ABC_TF_ACTIVITY__decoupler_mlm,CURATED_NRF2_ANTIOXIDANT_RESPONSE__ssgsea_NES,AL10,15,-0.1607142857142857,0.5671967045803447,negative
DOROTHEA_BACH1_ABC_TF_ACTIVITY__decoupler_mlm,CURATED_NRF2_ANTIOXIDANT_RESPONSE__ssgsea_NES,AL11,15,-0.09285714285714285,0.7420450099073671,negative
DOROTHEA_BACH1_ABC_TF_ACTIVITY__decoupler_mlm,CURATED_NRF2_ANTIOXIDANT_RESPONSE__ssgsea_NES,P0006,15,-0.24642857142857136,0.375950515973805,negative
DOROTHEA_BACH1_ABC_TF_ACTIVITY__decoupler_mlm,CURATED_NRF2_ANTIOXIDANT_RESPONSE__ssgsea_NES,P0008,15,-0.30357142857142855,0.27135583600386837,negative
DOROTHEA_BACH1_ABC_TF_ACTIVITY__decoupler_mlm,CURATED_NRF2_ANTIOXIDANT_RESPONSE__ssgsea_NES,P0009,15,-0.2678571428571428,0.33444360051235367,negative
DOROTHEA_BACH1_ABC_TF_ACTIVITY__decoupler_mlm,CURATED_NRF2_ANTIOXIDANT_RESPONSE__ssgsea_NES,P0018,15,-0.22142857142857136,0.42771371901637,negative
DOROTHEA_BACH1_ABC_TF_ACTIVITY__decoupler_mlm,CURATED_NRF2_ANTIOXIDANT_RESPONSE__ssgsea_NES,P0019,15,-0.24642857142857136,0.375950515973805,negative
DOROTHEA_BACH1_ABC_TF_ACTIVITY__decoupler_mlm,CURATED_NRF2_ANTIOXIDANT_RESPONSE__ssgsea_NES,P0020,15,-0.22142857142857136,0.42771371901637,negative
DOROTHEA_BACH1_ABC_TF_ACTIVITY__decoupler_mlm,CURATED_NRF2_ANTIOXIDANT_RESPONSE__ssgsea_NES,P0025,15,-0.23571428571428568,0.39770294590327276,negative
DOROTHEA_BACH1_ABC_TF_ACTIVITY__decoupler_mlm,CURATED_NRF2_ANTIOXIDANT_RESPONSE__ssgsea_NES,P0028,15,-0.3142857142857143,0.2539400163236716,negative
DOROTHEA_BACH1_ABC_TF_ACTIVITY__decoupler_mlm,CURATED_NRF2_ANTIOXIDANT_RESPONSE__ssgsea_NES,P0030,15,-0.16428571428571426,0.5584973732486012,negative
DOROTHEA_BACH1_ABC_TF_ACTIVITY__decoupler_mlm,CURATED_NRF2_ANTIOXIDANT_RESPONSE__ssgsea_NES,P0031,15,-0.2285714285714285,0.41256617049636035,negative
DOROTHEA_BACH1_ABC_TF_ACTIVITY__decoupler_mlm,CURATED_NRF2_ANTIOXIDANT_RESPONSE__ssgsea_NES,P0034,15,-0.27499999999999997,0.3212111733193767,negative
DOROTHEA_BACH1_ABC_TF_ACTIVITY__decoupler_mlm,HALLMARK_GLYCOLYSIS__mean_z,AL02,15,0.21071428571428572,0.450957865215285,positive
DOROTHEA_BACH1_ABC_TF_ACTIVITY__decoupler_mlm,HALLMARK_GLYCOLYSIS__mean_z,AL06,15,0.23928571428571427,0.3903793119202355,positive
DOROTHEA_BACH1_ABC_TF_ACTIVITY__decoupler_mlm,HALLMARK_GLYCOLYSIS__mean_z,AL08,15,0.47142857142857136,0.07607042915033117,positive
DOROTHEA_BACH1_ABC_TF_ACTIVITY__decoupler_mlm,HALLMARK_GLYCOLYSIS__mean_z,AL10,15,0.32499999999999996,0.237225438237234,positive
DOROTHEA_BACH1_ABC_TF_ACTIVITY__decoupler_mlm,HALLMARK_GLYCOLYSIS__mean_z,AL11,15,0.28928571428571426,0.29566536100437774,positive
DOROTHEA_BACH1_ABC_TF_ACTIVITY__decoupler_mlm,HALLMARK_GLYCOLYSIS__mean_z,P0006,15,0.19999999999999998,0.47481396452216845,positive
DOROTHEA_BACH1_ABC_TF_ACTIVITY__decoupler_mlm,HALLMARK_GLYCOLYSIS__mean_z,P0008,15,0.15357142857142855,0.5847640949410158,positive
DOROTHEA_BACH1_ABC_TF_ACTIVITY__decoupler_mlm,HALLMARK_GLYCOLYSIS__mean_z,P0009,15,0.2178571428571428,0.43539267351553756,positive
DOROTHEA_BACH1_ABC_TF_ACTIVITY__decoupler_mlm,HALLMARK_GLYCOLYSIS__mean_z,P0018,15,0.175,0.5327481481378592,positive
DOROTHEA_BACH1_ABC_TF_ACTIVITY__decoupler_mlm,HALLMARK_GLYCOLYSIS__mean_z,P0019,15,0.19999999999999998,0.47481396452216845,positive
DOROTHEA_BACH1_ABC_TF_ACTIVITY__decoupler_mlm,HALLMARK_GLYCOLYSIS__mean_z,P0020,15,0.1857142857142857,0.5075409629336735,positive
DOROTHEA_BACH1_ABC_TF_ACTIVITY__decoupler_mlm,HALLMARK_GLYCOLYSIS__mean_z,P0025,15,0.1357142857142857,0.6296204418728145,positive
DOROTHEA_BACH1_ABC_TF_ACTIVITY__decoupler_mlm,HALLMARK_GLYCOLYSIS__mean_z,P0028,15,0.19999999999999998,0.47481396452216845,positive
DOROTHEA_BACH1_ABC_TF_ACTIVITY__decoupler_mlm,HALLMARK_GLYCOLYSIS__mean_z,P0030,15,0.1607142857142857,0.5671967045803447,positive
DOROTHEA_BACH1_ABC_TF_ACTIVITY__decoupler_mlm,HALLMARK_GLYCOLYSIS__mean_z,P0031,15,0.19999999999999998,0.47481396452216845,positive
DOROTHEA_BACH1_ABC_TF_ACTIVITY__decoupler_mlm,HALLMARK_GLYCOLYSIS__mean_z,P0034,15,0.25357142857142856,0.3618161038158894,positive
COLLECTRI_BACH1_TF_ACTIVITY__mean_z,DOROTHEA_BACH1_ABC_TF_ACTIVITY__ssgsea_NES,AL02,15,0.1714285714285714,0.5412721760996332,positive
COLLECTRI_BACH1_TF_ACTIVITY__mean_z,DOROTHEA_BACH1_ABC_TF_ACTIVITY__ssgsea_NES,AL06,15,0.2714285714285714,0.3277893068411728,positive
COLLECTRI_BACH1_TF_ACTIVITY__mean_z,DOROTHEA_BACH1_ABC_TF_ACTIVITY__ssgsea_NES,AL08,15,0.3107142857142856,0.2596673973372183,positive
COLLECTRI_BACH1_TF_ACTIVITY__mean_z,DOROTHEA_BACH1_ABC_TF_ACTIVITY__ssgsea_NES,AL10,15,0.1928571428571428,0.49104870160522307,positive
COLLECTRI_BACH1_TF_ACTIVITY__mean_z,DOROTHEA_BACH1_ABC_TF_ACTIVITY__ssgsea_NES,AL11,15,0.25357142857142856,0.3618161038158894,positive
COLLECTRI_BACH1_TF_ACTIVITY__mean_z,DOROTHEA_BACH1_ABC_TF_ACTIVITY__ssgsea_NES,P0006,15,0.25357142857142856,0.3618161038158894,positive
COLLECTRI_BACH1_TF_ACTIVITY__mean_z,DOROTHEA_BACH1_ABC_TF_ACTIVITY__ssgsea_NES,P0008,15,0.4392857142857142,0.10136057119347246,positive
COLLECTRI_BACH1_TF_ACTIVITY__mean_z,DOROTHEA_BACH1_ABC_TF_ACTIVITY__ssgsea_NES,P0009,15,0.14285714285714282,0.6115222287644656,positive
COLLECTRI_BACH1_TF_ACTIVITY__mean_z,DOROTHEA_BACH1_ABC_TF_ACTIVITY__ssgsea_NES,P0018,15,0.2178571428571428,0.43539267351553756,positive
COLLECTRI_BACH1_TF_ACTIVITY__mean_z,DOROTHEA_BACH1_ABC_TF_ACTIVITY__ssgsea_NES,P0019,15,0.18214285714285713,0.5158816817070392,positive
COLLECTRI_BACH1_TF_ACTIVITY__mean_z,DOROTHEA_BACH1_ABC_TF_ACTIVITY__ssgsea_NES,P0020,15,0.0964285714285714,0.7324528633867309,positive
COLLECTRI_BACH1_TF_ACTIVITY__mean_z,DOROTHEA_BACH1_ABC_TF_ACTIVITY__ssgsea_NES,P0025,15,0.22142857142857136,0.42771371901637,positive
COLLECTRI_BACH1_TF_ACTIVITY__mean_z,DOROTHEA_BACH1_ABC_TF_ACTIVITY__ssgsea_NES,P0028,15,0.21071428571428572,0.450957865215285,positive
COLLECTRI_BACH1_TF_ACTIVITY__mean_z,DOROTHEA_BACH1_ABC_TF_ACTIVITY__ssgsea_NES,P0030,15,0.1928571428571428,0.49104870160522307,positive
COLLECTRI_BACH1_TF_ACTIVITY__mean_z,DOROTHEA_BACH1_ABC_TF_ACTIVITY__ssgsea_NES,P0031,15,0.1928571428571428,0.49104870160522307,positive
COLLECTRI_BACH1_TF_ACTIVITY__mean_z,DOROTHEA_BACH1_ABC_TF_ACTIVITY__ssgsea_NES,P0034,15,0.21071428571428572,0.450957865215285,positive
DOROTHEA_BACH1_ABC_TF_ACTIVITY__ssgsea_NES,COLLECTRI_BACH1_TF_ACTIVITY__mean_z,AL02,15,0.1714285714285714,0.5412721760996332,positive
DOROTHEA_BACH1_ABC_TF_ACTIVITY__ssgsea_NES,COLLECTRI_BACH1_TF_ACTIVITY__mean_z,AL06,15,0.2714285714285714,0.3277893068411728,positive
DOROTHEA_BACH1_ABC_TF_ACTIVITY__ssgsea_NES,COLLECTRI_BACH1_TF_ACTIVITY__mean_z,AL08,15,0.3107142857142856,0.2596673973372183,positive
DOROTHEA_BACH1_ABC_TF_ACTIVITY__ssgsea_NES,COLLECTRI_BACH1_TF_ACTIVITY__mean_z,AL10,15,0.1928571428571428,0.49104870160522307,positive
DOROTHEA_BACH1_ABC_TF_ACTIVITY__ssgsea_NES,COLLECTRI_BACH1_TF_ACTIVITY__mean_z,AL11,15,0.25357142857142856,0.3618161038158894,positive
DOROTHEA_BACH1_ABC_TF_ACTIVITY__ssgsea_NES,COLLECTRI_BACH1_TF_ACTIVITY__mean_z,P0006,15,0.25357142857142856,0.3618161038158894,positive
DOROTHEA_BACH1_ABC_TF_ACTIVITY__ssgsea_NES,COLLECTRI_BACH1_TF_ACTIVITY__mean_z,P0008,15,0.4392857142857142,0.10136057119347246,positive
DOROTHEA_BACH1_ABC_TF_ACTIVITY__ssgsea_NES,COLLECTRI_BACH1_TF_ACTIVITY__mean_z,P0009,15,0.14285714285714282,0.6115222287644656,positive
DOROTHEA_BACH1_ABC_TF_ACTIVITY__ssgsea_NES,COLLECTRI_BACH1_TF_ACTIVITY__mean_z,P0018,15,0.2178571428571428,0.43539267351553756,positive
DOROTHEA_BACH1_ABC_TF_ACTIVITY__ssgsea_NES,COLLECTRI_BACH1_TF_ACTIVITY__mean_z,P0019,15,0.18214285714285713,0.5158816817070392,positive
DOROTHEA_BACH1_ABC_TF_ACTIVITY__ssgsea_NES,COLLECTRI_BACH1_TF_ACTIVITY__mean_z,P0020,15,0.0964285714285714,0.7324528633867309,positive
DOROTHEA_BACH1_ABC_TF_ACTIVITY__ssgsea_NES,COLLECTRI_BACH1_TF_ACTIVITY__mean_z,P0025,15,0.22142857142857136,0.42771371901637,positive
DOROTHEA_BACH1_ABC_TF_ACTIVITY__ssgsea_NES,COLLECTRI_BACH1_TF_ACTIVITY__mean_z,P0028,15,0.21071428571428572,0.450957865215285,positive
DOROTHEA_BACH1_ABC_TF_ACTIVITY__ssgsea_NES,COLLECTRI_BACH1_TF_ACTIVITY__mean_z,P0030,15,0.1928571428571428,0.49104870160522307,positive
DOROTHEA_BACH1_ABC_TF_ACTIVITY__ssgsea_NES,COLLECTRI_BACH1_TF_ACTIVITY__mean_z,P0031,15,0.1928571428571428,0.49104870160522307,positive
DOROTHEA_BACH1_ABC_TF_ACTIVITY__ssgsea_NES,COLLECTRI_BACH1_TF_ACTIVITY__mean_z,P0034,15,0.21071428571428572,0.450957865215285,positive
KLENJA2025_BACH1_ACTIVITY_INVERTED__ssgsea_NES,HALLMARK_REACTIVE_OXYGEN_SPECIES_PATHWAY__ssgsea_NES,AL02,15,0.05714285714285713,0.8396998687415759,positive
KLENJA2025_BACH1_ACTIVITY_INVERTED__ssgsea_NES,HALLMARK_REACTIVE_OXYGEN_SPECIES_PATHWAY__ssgsea_NES,AL06,15,0.23571428571428568,0.39770294590327276,positive
KLENJA2025_BACH1_ACTIVITY_INVERTED__ssgsea_NES,HALLMARK_REACTIVE_OXYGEN_SPECIES_PATHWAY__ssgsea_NES,AL08,15,0.18928571428571428,0.4992630332385452,positive
KLENJA2025_BACH1_ACTIVITY_INVERTED__ssgsea_NES,HALLMARK_REACTIVE_OXYGEN_SPECIES_PATHWAY__ssgsea_NES,AL10,15,0.22499999999999998,0.42010468690763486,positive
KLENJA2025_BACH1_ACTIVITY_INVERTED__ssgsea_NES,HALLMARK_REACTIVE_OXYGEN_SPECIES_PATHWAY__ssgsea_NES,AL11,15,0.28928571428571426,0.29566536100437774,positive
KLENJA2025_BACH1_ACTIVITY_INVERTED__ssgsea_NES,HALLMARK_REACTIVE_OXYGEN_SPECIES_PATHWAY__ssgsea_NES,P0006,15,0.3714285714285714,0.17284974708034007,positive
KLENJA2025_BACH1_ACTIVITY_INVERTED__ssgsea_NES,HALLMARK_REACTIVE_OXYGEN_SPECIES_PATHWAY__ssgsea_NES,P0008,15,0.32499999999999996,0.237225438237234,positive
KLENJA2025_BACH1_ACTIVITY_INVERTED__ssgsea_NES,HALLMARK_REACTIVE_OXYGEN_SPECIES_PATHWAY__ssgsea_NES,P0009,15,0.05714285714285713,0.8396998687415759,positive
KLENJA2025_BACH1_ACTIVITY_INVERTED__ssgsea_NES,HALLMARK_REACTIVE_OXYGEN_SPECIES_PATHWAY__ssgsea_NES,P0018,15,0.3071428571428571,0.2654726857102781,positive
KLENJA2025_BACH1_ACTIVITY_INVERTED__ssgsea_NES,HALLMARK_REACTIVE_OXYGEN_SPECIES_PATHWAY__ssgsea_NES,P0019,15,0.1928571428571428,0.49104870160522307,positive
KLENJA2025_BACH1_ACTIVITY_INVERTED__ssgsea_NES,HALLMARK_REACTIVE_OXYGEN_SPECIES_PATHWAY__ssgsea_NES,P0020,15,0.23571428571428568,0.39770294590327276,positive
KLENJA2025_BACH1_ACTIVITY_INVERTED__ssgsea_NES,HALLMARK_REACTIVE_OXYGEN_SPECIES_PATHWAY__ssgsea_NES,P0025,15,0.2607142857142857,0.3479794598627935,positive
KLENJA2025_BACH1_ACTIVITY_INVERTED__ssgsea_NES,HALLMARK_REACTIVE_OXYGEN_SPECIES_PATHWAY__ssgsea_NES,P0028,15,0.21071428571428572,0.450957865215285,positive
KLENJA2025_BACH1_ACTIVITY_INVERTED__ssgsea_NES,HALLMARK_REACTIVE_OXYGEN_SPECIES_PATHWAY__ssgsea_NES,P0030,15,0.25,0.36884629178393047,positive
KLENJA2025_BACH1_ACTIVITY_INVERTED__ssgsea_NES,HALLMARK_REACTIVE_OXYGEN_SPECIES_PATHWAY__ssgsea_NES,P0031,15,0.125,0.6571356681869506,positive
KLENJA2025_BACH1_ACTIVITY_INVERTED__ssgsea_NES,HALLMARK_REACTIVE_OXYGEN_SPECIES_PATHWAY__ssgsea_NES,P0034,15,0.23571428571428568,0.39770294590327276,positive
KLENJA2025_BACH1_INVERSE_ACTIVITY__mean_z,HALLMARK_EPITHELIAL_MESENCHYMAL_TRANSITION__mean_z,AL02,15,-0.05714285714285713,0.8396998687415759,negative
KLENJA2025_BACH1_INVERSE_ACTIVITY__mean_z,HALLMARK_EPITHELIAL_MESENCHYMAL_TRANSITION__mean_z,AL06,15,-0.19999999999999998,0.47481396452216845,negative
KLENJA2025_BACH1_INVERSE_ACTIVITY__mean_z,HALLMARK_EPITHELIAL_MESENCHYMAL_TRANSITION__mean_z,AL08,15,-0.1964285714285714,0.48289875627163353,negative
KLENJA2025_BACH1_INVERSE_ACTIVITY__mean_z,HALLMARK_EPITHELIAL_MESENCHYMAL_TRANSITION__mean_z,AL10,15,-0.2285714285714285,0.41256617049636035,negative
KLENJA2025_BACH1_INVERSE_ACTIVITY__mean_z,HALLMARK_EPITHELIAL_MESENCHYMAL_TRANSITION__mean_z,AL11,15,-0.2607142857142857,0.3479794598627935,negative
KLENJA2025_BACH1_INVERSE_ACTIVITY__mean_z,HALLMARK_EPITHELIAL_MESENCHYMAL_TRANSITION__mean_z,P0006,15,-0.2178571428571428,0.43539267351553756,negative
KLENJA2025_BACH1_INVERSE_ACTIVITY__mean_z,HALLMARK_EPITHELIAL_MESENCHYMAL_TRANSITION__mean_z,P0008,15,-0.16428571428571426,0.5584973732486012,negative
KLENJA2025_BACH1_INVERSE_ACTIVITY__mean_z,HALLMARK_EPITHELIAL_MESENCHYMAL_TRANSITION__mean_z,P0009,15,-0.43214285714285705,0.10769303754639795,negative
KLENJA2025_BACH1_INVERSE_ACTIVITY__mean_z,HALLMARK_EPITHELIAL_MESENCHYMAL_TRANSITION__mean_z,P0018,15,-0.24642857142857136,0.375950515973805,negative
KLENJA2025_BACH1_INVERSE_ACTIVITY__mean_z,HALLMARK_EPITHELIAL_MESENCHYMAL_TRANSITION__mean_z,P0019,15,-0.2321428571428571,0.40509874069364893,negative
KLENJA2025_BACH1_INVERSE_ACTIVITY__mean_z,HALLMARK_EPITHELIAL_MESENCHYMAL_TRANSITION__mean_z,P0020,15,-0.2285714285714285,0.41256617049636035,negative
KLENJA2025_BACH1_INVERSE_ACTIVITY__mean_z,HALLMARK_EPITHELIAL_MESENCHYMAL_TRANSITION__mean_z,P0025,15,-0.3857142857142856,0.15563079458596027,negative
KLENJA2025_BACH1_INVERSE_ACTIVITY__mean_z,HALLMARK_EPITHELIAL_MESENCHYMAL_TRANSITION__mean_z,P0028,15,-0.16428571428571426,0.5584973732486012,negative
KLENJA2025_BACH1_INVERSE_ACTIVITY__mean_z,HALLMARK_EPITHELIAL_MESENCHYMAL_TRANSITION__mean_z,P0030,15,-0.16428571428571426,0.5584973732486012,negative
KLENJA2025_BACH1_INVERSE_ACTIVITY__mean_z,HALLMARK_EPITHELIAL_MESENCHYMAL_TRANSITION__mean_z,P0031,15,-0.22499999999999998,0.42010468690763486,negative
KLENJA2025_BACH1_INVERSE_ACTIVITY__mean_z,HALLMARK_EPITHELIAL_MESENCHYMAL_TRANSITION__mean_z,P0034,15,-0.16428571428571426,0.5584973732486012,negative
BACH1_expression_mean,KLENJA2025_BACH1_INVERSE_ACTIVITY__mean_z,AL02,15,0.05357142857142857,0.8496099367776072,positive
BACH1_expression_mean,KLENJA2025_BACH1_INVERSE_ACTIVITY__mean_z,AL06,15,0.3071428571428571,0.2654726857102781,positive
BACH1_expression_mean,KLENJA2025_BACH1_INVERSE_ACTIVITY__mean_z,AL08,15,0.1928571428571428,0.49104870160522307,positive
BACH1_expression_mean,KLENJA2025_BACH1_INVERSE_ACTIVITY__mean_z,AL10,15,0.25357142857142856,0.3618161038158894,positive
BACH1_expression_mean,KLENJA2025_BACH1_INVERSE_ACTIVITY__mean_z,AL11,15,0.3607142857142856,0.1865543741541635,positive
BACH1_expression_mean,KLENJA2025_BACH1_INVERSE_ACTIVITY__mean_z,P0006,15,0.20357142857142854,0.4667950724891123,positive
BACH1_expression_mean,KLENJA2025_BACH1_INVERSE_ACTIVITY__mean_z,P0008,15,0.3607142857142856,0.1865543741541635,positive
BACH1_expression_mean,KLENJA2025_BACH1_INVERSE_ACTIVITY__mean_z,P0009,15,0.16428571428571426,0.5584973732486012,positive
BACH1_expression_mean,KLENJA2025_BACH1_INVERSE_ACTIVITY__mean_z,P0018,15,0.21428571428571427,0.44314093482351424,positive
BACH1_expression_mean,KLENJA2025_BACH1_INVERSE_ACTIVITY__mean_z,P0019,15,0.20357142857142854,0.4667950724891123,positive
BACH1_expression_mean,KLENJA2025_BACH1_INVERSE_ACTIVITY__mean_z,P0020,15,0.23571428571428568,0.39770294590327276,positive
BACH1_expression_mean,KLENJA2025_BACH1_INVERSE_ACTIVITY__mean_z,P0025,15,0.13928571428571426,0.6205460876279013,positive
BACH1_expression_mean,KLENJA2025_BACH1_INVERSE_ACTIVITY__mean_z,P0028,15,0.21071428571428572,0.450957865215285,positive
BACH1_expression_mean,KLENJA2025_BACH1_INVERSE_ACTIVITY__mean_z,P0030,15,0.21071428571428572,0.450957865215285,positive
BACH1_expression_mean,KLENJA2025_BACH1_INVERSE_ACTIVITY__mean_z,P0031,15,0.18928571428571428,0.4992630332385452,positive
BACH1_expression_mean,KLENJA2025_BACH1_INVERSE_ACTIVITY__mean_z,P0034,15,0.21428571428571427,0.44314093482351424,positive
COLLECTRI_BACH1_TF_ACTIVITY__decoupler_mlm,HALLMARK_OXIDATIVE_PHOSPHORYLATION__ssgsea_NES,AL02,15,-0.48214285714285704,0.06874953772064371,negative
COLLECTRI_BACH1_TF_ACTIVITY__decoupler_mlm,HALLMARK_OXIDATIVE_PHOSPHORYLATION__ssgsea_NES,AL06,15,-0.2642857142857143,0.34117375799008204,negative
COLLECTRI_BACH1_TF_ACTIVITY__decoupler_mlm,HALLMARK_OXIDATIVE_PHOSPHORYLATION__ssgsea_NES,AL08,15,-0.3178571428571428,0.24829056581701822,negative
COLLECTRI_BACH1_TF_ACTIVITY__decoupler_mlm,HALLMARK_OXIDATIVE_PHOSPHORYLATION__ssgsea_NES,AL10,15,-0.28571428571428564,0.3019363513225493,negative
COLLECTRI_BACH1_TF_ACTIVITY__decoupler_mlm,HALLMARK_OXIDATIVE_PHOSPHORYLATION__ssgsea_NES,AL11,15,-0.14285714285714282,0.6115222287644656,negative
COLLECTRI_BACH1_TF_ACTIVITY__decoupler_mlm,HALLMARK_OXIDATIVE_PHOSPHORYLATION__ssgsea_NES,P0006,15,-0.2642857142857143,0.34117375799008204,negative
COLLECTRI_BACH1_TF_ACTIVITY__decoupler_mlm,HALLMARK_OXIDATIVE_PHOSPHORYLATION__ssgsea_NES,P0008,15,-0.175,0.5327481481378592,negative
COLLECTRI_BACH1_TF_ACTIVITY__decoupler_mlm,HALLMARK_OXIDATIVE_PHOSPHORYLATION__ssgsea_NES,P0009,15,-0.13214285714285715,0.6387442188840663,negative
COLLECTRI_BACH1_TF_ACTIVITY__decoupler_mlm,HALLMARK_OXIDATIVE_PHOSPHORYLATION__ssgsea_NES,P0018,15,-0.175,0.5327481481378592,negative
COLLECTRI_BACH1_TF_ACTIVITY__decoupler_mlm,HALLMARK_OXIDATIVE_PHOSPHORYLATION__ssgsea_NES,P0019,15,-0.175,0.5327481481378592,negative
COLLECTRI_BACH1_TF_ACTIVITY__decoupler_mlm,HALLMARK_OXIDATIVE_PHOSPHORYLATION__ssgsea_NES,P0020,15,-0.10714285714285714,0.7039010016261618,negative
COLLECTRI_BACH1_TF_ACTIVITY__decoupler_mlm,HALLMARK_OXIDATIVE_PHOSPHORYLATION__ssgsea_NES,P0025,15,-0.175,0.5327481481378592,negative
COLLECTRI_BACH1_TF_ACTIVITY__decoupler_mlm,HALLMARK_OXIDATIVE_PHOSPHORYLATION__ssgsea_NES,P0028,15,-0.2178571428571428,0.43539267351553756,negative
COLLECTRI_BACH1_TF_ACTIVITY__decoupler_mlm,HALLMARK_OXIDATIVE_PHOSPHORYLATION__ssgsea_NES,P0030,15,-0.1714285714285714,0.5412721760996332,negative
COLLECTRI_BACH1_TF_ACTIVITY__decoupler_mlm,HALLMARK_OXIDATIVE_PHOSPHORYLATION__ssgsea_NES,P0031,15,-0.2178571428571428,0.43539267351553756,negative
COLLECTRI_BACH1_TF_ACTIVITY__decoupler_mlm,HALLMARK_OXIDATIVE_PHOSPHORYLATION__ssgsea_NES,P0034,15,-0.22142857142857136,0.42771371901637,negative
COLLECTRI_BACH1_TF_ACTIVITY__ssgsea_NES,DOROTHEA_BACH1_ABC_TF_ACTIVITY__decoupler_mlm,AL02,15,-0.20357142857142854,0.4667950724891123,negative
COLLECTRI_BACH1_TF_ACTIVITY__ssgsea_NES,DOROTHEA_BACH1_ABC_TF_ACTIVITY__decoupler_mlm,AL06,15,-0.39999999999999997,0.1395951293721447,negative
COLLECTRI_BACH1_TF_ACTIVITY__ssgsea_NES,DOROTHEA_BACH1_ABC_TF_ACTIVITY__decoupler_mlm,AL08,15,-0.2321428571428571,0.40509874069364893,negative
COLLECTRI_BACH1_TF_ACTIVITY__ssgsea_NES,DOROTHEA_BACH1_ABC_TF_ACTIVITY__decoupler_mlm,AL10,15,-0.20357142857142854,0.4667950724891123,negative
COLLECTRI_BACH1_TF_ACTIVITY__ssgsea_NES,DOROTHEA_BACH1_ABC_TF_ACTIVITY__decoupler_mlm,AL11,15,-0.21428571428571427,0.44314093482351424,negative
COLLECTRI_BACH1_TF_ACTIVITY__ssgsea_NES,DOROTHEA_BACH1_ABC_TF_ACTIVITY__decoupler_mlm,P0006,15,-0.1964285714285714,0.48289875627163353,negative
COLLECTRI_BACH1_TF_ACTIVITY__ssgsea_NES,DOROTHEA_BACH1_ABC_TF_ACTIVITY__decoupler_mlm,P0008,15,-0.24285714285714283,0.3831283418393415,negative
COLLECTRI_BACH1_TF_ACTIVITY__ssgsea_NES,DOROTHEA_BACH1_ABC_TF_ACTIVITY__decoupler_mlm,P0009,15,-0.18214285714285713,0.5158816817070392,negative
COLLECTRI_BACH1_TF_ACTIVITY__ssgsea_NES,DOROTHEA_BACH1_ABC_TF_ACTIVITY__decoupler_mlm,P0018,15,-0.15,0.5936302027425882,negative
COLLECTRI_BACH1_TF_ACTIVITY__ssgsea_NES,DOROTHEA_BACH1_ABC_TF_ACTIVITY__decoupler_mlm,P0019,15,-0.21071428571428572,0.450957865215285,negative
COLLECTRI_BACH1_TF_ACTIVITY__ssgsea_NES,DOROTHEA_BACH1_ABC_TF_ACTIVITY__decoupler_mlm,P0020,15,-0.2178571428571428,0.43539267351553756,negative
COLLECTRI_BACH1_TF_ACTIVITY__ssgsea_NES,DOROTHEA_BACH1_ABC_TF_ACTIVITY__decoupler_mlm,P0025,15,-0.0964285714285714,0.7324528633867309,negative
COLLECTRI_BACH1_TF_ACTIVITY__ssgsea_NES,DOROTHEA_BACH1_ABC_TF_ACTIVITY__decoupler_mlm,P0028,15,-0.3071428571428571,0.2654726857102781,negative
COLLECTRI_BACH1_TF_ACTIVITY__ssgsea_NES,DOROTHEA_BACH1_ABC_TF_ACTIVITY__decoupler_mlm,P0030,15,-0.15357142857142855,0.5847640949410158,negative
COLLECTRI_BACH1_TF_ACTIVITY__ssgsea_NES,DOROTHEA_BACH1_ABC_TF_ACTIVITY__decoupler_mlm,P0031,15,-0.19999999999999998,0.47481396452216845,negative
COLLECTRI_BACH1_TF_ACTIVITY__ssgsea_NES,DOROTHEA_BACH1_ABC_TF_ACTIVITY__decoupler_mlm,P0034,15,-0.3071428571428571,0.2654726857102781,negative
DOROTHEA_BACH1_ABC_TF_ACTIVITY__decoupler_mlm,COLLECTRI_BACH1_TF_ACTIVITY__ssgsea_NES,AL02,15,-0.20357142857142854,0.4667950724891123,negative
DOROTHEA_BACH1_ABC_TF_ACTIVITY__decoupler_mlm,COLLECTRI_BACH1_TF_ACTIVITY__ssgsea_NES,AL06,15,-0.39999999999999997,0.1395951293721447,negative
DOROTHEA_BACH1_ABC_TF_ACTIVITY__decoupler_mlm,COLLECTRI_BACH1_TF_ACTIVITY__ssgsea_NES,AL08,15,-0.2321428571428571,0.40509874069364893,negative
DOROTHEA_BACH1_ABC_TF_ACTIVITY__decoupler_mlm,COLLECTRI_BACH1_TF_ACTIVITY__ssgsea_NES,AL10,15,-0.20357142857142854,0.4667950724891123,negative
DOROTHEA_BACH1_ABC_TF_ACTIVITY__decoupler_mlm,COLLECTRI_BACH1_TF_ACTIVITY__ssgsea_NES,AL11,15,-0.21428571428571427,0.44314093482351424,negative
DOROTHEA_BACH1_ABC_TF_ACTIVITY__decoupler_mlm,COLLECTRI_BACH1_TF_ACTIVITY__ssgsea_NES,P0006,15,-0.1964285714285714,0.48289875627163353,negative
DOROTHEA_BACH1_ABC_TF_ACTIVITY__decoupler_mlm,COLLECTRI_BACH1_TF_ACTIVITY__ssgsea_NES,P0008,15,-0.24285714285714283,0.3831283418393415,negative
DOROTHEA_BACH1_ABC_TF_ACTIVITY__decoupler_mlm,COLLECTRI_BACH1_TF_ACTIVITY__ssgsea_NES,P0009,15,-0.18214285714285713,0.5158816817070392,negative
DOROTHEA_BACH1_ABC_TF_ACTIVITY__decoupler_mlm,COLLECTRI_BACH1_TF_ACTIVITY__ssgsea_NES,P0018,15,-0.15,0.5936302027425882,negative
DOROTHEA_BACH1_ABC_TF_ACTIVITY__decoupler_mlm,COLLECTRI_BACH1_TF_ACTIVITY__ssgsea_NES,P0019,15,-0.21071428571428572,0.450957865215285,negative
DOROTHEA_BACH1_ABC_TF_ACTIVITY__decoupler_mlm,COLLECTRI_BACH1_TF_ACTIVITY__ssgsea_NES,P0020,15,-0.2178571428571428,0.43539267351553756,negative
DOROTHEA_BACH1_ABC_TF_ACTIVITY__decoupler_mlm,COLLECTRI_BACH1_TF_ACTIVITY__ssgsea_NES,P0025,15,-0.0964285714285714,0.7324528633867309,negative
DOROTHEA_BACH1_ABC_TF_ACTIVITY__decoupler_mlm,COLLECTRI_BACH1_TF_ACTIVITY__ssgsea_NES,P0028,15,-0.3071428571428571,0.2654726857102781,negative
DOROTHEA_BACH1_ABC_TF_ACTIVITY__decoupler_mlm,COLLECTRI_BACH1_TF_ACTIVITY__ssgsea_NES,P0030,15,-0.15357142857142855,0.5847640949410158,negative
DOROTHEA_BACH1_ABC_TF_ACTIVITY__decoupler_mlm,COLLECTRI_BACH1_TF_ACTIVITY__ssgsea_NES,P0031,15,-0.19999999999999998,0.47481396452216845,negative
DOROTHEA_BACH1_ABC_TF_ACTIVITY__decoupler_mlm,COLLECTRI_BACH1_TF_ACTIVITY__ssgsea_NES,P0034,15,-0.3071428571428571,0.2654726857102781,negative
BACH1_detected_fraction,HALLMARK_HYPOXIA__ssgsea_NES,AL02,15,0.21428571428571427,0.44314093482351424,positive
BACH1_detected_fraction,HALLMARK_HYPOXIA__ssgsea_NES,AL06,15,0.1357142857142857,0.6296204418728145,positive
BACH1_detected_fraction,HALLMARK_HYPOXIA__ssgsea_NES,AL08,15,0.2178571428571428,0.43539267351553756,positive
BACH1_detected_fraction,HALLMARK_HYPOXIA__ssgsea_NES,AL10,15,0.2178571428571428,0.43539267351553756,positive
BACH1_detected_fraction,HALLMARK_HYPOXIA__ssgsea_NES,AL11,15,0.3857142857142856,0.15563079458596027,positive
BACH1_detected_fraction,HALLMARK_HYPOXIA__ssgsea_NES,P0006,15,0.25,0.36884629178393047,positive
BACH1_detected_fraction,HALLMARK_HYPOXIA__ssgsea_NES,P0008,15,0.22142857142857136,0.42771371901637,positive
BACH1_detected_fraction,HALLMARK_HYPOXIA__ssgsea_NES,P0009,15,0.2642857142857143,0.34117375799008204,positive
BACH1_detected_fraction,HALLMARK_HYPOXIA__ssgsea_NES,P0018,15,0.1464285714285714,0.602549920983054,positive
BACH1_detected_fraction,HALLMARK_HYPOXIA__ssgsea_NES,P0019,15,0.2071428571428571,0.45884280496347013,positive
BACH1_detected_fraction,HALLMARK_HYPOXIA__ssgsea_NES,P0020,15,0.06428571428571428,0.8199479653196375,positive
BACH1_detected_fraction,HALLMARK_HYPOXIA__ssgsea_NES,P0025,15,0.11428571428571425,0.6850657626568974,positive
BACH1_detected_fraction,HALLMARK_HYPOXIA__ssgsea_NES,P0028,15,0.28928571428571426,0.29566536100437774,positive
BACH1_detected_fraction,HALLMARK_HYPOXIA__ssgsea_NES,P0030,15,0.2321428571428571,0.40509874069364893,positive
BACH1_detected_fraction,HALLMARK_HYPOXIA__ssgsea_NES,P0031,15,0.2821428571428571,0.3082844568200555,positive
BACH1_detected_fraction,HALLMARK_HYPOXIA__ssgsea_NES,P0034,15,0.22499999999999998,0.42010468690763486,positive
COLLECTRI_BACH1_TF_ACTIVITY__ssgsea_NES,HALLMARK_OXIDATIVE_PHOSPHORYLATION__ssgsea_NES,AL02,15,0.049999999999999996,0.859540943467457,positive
COLLECTRI_BACH1_TF_ACTIVITY__ssgsea_NES,HALLMARK_OXIDATIVE_PHOSPHORYLATION__ssgsea_NES,AL06,15,0.32499999999999996,0.237225438237234,positive
COLLECTRI_BACH1_TF_ACTIVITY__ssgsea_NES,HALLMARK_OXIDATIVE_PHOSPHORYLATION__ssgsea_NES,AL08,15,0.2178571428571428,0.43539267351553756,positive
COLLECTRI_BACH1_TF_ACTIVITY__ssgsea_NES,HALLMARK_OXIDATIVE_PHOSPHORYLATION__ssgsea_NES,AL10,15,0.21428571428571427,0.44314093482351424,positive
COLLECTRI_BACH1_TF_ACTIVITY__ssgsea_NES,HALLMARK_OXIDATIVE_PHOSPHORYLATION__ssgsea_NES,AL11,15,0.2178571428571428,0.43539267351553756,positive
COLLECTRI_BACH1_TF_ACTIVITY__ssgsea_NES,HALLMARK_OXIDATIVE_PHOSPHORYLATION__ssgsea_NES,P0006,15,0.15357142857142855,0.5847640949410158,positive
COLLECTRI_BACH1_TF_ACTIVITY__ssgsea_NES,HALLMARK_OXIDATIVE_PHOSPHORYLATION__ssgsea_NES,P0008,15,0.18214285714285713,0.5158816817070392,positive
COLLECTRI_BACH1_TF_ACTIVITY__ssgsea_NES,HALLMARK_OXIDATIVE_PHOSPHORYLATION__ssgsea_NES,P0009,15,0.3928571428571428,0.1474666553113262,positive
COLLECTRI_BACH1_TF_ACTIVITY__ssgsea_NES,HALLMARK_OXIDATIVE_PHOSPHORYLATION__ssgsea_NES,P0018,15,0.18928571428571428,0.4992630332385452,positive
COLLECTRI_BACH1_TF_ACTIVITY__ssgsea_NES,HALLMARK_OXIDATIVE_PHOSPHORYLATION__ssgsea_NES,P0019,15,0.30357142857142855,0.27135583600386837,positive
COLLECTRI_BACH1_TF_ACTIVITY__ssgsea_NES,HALLMARK_OXIDATIVE_PHOSPHORYLATION__ssgsea_NES,P0020,15,0.15,0.5936302027425882,positive
COLLECTRI_BACH1_TF_ACTIVITY__ssgsea_NES,HALLMARK_OXIDATIVE_PHOSPHORYLATION__ssgsea_NES,P0025,15,0.1607142857142857,0.5671967045803447,positive
COLLECTRI_BACH1_TF_ACTIVITY__ssgsea_NES,HALLMARK_OXIDATIVE_PHOSPHORYLATION__ssgsea_NES,P0028,15,0.25,0.36884629178393047,positive
COLLECTRI_BACH1_TF_ACTIVITY__ssgsea_NES,HALLMARK_OXIDATIVE_PHOSPHORYLATION__ssgsea_NES,P0030,15,0.22499999999999998,0.42010468690763486,positive
COLLECTRI_BACH1_TF_ACTIVITY__ssgsea_NES,HALLMARK_OXIDATIVE_PHOSPHORYLATION__ssgsea_NES,P0031,15,0.20357142857142854,0.4667950724891123,positive
COLLECTRI_BACH1_TF_ACTIVITY__ssgsea_NES,HALLMARK_OXIDATIVE_PHOSPHORYLATION__ssgsea_NES,P0034,15,0.2321428571428571,0.40509874069364893,positive
COLLECTRI_BACH1_TF_ACTIVITY__decoupler_mlm,DOROTHEA_BACH1_ABC_TF_ACTIVITY__decoupler_mlm,AL02,15,0.2928571428571428,0.28947166721240103,positive
COLLECTRI_BACH1_TF_ACTIVITY__decoupler_mlm,DOROTHEA_BACH1_ABC_TF_ACTIVITY__decoupler_mlm,AL06,15,0.2928571428571428,0.28947166721240103,positive
COLLECTRI_BACH1_TF_ACTIVITY__decoupler_mlm,DOROTHEA_BACH1_ABC_TF_ACTIVITY__decoupler_mlm,AL08,15,0.3428571428571428,0.2109237934147519,positive
COLLECTRI_BACH1_TF_ACTIVITY__decoupler_mlm,DOROTHEA_BACH1_ABC_TF_ACTIVITY__decoupler_mlm,AL10,15,0.2714285714285714,0.3277893068411728,positive
COLLECTRI_BACH1_TF_ACTIVITY__decoupler_mlm,DOROTHEA_BACH1_ABC_TF_ACTIVITY__decoupler_mlm,AL11,15,0.125,0.6571356681869506,positive
COLLECTRI_BACH1_TF_ACTIVITY__decoupler_mlm,DOROTHEA_BACH1_ABC_TF_ACTIVITY__decoupler_mlm,P0006,15,0.2321428571428571,0.40509874069364893,positive
COLLECTRI_BACH1_TF_ACTIVITY__decoupler_mlm,DOROTHEA_BACH1_ABC_TF_ACTIVITY__decoupler_mlm,P0008,15,0.2607142857142857,0.3479794598627935,positive
COLLECTRI_BACH1_TF_ACTIVITY__decoupler_mlm,DOROTHEA_BACH1_ABC_TF_ACTIVITY__decoupler_mlm,P0009,15,0.25357142857142856,0.3618161038158894,positive
COLLECTRI_BACH1_TF_ACTIVITY__decoupler_mlm,DOROTHEA_BACH1_ABC_TF_ACTIVITY__decoupler_mlm,P0018,15,0.08214285714285713,0.7710285652881773,positive
COLLECTRI_BACH1_TF_ACTIVITY__decoupler_mlm,DOROTHEA_BACH1_ABC_TF_ACTIVITY__decoupler_mlm,P0019,15,0.25357142857142856,0.3618161038158894,positive
COLLECTRI_BACH1_TF_ACTIVITY__decoupler_mlm,DOROTHEA_BACH1_ABC_TF_ACTIVITY__decoupler_mlm,P0020,15,0.08214285714285713,0.7710285652881773,positive
COLLECTRI_BACH1_TF_ACTIVITY__decoupler_mlm,DOROTHEA_BACH1_ABC_TF_ACTIVITY__decoupler_mlm,P0025,15,0.1464285714285714,0.602549920983054,positive
COLLECTRI_BACH1_TF_ACTIVITY__decoupler_mlm,DOROTHEA_BACH1_ABC_TF_ACTIVITY__decoupler_mlm,P0028,15,0.19999999999999998,0.47481396452216845,positive
COLLECTRI_BACH1_TF_ACTIVITY__decoupler_mlm,DOROTHEA_BACH1_ABC_TF_ACTIVITY__decoupler_mlm,P0030,15,0.13928571428571426,0.6205460876279013,positive
COLLECTRI_BACH1_TF_ACTIVITY__decoupler_mlm,DOROTHEA_BACH1_ABC_TF_ACTIVITY__decoupler_mlm,P0031,15,0.24642857142857136,0.375950515973805,positive
COLLECTRI_BACH1_TF_ACTIVITY__decoupler_mlm,DOROTHEA_BACH1_ABC_TF_ACTIVITY__decoupler_mlm,P0034,15,0.19999999999999998,0.47481396452216845,positive
DOROTHEA_BACH1_ABC_TF_ACTIVITY__decoupler_mlm,COLLECTRI_BACH1_TF_ACTIVITY__decoupler_mlm,AL02,15,0.2928571428571428,0.28947166721240103,positive
DOROTHEA_BACH1_ABC_TF_ACTIVITY__decoupler_mlm,COLLECTRI_BACH1_TF_ACTIVITY__decoupler_mlm,AL06,15,0.2928571428571428,0.28947166721240103,positive
DOROTHEA_BACH1_ABC_TF_ACTIVITY__decoupler_mlm,COLLECTRI_BACH1_TF_ACTIVITY__decoupler_mlm,AL08,15,0.3428571428571428,0.2109237934147519,positive
DOROTHEA_BACH1_ABC_TF_ACTIVITY__decoupler_mlm,COLLECTRI_BACH1_TF_ACTIVITY__decoupler_mlm,AL10,15,0.2714285714285714,0.3277893068411728,positive
DOROTHEA_BACH1_ABC_TF_ACTIVITY__decoupler_mlm,COLLECTRI_BACH1_TF_ACTIVITY__decoupler_mlm,AL11,15,0.125,0.6571356681869506,positive
DOROTHEA_BACH1_ABC_TF_ACTIVITY__decoupler_mlm,COLLECTRI_BACH1_TF_ACTIVITY__decoupler_mlm,P0006,15,0.2321428571428571,0.40509874069364893,positive
DOROTHEA_BACH1_ABC_TF_ACTIVITY__decoupler_mlm,COLLECTRI_BACH1_TF_ACTIVITY__decoupler_mlm,P0008,15,0.2607142857142857,0.3479794598627935,positive
DOROTHEA_BACH1_ABC_TF_ACTIVITY__decoupler_mlm,COLLECTRI_BACH1_TF_ACTIVITY__decoupler_mlm,P0009,15,0.25357142857142856,0.3618161038158894,positive
DOROTHEA_BACH1_ABC_TF_ACTIVITY__decoupler_mlm,COLLECTRI_BACH1_TF_ACTIVITY__decoupler_mlm,P0018,15,0.08214285714285713,0.7710285652881773,positive
DOROTHEA_BACH1_ABC_TF_ACTIVITY__decoupler_mlm,COLLECTRI_BACH1_TF_ACTIVITY__decoupler_mlm,P0019,15,0.25357142857142856,0.3618161038158894,positive
DOROTHEA_BACH1_ABC_TF_ACTIVITY__decoupler_mlm,COLLECTRI_BACH1_TF_ACTIVITY__decoupler_mlm,P0020,15,0.08214285714285713,0.7710285652881773,positive
DOROTHEA_BACH1_ABC_TF_ACTIVITY__decoupler_mlm,COLLECTRI_BACH1_TF_ACTIVITY__decoupler_mlm,P0025,15,0.1464285714285714,0.602549920983054,positive
DOROTHEA_BACH1_ABC_TF_ACTIVITY__decoupler_mlm,COLLECTRI_BACH1_TF_ACTIVITY__decoupler_mlm,P0028,15,0.19999999999999998,0.47481396452216845,positive
DOROTHEA_BACH1_ABC_TF_ACTIVITY__decoupler_mlm,COLLECTRI_BACH1_TF_ACTIVITY__decoupler_mlm,P0030,15,0.13928571428571426,0.6205460876279013,positive
DOROTHEA_BACH1_ABC_TF_ACTIVITY__decoupler_mlm,COLLECTRI_BACH1_TF_ACTIVITY__decoupler_mlm,P0031,15,0.24642857142857136,0.375950515973805,positive
DOROTHEA_BACH1_ABC_TF_ACTIVITY__decoupler_mlm,COLLECTRI_BACH1_TF_ACTIVITY__decoupler_mlm,P0034,15,0.19999999999999998,0.47481396452216845,positive
BACH1_detected_fraction,HALLMARK_GLYCOLYSIS__ssgsea_NES,AL02,15,0.04285714285714285,0.8794603130258999,positive
BACH1_detected_fraction,HALLMARK_GLYCOLYSIS__ssgsea_NES,AL06,15,0.39642857142857135,0.1434945314423537,positive
BACH1_detected_fraction,HALLMARK_GLYCOLYSIS__ssgsea_NES,AL08,15,0.21428571428571427,0.44314093482351424,positive
BACH1_detected_fraction,HALLMARK_GLYCOLYSIS__ssgsea_NES,AL10,15,0.21071428571428572,0.450957865215285,positive
BACH1_detected_fraction,HALLMARK_GLYCOLYSIS__ssgsea_NES,AL11,15,0.3214285714285714,0.2427190468016684,positive
BACH1_detected_fraction,HALLMARK_GLYCOLYSIS__ssgsea_NES,P0006,15,0.2321428571428571,0.40509874069364893,positive
BACH1_detected_fraction,HALLMARK_GLYCOLYSIS__ssgsea_NES,P0008,15,0.2714285714285714,0.3277893068411728,positive
BACH1_detected_fraction,HALLMARK_GLYCOLYSIS__ssgsea_NES,P0009,15,0.25,0.36884629178393047,positive
BACH1_detected_fraction,HALLMARK_GLYCOLYSIS__ssgsea_NES,P0018,15,0.13928571428571426,0.6205460876279013,positive
BACH1_detected_fraction,HALLMARK_GLYCOLYSIS__ssgsea_NES,P0019,15,0.21071428571428572,0.450957865215285,positive
BACH1_detected_fraction,HALLMARK_GLYCOLYSIS__ssgsea_NES,P0020,15,0.09999999999999999,0.7228973252791182,positive
BACH1_detected_fraction,HALLMARK_GLYCOLYSIS__ssgsea_NES,P0025,15,0.2321428571428571,0.40509874069364893,positive
BACH1_detected_fraction,HALLMARK_GLYCOLYSIS__ssgsea_NES,P0028,15,0.13214285714285715,0.6387442188840663,positive
BACH1_detected_fraction,HALLMARK_GLYCOLYSIS__ssgsea_NES,P0030,15,0.15357142857142855,0.5847640949410158,positive
BACH1_detected_fraction,HALLMARK_GLYCOLYSIS__ssgsea_NES,P0031,15,0.21428571428571427,0.44314093482351424,positive
BACH1_detected_fraction,HALLMARK_GLYCOLYSIS__ssgsea_NES,P0034,15,0.2571428571428571,0.3548603636506091,positive
BACH1_expression_mean,COLLECTRI_BACH1_TF_ACTIVITY__decoupler_mlm,AL02,15,0.04285714285714285,0.8794603130258999,positive
BACH1_expression_mean,COLLECTRI_BACH1_TF_ACTIVITY__decoupler_mlm,AL06,15,0.3178571428571428,0.24829056581701822,positive
BACH1_expression_mean,COLLECTRI_BACH1_TF_ACTIVITY__decoupler_mlm,AL08,15,0.2178571428571428,0.43539267351553756,positive
BACH1_expression_mean,COLLECTRI_BACH1_TF_ACTIVITY__decoupler_mlm,AL10,15,0.25357142857142856,0.3618161038158894,positive
BACH1_expression_mean,COLLECTRI_BACH1_TF_ACTIVITY__decoupler_mlm,AL11,15,0.35357142857142854,0.19607167843419873,positive
BACH1_expression_mean,COLLECTRI_BACH1_TF_ACTIVITY__decoupler_mlm,P0006,15,0.1928571428571428,0.49104870160522307,positive
BACH1_expression_mean,COLLECTRI_BACH1_TF_ACTIVITY__decoupler_mlm,P0008,15,0.2714285714285714,0.3277893068411728,positive
BACH1_expression_mean,COLLECTRI_BACH1_TF_ACTIVITY__decoupler_mlm,P0009,15,0.2642857142857143,0.34117375799008204,positive
BACH1_expression_mean,COLLECTRI_BACH1_TF_ACTIVITY__decoupler_mlm,P0018,15,0.125,0.6571356681869506,positive
BACH1_expression_mean,COLLECTRI_BACH1_TF_ACTIVITY__decoupler_mlm,P0019,15,0.22499999999999998,0.42010468690763486,positive
BACH1_expression_mean,COLLECTRI_BACH1_TF_ACTIVITY__decoupler_mlm,P0020,15,0.07857142857142857,0.7807545523090464,positive
BACH1_expression_mean,COLLECTRI_BACH1_TF_ACTIVITY__decoupler_mlm,P0025,15,0.11785714285714284,0.6757115292213043,positive
BACH1_expression_mean,COLLECTRI_BACH1_TF_ACTIVITY__decoupler_mlm,P0028,15,0.22499999999999998,0.42010468690763486,positive
BACH1_expression_mean,COLLECTRI_BACH1_TF_ACTIVITY__decoupler_mlm,P0030,15,0.24642857142857136,0.375950515973805,positive
BACH1_expression_mean,COLLECTRI_BACH1_TF_ACTIVITY__decoupler_mlm,P0031,15,0.2321428571428571,0.40509874069364893,positive
BACH1_expression_mean,COLLECTRI_BACH1_TF_ACTIVITY__decoupler_mlm,P0034,15,0.21071428571428572,0.450957865215285,positive
DOROTHEA_BACH1_ABC_TF_ACTIVITY__mean_z,HALLMARK_EPITHELIAL_MESENCHYMAL_TRANSITION__ssgsea_NES,AL02,15,0.05357142857142857,0.8496099367776072,positive
DOROTHEA_BACH1_ABC_TF_ACTIVITY__mean_z,HALLMARK_EPITHELIAL_MESENCHYMAL_TRANSITION__ssgsea_NES,AL06,15,0.0964285714285714,0.7324528633867309,positive
DOROTHEA_BACH1_ABC_TF_ACTIVITY__mean_z,HALLMARK_EPITHELIAL_MESENCHYMAL_TRANSITION__ssgsea_NES,AL08,15,0.2714285714285714,0.3277893068411728,positive
DOROTHEA_BACH1_ABC_TF_ACTIVITY__mean_z,HALLMARK_EPITHELIAL_MESENCHYMAL_TRANSITION__ssgsea_NES,AL10,15,0.2678571428571428,0.33444360051235367,positive
DOROTHEA_BACH1_ABC_TF_ACTIVITY__mean_z,HALLMARK_EPITHELIAL_MESENCHYMAL_TRANSITION__ssgsea_NES,AL11,15,0.33571428571428563,0.22121153763932597,positive
DOROTHEA_BACH1_ABC_TF_ACTIVITY__mean_z,HALLMARK_EPITHELIAL_MESENCHYMAL_TRANSITION__ssgsea_NES,P0006,15,0.23571428571428568,0.39770294590327276,positive
DOROTHEA_BACH1_ABC_TF_ACTIVITY__mean_z,HALLMARK_EPITHELIAL_MESENCHYMAL_TRANSITION__ssgsea_NES,P0008,15,0.2321428571428571,0.40509874069364893,positive
DOROTHEA_BACH1_ABC_TF_ACTIVITY__mean_z,HALLMARK_EPITHELIAL_MESENCHYMAL_TRANSITION__ssgsea_NES,P0009,15,0.2571428571428571,0.3548603636506091,positive
DOROTHEA_BACH1_ABC_TF_ACTIVITY__mean_z,HALLMARK_EPITHELIAL_MESENCHYMAL_TRANSITION__ssgsea_NES,P0018,15,0.1928571428571428,0.49104870160522307,positive
DOROTHEA_BACH1_ABC_TF_ACTIVITY__mean_z,HALLMARK_EPITHELIAL_MESENCHYMAL_TRANSITION__ssgsea_NES,P0019,15,0.2321428571428571,0.40509874069364893,positive
DOROTHEA_BACH1_ABC_TF_ACTIVITY__mean_z,HALLMARK_EPITHELIAL_MESENCHYMAL_TRANSITION__ssgsea_NES,P0020,15,0.0857142857142857,0.7613341261907666,positive
DOROTHEA_BACH1_ABC_TF_ACTIVITY__mean_z,HALLMARK_EPITHELIAL_MESENCHYMAL_TRANSITION__ssgsea_NES,P0025,15,0.13928571428571426,0.6205460876279013,positive
DOROTHEA_BACH1_ABC_TF_ACTIVITY__mean_z,HALLMARK_EPITHELIAL_MESENCHYMAL_TRANSITION__ssgsea_NES,P0028,15,0.2821428571428571,0.3082844568200555,positive
DOROTHEA_BACH1_ABC_TF_ACTIVITY__mean_z,HALLMARK_EPITHELIAL_MESENCHYMAL_TRANSITION__ssgsea_NES,P0030,15,0.2321428571428571,0.40509874069364893,positive
DOROTHEA_BACH1_ABC_TF_ACTIVITY__mean_z,HALLMARK_EPITHELIAL_MESENCHYMAL_TRANSITION__ssgsea_NES,P0031,15,0.2285714285714285,0.41256617049636035,positive
DOROTHEA_BACH1_ABC_TF_ACTIVITY__mean_z,HALLMARK_EPITHELIAL_MESENCHYMAL_TRANSITION__ssgsea_NES,P0034,15,0.22142857142857136,0.42771371901637,positive
COLLECTRI_BACH1_TF_ACTIVITY__decoupler_mlm,LITERATURE_LUNG_BACH1_EFFECTOR_ACTIVITY__ssgsea_NES,AL02,15,0.2714285714285714,0.3277893068411728,positive
COLLECTRI_BACH1_TF_ACTIVITY__decoupler_mlm,LITERATURE_LUNG_BACH1_EFFECTOR_ACTIVITY__ssgsea_NES,AL06,15,0.1714285714285714,0.5412721760996332,positive
COLLECTRI_BACH1_TF_ACTIVITY__decoupler_mlm,LITERATURE_LUNG_BACH1_EFFECTOR_ACTIVITY__ssgsea_NES,AL08,15,0.2642857142857143,0.34117375799008204,positive
COLLECTRI_BACH1_TF_ACTIVITY__decoupler_mlm,LITERATURE_LUNG_BACH1_EFFECTOR_ACTIVITY__ssgsea_NES,AL10,15,0.2642857142857143,0.34117375799008204,positive
COLLECTRI_BACH1_TF_ACTIVITY__decoupler_mlm,LITERATURE_LUNG_BACH1_EFFECTOR_ACTIVITY__ssgsea_NES,AL11,15,0.07142857142857141,0.8002959873970545,positive
COLLECTRI_BACH1_TF_ACTIVITY__decoupler_mlm,LITERATURE_LUNG_BACH1_EFFECTOR_ACTIVITY__ssgsea_NES,P0006,15,0.23928571428571427,0.3903793119202355,positive
COLLECTRI_BACH1_TF_ACTIVITY__decoupler_mlm,LITERATURE_LUNG_BACH1_EFFECTOR_ACTIVITY__ssgsea_NES,P0008,15,0.06071428571428571,0.8298120954425187,positive
COLLECTRI_BACH1_TF_ACTIVITY__decoupler_mlm,LITERATURE_LUNG_BACH1_EFFECTOR_ACTIVITY__ssgsea_NES,P0009,15,0.2642857142857143,0.34117375799008204,positive
COLLECTRI_BACH1_TF_ACTIVITY__decoupler_mlm,LITERATURE_LUNG_BACH1_EFFECTOR_ACTIVITY__ssgsea_NES,P0018,15,0.15,0.5936302027425882,positive
COLLECTRI_BACH1_TF_ACTIVITY__decoupler_mlm,LITERATURE_LUNG_BACH1_EFFECTOR_ACTIVITY__ssgsea_NES,P0019,15,0.22142857142857136,0.42771371901637,positive
COLLECTRI_BACH1_TF_ACTIVITY__decoupler_mlm,LITERATURE_LUNG_BACH1_EFFECTOR_ACTIVITY__ssgsea_NES,P0020,15,0.04642857142857142,0.8694915255450947,positive
COLLECTRI_BACH1_TF_ACTIVITY__decoupler_mlm,LITERATURE_LUNG_BACH1_EFFECTOR_ACTIVITY__ssgsea_NES,P0025,15,0.2714285714285714,0.3277893068411728,positive
COLLECTRI_BACH1_TF_ACTIVITY__decoupler_mlm,LITERATURE_LUNG_BACH1_EFFECTOR_ACTIVITY__ssgsea_NES,P0028,15,0.23571428571428568,0.39770294590327276,positive
COLLECTRI_BACH1_TF_ACTIVITY__decoupler_mlm,LITERATURE_LUNG_BACH1_EFFECTOR_ACTIVITY__ssgsea_NES,P0030,15,0.2785714285714285,0.3147094732307908,positive
COLLECTRI_BACH1_TF_ACTIVITY__decoupler_mlm,LITERATURE_LUNG_BACH1_EFFECTOR_ACTIVITY__ssgsea_NES,P0031,15,0.25,0.36884629178393047,positive
COLLECTRI_BACH1_TF_ACTIVITY__decoupler_mlm,LITERATURE_LUNG_BACH1_EFFECTOR_ACTIVITY__ssgsea_NES,P0034,15,0.2571428571428571,0.3548603636506091,positive
COLLECTRI_BACH1_TF_ACTIVITY__mean_z,COLLECTRI_BACH1_TF_ACTIVITY__ssgsea_NES,AL02,15,-0.1464285714285714,0.602549920983054,negative
COLLECTRI_BACH1_TF_ACTIVITY__mean_z,COLLECTRI_BACH1_TF_ACTIVITY__ssgsea_NES,AL06,15,-0.19999999999999998,0.47481396452216845,negative
COLLECTRI_BACH1_TF_ACTIVITY__mean_z,COLLECTRI_BACH1_TF_ACTIVITY__ssgsea_NES,AL08,15,-0.16785714285714282,0.5498555542278019,negative
COLLECTRI_BACH1_TF_ACTIVITY__mean_z,COLLECTRI_BACH1_TF_ACTIVITY__ssgsea_NES,AL10,15,-0.20357142857142854,0.4667950724891123,negative
COLLECTRI_BACH1_TF_ACTIVITY__mean_z,COLLECTRI_BACH1_TF_ACTIVITY__ssgsea_NES,AL11,15,-0.18928571428571428,0.4992630332385452,negative
COLLECTRI_BACH1_TF_ACTIVITY__mean_z,COLLECTRI_BACH1_TF_ACTIVITY__ssgsea_NES,P0006,15,-0.18214285714285713,0.5158816817070392,negative
COLLECTRI_BACH1_TF_ACTIVITY__mean_z,COLLECTRI_BACH1_TF_ACTIVITY__ssgsea_NES,P0008,15,-0.14285714285714282,0.6115222287644656,negative
COLLECTRI_BACH1_TF_ACTIVITY__mean_z,COLLECTRI_BACH1_TF_ACTIVITY__ssgsea_NES,P0009,15,-0.39642857142857135,0.1434945314423537,negative
COLLECTRI_BACH1_TF_ACTIVITY__mean_z,COLLECTRI_BACH1_TF_ACTIVITY__ssgsea_NES,P0018,15,-0.18214285714285713,0.5158816817070392,negative
COLLECTRI_BACH1_TF_ACTIVITY__mean_z,COLLECTRI_BACH1_TF_ACTIVITY__ssgsea_NES,P0019,15,-0.43214285714285705,0.10769303754639795,negative
COLLECTRI_BACH1_TF_ACTIVITY__mean_z,COLLECTRI_BACH1_TF_ACTIVITY__ssgsea_NES,P0020,15,-0.17857142857142855,0.5242843600465524,negative
COLLECTRI_BACH1_TF_ACTIVITY__mean_z,COLLECTRI_BACH1_TF_ACTIVITY__ssgsea_NES,P0025,15,-0.13214285714285715,0.6387442188840663,negative
COLLECTRI_BACH1_TF_ACTIVITY__mean_z,COLLECTRI_BACH1_TF_ACTIVITY__ssgsea_NES,P0028,15,-0.18928571428571428,0.4992630332385452,negative
COLLECTRI_BACH1_TF_ACTIVITY__mean_z,COLLECTRI_BACH1_TF_ACTIVITY__ssgsea_NES,P0030,15,-0.15714285714285714,0.5759526006037947,negative
COLLECTRI_BACH1_TF_ACTIVITY__mean_z,COLLECTRI_BACH1_TF_ACTIVITY__ssgsea_NES,P0031,15,-0.23928571428571427,0.3903793119202355,negative
COLLECTRI_BACH1_TF_ACTIVITY__mean_z,COLLECTRI_BACH1_TF_ACTIVITY__ssgsea_NES,P0034,15,-0.18928571428571428,0.4992630332385452,negative
COLLECTRI_BACH1_TF_ACTIVITY__ssgsea_NES,COLLECTRI_BACH1_TF_ACTIVITY__mean_z,AL02,15,-0.1464285714285714,0.602549920983054,negative
COLLECTRI_BACH1_TF_ACTIVITY__ssgsea_NES,COLLECTRI_BACH1_TF_ACTIVITY__mean_z,AL06,15,-0.19999999999999998,0.47481396452216845,negative
COLLECTRI_BACH1_TF_ACTIVITY__ssgsea_NES,COLLECTRI_BACH1_TF_ACTIVITY__mean_z,AL08,15,-0.16785714285714282,0.5498555542278019,negative
COLLECTRI_BACH1_TF_ACTIVITY__ssgsea_NES,COLLECTRI_BACH1_TF_ACTIVITY__mean_z,AL10,15,-0.20357142857142854,0.4667950724891123,negative
COLLECTRI_BACH1_TF_ACTIVITY__ssgsea_NES,COLLECTRI_BACH1_TF_ACTIVITY__mean_z,AL11,15,-0.18928571428571428,0.4992630332385452,negative
COLLECTRI_BACH1_TF_ACTIVITY__ssgsea_NES,COLLECTRI_BACH1_TF_ACTIVITY__mean_z,P0006,15,-0.18214285714285713,0.5158816817070392,negative
COLLECTRI_BACH1_TF_ACTIVITY__ssgsea_NES,COLLECTRI_BACH1_TF_ACTIVITY__mean_z,P0008,15,-0.14285714285714282,0.6115222287644656,negative
COLLECTRI_BACH1_TF_ACTIVITY__ssgsea_NES,COLLECTRI_BACH1_TF_ACTIVITY__mean_z,P0009,15,-0.39642857142857135,0.1434945314423537,negative
COLLECTRI_BACH1_TF_ACTIVITY__ssgsea_NES,COLLECTRI_BACH1_TF_ACTIVITY__mean_z,P0018,15,-0.18214285714285713,0.5158816817070392,negative
COLLECTRI_BACH1_TF_ACTIVITY__ssgsea_NES,COLLECTRI_BACH1_TF_ACTIVITY__mean_z,P0019,15,-0.43214285714285705,0.10769303754639795,negative
COLLECTRI_BACH1_TF_ACTIVITY__ssgsea_NES,COLLECTRI_BACH1_TF_ACTIVITY__mean_z,P0020,15,-0.17857142857142855,0.5242843600465524,negative
COLLECTRI_BACH1_TF_ACTIVITY__ssgsea_NES,COLLECTRI_BACH1_TF_ACTIVITY__mean_z,P0025,15,-0.13214285714285715,0.6387442188840663,negative
COLLECTRI_BACH1_TF_ACTIVITY__ssgsea_NES,COLLECTRI_BACH1_TF_ACTIVITY__mean_z,P0028,15,-0.18928571428571428,0.4992630332385452,negative
COLLECTRI_BACH1_TF_ACTIVITY__ssgsea_NES,COLLECTRI_BACH1_TF_ACTIVITY__mean_z,P0030,15,-0.15714285714285714,0.5759526006037947,negative
COLLECTRI_BACH1_TF_ACTIVITY__ssgsea_NES,COLLECTRI_BACH1_TF_ACTIVITY__mean_z,P0031,15,-0.23928571428571427,0.3903793119202355,negative
COLLECTRI_BACH1_TF_ACTIVITY__ssgsea_NES,COLLECTRI_BACH1_TF_ACTIVITY__mean_z,P0034,15,-0.18928571428571428,0.4992630332385452,negative
BACH1_detected_fraction,COLLECTRI_BACH1_TF_ACTIVITY__mean_z,AL02,15,0.3071428571428571,0.2654726857102781,positive
BACH1_detected_fraction,COLLECTRI_BACH1_TF_ACTIVITY__mean_z,AL06,15,0.2642857142857143,0.34117375799008204,positive
BACH1_detected_fraction,COLLECTRI_BACH1_TF_ACTIVITY__mean_z,AL08,15,0.24642857142857136,0.375950515973805,positive
BACH1_detected_fraction,COLLECTRI_BACH1_TF_ACTIVITY__mean_z,AL10,15,0.1607142857142857,0.5671967045803447,positive
BACH1_detected_fraction,COLLECTRI_BACH1_TF_ACTIVITY__mean_z,AL11,15,0.3214285714285714,0.2427190468016684,positive
BACH1_detected_fraction,COLLECTRI_BACH1_TF_ACTIVITY__mean_z,P0006,15,0.3071428571428571,0.2654726857102781,positive
BACH1_detected_fraction,COLLECTRI_BACH1_TF_ACTIVITY__mean_z,P0008,15,0.1714285714285714,0.5412721760996332,positive
BACH1_detected_fraction,COLLECTRI_BACH1_TF_ACTIVITY__mean_z,P0009,15,0.1714285714285714,0.5412721760996332,positive
BACH1_detected_fraction,COLLECTRI_BACH1_TF_ACTIVITY__mean_z,P0018,15,0.1857142857142857,0.5075409629336735,positive
BACH1_detected_fraction,COLLECTRI_BACH1_TF_ACTIVITY__mean_z,P0019,15,0.175,0.5327481481378592,positive
BACH1_detected_fraction,COLLECTRI_BACH1_TF_ACTIVITY__mean_z,P0020,15,0.06785714285714285,0.8101088187105132,positive
BACH1_detected_fraction,COLLECTRI_BACH1_TF_ACTIVITY__mean_z,P0025,15,0.08928571428571427,0.7516725173502768,positive
BACH1_detected_fraction,COLLECTRI_BACH1_TF_ACTIVITY__mean_z,P0028,15,0.25,0.36884629178393047,positive
BACH1_detected_fraction,COLLECTRI_BACH1_TF_ACTIVITY__mean_z,P0030,15,0.1607142857142857,0.5671967045803447,positive
BACH1_detected_fraction,COLLECTRI_BACH1_TF_ACTIVITY__mean_z,P0031,15,0.1607142857142857,0.5671967045803447,positive
BACH1_detected_fraction,COLLECTRI_BACH1_TF_ACTIVITY__mean_z,P0034,15,0.23928571428571427,0.3903793119202355,positive
BACH1_detected_fraction,HALLMARK_HYPOXIA__mean_z,AL02,15,0.4642857142857142,0.081250980755495,positive
BACH1_detected_fraction,HALLMARK_HYPOXIA__mean_z,AL06,15,0.11785714285714284,0.6757115292213043,positive
BACH1_detected_fraction,HALLMARK_HYPOXIA__mean_z,AL08,15,0.21071428571428572,0.450957865215285,positive
BACH1_detected_fraction,HALLMARK_HYPOXIA__mean_z,AL10,15,0.27499999999999997,0.3212111733193767,positive
BACH1_detected_fraction,HALLMARK_HYPOXIA__mean_z,AL11,15,0.11785714285714284,0.6757115292213043,positive
BACH1_detected_fraction,HALLMARK_HYPOXIA__mean_z,P0006,15,0.2285714285714285,0.41256617049636035,positive
BACH1_detected_fraction,HALLMARK_HYPOXIA__mean_z,P0008,15,0.22142857142857136,0.42771371901637,positive
BACH1_detected_fraction,HALLMARK_HYPOXIA__mean_z,P0009,15,0.2678571428571428,0.33444360051235367,positive
BACH1_detected_fraction,HALLMARK_HYPOXIA__mean_z,P0018,15,0.13214285714285715,0.6387442188840663,positive
BACH1_detected_fraction,HALLMARK_HYPOXIA__mean_z,P0019,15,0.18928571428571428,0.4992630332385452,positive
BACH1_detected_fraction,HALLMARK_HYPOXIA__mean_z,P0020,15,0.11785714285714284,0.6757115292213043,positive
BACH1_detected_fraction,HALLMARK_HYPOXIA__mean_z,P0025,15,0.11785714285714284,0.6757115292213043,positive
BACH1_detected_fraction,HALLMARK_HYPOXIA__mean_z,P0028,15,0.21071428571428572,0.450957865215285,positive
BACH1_detected_fraction,HALLMARK_HYPOXIA__mean_z,P0030,15,0.175,0.5327481481378592,positive
BACH1_detected_fraction,HALLMARK_HYPOXIA__mean_z,P0031,15,0.2178571428571428,0.43539267351553756,positive
BACH1_detected_fraction,HALLMARK_HYPOXIA__mean_z,P0034,15,0.2285714285714285,0.41256617049636035,positive
BACH1_expression_mean,HALLMARK_HYPOXIA__ssgsea_NES,AL02,15,0.18928571428571428,0.4992630332385452,positive
BACH1_expression_mean,HALLMARK_HYPOXIA__ssgsea_NES,AL06,15,0.11785714285714284,0.6757115292213043,positive
BACH1_expression_mean,HALLMARK_HYPOXIA__ssgsea_NES,AL08,15,0.22499999999999998,0.42010468690763486,positive
BACH1_expression_mean,HALLMARK_HYPOXIA__ssgsea_NES,AL10,15,0.27499999999999997,0.3212111733193767,positive
BACH1_expression_mean,HALLMARK_HYPOXIA__ssgsea_NES,AL11,15,0.36785714285714277,0.17734214689349137,positive
BACH1_expression_mean,HALLMARK_HYPOXIA__ssgsea_NES,P0006,15,0.2642857142857143,0.34117375799008204,positive
BACH1_expression_mean,HALLMARK_HYPOXIA__ssgsea_NES,P0008,15,0.23571428571428568,0.39770294590327276,positive
BACH1_expression_mean,HALLMARK_HYPOXIA__ssgsea_NES,P0009,15,0.19999999999999998,0.47481396452216845,positive
BACH1_expression_mean,HALLMARK_HYPOXIA__ssgsea_NES,P0018,15,0.0964285714285714,0.7324528633867309,positive
BACH1_expression_mean,HALLMARK_HYPOXIA__ssgsea_NES,P0019,15,0.2321428571428571,0.40509874069364893,positive
BACH1_expression_mean,HALLMARK_HYPOXIA__ssgsea_NES,P0020,15,0.04642857142857142,0.8694915255450947,positive
BACH1_expression_mean,HALLMARK_HYPOXIA__ssgsea_NES,P0025,15,0.12857142857142856,0.6479163294665075,positive
BACH1_expression_mean,HALLMARK_HYPOXIA__ssgsea_NES,P0028,15,0.22499999999999998,0.42010468690763486,positive
BACH1_expression_mean,HALLMARK_HYPOXIA__ssgsea_NES,P0030,15,0.1964285714285714,0.48289875627163353,positive
BACH1_expression_mean,HALLMARK_HYPOXIA__ssgsea_NES,P0031,15,0.24285714285714283,0.3831283418393415,positive
BACH1_expression_mean,HALLMARK_HYPOXIA__ssgsea_NES,P0034,15,0.1964285714285714,0.48289875627163353,positive
COLLECTRI_BACH1_TF_ACTIVITY__decoupler_ulm,HALLMARK_OXIDATIVE_PHOSPHORYLATION__mean_z,AL02,15,-0.1464285714285714,0.602549920983054,negative
COLLECTRI_BACH1_TF_ACTIVITY__decoupler_ulm,HALLMARK_OXIDATIVE_PHOSPHORYLATION__mean_z,AL06,15,-0.24642857142857136,0.375950515973805,negative
COLLECTRI_BACH1_TF_ACTIVITY__decoupler_ulm,HALLMARK_OXIDATIVE_PHOSPHORYLATION__mean_z,AL08,15,-0.3107142857142856,0.2596673973372183,negative
COLLECTRI_BACH1_TF_ACTIVITY__decoupler_ulm,HALLMARK_OXIDATIVE_PHOSPHORYLATION__mean_z,AL10,15,-0.30357142857142855,0.27135583600386837,negative
COLLECTRI_BACH1_TF_ACTIVITY__decoupler_ulm,HALLMARK_OXIDATIVE_PHOSPHORYLATION__mean_z,AL11,15,-0.07857142857142857,0.7807545523090464,negative
COLLECTRI_BACH1_TF_ACTIVITY__decoupler_ulm,HALLMARK_OXIDATIVE_PHOSPHORYLATION__mean_z,P0006,15,-0.20357142857142854,0.4667950724891123,negative
COLLECTRI_BACH1_TF_ACTIVITY__decoupler_ulm,HALLMARK_OXIDATIVE_PHOSPHORYLATION__mean_z,P0008,15,-0.11428571428571425,0.6850657626568974,negative
COLLECTRI_BACH1_TF_ACTIVITY__decoupler_ulm,HALLMARK_OXIDATIVE_PHOSPHORYLATION__mean_z,P0009,15,-0.24642857142857136,0.375950515973805,negative
COLLECTRI_BACH1_TF_ACTIVITY__decoupler_ulm,HALLMARK_OXIDATIVE_PHOSPHORYLATION__mean_z,P0018,15,-0.25,0.36884629178393047,negative
COLLECTRI_BACH1_TF_ACTIVITY__decoupler_ulm,HALLMARK_OXIDATIVE_PHOSPHORYLATION__mean_z,P0019,15,-0.18928571428571428,0.4992630332385452,negative
COLLECTRI_BACH1_TF_ACTIVITY__decoupler_ulm,HALLMARK_OXIDATIVE_PHOSPHORYLATION__mean_z,P0020,15,-0.09285714285714285,0.7420450099073671,negative
COLLECTRI_BACH1_TF_ACTIVITY__decoupler_ulm,HALLMARK_OXIDATIVE_PHOSPHORYLATION__mean_z,P0025,15,-0.18928571428571428,0.4992630332385452,negative
COLLECTRI_BACH1_TF_ACTIVITY__decoupler_ulm,HALLMARK_OXIDATIVE_PHOSPHORYLATION__mean_z,P0028,15,-0.28928571428571426,0.29566536100437774,negative
COLLECTRI_BACH1_TF_ACTIVITY__decoupler_ulm,HALLMARK_OXIDATIVE_PHOSPHORYLATION__mean_z,P0030,15,-0.22142857142857136,0.42771371901637,negative
COLLECTRI_BACH1_TF_ACTIVITY__decoupler_ulm,HALLMARK_OXIDATIVE_PHOSPHORYLATION__mean_z,P0031,15,-0.175,0.5327481481378592,negative
COLLECTRI_BACH1_TF_ACTIVITY__decoupler_ulm,HALLMARK_OXIDATIVE_PHOSPHORYLATION__mean_z,P0034,15,-0.18214285714285713,0.5158816817070392,negative
DOROTHEA_BACH1_ABC_TF_ACTIVITY__decoupler_mlm,CURATED_NRF2_ANTIOXIDANT_RESPONSE__mean_z,AL02,15,-0.18214285714285713,0.5158816817070392,negative
DOROTHEA_BACH1_ABC_TF_ACTIVITY__decoupler_mlm,CURATED_NRF2_ANTIOXIDANT_RESPONSE__mean_z,AL06,15,-0.3107142857142856,0.2596673973372183,negative
DOROTHEA_BACH1_ABC_TF_ACTIVITY__decoupler_mlm,CURATED_NRF2_ANTIOXIDANT_RESPONSE__mean_z,AL08,15,-0.05714285714285713,0.8396998687415759,negative
DOROTHEA_BACH1_ABC_TF_ACTIVITY__decoupler_mlm,CURATED_NRF2_ANTIOXIDANT_RESPONSE__mean_z,AL10,15,-0.13928571428571426,0.6205460876279013,negative
DOROTHEA_BACH1_ABC_TF_ACTIVITY__decoupler_mlm,CURATED_NRF2_ANTIOXIDANT_RESPONSE__mean_z,AL11,15,-0.075,0.7905107941552678,negative
DOROTHEA_BACH1_ABC_TF_ACTIVITY__decoupler_mlm,CURATED_NRF2_ANTIOXIDANT_RESPONSE__mean_z,P0006,15,-0.19999999999999998,0.47481396452216845,negative
DOROTHEA_BACH1_ABC_TF_ACTIVITY__decoupler_mlm,CURATED_NRF2_ANTIOXIDANT_RESPONSE__mean_z,P0008,15,-0.28928571428571426,0.29566536100437774,negative
DOROTHEA_BACH1_ABC_TF_ACTIVITY__decoupler_mlm,CURATED_NRF2_ANTIOXIDANT_RESPONSE__mean_z,P0009,15,-0.23571428571428568,0.39770294590327276,negative
DOROTHEA_BACH1_ABC_TF_ACTIVITY__decoupler_mlm,CURATED_NRF2_ANTIOXIDANT_RESPONSE__mean_z,P0018,15,-0.2321428571428571,0.40509874069364893,negative
DOROTHEA_BACH1_ABC_TF_ACTIVITY__decoupler_mlm,CURATED_NRF2_ANTIOXIDANT_RESPONSE__mean_z,P0019,15,-0.21428571428571427,0.44314093482351424,negative
DOROTHEA_BACH1_ABC_TF_ACTIVITY__decoupler_mlm,CURATED_NRF2_ANTIOXIDANT_RESPONSE__mean_z,P0020,15,-0.16785714285714282,0.5498555542278019,negative
DOROTHEA_BACH1_ABC_TF_ACTIVITY__decoupler_mlm,CURATED_NRF2_ANTIOXIDANT_RESPONSE__mean_z,P0025,15,-0.2785714285714285,0.3147094732307908,negative
DOROTHEA_BACH1_ABC_TF_ACTIVITY__decoupler_mlm,CURATED_NRF2_ANTIOXIDANT_RESPONSE__mean_z,P0028,15,-0.2607142857142857,0.3479794598627935,negative
DOROTHEA_BACH1_ABC_TF_ACTIVITY__decoupler_mlm,CURATED_NRF2_ANTIOXIDANT_RESPONSE__mean_z,P0030,15,-0.1607142857142857,0.5671967045803447,negative
DOROTHEA_BACH1_ABC_TF_ACTIVITY__decoupler_mlm,CURATED_NRF2_ANTIOXIDANT_RESPONSE__mean_z,P0031,15,-0.1964285714285714,0.48289875627163353,negative
DOROTHEA_BACH1_ABC_TF_ACTIVITY__decoupler_mlm,CURATED_NRF2_ANTIOXIDANT_RESPONSE__mean_z,P0034,15,-0.2321428571428571,0.40509874069364893,negative
BACH1_detected_fraction,HALLMARK_GLYCOLYSIS__mean_z,AL02,15,0.37499999999999994,0.1684327498467455,positive
BACH1_detected_fraction,HALLMARK_GLYCOLYSIS__mean_z,AL06,15,0.18214285714285713,0.5158816817070392,positive
BACH1_detected_fraction,HALLMARK_GLYCOLYSIS__mean_z,AL08,15,0.2785714285714285,0.3147094732307908,positive
BACH1_detected_fraction,HALLMARK_GLYCOLYSIS__mean_z,AL10,15,0.25,0.36884629178393047,positive
BACH1_detected_fraction,HALLMARK_GLYCOLYSIS__mean_z,AL11,15,0.175,0.5327481481378592,positive
BACH1_detected_fraction,HALLMARK_GLYCOLYSIS__mean_z,P0006,15,0.17857142857142855,0.5242843600465524,positive
BACH1_detected_fraction,HALLMARK_GLYCOLYSIS__mean_z,P0008,15,0.2178571428571428,0.43539267351553756,positive
BACH1_detected_fraction,HALLMARK_GLYCOLYSIS__mean_z,P0009,15,0.2607142857142857,0.3479794598627935,positive
BACH1_detected_fraction,HALLMARK_GLYCOLYSIS__mean_z,P0018,15,0.14285714285714282,0.6115222287644656,positive
BACH1_detected_fraction,HALLMARK_GLYCOLYSIS__mean_z,P0019,15,0.18214285714285713,0.5158816817070392,positive
BACH1_detected_fraction,HALLMARK_GLYCOLYSIS__mean_z,P0020,15,0.1714285714285714,0.5412721760996332,positive
BACH1_detected_fraction,HALLMARK_GLYCOLYSIS__mean_z,P0025,15,0.10714285714285714,0.7039010016261618,positive
BACH1_detected_fraction,HALLMARK_GLYCOLYSIS__mean_z,P0028,15,0.175,0.5327481481378592,positive
BACH1_detected_fraction,HALLMARK_GLYCOLYSIS__mean_z,P0030,15,0.125,0.6571356681869506,positive
BACH1_detected_fraction,HALLMARK_GLYCOLYSIS__mean_z,P0031,15,0.15357142857142855,0.5847640949410158,positive
BACH1_detected_fraction,HALLMARK_GLYCOLYSIS__mean_z,P0034,15,0.2071428571428571,0.45884280496347013,positive
COLLECTRI_BACH1_TF_ACTIVITY__decoupler_mlm,HALLMARK_HEME_METABOLISM__ssgsea_NES,AL02,15,-0.457142857142857,0.08667812662416981,negative
COLLECTRI_BACH1_TF_ACTIVITY__decoupler_mlm,HALLMARK_HEME_METABOLISM__ssgsea_NES,AL06,15,-0.2321428571428571,0.40509874069364893,negative
COLLECTRI_BACH1_TF_ACTIVITY__decoupler_mlm,HALLMARK_HEME_METABOLISM__ssgsea_NES,AL08,15,-0.1607142857142857,0.5671967045803447,negative
COLLECTRI_BACH1_TF_ACTIVITY__decoupler_mlm,HALLMARK_HEME_METABOLISM__ssgsea_NES,AL10,15,-0.1607142857142857,0.5671967045803447,negative
COLLECTRI_BACH1_TF_ACTIVITY__decoupler_mlm,HALLMARK_HEME_METABOLISM__ssgsea_NES,AL11,15,-0.3285714285714285,0.23180969720615968,negative
COLLECTRI_BACH1_TF_ACTIVITY__decoupler_mlm,HALLMARK_HEME_METABOLISM__ssgsea_NES,P0006,15,-0.1857142857142857,0.5075409629336735,negative
COLLECTRI_BACH1_TF_ACTIVITY__decoupler_mlm,HALLMARK_HEME_METABOLISM__ssgsea_NES,P0008,15,-0.19999999999999998,0.47481396452216845,negative
COLLECTRI_BACH1_TF_ACTIVITY__decoupler_mlm,HALLMARK_HEME_METABOLISM__ssgsea_NES,P0009,15,-0.2321428571428571,0.40509874069364893,negative
COLLECTRI_BACH1_TF_ACTIVITY__decoupler_mlm,HALLMARK_HEME_METABOLISM__ssgsea_NES,P0018,15,-0.12857142857142856,0.6479163294665075,negative
COLLECTRI_BACH1_TF_ACTIVITY__decoupler_mlm,HALLMARK_HEME_METABOLISM__ssgsea_NES,P0019,15,-0.12142857142857141,0.6664011137233892,negative
COLLECTRI_BACH1_TF_ACTIVITY__decoupler_mlm,HALLMARK_HEME_METABOLISM__ssgsea_NES,P0020,15,-0.21071428571428572,0.450957865215285,negative
COLLECTRI_BACH1_TF_ACTIVITY__decoupler_mlm,HALLMARK_HEME_METABOLISM__ssgsea_NES,P0025,15,-0.12142857142857141,0.6664011137233892,negative
COLLECTRI_BACH1_TF_ACTIVITY__decoupler_mlm,HALLMARK_HEME_METABOLISM__ssgsea_NES,P0028,15,-0.175,0.5327481481378592,negative
COLLECTRI_BACH1_TF_ACTIVITY__decoupler_mlm,HALLMARK_HEME_METABOLISM__ssgsea_NES,P0030,15,-0.11785714285714284,0.6757115292213043,negative
COLLECTRI_BACH1_TF_ACTIVITY__decoupler_mlm,HALLMARK_HEME_METABOLISM__ssgsea_NES,P0031,15,-0.1857142857142857,0.5075409629336735,negative
COLLECTRI_BACH1_TF_ACTIVITY__decoupler_mlm,HALLMARK_HEME_METABOLISM__ssgsea_NES,P0034,15,-0.175,0.5327481481378592,negative
DOROTHEA_BACH1_ABC_TF_ACTIVITY__mean_z,HALLMARK_OXIDATIVE_PHOSPHORYLATION__ssgsea_NES,AL02,15,-0.04285714285714285,0.8794603130258999,negative
DOROTHEA_BACH1_ABC_TF_ACTIVITY__mean_z,HALLMARK_OXIDATIVE_PHOSPHORYLATION__ssgsea_NES,AL06,15,-0.12142857142857141,0.6664011137233892,negative
DOROTHEA_BACH1_ABC_TF_ACTIVITY__mean_z,HALLMARK_OXIDATIVE_PHOSPHORYLATION__ssgsea_NES,AL08,15,-0.23928571428571427,0.3903793119202355,negative
DOROTHEA_BACH1_ABC_TF_ACTIVITY__mean_z,HALLMARK_OXIDATIVE_PHOSPHORYLATION__ssgsea_NES,AL10,15,-0.3,0.27731678036838414,negative
DOROTHEA_BACH1_ABC_TF_ACTIVITY__mean_z,HALLMARK_OXIDATIVE_PHOSPHORYLATION__ssgsea_NES,AL11,15,-0.3,0.27731678036838414,negative
DOROTHEA_BACH1_ABC_TF_ACTIVITY__mean_z,HALLMARK_OXIDATIVE_PHOSPHORYLATION__ssgsea_NES,P0006,15,-0.22499999999999998,0.42010468690763486,negative
DOROTHEA_BACH1_ABC_TF_ACTIVITY__mean_z,HALLMARK_OXIDATIVE_PHOSPHORYLATION__ssgsea_NES,P0008,15,-0.23928571428571427,0.3903793119202355,negative
DOROTHEA_BACH1_ABC_TF_ACTIVITY__mean_z,HALLMARK_OXIDATIVE_PHOSPHORYLATION__ssgsea_NES,P0009,15,-0.3607142857142856,0.1865543741541635,negative
DOROTHEA_BACH1_ABC_TF_ACTIVITY__mean_z,HALLMARK_OXIDATIVE_PHOSPHORYLATION__ssgsea_NES,P0018,15,-0.16428571428571426,0.5584973732486012,negative
DOROTHEA_BACH1_ABC_TF_ACTIVITY__mean_z,HALLMARK_OXIDATIVE_PHOSPHORYLATION__ssgsea_NES,P0019,15,-0.1964285714285714,0.48289875627163353,negative
DOROTHEA_BACH1_ABC_TF_ACTIVITY__mean_z,HALLMARK_OXIDATIVE_PHOSPHORYLATION__ssgsea_NES,P0020,15,-0.04285714285714285,0.8794603130258999,negative
DOROTHEA_BACH1_ABC_TF_ACTIVITY__mean_z,HALLMARK_OXIDATIVE_PHOSPHORYLATION__ssgsea_NES,P0025,15,-0.175,0.5327481481378592,negative
DOROTHEA_BACH1_ABC_TF_ACTIVITY__mean_z,HALLMARK_OXIDATIVE_PHOSPHORYLATION__ssgsea_NES,P0028,15,-0.18928571428571428,0.4992630332385452,negative
DOROTHEA_BACH1_ABC_TF_ACTIVITY__mean_z,HALLMARK_OXIDATIVE_PHOSPHORYLATION__ssgsea_NES,P0030,15,-0.1964285714285714,0.48289875627163353,negative
DOROTHEA_BACH1_ABC_TF_ACTIVITY__mean_z,HALLMARK_OXIDATIVE_PHOSPHORYLATION__ssgsea_NES,P0031,15,-0.1964285714285714,0.48289875627163353,negative
DOROTHEA_BACH1_ABC_TF_ACTIVITY__mean_z,HALLMARK_OXIDATIVE_PHOSPHORYLATION__ssgsea_NES,P0034,15,-0.1964285714285714,0.48289875627163353,negative
KLENJA2025_BACH1_INVERSE_ACTIVITY__mean_z,HALLMARK_HEME_METABOLISM__mean_z,AL02,15,-0.2071428571428571,0.45884280496347013,negative
KLENJA2025_BACH1_INVERSE_ACTIVITY__mean_z,HALLMARK_HEME_METABOLISM__mean_z,AL06,15,-0.17857142857142855,0.5242843600465524,negative
KLENJA2025_BACH1_INVERSE_ACTIVITY__mean_z,HALLMARK_HEME_METABOLISM__mean_z,AL08,15,-0.16785714285714282,0.5498555542278019,negative
KLENJA2025_BACH1_INVERSE_ACTIVITY__mean_z,HALLMARK_HEME_METABOLISM__mean_z,AL10,15,-0.21071428571428572,0.450957865215285,negative
KLENJA2025_BACH1_INVERSE_ACTIVITY__mean_z,HALLMARK_HEME_METABOLISM__mean_z,AL11,15,-0.10357142857142855,0.7133796306287292,negative
KLENJA2025_BACH1_INVERSE_ACTIVITY__mean_z,HALLMARK_HEME_METABOLISM__mean_z,P0006,15,-0.2178571428571428,0.43539267351553756,negative
KLENJA2025_BACH1_INVERSE_ACTIVITY__mean_z,HALLMARK_HEME_METABOLISM__mean_z,P0008,15,-0.028571428571428564,0.9194899083821858,negative
KLENJA2025_BACH1_INVERSE_ACTIVITY__mean_z,HALLMARK_HEME_METABOLISM__mean_z,P0009,15,-0.37857142857142856,0.16409082655922078,negative
KLENJA2025_BACH1_INVERSE_ACTIVITY__mean_z,HALLMARK_HEME_METABOLISM__mean_z,P0018,15,-0.16785714285714282,0.5498555542278019,negative
KLENJA2025_BACH1_INVERSE_ACTIVITY__mean_z,HALLMARK_HEME_METABOLISM__mean_z,P0019,15,-0.2178571428571428,0.43539267351553756,negative
KLENJA2025_BACH1_INVERSE_ACTIVITY__mean_z,HALLMARK_HEME_METABOLISM__mean_z,P0020,15,-0.21428571428571427,0.44314093482351424,negative
KLENJA2025_BACH1_INVERSE_ACTIVITY__mean_z,HALLMARK_HEME_METABOLISM__mean_z,P0025,15,-0.3214285714285714,0.2427190468016684,negative
KLENJA2025_BACH1_INVERSE_ACTIVITY__mean_z,HALLMARK_HEME_METABOLISM__mean_z,P0028,15,-0.2785714285714285,0.3147094732307908,negative
KLENJA2025_BACH1_INVERSE_ACTIVITY__mean_z,HALLMARK_HEME_METABOLISM__mean_z,P0030,15,-0.11071428571428568,0.6944626472070964,negative
KLENJA2025_BACH1_INVERSE_ACTIVITY__mean_z,HALLMARK_HEME_METABOLISM__mean_z,P0031,15,-0.2571428571428571,0.3548603636506091,negative
KLENJA2025_BACH1_INVERSE_ACTIVITY__mean_z,HALLMARK_HEME_METABOLISM__mean_z,P0034,15,-0.13928571428571426,0.6205460876279013,negative
KLENJA2025_BACH1_INVERSE_ACTIVITY__mean_z,HALLMARK_OXIDATIVE_PHOSPHORYLATION__ssgsea_NES,AL02,15,0.028571428571428564,0.9194899083821858,positive
KLENJA2025_BACH1_INVERSE_ACTIVITY__mean_z,HALLMARK_OXIDATIVE_PHOSPHORYLATION__ssgsea_NES,AL06,15,0.15,0.5936302027425882,positive
KLENJA2025_BACH1_INVERSE_ACTIVITY__mean_z,HALLMARK_OXIDATIVE_PHOSPHORYLATION__ssgsea_NES,AL08,15,0.16428571428571426,0.5584973732486012,positive
KLENJA2025_BACH1_INVERSE_ACTIVITY__mean_z,HALLMARK_OXIDATIVE_PHOSPHORYLATION__ssgsea_NES,AL10,15,0.18928571428571428,0.4992630332385452,positive
KLENJA2025_BACH1_INVERSE_ACTIVITY__mean_z,HALLMARK_OXIDATIVE_PHOSPHORYLATION__ssgsea_NES,AL11,15,0.3285714285714285,0.23180969720615968,positive
KLENJA2025_BACH1_INVERSE_ACTIVITY__mean_z,HALLMARK_OXIDATIVE_PHOSPHORYLATION__ssgsea_NES,P0006,15,0.175,0.5327481481378592,positive
KLENJA2025_BACH1_INVERSE_ACTIVITY__mean_z,HALLMARK_OXIDATIVE_PHOSPHORYLATION__ssgsea_NES,P0008,15,0.25,0.36884629178393047,positive
KLENJA2025_BACH1_INVERSE_ACTIVITY__mean_z,HALLMARK_OXIDATIVE_PHOSPHORYLATION__ssgsea_NES,P0009,15,0.05357142857142857,0.8496099367776072,positive
KLENJA2025_BACH1_INVERSE_ACTIVITY__mean_z,HALLMARK_OXIDATIVE_PHOSPHORYLATION__ssgsea_NES,P0018,15,0.22142857142857136,0.42771371901637,positive
KLENJA2025_BACH1_INVERSE_ACTIVITY__mean_z,HALLMARK_OXIDATIVE_PHOSPHORYLATION__ssgsea_NES,P0019,15,0.2678571428571428,0.33444360051235367,positive
KLENJA2025_BACH1_INVERSE_ACTIVITY__mean_z,HALLMARK_OXIDATIVE_PHOSPHORYLATION__ssgsea_NES,P0020,15,0.1964285714285714,0.48289875627163353,positive
KLENJA2025_BACH1_INVERSE_ACTIVITY__mean_z,HALLMARK_OXIDATIVE_PHOSPHORYLATION__ssgsea_NES,P0025,15,0.2928571428571428,0.28947166721240103,positive
KLENJA2025_BACH1_INVERSE_ACTIVITY__mean_z,HALLMARK_OXIDATIVE_PHOSPHORYLATION__ssgsea_NES,P0028,15,0.23928571428571427,0.3903793119202355,positive
KLENJA2025_BACH1_INVERSE_ACTIVITY__mean_z,HALLMARK_OXIDATIVE_PHOSPHORYLATION__ssgsea_NES,P0030,15,0.19999999999999998,0.47481396452216845,positive
KLENJA2025_BACH1_INVERSE_ACTIVITY__mean_z,HALLMARK_OXIDATIVE_PHOSPHORYLATION__ssgsea_NES,P0031,15,0.22142857142857136,0.42771371901637,positive
KLENJA2025_BACH1_INVERSE_ACTIVITY__mean_z,HALLMARK_OXIDATIVE_PHOSPHORYLATION__ssgsea_NES,P0034,15,0.2071428571428571,0.45884280496347013,positive
KLENJA2025_BACH1_INVERSE_ACTIVITY__mean_z,CURATED_NRF2_ANTIOXIDANT_RESPONSE__ssgsea_NES,AL02,15,0.024999999999999998,0.9295289708192378,positive
KLENJA2025_BACH1_INVERSE_ACTIVITY__mean_z,CURATED_NRF2_ANTIOXIDANT_RESPONSE__ssgsea_NES,AL06,15,0.24642857142857136,0.375950515973805,positive
KLENJA2025_BACH1_INVERSE_ACTIVITY__mean_z,CURATED_NRF2_ANTIOXIDANT_RESPONSE__ssgsea_NES,AL08,15,0.1857142857142857,0.5075409629336735,positive
KLENJA2025_BACH1_INVERSE_ACTIVITY__mean_z,CURATED_NRF2_ANTIOXIDANT_RESPONSE__ssgsea_NES,AL10,15,0.175,0.5327481481378592,positive
KLENJA2025_BACH1_INVERSE_ACTIVITY__mean_z,CURATED_NRF2_ANTIOXIDANT_RESPONSE__ssgsea_NES,AL11,15,0.35357142857142854,0.19607167843419873,positive
KLENJA2025_BACH1_INVERSE_ACTIVITY__mean_z,CURATED_NRF2_ANTIOXIDANT_RESPONSE__ssgsea_NES,P0006,15,0.18214285714285713,0.5158816817070392,positive
KLENJA2025_BACH1_INVERSE_ACTIVITY__mean_z,CURATED_NRF2_ANTIOXIDANT_RESPONSE__ssgsea_NES,P0008,15,0.39999999999999997,0.1395951293721447,positive
KLENJA2025_BACH1_INVERSE_ACTIVITY__mean_z,CURATED_NRF2_ANTIOXIDANT_RESPONSE__ssgsea_NES,P0009,15,0.075,0.7905107941552678,positive
KLENJA2025_BACH1_INVERSE_ACTIVITY__mean_z,CURATED_NRF2_ANTIOXIDANT_RESPONSE__ssgsea_NES,P0018,15,0.23928571428571427,0.3903793119202355,positive
KLENJA2025_BACH1_INVERSE_ACTIVITY__mean_z,CURATED_NRF2_ANTIOXIDANT_RESPONSE__ssgsea_NES,P0019,15,0.18214285714285713,0.5158816817070392,positive
KLENJA2025_BACH1_INVERSE_ACTIVITY__mean_z,CURATED_NRF2_ANTIOXIDANT_RESPONSE__ssgsea_NES,P0020,15,0.18928571428571428,0.4992630332385452,positive
KLENJA2025_BACH1_INVERSE_ACTIVITY__mean_z,CURATED_NRF2_ANTIOXIDANT_RESPONSE__ssgsea_NES,P0025,15,0.1928571428571428,0.49104870160522307,positive
KLENJA2025_BACH1_INVERSE_ACTIVITY__mean_z,CURATED_NRF2_ANTIOXIDANT_RESPONSE__ssgsea_NES,P0028,15,0.14285714285714282,0.6115222287644656,positive
KLENJA2025_BACH1_INVERSE_ACTIVITY__mean_z,CURATED_NRF2_ANTIOXIDANT_RESPONSE__ssgsea_NES,P0030,15,0.1857142857142857,0.5075409629336735,positive
KLENJA2025_BACH1_INVERSE_ACTIVITY__mean_z,CURATED_NRF2_ANTIOXIDANT_RESPONSE__ssgsea_NES,P0031,15,0.1928571428571428,0.49104870160522307,positive
KLENJA2025_BACH1_INVERSE_ACTIVITY__mean_z,CURATED_NRF2_ANTIOXIDANT_RESPONSE__ssgsea_NES,P0034,15,0.175,0.5327481481378592,positive
DOROTHEA_BACH1_ABC_TF_ACTIVITY__decoupler_ulm,HALLMARK_REACTIVE_OXYGEN_SPECIES_PATHWAY__ssgsea_NES,AL02,15,-0.17857142857142855,0.5242843600465524,negative
DOROTHEA_BACH1_ABC_TF_ACTIVITY__decoupler_ulm,HALLMARK_REACTIVE_OXYGEN_SPECIES_PATHWAY__ssgsea_NES,AL06,15,-0.3107142857142856,0.2596673973372183,negative
DOROTHEA_BACH1_ABC_TF_ACTIVITY__decoupler_ulm,HALLMARK_REACTIVE_OXYGEN_SPECIES_PATHWAY__ssgsea_NES,AL08,15,-0.09999999999999999,0.7228973252791182,negative
DOROTHEA_BACH1_ABC_TF_ACTIVITY__decoupler_ulm,HALLMARK_REACTIVE_OXYGEN_SPECIES_PATHWAY__ssgsea_NES,AL10,15,-0.16785714285714282,0.5498555542278019,negative
DOROTHEA_BACH1_ABC_TF_ACTIVITY__decoupler_ulm,HALLMARK_REACTIVE_OXYGEN_SPECIES_PATHWAY__ssgsea_NES,AL11,15,-0.049999999999999996,0.859540943467457,negative
DOROTHEA_BACH1_ABC_TF_ACTIVITY__decoupler_ulm,HALLMARK_REACTIVE_OXYGEN_SPECIES_PATHWAY__ssgsea_NES,P0006,15,-0.1964285714285714,0.48289875627163353,negative
DOROTHEA_BACH1_ABC_TF_ACTIVITY__decoupler_ulm,HALLMARK_REACTIVE_OXYGEN_SPECIES_PATHWAY__ssgsea_NES,P0008,15,-0.21428571428571427,0.44314093482351424,negative
DOROTHEA_BACH1_ABC_TF_ACTIVITY__decoupler_ulm,HALLMARK_REACTIVE_OXYGEN_SPECIES_PATHWAY__ssgsea_NES,P0009,15,-0.2642857142857143,0.34117375799008204,negative
DOROTHEA_BACH1_ABC_TF_ACTIVITY__decoupler_ulm,HALLMARK_REACTIVE_OXYGEN_SPECIES_PATHWAY__ssgsea_NES,P0018,15,-0.16428571428571426,0.5584973732486012,negative
DOROTHEA_BACH1_ABC_TF_ACTIVITY__decoupler_ulm,HALLMARK_REACTIVE_OXYGEN_SPECIES_PATHWAY__ssgsea_NES,P0019,15,-0.1964285714285714,0.48289875627163353,negative
DOROTHEA_BACH1_ABC_TF_ACTIVITY__decoupler_ulm,HALLMARK_REACTIVE_OXYGEN_SPECIES_PATHWAY__ssgsea_NES,P0020,15,-0.21071428571428572,0.450957865215285,negative
DOROTHEA_BACH1_ABC_TF_ACTIVITY__decoupler_ulm,HALLMARK_REACTIVE_OXYGEN_SPECIES_PATHWAY__ssgsea_NES,P0025,15,-0.15,0.5936302027425882,negative
DOROTHEA_BACH1_ABC_TF_ACTIVITY__decoupler_ulm,HALLMARK_REACTIVE_OXYGEN_SPECIES_PATHWAY__ssgsea_NES,P0028,15,-0.3321428571428571,0.22647175907072442,negative
DOROTHEA_BACH1_ABC_TF_ACTIVITY__decoupler_ulm,HALLMARK_REACTIVE_OXYGEN_SPECIES_PATHWAY__ssgsea_NES,P0030,15,-0.125,0.6571356681869506,negative
DOROTHEA_BACH1_ABC_TF_ACTIVITY__decoupler_ulm,HALLMARK_REACTIVE_OXYGEN_SPECIES_PATHWAY__ssgsea_NES,P0031,15,-0.2071428571428571,0.45884280496347013,negative
DOROTHEA_BACH1_ABC_TF_ACTIVITY__decoupler_ulm,HALLMARK_REACTIVE_OXYGEN_SPECIES_PATHWAY__ssgsea_NES,P0034,15,-0.22142857142857136,0.42771371901637,negative
DOROTHEA_BACH1_ABC_TF_ACTIVITY__ssgsea_NES,HALLMARK_HYPOXIA__mean_z,AL02,15,0.08928571428571427,0.7516725173502768,positive
DOROTHEA_BACH1_ABC_TF_ACTIVITY__ssgsea_NES,HALLMARK_HYPOXIA__mean_z,AL06,15,0.06785714285714285,0.8101088187105132,positive
DOROTHEA_BACH1_ABC_TF_ACTIVITY__ssgsea_NES,HALLMARK_HYPOXIA__mean_z,AL08,15,0.21428571428571427,0.44314093482351424,positive
DOROTHEA_BACH1_ABC_TF_ACTIVITY__ssgsea_NES,HALLMARK_HYPOXIA__mean_z,AL10,15,0.2928571428571428,0.28947166721240103,positive
DOROTHEA_BACH1_ABC_TF_ACTIVITY__ssgsea_NES,HALLMARK_HYPOXIA__mean_z,AL11,15,0.1464285714285714,0.602549920983054,positive
DOROTHEA_BACH1_ABC_TF_ACTIVITY__ssgsea_NES,HALLMARK_HYPOXIA__mean_z,P0006,15,0.1928571428571428,0.49104870160522307,positive
DOROTHEA_BACH1_ABC_TF_ACTIVITY__ssgsea_NES,HALLMARK_HYPOXIA__mean_z,P0008,15,0.15357142857142855,0.5847640949410158,positive
DOROTHEA_BACH1_ABC_TF_ACTIVITY__ssgsea_NES,HALLMARK_HYPOXIA__mean_z,P0009,15,0.39999999999999997,0.1395951293721447,positive
DOROTHEA_BACH1_ABC_TF_ACTIVITY__ssgsea_NES,HALLMARK_HYPOXIA__mean_z,P0018,15,0.1464285714285714,0.602549920983054,positive
DOROTHEA_BACH1_ABC_TF_ACTIVITY__ssgsea_NES,HALLMARK_HYPOXIA__mean_z,P0019,15,0.1964285714285714,0.48289875627163353,positive
DOROTHEA_BACH1_ABC_TF_ACTIVITY__ssgsea_NES,HALLMARK_HYPOXIA__mean_z,P0020,15,0.11071428571428568,0.6944626472070964,positive
DOROTHEA_BACH1_ABC_TF_ACTIVITY__ssgsea_NES,HALLMARK_HYPOXIA__mean_z,P0025,15,0.2178571428571428,0.43539267351553756,positive
DOROTHEA_BACH1_ABC_TF_ACTIVITY__ssgsea_NES,HALLMARK_HYPOXIA__mean_z,P0028,15,0.19999999999999998,0.47481396452216845,positive
DOROTHEA_BACH1_ABC_TF_ACTIVITY__ssgsea_NES,HALLMARK_HYPOXIA__mean_z,P0030,15,0.16785714285714282,0.5498555542278019,positive
DOROTHEA_BACH1_ABC_TF_ACTIVITY__ssgsea_NES,HALLMARK_HYPOXIA__mean_z,P0031,15,0.18928571428571428,0.4992630332385452,positive
DOROTHEA_BACH1_ABC_TF_ACTIVITY__ssgsea_NES,HALLMARK_HYPOXIA__mean_z,P0034,15,0.2642857142857143,0.34117375799008204,positive
COLLECTRI_BACH1_TF_ACTIVITY__mean_z,HALLMARK_HYPOXIA__mean_z,AL02,15,0.15714285714285714,0.5759526006037947,positive
COLLECTRI_BACH1_TF_ACTIVITY__mean_z,HALLMARK_HYPOXIA__mean_z,AL06,15,0.24642857142857136,0.375950515973805,positive
COLLECTRI_BACH1_TF_ACTIVITY__mean_z,HALLMARK_HYPOXIA__mean_z,AL08,15,0.1857142857142857,0.5075409629336735,positive
COLLECTRI_BACH1_TF_ACTIVITY__mean_z,HALLMARK_HYPOXIA__mean_z,AL10,15,0.24642857142857136,0.375950515973805,positive
COLLECTRI_BACH1_TF_ACTIVITY__mean_z,HALLMARK_HYPOXIA__mean_z,AL11,15,0.24642857142857136,0.375950515973805,positive
COLLECTRI_BACH1_TF_ACTIVITY__mean_z,HALLMARK_HYPOXIA__mean_z,P0006,15,0.21071428571428572,0.450957865215285,positive
COLLECTRI_BACH1_TF_ACTIVITY__mean_z,HALLMARK_HYPOXIA__mean_z,P0008,15,0.23928571428571427,0.3903793119202355,positive
COLLECTRI_BACH1_TF_ACTIVITY__mean_z,HALLMARK_HYPOXIA__mean_z,P0009,15,0.38214285714285706,0.15982362998696725,positive
COLLECTRI_BACH1_TF_ACTIVITY__mean_z,HALLMARK_HYPOXIA__mean_z,P0018,15,0.20357142857142854,0.4667950724891123,positive
COLLECTRI_BACH1_TF_ACTIVITY__mean_z,HALLMARK_HYPOXIA__mean_z,P0019,15,0.06428571428571428,0.8199479653196375,positive
COLLECTRI_BACH1_TF_ACTIVITY__mean_z,HALLMARK_HYPOXIA__mean_z,P0020,15,0.09999999999999999,0.7228973252791182,positive
COLLECTRI_BACH1_TF_ACTIVITY__mean_z,HALLMARK_HYPOXIA__mean_z,P0025,15,0.06428571428571428,0.8199479653196375,positive
COLLECTRI_BACH1_TF_ACTIVITY__mean_z,HALLMARK_HYPOXIA__mean_z,P0028,15,0.19999999999999998,0.47481396452216845,positive
COLLECTRI_BACH1_TF_ACTIVITY__mean_z,HALLMARK_HYPOXIA__mean_z,P0030,15,0.10714285714285714,0.7039010016261618,positive
COLLECTRI_BACH1_TF_ACTIVITY__mean_z,HALLMARK_HYPOXIA__mean_z,P0031,15,0.15357142857142855,0.5847640949410158,positive
COLLECTRI_BACH1_TF_ACTIVITY__mean_z,HALLMARK_HYPOXIA__mean_z,P0034,15,0.1928571428571428,0.49104870160522307,positive
BACH1_expression_mean,HALLMARK_GLYCOLYSIS__ssgsea_NES,AL02,15,0.010714285714285713,0.9697698761545686,positive
BACH1_expression_mean,HALLMARK_GLYCOLYSIS__ssgsea_NES,AL06,15,0.35,0.20094535081629333,positive
BACH1_expression_mean,HALLMARK_GLYCOLYSIS__ssgsea_NES,AL08,15,0.18214285714285713,0.5158816817070392,positive
BACH1_expression_mean,HALLMARK_GLYCOLYSIS__ssgsea_NES,AL10,15,0.2178571428571428,0.43539267351553756,positive
BACH1_expression_mean,HALLMARK_GLYCOLYSIS__ssgsea_NES,AL11,15,0.3,0.27731678036838414,positive
BACH1_expression_mean,HALLMARK_GLYCOLYSIS__ssgsea_NES,P0006,15,0.1928571428571428,0.49104870160522307,positive
BACH1_expression_mean,HALLMARK_GLYCOLYSIS__ssgsea_NES,P0008,15,0.1964285714285714,0.48289875627163353,positive
BACH1_expression_mean,HALLMARK_GLYCOLYSIS__ssgsea_NES,P0009,15,0.11428571428571425,0.6850657626568974,positive
BACH1_expression_mean,HALLMARK_GLYCOLYSIS__ssgsea_NES,P0018,15,0.09999999999999999,0.7228973252791182,positive
BACH1_expression_mean,HALLMARK_GLYCOLYSIS__ssgsea_NES,P0019,15,0.17857142857142855,0.5242843600465524,positive
BACH1_expression_mean,HALLMARK_GLYCOLYSIS__ssgsea_NES,P0020,15,0.06428571428571428,0.8199479653196375,positive
BACH1_expression_mean,HALLMARK_GLYCOLYSIS__ssgsea_NES,P0025,15,0.1928571428571428,0.49104870160522307,positive
BACH1_expression_mean,HALLMARK_GLYCOLYSIS__ssgsea_NES,P0028,15,0.15714285714285714,0.5759526006037947,positive
BACH1_expression_mean,HALLMARK_GLYCOLYSIS__ssgsea_NES,P0030,15,0.2571428571428571,0.3548603636506091,positive
BACH1_expression_mean,HALLMARK_GLYCOLYSIS__ssgsea_NES,P0031,15,0.17857142857142855,0.5242843600465524,positive
BACH1_expression_mean,HALLMARK_GLYCOLYSIS__ssgsea_NES,P0034,15,0.2642857142857143,0.34117375799008204,positive
BACH1_expression_mean,HALLMARK_HYPOXIA__mean_z,AL02,15,0.4357142857142856,0.10449335704406652,positive
BACH1_expression_mean,HALLMARK_HYPOXIA__mean_z,AL06,15,0.09999999999999999,0.7228973252791182,positive
BACH1_expression_mean,HALLMARK_HYPOXIA__mean_z,AL08,15,0.15,0.5936302027425882,positive
BACH1_expression_mean,HALLMARK_HYPOXIA__mean_z,AL10,15,0.33571428571428563,0.22121153763932597,positive
BACH1_expression_mean,HALLMARK_HYPOXIA__mean_z,AL11,15,0.09999999999999999,0.7228973252791182,positive
BACH1_expression_mean,HALLMARK_HYPOXIA__mean_z,P0006,15,0.22142857142857136,0.42771371901637,positive
BACH1_expression_mean,HALLMARK_HYPOXIA__mean_z,P0008,15,0.16785714285714282,0.5498555542278019,positive
BACH1_expression_mean,HALLMARK_HYPOXIA__mean_z,P0009,15,0.1607142857142857,0.5671967045803447,positive
BACH1_expression_mean,HALLMARK_HYPOXIA__mean_z,P0018,15,0.09999999999999999,0.7228973252791182,positive
BACH1_expression_mean,HALLMARK_HYPOXIA__mean_z,P0019,15,0.16785714285714282,0.5498555542278019,positive
BACH1_expression_mean,HALLMARK_HYPOXIA__mean_z,P0020,15,0.09999999999999999,0.7228973252791182,positive
BACH1_expression_mean,HALLMARK_HYPOXIA__mean_z,P0025,15,0.09999999999999999,0.7228973252791182,positive
BACH1_expression_mean,HALLMARK_HYPOXIA__mean_z,P0028,15,0.18214285714285713,0.5158816817070392,positive
BACH1_expression_mean,HALLMARK_HYPOXIA__mean_z,P0030,15,0.20357142857142854,0.4667950724891123,positive
BACH1_expression_mean,HALLMARK_HYPOXIA__mean_z,P0031,15,0.18928571428571428,0.4992630332385452,positive
BACH1_expression_mean,HALLMARK_HYPOXIA__mean_z,P0034,15,0.20357142857142854,0.4667950724891123,positive
COLLECTRI_BACH1_TF_ACTIVITY__mean_z,KLENJA2025_BACH1_INVERSE_ACTIVITY__mean_z,AL02,15,0.28571428571428564,0.3019363513225493,positive
COLLECTRI_BACH1_TF_ACTIVITY__mean_z,KLENJA2025_BACH1_INVERSE_ACTIVITY__mean_z,AL06,15,0.15357142857142855,0.5847640949410158,positive
COLLECTRI_BACH1_TF_ACTIVITY__mean_z,KLENJA2025_BACH1_INVERSE_ACTIVITY__mean_z,AL08,15,0.1928571428571428,0.49104870160522307,positive
COLLECTRI_BACH1_TF_ACTIVITY__mean_z,KLENJA2025_BACH1_INVERSE_ACTIVITY__mean_z,AL10,15,0.18928571428571428,0.4992630332385452,positive
COLLECTRI_BACH1_TF_ACTIVITY__mean_z,KLENJA2025_BACH1_INVERSE_ACTIVITY__mean_z,AL11,15,0.11071428571428568,0.6944626472070964,positive
COLLECTRI_BACH1_TF_ACTIVITY__mean_z,KLENJA2025_BACH1_INVERSE_ACTIVITY__mean_z,P0006,15,0.175,0.5327481481378592,positive
COLLECTRI_BACH1_TF_ACTIVITY__mean_z,KLENJA2025_BACH1_INVERSE_ACTIVITY__mean_z,P0008,15,0.03214285714285714,0.9094621170945906,positive
COLLECTRI_BACH1_TF_ACTIVITY__mean_z,KLENJA2025_BACH1_INVERSE_ACTIVITY__mean_z,P0009,15,0.3428571428571428,0.2109237934147519,positive
COLLECTRI_BACH1_TF_ACTIVITY__mean_z,KLENJA2025_BACH1_INVERSE_ACTIVITY__mean_z,P0018,15,0.15714285714285714,0.5759526006037947,positive
COLLECTRI_BACH1_TF_ACTIVITY__mean_z,KLENJA2025_BACH1_INVERSE_ACTIVITY__mean_z,P0019,15,0.1357142857142857,0.6296204418728145,positive
COLLECTRI_BACH1_TF_ACTIVITY__mean_z,KLENJA2025_BACH1_INVERSE_ACTIVITY__mean_z,P0020,15,0.17857142857142855,0.5242843600465524,positive
COLLECTRI_BACH1_TF_ACTIVITY__mean_z,KLENJA2025_BACH1_INVERSE_ACTIVITY__mean_z,P0025,15,0.11785714285714284,0.6757115292213043,positive
COLLECTRI_BACH1_TF_ACTIVITY__mean_z,KLENJA2025_BACH1_INVERSE_ACTIVITY__mean_z,P0028,15,0.19999999999999998,0.47481396452216845,positive
COLLECTRI_BACH1_TF_ACTIVITY__mean_z,KLENJA2025_BACH1_INVERSE_ACTIVITY__mean_z,P0030,15,0.2785714285714285,0.3147094732307908,positive
COLLECTRI_BACH1_TF_ACTIVITY__mean_z,KLENJA2025_BACH1_INVERSE_ACTIVITY__mean_z,P0031,15,0.15,0.5936302027425882,positive
COLLECTRI_BACH1_TF_ACTIVITY__mean_z,KLENJA2025_BACH1_INVERSE_ACTIVITY__mean_z,P0034,15,0.19999999999999998,0.47481396452216845,positive
KLENJA2025_BACH1_INVERSE_ACTIVITY__mean_z,COLLECTRI_BACH1_TF_ACTIVITY__mean_z,AL02,15,0.28571428571428564,0.3019363513225493,positive
KLENJA2025_BACH1_INVERSE_ACTIVITY__mean_z,COLLECTRI_BACH1_TF_ACTIVITY__mean_z,AL06,15,0.15357142857142855,0.5847640949410158,positive
KLENJA2025_BACH1_INVERSE_ACTIVITY__mean_z,COLLECTRI_BACH1_TF_ACTIVITY__mean_z,AL08,15,0.1928571428571428,0.49104870160522307,positive
KLENJA2025_BACH1_INVERSE_ACTIVITY__mean_z,COLLECTRI_BACH1_TF_ACTIVITY__mean_z,AL10,15,0.18928571428571428,0.4992630332385452,positive
KLENJA2025_BACH1_INVERSE_ACTIVITY__mean_z,COLLECTRI_BACH1_TF_ACTIVITY__mean_z,AL11,15,0.11071428571428568,0.6944626472070964,positive
KLENJA2025_BACH1_INVERSE_ACTIVITY__mean_z,COLLECTRI_BACH1_TF_ACTIVITY__mean_z,P0006,15,0.175,0.5327481481378592,positive
KLENJA2025_BACH1_INVERSE_ACTIVITY__mean_z,COLLECTRI_BACH1_TF_ACTIVITY__mean_z,P0008,15,0.03214285714285714,0.9094621170945906,positive
KLENJA2025_BACH1_INVERSE_ACTIVITY__mean_z,COLLECTRI_BACH1_TF_ACTIVITY__mean_z,P0009,15,0.3428571428571428,0.2109237934147519,positive
KLENJA2025_BACH1_INVERSE_ACTIVITY__mean_z,COLLECTRI_BACH1_TF_ACTIVITY__mean_z,P0018,15,0.15714285714285714,0.5759526006037947,positive
KLENJA2025_BACH1_INVERSE_ACTIVITY__mean_z,COLLECTRI_BACH1_TF_ACTIVITY__mean_z,P0019,15,0.1357142857142857,0.6296204418728145,positive
KLENJA2025_BACH1_INVERSE_ACTIVITY__mean_z,COLLECTRI_BACH1_TF_ACTIVITY__mean_z,P0020,15,0.17857142857142855,0.5242843600465524,positive
KLENJA2025_BACH1_INVERSE_ACTIVITY__mean_z,COLLECTRI_BACH1_TF_ACTIVITY__mean_z,P0025,15,0.11785714285714284,0.6757115292213043,positive
KLENJA2025_BACH1_INVERSE_ACTIVITY__mean_z,COLLECTRI_BACH1_TF_ACTIVITY__mean_z,P0028,15,0.19999999999999998,0.47481396452216845,positive
KLENJA2025_BACH1_INVERSE_ACTIVITY__mean_z,COLLECTRI_BACH1_TF_ACTIVITY__mean_z,P0030,15,0.2785714285714285,0.3147094732307908,positive
KLENJA2025_BACH1_INVERSE_ACTIVITY__mean_z,COLLECTRI_BACH1_TF_ACTIVITY__mean_z,P0031,15,0.15,0.5936302027425882,positive
KLENJA2025_BACH1_INVERSE_ACTIVITY__mean_z,COLLECTRI_BACH1_TF_ACTIVITY__mean_z,P0034,15,0.19999999999999998,0.47481396452216845,positive
KLENJA2025_BACH1_ACTIVITY_INVERTED__ssgsea_NES,CURATED_NRF2_ANTIOXIDANT_RESPONSE__ssgsea_NES,AL02,15,0.0035714285714285704,0.9899214068809781,positive
KLENJA2025_BACH1_ACTIVITY_INVERTED__ssgsea_NES,CURATED_NRF2_ANTIOXIDANT_RESPONSE__ssgsea_NES,AL06,15,0.1857142857142857,0.5075409629336735,positive
KLENJA2025_BACH1_ACTIVITY_INVERTED__ssgsea_NES,CURATED_NRF2_ANTIOXIDANT_RESPONSE__ssgsea_NES,AL08,15,0.125,0.6571356681869506,positive
KLENJA2025_BACH1_ACTIVITY_INVERTED__ssgsea_NES,CURATED_NRF2_ANTIOXIDANT_RESPONSE__ssgsea_NES,AL10,15,0.1607142857142857,0.5671967045803447,positive
KLENJA2025_BACH1_ACTIVITY_INVERTED__ssgsea_NES,CURATED_NRF2_ANTIOXIDANT_RESPONSE__ssgsea_NES,AL11,15,0.23928571428571427,0.3903793119202355,positive
KLENJA2025_BACH1_ACTIVITY_INVERTED__ssgsea_NES,CURATED_NRF2_ANTIOXIDANT_RESPONSE__ssgsea_NES,P0006,15,0.3321428571428571,0.22647175907072442,positive
KLENJA2025_BACH1_ACTIVITY_INVERTED__ssgsea_NES,CURATED_NRF2_ANTIOXIDANT_RESPONSE__ssgsea_NES,P0008,15,0.37857142857142856,0.16409082655922078,positive
KLENJA2025_BACH1_ACTIVITY_INVERTED__ssgsea_NES,CURATED_NRF2_ANTIOXIDANT_RESPONSE__ssgsea_NES,P0009,15,0.05357142857142857,0.8496099367776072,positive
KLENJA2025_BACH1_ACTIVITY_INVERTED__ssgsea_NES,CURATED_NRF2_ANTIOXIDANT_RESPONSE__ssgsea_NES,P0018,15,0.2678571428571428,0.33444360051235367,positive
KLENJA2025_BACH1_ACTIVITY_INVERTED__ssgsea_NES,CURATED_NRF2_ANTIOXIDANT_RESPONSE__ssgsea_NES,P0019,15,0.12142857142857141,0.6664011137233892,positive
KLENJA2025_BACH1_ACTIVITY_INVERTED__ssgsea_NES,CURATED_NRF2_ANTIOXIDANT_RESPONSE__ssgsea_NES,P0020,15,0.1964285714285714,0.48289875627163353,positive
KLENJA2025_BACH1_ACTIVITY_INVERTED__ssgsea_NES,CURATED_NRF2_ANTIOXIDANT_RESPONSE__ssgsea_NES,P0025,15,0.15714285714285714,0.5759526006037947,positive
KLENJA2025_BACH1_ACTIVITY_INVERTED__ssgsea_NES,CURATED_NRF2_ANTIOXIDANT_RESPONSE__ssgsea_NES,P0028,15,0.15357142857142855,0.5847640949410158,positive
KLENJA2025_BACH1_ACTIVITY_INVERTED__ssgsea_NES,CURATED_NRF2_ANTIOXIDANT_RESPONSE__ssgsea_NES,P0030,15,0.1714285714285714,0.5412721760996332,positive
KLENJA2025_BACH1_ACTIVITY_INVERTED__ssgsea_NES,CURATED_NRF2_ANTIOXIDANT_RESPONSE__ssgsea_NES,P0031,15,0.15714285714285714,0.5759526006037947,positive
KLENJA2025_BACH1_ACTIVITY_INVERTED__ssgsea_NES,CURATED_NRF2_ANTIOXIDANT_RESPONSE__ssgsea_NES,P0034,15,0.16428571428571426,0.5584973732486012,positive
BACH1_detected_fraction,KLENJA2025_BACH1_INVERSE_ACTIVITY__mean_z,AL02,15,0.0,1.0,zero_or_nan
BACH1_detected_fraction,KLENJA2025_BACH1_INVERSE_ACTIVITY__mean_z,AL06,15,0.2571428571428571,0.3548603636506091,positive
BACH1_detected_fraction,KLENJA2025_BACH1_INVERSE_ACTIVITY__mean_z,AL08,15,0.18928571428571428,0.4992630332385452,positive
BACH1_detected_fraction,KLENJA2025_BACH1_INVERSE_ACTIVITY__mean_z,AL10,15,0.17857142857142855,0.5242843600465524,positive
BACH1_detected_fraction,KLENJA2025_BACH1_INVERSE_ACTIVITY__mean_z,AL11,15,0.3214285714285714,0.2427190468016684,positive
BACH1_detected_fraction,KLENJA2025_BACH1_INVERSE_ACTIVITY__mean_z,P0006,15,0.14285714285714282,0.6115222287644656,positive
BACH1_detected_fraction,KLENJA2025_BACH1_INVERSE_ACTIVITY__mean_z,P0008,15,0.18928571428571428,0.4992630332385452,positive
BACH1_detected_fraction,KLENJA2025_BACH1_INVERSE_ACTIVITY__mean_z,P0009,15,0.21428571428571427,0.44314093482351424,positive
BACH1_detected_fraction,KLENJA2025_BACH1_INVERSE_ACTIVITY__mean_z,P0018,15,0.15714285714285714,0.5759526006037947,positive
BACH1_detected_fraction,KLENJA2025_BACH1_INVERSE_ACTIVITY__mean_z,P0019,15,0.16785714285714282,0.5498555542278019,positive
BACH1_detected_fraction,KLENJA2025_BACH1_INVERSE_ACTIVITY__mean_z,P0020,15,0.1857142857142857,0.5075409629336735,positive
BACH1_detected_fraction,KLENJA2025_BACH1_INVERSE_ACTIVITY__mean_z,P0025,15,0.08214285714285713,0.7710285652881773,positive
BACH1_detected_fraction,KLENJA2025_BACH1_INVERSE_ACTIVITY__mean_z,P0028,15,0.15357142857142855,0.5847640949410158,positive
BACH1_detected_fraction,KLENJA2025_BACH1_INVERSE_ACTIVITY__mean_z,P0030,15,0.28928571428571426,0.29566536100437774,positive
BACH1_detected_fraction,KLENJA2025_BACH1_INVERSE_ACTIVITY__mean_z,P0031,15,0.12857142857142856,0.6479163294665075,positive
BACH1_detected_fraction,KLENJA2025_BACH1_INVERSE_ACTIVITY__mean_z,P0034,15,0.15714285714285714,0.5759526006037947,positive
DOROTHEA_BACH1_ABC_TF_ACTIVITY__decoupler_mlm,HALLMARK_GLYCOLYSIS__ssgsea_NES,AL02,15,0.25357142857142856,0.3618161038158894,positive
DOROTHEA_BACH1_ABC_TF_ACTIVITY__decoupler_mlm,HALLMARK_GLYCOLYSIS__ssgsea_NES,AL06,15,0.37857142857142856,0.16409082655922078,positive
DOROTHEA_BACH1_ABC_TF_ACTIVITY__decoupler_mlm,HALLMARK_GLYCOLYSIS__ssgsea_NES,AL08,15,0.22142857142857136,0.42771371901637,positive
DOROTHEA_BACH1_ABC_TF_ACTIVITY__decoupler_mlm,HALLMARK_GLYCOLYSIS__ssgsea_NES,AL10,15,0.1857142857142857,0.5075409629336735,positive
DOROTHEA_BACH1_ABC_TF_ACTIVITY__decoupler_mlm,HALLMARK_GLYCOLYSIS__ssgsea_NES,AL11,15,0.15357142857142855,0.5847640949410158,positive
DOROTHEA_BACH1_ABC_TF_ACTIVITY__decoupler_mlm,HALLMARK_GLYCOLYSIS__ssgsea_NES,P0006,15,0.20357142857142854,0.4667950724891123,positive
DOROTHEA_BACH1_ABC_TF_ACTIVITY__decoupler_mlm,HALLMARK_GLYCOLYSIS__ssgsea_NES,P0008,15,0.17857142857142855,0.5242843600465524,positive
DOROTHEA_BACH1_ABC_TF_ACTIVITY__decoupler_mlm,HALLMARK_GLYCOLYSIS__ssgsea_NES,P0009,15,0.16428571428571426,0.5584973732486012,positive
DOROTHEA_BACH1_ABC_TF_ACTIVITY__decoupler_mlm,HALLMARK_GLYCOLYSIS__ssgsea_NES,P0018,15,0.049999999999999996,0.859540943467457,positive
DOROTHEA_BACH1_ABC_TF_ACTIVITY__decoupler_mlm,HALLMARK_GLYCOLYSIS__ssgsea_NES,P0019,15,0.1464285714285714,0.602549920983054,positive
DOROTHEA_BACH1_ABC_TF_ACTIVITY__decoupler_mlm,HALLMARK_GLYCOLYSIS__ssgsea_NES,P0020,15,0.049999999999999996,0.859540943467457,positive
DOROTHEA_BACH1_ABC_TF_ACTIVITY__decoupler_mlm,HALLMARK_GLYCOLYSIS__ssgsea_NES,P0025,15,0.22142857142857136,0.42771371901637,positive
DOROTHEA_BACH1_ABC_TF_ACTIVITY__decoupler_mlm,HALLMARK_GLYCOLYSIS__ssgsea_NES,P0028,15,0.075,0.7905107941552678,positive
DOROTHEA_BACH1_ABC_TF_ACTIVITY__decoupler_mlm,HALLMARK_GLYCOLYSIS__ssgsea_NES,P0030,15,0.15357142857142855,0.5847640949410158,positive
DOROTHEA_BACH1_ABC_TF_ACTIVITY__decoupler_mlm,HALLMARK_GLYCOLYSIS__ssgsea_NES,P0031,15,0.1464285714285714,0.602549920983054,positive
DOROTHEA_BACH1_ABC_TF_ACTIVITY__decoupler_mlm,HALLMARK_GLYCOLYSIS__ssgsea_NES,P0034,15,0.2285714285714285,0.41256617049636035,positive
BACH1_detected_fraction,HALLMARK_OXIDATIVE_PHOSPHORYLATION__mean_z,AL02,15,-0.12857142857142856,0.6479163294665075,negative
BACH1_detected_fraction,HALLMARK_OXIDATIVE_PHOSPHORYLATION__mean_z,AL06,15,-0.017857142857142853,0.9496353041738619,negative
BACH1_detected_fraction,HALLMARK_OXIDATIVE_PHOSPHORYLATION__mean_z,AL08,15,-0.13214285714285715,0.6387442188840663,negative
BACH1_detected_fraction,HALLMARK_OXIDATIVE_PHOSPHORYLATION__mean_z,AL10,15,-0.175,0.5327481481378592,negative
BACH1_detected_fraction,HALLMARK_OXIDATIVE_PHOSPHORYLATION__mean_z,AL11,15,-0.30357142857142855,0.27135583600386837,negative
BACH1_detected_fraction,HALLMARK_OXIDATIVE_PHOSPHORYLATION__mean_z,P0006,15,-0.22142857142857136,0.42771371901637,negative
BACH1_detected_fraction,HALLMARK_OXIDATIVE_PHOSPHORYLATION__mean_z,P0008,15,-0.1357142857142857,0.6296204418728145,negative
BACH1_detected_fraction,HALLMARK_OXIDATIVE_PHOSPHORYLATION__mean_z,P0009,15,-0.15714285714285714,0.5759526006037947,negative
BACH1_detected_fraction,HALLMARK_OXIDATIVE_PHOSPHORYLATION__mean_z,P0018,15,-0.22142857142857136,0.42771371901637,negative
BACH1_detected_fraction,HALLMARK_OXIDATIVE_PHOSPHORYLATION__mean_z,P0019,15,-0.17857142857142855,0.5242843600465524,negative
BACH1_detected_fraction,HALLMARK_OXIDATIVE_PHOSPHORYLATION__mean_z,P0020,15,-0.039285714285714285,0.8894459296739485,negative
BACH1_detected_fraction,HALLMARK_OXIDATIVE_PHOSPHORYLATION__mean_z,P0025,15,-0.1928571428571428,0.49104870160522307,negative
BACH1_detected_fraction,HALLMARK_OXIDATIVE_PHOSPHORYLATION__mean_z,P0028,15,-0.28571428571428564,0.3019363513225493,negative
BACH1_detected_fraction,HALLMARK_OXIDATIVE_PHOSPHORYLATION__mean_z,P0030,15,-0.22142857142857136,0.42771371901637,negative
BACH1_detected_fraction,HALLMARK_OXIDATIVE_PHOSPHORYLATION__mean_z,P0031,15,-0.17857142857142855,0.5242843600465524,negative
BACH1_detected_fraction,HALLMARK_OXIDATIVE_PHOSPHORYLATION__mean_z,P0034,15,-0.175,0.5327481481378592,negative
COLLECTRI_BACH1_TF_ACTIVITY__ssgsea_NES,KLENJA2025_BACH1_ACTIVITY_INVERTED__ssgsea_NES,AL02,15,-0.42499999999999993,0.11429547548052225,negative
COLLECTRI_BACH1_TF_ACTIVITY__ssgsea_NES,KLENJA2025_BACH1_ACTIVITY_INVERTED__ssgsea_NES,AL06,15,-0.1357142857142857,0.6296204418728145,negative
COLLECTRI_BACH1_TF_ACTIVITY__ssgsea_NES,KLENJA2025_BACH1_ACTIVITY_INVERTED__ssgsea_NES,AL08,15,-0.1714285714285714,0.5412721760996332,negative
COLLECTRI_BACH1_TF_ACTIVITY__ssgsea_NES,KLENJA2025_BACH1_ACTIVITY_INVERTED__ssgsea_NES,AL10,15,-0.17857142857142855,0.5242843600465524,negative
COLLECTRI_BACH1_TF_ACTIVITY__ssgsea_NES,KLENJA2025_BACH1_ACTIVITY_INVERTED__ssgsea_NES,AL11,15,-0.175,0.5327481481378592,negative
COLLECTRI_BACH1_TF_ACTIVITY__ssgsea_NES,KLENJA2025_BACH1_ACTIVITY_INVERTED__ssgsea_NES,P0006,15,-0.10357142857142855,0.7133796306287292,negative
COLLECTRI_BACH1_TF_ACTIVITY__ssgsea_NES,KLENJA2025_BACH1_ACTIVITY_INVERTED__ssgsea_NES,P0008,15,-0.10357142857142855,0.7133796306287292,negative
COLLECTRI_BACH1_TF_ACTIVITY__ssgsea_NES,KLENJA2025_BACH1_ACTIVITY_INVERTED__ssgsea_NES,P0009,15,-0.049999999999999996,0.859540943467457,negative
COLLECTRI_BACH1_TF_ACTIVITY__ssgsea_NES,KLENJA2025_BACH1_ACTIVITY_INVERTED__ssgsea_NES,P0018,15,-0.12142857142857141,0.6664011137233892,negative
COLLECTRI_BACH1_TF_ACTIVITY__ssgsea_NES,KLENJA2025_BACH1_ACTIVITY_INVERTED__ssgsea_NES,P0019,15,-0.3142857142857143,0.2539400163236716,negative
COLLECTRI_BACH1_TF_ACTIVITY__ssgsea_NES,KLENJA2025_BACH1_ACTIVITY_INVERTED__ssgsea_NES,P0020,15,-0.18928571428571428,0.4992630332385452,negative
COLLECTRI_BACH1_TF_ACTIVITY__ssgsea_NES,KLENJA2025_BACH1_ACTIVITY_INVERTED__ssgsea_NES,P0025,15,-0.049999999999999996,0.859540943467457,negative
COLLECTRI_BACH1_TF_ACTIVITY__ssgsea_NES,KLENJA2025_BACH1_ACTIVITY_INVERTED__ssgsea_NES,P0028,15,-0.18214285714285713,0.5158816817070392,negative
COLLECTRI_BACH1_TF_ACTIVITY__ssgsea_NES,KLENJA2025_BACH1_ACTIVITY_INVERTED__ssgsea_NES,P0030,15,-0.18214285714285713,0.5158816817070392,negative
COLLECTRI_BACH1_TF_ACTIVITY__ssgsea_NES,KLENJA2025_BACH1_ACTIVITY_INVERTED__ssgsea_NES,P0031,15,-0.21071428571428572,0.450957865215285,negative
COLLECTRI_BACH1_TF_ACTIVITY__ssgsea_NES,KLENJA2025_BACH1_ACTIVITY_INVERTED__ssgsea_NES,P0034,15,-0.175,0.5327481481378592,negative
KLENJA2025_BACH1_ACTIVITY_INVERTED__ssgsea_NES,COLLECTRI_BACH1_TF_ACTIVITY__ssgsea_NES,AL02,15,-0.42499999999999993,0.11429547548052225,negative
KLENJA2025_BACH1_ACTIVITY_INVERTED__ssgsea_NES,COLLECTRI_BACH1_TF_ACTIVITY__ssgsea_NES,AL06,15,-0.1357142857142857,0.6296204418728145,negative
KLENJA2025_BACH1_ACTIVITY_INVERTED__ssgsea_NES,COLLECTRI_BACH1_TF_ACTIVITY__ssgsea_NES,AL08,15,-0.1714285714285714,0.5412721760996332,negative
KLENJA2025_BACH1_ACTIVITY_INVERTED__ssgsea_NES,COLLECTRI_BACH1_TF_ACTIVITY__ssgsea_NES,AL10,15,-0.17857142857142855,0.5242843600465524,negative
KLENJA2025_BACH1_ACTIVITY_INVERTED__ssgsea_NES,COLLECTRI_BACH1_TF_ACTIVITY__ssgsea_NES,AL11,15,-0.175,0.5327481481378592,negative
KLENJA2025_BACH1_ACTIVITY_INVERTED__ssgsea_NES,COLLECTRI_BACH1_TF_ACTIVITY__ssgsea_NES,P0006,15,-0.10357142857142855,0.7133796306287292,negative
KLENJA2025_BACH1_ACTIVITY_INVERTED__ssgsea_NES,COLLECTRI_BACH1_TF_ACTIVITY__ssgsea_NES,P0008,15,-0.10357142857142855,0.7133796306287292,negative
KLENJA2025_BACH1_ACTIVITY_INVERTED__ssgsea_NES,COLLECTRI_BACH1_TF_ACTIVITY__ssgsea_NES,P0009,15,-0.049999999999999996,0.859540943467457,negative
KLENJA2025_BACH1_ACTIVITY_INVERTED__ssgsea_NES,COLLECTRI_BACH1_TF_ACTIVITY__ssgsea_NES,P0018,15,-0.12142857142857141,0.6664011137233892,negative
KLENJA2025_BACH1_ACTIVITY_INVERTED__ssgsea_NES,COLLECTRI_BACH1_TF_ACTIVITY__ssgsea_NES,P0019,15,-0.3142857142857143,0.2539400163236716,negative
KLENJA2025_BACH1_ACTIVITY_INVERTED__ssgsea_NES,COLLECTRI_BACH1_TF_ACTIVITY__ssgsea_NES,P0020,15,-0.18928571428571428,0.4992630332385452,negative
KLENJA2025_BACH1_ACTIVITY_INVERTED__ssgsea_NES,COLLECTRI_BACH1_TF_ACTIVITY__ssgsea_NES,P0025,15,-0.049999999999999996,0.859540943467457,negative
KLENJA2025_BACH1_ACTIVITY_INVERTED__ssgsea_NES,COLLECTRI_BACH1_TF_ACTIVITY__ssgsea_NES,P0028,15,-0.18214285714285713,0.5158816817070392,negative
KLENJA2025_BACH1_ACTIVITY_INVERTED__ssgsea_NES,COLLECTRI_BACH1_TF_ACTIVITY__ssgsea_NES,P0030,15,-0.18214285714285713,0.5158816817070392,negative
KLENJA2025_BACH1_ACTIVITY_INVERTED__ssgsea_NES,COLLECTRI_BACH1_TF_ACTIVITY__ssgsea_NES,P0031,15,-0.21071428571428572,0.450957865215285,negative
KLENJA2025_BACH1_ACTIVITY_INVERTED__ssgsea_NES,COLLECTRI_BACH1_TF_ACTIVITY__ssgsea_NES,P0034,15,-0.175,0.5327481481378592,negative
BACH1_expression_mean,HALLMARK_EPITHELIAL_MESENCHYMAL_TRANSITION__ssgsea_NES,AL02,15,0.007142857142857141,0.9798442277615982,positive
BACH1_expression_mean,HALLMARK_EPITHELIAL_MESENCHYMAL_TRANSITION__ssgsea_NES,AL06,15,-0.3071428571428571,0.2654726857102781,negative
BACH1_expression_mean,HALLMARK_EPITHELIAL_MESENCHYMAL_TRANSITION__ssgsea_NES,AL08,15,-0.15714285714285714,0.5759526006037947,negative
BACH1_expression_mean,HALLMARK_EPITHELIAL_MESENCHYMAL_TRANSITION__ssgsea_NES,AL10,15,-0.18928571428571428,0.4992630332385452,negative
BACH1_expression_mean,HALLMARK_EPITHELIAL_MESENCHYMAL_TRANSITION__ssgsea_NES,AL11,15,-0.075,0.7905107941552678,negative
BACH1_expression_mean,HALLMARK_EPITHELIAL_MESENCHYMAL_TRANSITION__ssgsea_NES,P0006,15,0.007142857142857141,0.9798442277615982,positive
BACH1_expression_mean,HALLMARK_EPITHELIAL_MESENCHYMAL_TRANSITION__ssgsea_NES,P0008,15,-0.1464285714285714,0.602549920983054,negative
BACH1_expression_mean,HALLMARK_EPITHELIAL_MESENCHYMAL_TRANSITION__ssgsea_NES,P0009,15,-0.1607142857142857,0.5671967045803447,negative
BACH1_expression_mean,HALLMARK_EPITHELIAL_MESENCHYMAL_TRANSITION__ssgsea_NES,P0018,15,-0.2607142857142857,0.3479794598627935,negative
BACH1_expression_mean,HALLMARK_EPITHELIAL_MESENCHYMAL_TRANSITION__ssgsea_NES,P0019,15,-0.1714285714285714,0.5412721760996332,negative
BACH1_expression_mean,HALLMARK_EPITHELIAL_MESENCHYMAL_TRANSITION__ssgsea_NES,P0020,15,-0.3071428571428571,0.2654726857102781,negative
BACH1_expression_mean,HALLMARK_EPITHELIAL_MESENCHYMAL_TRANSITION__ssgsea_NES,P0025,15,-0.2571428571428571,0.3548603636506091,negative
BACH1_expression_mean,HALLMARK_EPITHELIAL_MESENCHYMAL_TRANSITION__ssgsea_NES,P0028,15,-0.17857142857142855,0.5242843600465524,negative
BACH1_expression_mean,HALLMARK_EPITHELIAL_MESENCHYMAL_TRANSITION__ssgsea_NES,P0030,15,-0.19999999999999998,0.47481396452216845,negative
BACH1_expression_mean,HALLMARK_EPITHELIAL_MESENCHYMAL_TRANSITION__ssgsea_NES,P0031,15,-0.1607142857142857,0.5671967045803447,negative
BACH1_expression_mean,HALLMARK_EPITHELIAL_MESENCHYMAL_TRANSITION__ssgsea_NES,P0034,15,-0.16785714285714282,0.5498555542278019,negative
COLLECTRI_BACH1_TF_ACTIVITY__mean_z,HALLMARK_EPITHELIAL_MESENCHYMAL_TRANSITION__mean_z,AL02,15,0.11785714285714284,0.6757115292213043,positive
COLLECTRI_BACH1_TF_ACTIVITY__mean_z,HALLMARK_EPITHELIAL_MESENCHYMAL_TRANSITION__mean_z,AL06,15,0.22499999999999998,0.42010468690763486,positive
COLLECTRI_BACH1_TF_ACTIVITY__mean_z,HALLMARK_EPITHELIAL_MESENCHYMAL_TRANSITION__mean_z,AL08,15,0.16428571428571426,0.5584973732486012,positive
COLLECTRI_BACH1_TF_ACTIVITY__mean_z,HALLMARK_EPITHELIAL_MESENCHYMAL_TRANSITION__mean_z,AL10,15,0.15357142857142855,0.5847640949410158,positive
COLLECTRI_BACH1_TF_ACTIVITY__mean_z,HALLMARK_EPITHELIAL_MESENCHYMAL_TRANSITION__mean_z,AL11,15,0.15,0.5936302027425882,positive
COLLECTRI_BACH1_TF_ACTIVITY__mean_z,HALLMARK_EPITHELIAL_MESENCHYMAL_TRANSITION__mean_z,P0006,15,0.12857142857142856,0.6479163294665075,positive
COLLECTRI_BACH1_TF_ACTIVITY__mean_z,HALLMARK_EPITHELIAL_MESENCHYMAL_TRANSITION__mean_z,P0008,15,0.28571428571428564,0.3019363513225493,positive
COLLECTRI_BACH1_TF_ACTIVITY__mean_z,HALLMARK_EPITHELIAL_MESENCHYMAL_TRANSITION__mean_z,P0009,15,0.36785714285714277,0.17734214689349137,positive
COLLECTRI_BACH1_TF_ACTIVITY__mean_z,HALLMARK_EPITHELIAL_MESENCHYMAL_TRANSITION__mean_z,P0018,15,0.12857142857142856,0.6479163294665075,positive
COLLECTRI_BACH1_TF_ACTIVITY__mean_z,HALLMARK_EPITHELIAL_MESENCHYMAL_TRANSITION__mean_z,P0019,15,0.1964285714285714,0.48289875627163353,positive
COLLECTRI_BACH1_TF_ACTIVITY__mean_z,HALLMARK_EPITHELIAL_MESENCHYMAL_TRANSITION__mean_z,P0020,15,0.06785714285714285,0.8101088187105132,positive
COLLECTRI_BACH1_TF_ACTIVITY__mean_z,HALLMARK_EPITHELIAL_MESENCHYMAL_TRANSITION__mean_z,P0025,15,0.06428571428571428,0.8199479653196375,positive
COLLECTRI_BACH1_TF_ACTIVITY__mean_z,HALLMARK_EPITHELIAL_MESENCHYMAL_TRANSITION__mean_z,P0028,15,0.1857142857142857,0.5075409629336735,positive
COLLECTRI_BACH1_TF_ACTIVITY__mean_z,HALLMARK_EPITHELIAL_MESENCHYMAL_TRANSITION__mean_z,P0030,15,0.15,0.5936302027425882,positive
COLLECTRI_BACH1_TF_ACTIVITY__mean_z,HALLMARK_EPITHELIAL_MESENCHYMAL_TRANSITION__mean_z,P0031,15,0.15357142857142855,0.5847640949410158,positive
COLLECTRI_BACH1_TF_ACTIVITY__mean_z,HALLMARK_EPITHELIAL_MESENCHYMAL_TRANSITION__mean_z,P0034,15,0.1857142857142857,0.5075409629336735,positive
DOROTHEA_BACH1_ABC_TF_ACTIVITY__decoupler_ulm,HALLMARK_HEME_METABOLISM__ssgsea_NES,AL02,15,-0.125,0.6571356681869506,negative
DOROTHEA_BACH1_ABC_TF_ACTIVITY__decoupler_ulm,HALLMARK_HEME_METABOLISM__ssgsea_NES,AL06,15,-0.09999999999999999,0.7228973252791182,negative
DOROTHEA_BACH1_ABC_TF_ACTIVITY__decoupler_ulm,HALLMARK_HEME_METABOLISM__ssgsea_NES,AL08,15,-0.33571428571428563,0.22121153763932597,negative
DOROTHEA_BACH1_ABC_TF_ACTIVITY__decoupler_ulm,HALLMARK_HEME_METABOLISM__ssgsea_NES,AL10,15,-0.24285714285714283,0.3831283418393415,negative
DOROTHEA_BACH1_ABC_TF_ACTIVITY__decoupler_ulm,HALLMARK_HEME_METABOLISM__ssgsea_NES,AL11,15,-0.23571428571428568,0.39770294590327276,negative
DOROTHEA_BACH1_ABC_TF_ACTIVITY__decoupler_ulm,HALLMARK_HEME_METABOLISM__ssgsea_NES,P0006,15,-0.16785714285714282,0.5498555542278019,negative
DOROTHEA_BACH1_ABC_TF_ACTIVITY__decoupler_ulm,HALLMARK_HEME_METABOLISM__ssgsea_NES,P0008,15,-0.1964285714285714,0.48289875627163353,negative
DOROTHEA_BACH1_ABC_TF_ACTIVITY__decoupler_ulm,HALLMARK_HEME_METABOLISM__ssgsea_NES,P0009,15,-0.14285714285714282,0.6115222287644656,negative
DOROTHEA_BACH1_ABC_TF_ACTIVITY__decoupler_ulm,HALLMARK_HEME_METABOLISM__ssgsea_NES,P0018,15,-0.11071428571428568,0.6944626472070964,negative
DOROTHEA_BACH1_ABC_TF_ACTIVITY__decoupler_ulm,HALLMARK_HEME_METABOLISM__ssgsea_NES,P0019,15,-0.18214285714285713,0.5158816817070392,negative
DOROTHEA_BACH1_ABC_TF_ACTIVITY__decoupler_ulm,HALLMARK_HEME_METABOLISM__ssgsea_NES,P0020,15,-0.175,0.5327481481378592,negative
DOROTHEA_BACH1_ABC_TF_ACTIVITY__decoupler_ulm,HALLMARK_HEME_METABOLISM__ssgsea_NES,P0025,15,0.007142857142857141,0.9798442277615982,positive
DOROTHEA_BACH1_ABC_TF_ACTIVITY__decoupler_ulm,HALLMARK_HEME_METABOLISM__ssgsea_NES,P0028,15,-0.2178571428571428,0.43539267351553756,negative
DOROTHEA_BACH1_ABC_TF_ACTIVITY__decoupler_ulm,HALLMARK_HEME_METABOLISM__ssgsea_NES,P0030,15,-0.08928571428571427,0.7516725173502768,negative
DOROTHEA_BACH1_ABC_TF_ACTIVITY__decoupler_ulm,HALLMARK_HEME_METABOLISM__ssgsea_NES,P0031,15,-0.1857142857142857,0.5075409629336735,negative
DOROTHEA_BACH1_ABC_TF_ACTIVITY__decoupler_ulm,HALLMARK_HEME_METABOLISM__ssgsea_NES,P0034,15,-0.2178571428571428,0.43539267351553756,negative
DOROTHEA_BACH1_ABC_TF_ACTIVITY__decoupler_ulm,CURATED_NRF2_ANTIOXIDANT_RESPONSE__ssgsea_NES,AL02,15,-0.1464285714285714,0.602549920983054,negative
DOROTHEA_BACH1_ABC_TF_ACTIVITY__decoupler_ulm,CURATED_NRF2_ANTIOXIDANT_RESPONSE__ssgsea_NES,AL06,15,-0.2785714285714285,0.3147094732307908,negative
DOROTHEA_BACH1_ABC_TF_ACTIVITY__decoupler_ulm,CURATED_NRF2_ANTIOXIDANT_RESPONSE__ssgsea_NES,AL08,15,-0.021428571428571425,0.9395779040128779,negative
DOROTHEA_BACH1_ABC_TF_ACTIVITY__decoupler_ulm,CURATED_NRF2_ANTIOXIDANT_RESPONSE__ssgsea_NES,AL10,15,-0.13214285714285715,0.6387442188840663,negative
DOROTHEA_BACH1_ABC_TF_ACTIVITY__decoupler_ulm,CURATED_NRF2_ANTIOXIDANT_RESPONSE__ssgsea_NES,AL11,15,-0.021428571428571425,0.9395779040128779,negative
DOROTHEA_BACH1_ABC_TF_ACTIVITY__decoupler_ulm,CURATED_NRF2_ANTIOXIDANT_RESPONSE__ssgsea_NES,P0006,15,-0.17857142857142855,0.5242843600465524,negative
DOROTHEA_BACH1_ABC_TF_ACTIVITY__decoupler_ulm,CURATED_NRF2_ANTIOXIDANT_RESPONSE__ssgsea_NES,P0008,15,-0.2285714285714285,0.41256617049636035,negative
DOROTHEA_BACH1_ABC_TF_ACTIVITY__decoupler_ulm,CURATED_NRF2_ANTIOXIDANT_RESPONSE__ssgsea_NES,P0009,15,-0.2285714285714285,0.41256617049636035,negative
DOROTHEA_BACH1_ABC_TF_ACTIVITY__decoupler_ulm,CURATED_NRF2_ANTIOXIDANT_RESPONSE__ssgsea_NES,P0018,15,-0.15357142857142855,0.5847640949410158,negative
DOROTHEA_BACH1_ABC_TF_ACTIVITY__decoupler_ulm,CURATED_NRF2_ANTIOXIDANT_RESPONSE__ssgsea_NES,P0019,15,-0.17857142857142855,0.5242843600465524,negative
DOROTHEA_BACH1_ABC_TF_ACTIVITY__decoupler_ulm,CURATED_NRF2_ANTIOXIDANT_RESPONSE__ssgsea_NES,P0020,15,-0.15357142857142855,0.5847640949410158,negative
DOROTHEA_BACH1_ABC_TF_ACTIVITY__decoupler_ulm,CURATED_NRF2_ANTIOXIDANT_RESPONSE__ssgsea_NES,P0025,15,-0.1928571428571428,0.49104870160522307,negative
DOROTHEA_BACH1_ABC_TF_ACTIVITY__decoupler_ulm,CURATED_NRF2_ANTIOXIDANT_RESPONSE__ssgsea_NES,P0028,15,-0.2607142857142857,0.3479794598627935,negative
DOROTHEA_BACH1_ABC_TF_ACTIVITY__decoupler_ulm,CURATED_NRF2_ANTIOXIDANT_RESPONSE__ssgsea_NES,P0030,15,-0.10357142857142855,0.7133796306287292,negative
DOROTHEA_BACH1_ABC_TF_ACTIVITY__decoupler_ulm,CURATED_NRF2_ANTIOXIDANT_RESPONSE__ssgsea_NES,P0031,15,-0.16428571428571426,0.5584973732486012,negative
DOROTHEA_BACH1_ABC_TF_ACTIVITY__decoupler_ulm,CURATED_NRF2_ANTIOXIDANT_RESPONSE__ssgsea_NES,P0034,15,-0.22499999999999998,0.42010468690763486,negative
BACH1_expression_mean,HALLMARK_GLYCOLYSIS__mean_z,AL02,15,0.32499999999999996,0.237225438237234,positive
BACH1_expression_mean,HALLMARK_GLYCOLYSIS__mean_z,AL06,15,0.14285714285714282,0.6115222287644656,positive
BACH1_expression_mean,HALLMARK_GLYCOLYSIS__mean_z,AL08,15,0.1714285714285714,0.5412721760996332,positive
BACH1_expression_mean,HALLMARK_GLYCOLYSIS__mean_z,AL10,15,0.2821428571428571,0.3082844568200555,positive
BACH1_expression_mean,HALLMARK_GLYCOLYSIS__mean_z,AL11,15,0.1357142857142857,0.6296204418728145,positive
BACH1_expression_mean,HALLMARK_GLYCOLYSIS__mean_z,P0006,15,0.15714285714285714,0.5759526006037947,positive
BACH1_expression_mean,HALLMARK_GLYCOLYSIS__mean_z,P0008,15,0.08928571428571427,0.7516725173502768,positive
BACH1_expression_mean,HALLMARK_GLYCOLYSIS__mean_z,P0009,15,0.12142857142857141,0.6664011137233892,positive
BACH1_expression_mean,HALLMARK_GLYCOLYSIS__mean_z,P0018,15,0.0857142857142857,0.7613341261907666,positive
BACH1_expression_mean,HALLMARK_GLYCOLYSIS__mean_z,P0019,15,0.1357142857142857,0.6296204418728145,positive
BACH1_expression_mean,HALLMARK_GLYCOLYSIS__mean_z,P0020,15,0.12142857142857141,0.6664011137233892,positive
BACH1_expression_mean,HALLMARK_GLYCOLYSIS__mean_z,P0025,15,0.08928571428571427,0.7516725173502768,positive
BACH1_expression_mean,HALLMARK_GLYCOLYSIS__mean_z,P0028,15,0.1714285714285714,0.5412721760996332,positive
BACH1_expression_mean,HALLMARK_GLYCOLYSIS__mean_z,P0030,15,0.2321428571428571,0.40509874069364893,positive
BACH1_expression_mean,HALLMARK_GLYCOLYSIS__mean_z,P0031,15,0.1357142857142857,0.6296204418728145,positive
BACH1_expression_mean,HALLMARK_GLYCOLYSIS__mean_z,P0034,15,0.17857142857142855,0.5242843600465524,positive
COLLECTRI_BACH1_TF_ACTIVITY__decoupler_ulm,HALLMARK_OXIDATIVE_PHOSPHORYLATION__ssgsea_NES,AL02,15,-0.4107142857142856,0.12832864601574892,negative
COLLECTRI_BACH1_TF_ACTIVITY__decoupler_ulm,HALLMARK_OXIDATIVE_PHOSPHORYLATION__ssgsea_NES,AL06,15,-0.1928571428571428,0.49104870160522307,negative
COLLECTRI_BACH1_TF_ACTIVITY__decoupler_ulm,HALLMARK_OXIDATIVE_PHOSPHORYLATION__ssgsea_NES,AL08,15,-0.2642857142857143,0.34117375799008204,negative
COLLECTRI_BACH1_TF_ACTIVITY__decoupler_ulm,HALLMARK_OXIDATIVE_PHOSPHORYLATION__ssgsea_NES,AL10,15,-0.24642857142857136,0.375950515973805,negative
COLLECTRI_BACH1_TF_ACTIVITY__decoupler_ulm,HALLMARK_OXIDATIVE_PHOSPHORYLATION__ssgsea_NES,AL11,15,-0.06785714285714285,0.8101088187105132,negative
COLLECTRI_BACH1_TF_ACTIVITY__decoupler_ulm,HALLMARK_OXIDATIVE_PHOSPHORYLATION__ssgsea_NES,P0006,15,-0.1928571428571428,0.49104870160522307,negative
COLLECTRI_BACH1_TF_ACTIVITY__decoupler_ulm,HALLMARK_OXIDATIVE_PHOSPHORYLATION__ssgsea_NES,P0008,15,-0.11071428571428568,0.6944626472070964,negative
COLLECTRI_BACH1_TF_ACTIVITY__decoupler_ulm,HALLMARK_OXIDATIVE_PHOSPHORYLATION__ssgsea_NES,P0009,15,-0.18928571428571428,0.4992630332385452,negative
COLLECTRI_BACH1_TF_ACTIVITY__decoupler_ulm,HALLMARK_OXIDATIVE_PHOSPHORYLATION__ssgsea_NES,P0018,15,-0.11071428571428568,0.6944626472070964,negative
COLLECTRI_BACH1_TF_ACTIVITY__decoupler_ulm,HALLMARK_OXIDATIVE_PHOSPHORYLATION__ssgsea_NES,P0019,15,-0.10714285714285714,0.7039010016261618,negative
COLLECTRI_BACH1_TF_ACTIVITY__decoupler_ulm,HALLMARK_OXIDATIVE_PHOSPHORYLATION__ssgsea_NES,P0020,15,-0.035714285714285705,0.8994469934720875,negative
COLLECTRI_BACH1_TF_ACTIVITY__decoupler_ulm,HALLMARK_OXIDATIVE_PHOSPHORYLATION__ssgsea_NES,P0025,15,-0.10714285714285714,0.7039010016261618,negative
COLLECTRI_BACH1_TF_ACTIVITY__decoupler_ulm,HALLMARK_OXIDATIVE_PHOSPHORYLATION__ssgsea_NES,P0028,15,-0.16785714285714282,0.5498555542278019,negative
COLLECTRI_BACH1_TF_ACTIVITY__decoupler_ulm,HALLMARK_OXIDATIVE_PHOSPHORYLATION__ssgsea_NES,P0030,15,-0.10357142857142855,0.7133796306287292,negative
COLLECTRI_BACH1_TF_ACTIVITY__decoupler_ulm,HALLMARK_OXIDATIVE_PHOSPHORYLATION__ssgsea_NES,P0031,15,-0.125,0.6571356681869506,negative
COLLECTRI_BACH1_TF_ACTIVITY__decoupler_ulm,HALLMARK_OXIDATIVE_PHOSPHORYLATION__ssgsea_NES,P0034,15,-0.1607142857142857,0.5671967045803447,negative
COLLECTRI_BACH1_TF_ACTIVITY__decoupler_mlm,HALLMARK_GLYCOLYSIS__mean_z,AL02,15,0.2821428571428571,0.3082844568200555,positive
COLLECTRI_BACH1_TF_ACTIVITY__decoupler_mlm,HALLMARK_GLYCOLYSIS__mean_z,AL06,15,0.15357142857142855,0.5847640949410158,positive
COLLECTRI_BACH1_TF_ACTIVITY__decoupler_mlm,HALLMARK_GLYCOLYSIS__mean_z,AL08,15,0.09999999999999999,0.7228973252791182,positive
COLLECTRI_BACH1_TF_ACTIVITY__decoupler_mlm,HALLMARK_GLYCOLYSIS__mean_z,AL10,15,0.09999999999999999,0.7228973252791182,positive
COLLECTRI_BACH1_TF_ACTIVITY__decoupler_mlm,HALLMARK_GLYCOLYSIS__mean_z,AL11,15,0.2071428571428571,0.45884280496347013,positive
COLLECTRI_BACH1_TF_ACTIVITY__decoupler_mlm,HALLMARK_GLYCOLYSIS__mean_z,P0006,15,0.15357142857142855,0.5847640949410158,positive
COLLECTRI_BACH1_TF_ACTIVITY__decoupler_mlm,HALLMARK_GLYCOLYSIS__mean_z,P0008,15,0.25,0.36884629178393047,positive
COLLECTRI_BACH1_TF_ACTIVITY__decoupler_mlm,HALLMARK_GLYCOLYSIS__mean_z,P0009,15,0.3107142857142856,0.2596673973372183,positive
COLLECTRI_BACH1_TF_ACTIVITY__decoupler_mlm,HALLMARK_GLYCOLYSIS__mean_z,P0018,15,0.017857142857142853,0.9496353041738619,positive
COLLECTRI_BACH1_TF_ACTIVITY__decoupler_mlm,HALLMARK_GLYCOLYSIS__mean_z,P0019,15,0.18214285714285713,0.5158816817070392,positive
COLLECTRI_BACH1_TF_ACTIVITY__decoupler_mlm,HALLMARK_GLYCOLYSIS__mean_z,P0020,15,0.06785714285714285,0.8101088187105132,positive
COLLECTRI_BACH1_TF_ACTIVITY__decoupler_mlm,HALLMARK_GLYCOLYSIS__mean_z,P0025,15,0.11071428571428568,0.6944626472070964,positive
COLLECTRI_BACH1_TF_ACTIVITY__decoupler_mlm,HALLMARK_GLYCOLYSIS__mean_z,P0028,15,0.11785714285714284,0.6757115292213043,positive
COLLECTRI_BACH1_TF_ACTIVITY__decoupler_mlm,HALLMARK_GLYCOLYSIS__mean_z,P0030,15,0.11071428571428568,0.6944626472070964,positive
COLLECTRI_BACH1_TF_ACTIVITY__decoupler_mlm,HALLMARK_GLYCOLYSIS__mean_z,P0031,15,0.16785714285714282,0.5498555542278019,positive
COLLECTRI_BACH1_TF_ACTIVITY__decoupler_mlm,HALLMARK_GLYCOLYSIS__mean_z,P0034,15,0.1857142857142857,0.5075409629336735,positive
COLLECTRI_BACH1_TF_ACTIVITY__decoupler_ulm,HALLMARK_REACTIVE_OXYGEN_SPECIES_PATHWAY__mean_z,AL02,15,0.007142857142857141,0.9798442277615982,positive
COLLECTRI_BACH1_TF_ACTIVITY__decoupler_ulm,HALLMARK_REACTIVE_OXYGEN_SPECIES_PATHWAY__mean_z,AL06,15,0.1714285714285714,0.5412721760996332,positive
COLLECTRI_BACH1_TF_ACTIVITY__decoupler_ulm,HALLMARK_REACTIVE_OXYGEN_SPECIES_PATHWAY__mean_z,AL08,15,0.13214285714285715,0.6387442188840663,positive
COLLECTRI_BACH1_TF_ACTIVITY__decoupler_ulm,HALLMARK_REACTIVE_OXYGEN_SPECIES_PATHWAY__mean_z,AL10,15,0.11428571428571425,0.6850657626568974,positive
COLLECTRI_BACH1_TF_ACTIVITY__decoupler_ulm,HALLMARK_REACTIVE_OXYGEN_SPECIES_PATHWAY__mean_z,AL11,15,0.3571428571428571,0.19127476343157906,positive
COLLECTRI_BACH1_TF_ACTIVITY__decoupler_ulm,HALLMARK_REACTIVE_OXYGEN_SPECIES_PATHWAY__mean_z,P0006,15,0.125,0.6571356681869506,positive
COLLECTRI_BACH1_TF_ACTIVITY__decoupler_ulm,HALLMARK_REACTIVE_OXYGEN_SPECIES_PATHWAY__mean_z,P0008,15,0.28571428571428564,0.3019363513225493,positive
COLLECTRI_BACH1_TF_ACTIVITY__decoupler_ulm,HALLMARK_REACTIVE_OXYGEN_SPECIES_PATHWAY__mean_z,P0009,15,0.175,0.5327481481378592,positive
COLLECTRI_BACH1_TF_ACTIVITY__decoupler_ulm,HALLMARK_REACTIVE_OXYGEN_SPECIES_PATHWAY__mean_z,P0018,15,0.15714285714285714,0.5759526006037947,positive
COLLECTRI_BACH1_TF_ACTIVITY__decoupler_ulm,HALLMARK_REACTIVE_OXYGEN_SPECIES_PATHWAY__mean_z,P0019,15,0.12142857142857141,0.6664011137233892,positive
COLLECTRI_BACH1_TF_ACTIVITY__decoupler_ulm,HALLMARK_REACTIVE_OXYGEN_SPECIES_PATHWAY__mean_z,P0020,15,0.1464285714285714,0.602549920983054,positive
COLLECTRI_BACH1_TF_ACTIVITY__decoupler_ulm,HALLMARK_REACTIVE_OXYGEN_SPECIES_PATHWAY__mean_z,P0025,15,0.11071428571428568,0.6944626472070964,positive
COLLECTRI_BACH1_TF_ACTIVITY__decoupler_ulm,HALLMARK_REACTIVE_OXYGEN_SPECIES_PATHWAY__mean_z,P0028,15,0.13214285714285715,0.6387442188840663,positive
COLLECTRI_BACH1_TF_ACTIVITY__decoupler_ulm,HALLMARK_REACTIVE_OXYGEN_SPECIES_PATHWAY__mean_z,P0030,15,0.21428571428571427,0.44314093482351424,positive
COLLECTRI_BACH1_TF_ACTIVITY__decoupler_ulm,HALLMARK_REACTIVE_OXYGEN_SPECIES_PATHWAY__mean_z,P0031,15,0.13214285714285715,0.6387442188840663,positive
COLLECTRI_BACH1_TF_ACTIVITY__decoupler_ulm,HALLMARK_REACTIVE_OXYGEN_SPECIES_PATHWAY__mean_z,P0034,15,0.15357142857142855,0.5847640949410158,positive
COLLECTRI_BACH1_TF_ACTIVITY__decoupler_ulm,HALLMARK_HEME_METABOLISM__mean_z,AL02,15,-0.1607142857142857,0.5671967045803447,negative
COLLECTRI_BACH1_TF_ACTIVITY__decoupler_ulm,HALLMARK_HEME_METABOLISM__mean_z,AL06,15,-0.13928571428571426,0.6205460876279013,negative
COLLECTRI_BACH1_TF_ACTIVITY__decoupler_ulm,HALLMARK_HEME_METABOLISM__mean_z,AL08,15,-0.14285714285714282,0.6115222287644656,negative
COLLECTRI_BACH1_TF_ACTIVITY__decoupler_ulm,HALLMARK_HEME_METABOLISM__mean_z,AL10,15,-0.23928571428571427,0.3903793119202355,negative
COLLECTRI_BACH1_TF_ACTIVITY__decoupler_ulm,HALLMARK_HEME_METABOLISM__mean_z,AL11,15,0.0,1.0,zero_or_nan
COLLECTRI_BACH1_TF_ACTIVITY__decoupler_ulm,HALLMARK_HEME_METABOLISM__mean_z,P0006,15,-0.16428571428571426,0.5584973732486012,negative
COLLECTRI_BACH1_TF_ACTIVITY__decoupler_ulm,HALLMARK_HEME_METABOLISM__mean_z,P0008,15,-0.028571428571428564,0.9194899083821858,negative
COLLECTRI_BACH1_TF_ACTIVITY__decoupler_ulm,HALLMARK_HEME_METABOLISM__mean_z,P0009,15,-0.14285714285714282,0.6115222287644656,negative
COLLECTRI_BACH1_TF_ACTIVITY__decoupler_ulm,HALLMARK_HEME_METABOLISM__mean_z,P0018,15,-0.15,0.5936302027425882,negative
COLLECTRI_BACH1_TF_ACTIVITY__decoupler_ulm,HALLMARK_HEME_METABOLISM__mean_z,P0019,15,-0.09285714285714285,0.7420450099073671,negative
COLLECTRI_BACH1_TF_ACTIVITY__decoupler_ulm,HALLMARK_HEME_METABOLISM__mean_z,P0020,15,-0.21428571428571427,0.44314093482351424,negative
COLLECTRI_BACH1_TF_ACTIVITY__decoupler_ulm,HALLMARK_HEME_METABOLISM__mean_z,P0025,15,-0.2321428571428571,0.40509874069364893,negative
COLLECTRI_BACH1_TF_ACTIVITY__decoupler_ulm,HALLMARK_HEME_METABOLISM__mean_z,P0028,15,-0.1928571428571428,0.49104870160522307,negative
COLLECTRI_BACH1_TF_ACTIVITY__decoupler_ulm,HALLMARK_HEME_METABOLISM__mean_z,P0030,15,-0.2321428571428571,0.40509874069364893,negative
COLLECTRI_BACH1_TF_ACTIVITY__decoupler_ulm,HALLMARK_HEME_METABOLISM__mean_z,P0031,15,-0.21071428571428572,0.450957865215285,negative
COLLECTRI_BACH1_TF_ACTIVITY__decoupler_ulm,HALLMARK_HEME_METABOLISM__mean_z,P0034,15,-0.1357142857142857,0.6296204418728145,negative
DOROTHEA_BACH1_ABC_TF_ACTIVITY__mean_z,KLENJA2025_BACH1_INVERSE_ACTIVITY__mean_z,AL02,15,0.007142857142857141,0.9798442277615982,positive
DOROTHEA_BACH1_ABC_TF_ACTIVITY__mean_z,KLENJA2025_BACH1_INVERSE_ACTIVITY__mean_z,AL06,15,-0.12857142857142856,0.6479163294665075,negative
DOROTHEA_BACH1_ABC_TF_ACTIVITY__mean_z,KLENJA2025_BACH1_INVERSE_ACTIVITY__mean_z,AL08,15,-0.15714285714285714,0.5759526006037947,negative
DOROTHEA_BACH1_ABC_TF_ACTIVITY__mean_z,KLENJA2025_BACH1_INVERSE_ACTIVITY__mean_z,AL10,15,-0.14285714285714282,0.6115222287644656,negative
DOROTHEA_BACH1_ABC_TF_ACTIVITY__mean_z,KLENJA2025_BACH1_INVERSE_ACTIVITY__mean_z,AL11,15,-0.06071428571428571,0.8298120954425187,negative
DOROTHEA_BACH1_ABC_TF_ACTIVITY__mean_z,KLENJA2025_BACH1_INVERSE_ACTIVITY__mean_z,P0006,15,-0.1857142857142857,0.5075409629336735,negative
DOROTHEA_BACH1_ABC_TF_ACTIVITY__mean_z,KLENJA2025_BACH1_INVERSE_ACTIVITY__mean_z,P0008,15,-0.06428571428571428,0.8199479653196375,negative
DOROTHEA_BACH1_ABC_TF_ACTIVITY__mean_z,KLENJA2025_BACH1_INVERSE_ACTIVITY__mean_z,P0009,15,-0.35357142857142854,0.19607167843419873,negative
DOROTHEA_BACH1_ABC_TF_ACTIVITY__mean_z,KLENJA2025_BACH1_INVERSE_ACTIVITY__mean_z,P0018,15,-0.15714285714285714,0.5759526006037947,negative
DOROTHEA_BACH1_ABC_TF_ACTIVITY__mean_z,KLENJA2025_BACH1_INVERSE_ACTIVITY__mean_z,P0019,15,-0.1928571428571428,0.49104870160522307,negative
DOROTHEA_BACH1_ABC_TF_ACTIVITY__mean_z,KLENJA2025_BACH1_INVERSE_ACTIVITY__mean_z,P0020,15,-0.16428571428571426,0.5584973732486012,negative
DOROTHEA_BACH1_ABC_TF_ACTIVITY__mean_z,KLENJA2025_BACH1_INVERSE_ACTIVITY__mean_z,P0025,15,-0.3,0.27731678036838414,negative
DOROTHEA_BACH1_ABC_TF_ACTIVITY__mean_z,KLENJA2025_BACH1_INVERSE_ACTIVITY__mean_z,P0028,15,-0.16785714285714282,0.5498555542278019,negative
DOROTHEA_BACH1_ABC_TF_ACTIVITY__mean_z,KLENJA2025_BACH1_INVERSE_ACTIVITY__mean_z,P0030,15,-0.06428571428571428,0.8199479653196375,negative
DOROTHEA_BACH1_ABC_TF_ACTIVITY__mean_z,KLENJA2025_BACH1_INVERSE_ACTIVITY__mean_z,P0031,15,-0.2178571428571428,0.43539267351553756,negative
DOROTHEA_BACH1_ABC_TF_ACTIVITY__mean_z,KLENJA2025_BACH1_INVERSE_ACTIVITY__mean_z,P0034,15,-0.13928571428571426,0.6205460876279013,negative
KLENJA2025_BACH1_INVERSE_ACTIVITY__mean_z,DOROTHEA_BACH1_ABC_TF_ACTIVITY__mean_z,AL02,15,0.007142857142857141,0.9798442277615982,positive
KLENJA2025_BACH1_INVERSE_ACTIVITY__mean_z,DOROTHEA_BACH1_ABC_TF_ACTIVITY__mean_z,AL06,15,-0.12857142857142856,0.6479163294665075,negative
KLENJA2025_BACH1_INVERSE_ACTIVITY__mean_z,DOROTHEA_BACH1_ABC_TF_ACTIVITY__mean_z,AL08,15,-0.15714285714285714,0.5759526006037947,negative
KLENJA2025_BACH1_INVERSE_ACTIVITY__mean_z,DOROTHEA_BACH1_ABC_TF_ACTIVITY__mean_z,AL10,15,-0.14285714285714282,0.6115222287644656,negative
KLENJA2025_BACH1_INVERSE_ACTIVITY__mean_z,DOROTHEA_BACH1_ABC_TF_ACTIVITY__mean_z,AL11,15,-0.06071428571428571,0.8298120954425187,negative
KLENJA2025_BACH1_INVERSE_ACTIVITY__mean_z,DOROTHEA_BACH1_ABC_TF_ACTIVITY__mean_z,P0006,15,-0.1857142857142857,0.5075409629336735,negative
KLENJA2025_BACH1_INVERSE_ACTIVITY__mean_z,DOROTHEA_BACH1_ABC_TF_ACTIVITY__mean_z,P0008,15,-0.06428571428571428,0.8199479653196375,negative
KLENJA2025_BACH1_INVERSE_ACTIVITY__mean_z,DOROTHEA_BACH1_ABC_TF_ACTIVITY__mean_z,P0009,15,-0.35357142857142854,0.19607167843419873,negative
KLENJA2025_BACH1_INVERSE_ACTIVITY__mean_z,DOROTHEA_BACH1_ABC_TF_ACTIVITY__mean_z,P0018,15,-0.15714285714285714,0.5759526006037947,negative
KLENJA2025_BACH1_INVERSE_ACTIVITY__mean_z,DOROTHEA_BACH1_ABC_TF_ACTIVITY__mean_z,P0019,15,-0.1928571428571428,0.49104870160522307,negative
KLENJA2025_BACH1_INVERSE_ACTIVITY__mean_z,DOROTHEA_BACH1_ABC_TF_ACTIVITY__mean_z,P0020,15,-0.16428571428571426,0.5584973732486012,negative
KLENJA2025_BACH1_INVERSE_ACTIVITY__mean_z,DOROTHEA_BACH1_ABC_TF_ACTIVITY__mean_z,P0025,15,-0.3,0.27731678036838414,negative
KLENJA2025_BACH1_INVERSE_ACTIVITY__mean_z,DOROTHEA_BACH1_ABC_TF_ACTIVITY__mean_z,P0028,15,-0.16785714285714282,0.5498555542278019,negative
KLENJA2025_BACH1_INVERSE_ACTIVITY__mean_z,DOROTHEA_BACH1_ABC_TF_ACTIVITY__mean_z,P0030,15,-0.06428571428571428,0.8199479653196375,negative
KLENJA2025_BACH1_INVERSE_ACTIVITY__mean_z,DOROTHEA_BACH1_ABC_TF_ACTIVITY__mean_z,P0031,15,-0.2178571428571428,0.43539267351553756,negative
KLENJA2025_BACH1_INVERSE_ACTIVITY__mean_z,DOROTHEA_BACH1_ABC_TF_ACTIVITY__mean_z,P0034,15,-0.13928571428571426,0.6205460876279013,negative
KLENJA2025_BACH1_INVERSE_ACTIVITY__mean_z,HALLMARK_HYPOXIA__mean_z,AL02,15,0.024999999999999998,0.9295289708192378,positive
KLENJA2025_BACH1_INVERSE_ACTIVITY__mean_z,HALLMARK_HYPOXIA__mean_z,AL06,15,-0.12142857142857141,0.6664011137233892,negative
KLENJA2025_BACH1_INVERSE_ACTIVITY__mean_z,HALLMARK_HYPOXIA__mean_z,AL08,15,-0.14285714285714282,0.6115222287644656,negative
KLENJA2025_BACH1_INVERSE_ACTIVITY__mean_z,HALLMARK_HYPOXIA__mean_z,AL10,15,-0.18214285714285713,0.5158816817070392,negative
KLENJA2025_BACH1_INVERSE_ACTIVITY__mean_z,HALLMARK_HYPOXIA__mean_z,AL11,15,-0.08214285714285713,0.7710285652881773,negative
KLENJA2025_BACH1_INVERSE_ACTIVITY__mean_z,HALLMARK_HYPOXIA__mean_z,P0006,15,-0.1714285714285714,0.5412721760996332,negative
KLENJA2025_BACH1_INVERSE_ACTIVITY__mean_z,HALLMARK_HYPOXIA__mean_z,P0008,15,-0.11071428571428568,0.6944626472070964,negative
KLENJA2025_BACH1_INVERSE_ACTIVITY__mean_z,HALLMARK_HYPOXIA__mean_z,P0009,15,-0.35,0.20094535081629333,negative
KLENJA2025_BACH1_INVERSE_ACTIVITY__mean_z,HALLMARK_HYPOXIA__mean_z,P0018,15,-0.14285714285714282,0.6115222287644656,negative
KLENJA2025_BACH1_INVERSE_ACTIVITY__mean_z,HALLMARK_HYPOXIA__mean_z,P0019,15,-0.25357142857142856,0.3618161038158894,negative
KLENJA2025_BACH1_INVERSE_ACTIVITY__mean_z,HALLMARK_HYPOXIA__mean_z,P0020,15,-0.1714285714285714,0.5412721760996332,negative
KLENJA2025_BACH1_INVERSE_ACTIVITY__mean_z,HALLMARK_HYPOXIA__mean_z,P0025,15,-0.2928571428571428,0.28947166721240103,negative
KLENJA2025_BACH1_INVERSE_ACTIVITY__mean_z,HALLMARK_HYPOXIA__mean_z,P0028,15,-0.10714285714285714,0.7039010016261618,negative
KLENJA2025_BACH1_INVERSE_ACTIVITY__mean_z,HALLMARK_HYPOXIA__mean_z,P0030,15,-0.11071428571428568,0.6944626472070964,negative
KLENJA2025_BACH1_INVERSE_ACTIVITY__mean_z,HALLMARK_HYPOXIA__mean_z,P0031,15,-0.15,0.5936302027425882,negative
KLENJA2025_BACH1_INVERSE_ACTIVITY__mean_z,HALLMARK_HYPOXIA__mean_z,P0034,15,-0.11785714285714284,0.6757115292213043,negative
COLLECTRI_BACH1_TF_ACTIVITY__decoupler_mlm,HALLMARK_EPITHELIAL_MESENCHYMAL_TRANSITION__ssgsea_NES,AL02,15,0.39999999999999997,0.1395951293721447,positive
COLLECTRI_BACH1_TF_ACTIVITY__decoupler_mlm,HALLMARK_EPITHELIAL_MESENCHYMAL_TRANSITION__ssgsea_NES,AL06,15,0.2178571428571428,0.43539267351553756,positive
COLLECTRI_BACH1_TF_ACTIVITY__decoupler_mlm,HALLMARK_EPITHELIAL_MESENCHYMAL_TRANSITION__ssgsea_NES,AL08,15,0.21071428571428572,0.450957865215285,positive
COLLECTRI_BACH1_TF_ACTIVITY__decoupler_mlm,HALLMARK_EPITHELIAL_MESENCHYMAL_TRANSITION__ssgsea_NES,AL10,15,0.175,0.5327481481378592,positive
COLLECTRI_BACH1_TF_ACTIVITY__decoupler_mlm,HALLMARK_EPITHELIAL_MESENCHYMAL_TRANSITION__ssgsea_NES,AL11,15,0.024999999999999998,0.9295289708192378,positive
COLLECTRI_BACH1_TF_ACTIVITY__decoupler_mlm,HALLMARK_EPITHELIAL_MESENCHYMAL_TRANSITION__ssgsea_NES,P0006,15,0.24642857142857136,0.375950515973805,positive
COLLECTRI_BACH1_TF_ACTIVITY__decoupler_mlm,HALLMARK_EPITHELIAL_MESENCHYMAL_TRANSITION__ssgsea_NES,P0008,15,0.08928571428571427,0.7516725173502768,positive
COLLECTRI_BACH1_TF_ACTIVITY__decoupler_mlm,HALLMARK_EPITHELIAL_MESENCHYMAL_TRANSITION__ssgsea_NES,P0009,15,0.08928571428571427,0.7516725173502768,positive
COLLECTRI_BACH1_TF_ACTIVITY__decoupler_mlm,HALLMARK_EPITHELIAL_MESENCHYMAL_TRANSITION__ssgsea_NES,P0018,15,0.06428571428571428,0.8199479653196375,positive
COLLECTRI_BACH1_TF_ACTIVITY__decoupler_mlm,HALLMARK_EPITHELIAL_MESENCHYMAL_TRANSITION__ssgsea_NES,P0019,15,0.1357142857142857,0.6296204418728145,positive
COLLECTRI_BACH1_TF_ACTIVITY__decoupler_mlm,HALLMARK_EPITHELIAL_MESENCHYMAL_TRANSITION__ssgsea_NES,P0020,15,0.0964285714285714,0.7324528633867309,positive
COLLECTRI_BACH1_TF_ACTIVITY__decoupler_mlm,HALLMARK_EPITHELIAL_MESENCHYMAL_TRANSITION__ssgsea_NES,P0025,15,0.07142857142857141,0.8002959873970545,positive
COLLECTRI_BACH1_TF_ACTIVITY__decoupler_mlm,HALLMARK_EPITHELIAL_MESENCHYMAL_TRANSITION__ssgsea_NES,P0028,15,0.175,0.5327481481378592,positive
COLLECTRI_BACH1_TF_ACTIVITY__decoupler_mlm,HALLMARK_EPITHELIAL_MESENCHYMAL_TRANSITION__ssgsea_NES,P0030,15,0.12142857142857141,0.6664011137233892,positive
COLLECTRI_BACH1_TF_ACTIVITY__decoupler_mlm,HALLMARK_EPITHELIAL_MESENCHYMAL_TRANSITION__ssgsea_NES,P0031,15,0.15714285714285714,0.5759526006037947,positive
COLLECTRI_BACH1_TF_ACTIVITY__decoupler_mlm,HALLMARK_EPITHELIAL_MESENCHYMAL_TRANSITION__ssgsea_NES,P0034,15,0.175,0.5327481481378592,positive
KLENJA2025_BACH1_ACTIVITY_INVERTED__ssgsea_NES,HALLMARK_HEME_METABOLISM__ssgsea_NES,AL02,15,-0.39999999999999997,0.1395951293721447,negative
KLENJA2025_BACH1_ACTIVITY_INVERTED__ssgsea_NES,HALLMARK_HEME_METABOLISM__ssgsea_NES,AL06,15,-0.175,0.5327481481378592,negative
KLENJA2025_BACH1_ACTIVITY_INVERTED__ssgsea_NES,HALLMARK_HEME_METABOLISM__ssgsea_NES,AL08,15,-0.07142857142857141,0.8002959873970545,negative
KLENJA2025_BACH1_ACTIVITY_INVERTED__ssgsea_NES,HALLMARK_HEME_METABOLISM__ssgsea_NES,AL10,15,-0.1464285714285714,0.602549920983054,negative
KLENJA2025_BACH1_ACTIVITY_INVERTED__ssgsea_NES,HALLMARK_HEME_METABOLISM__ssgsea_NES,AL11,15,-0.175,0.5327481481378592,negative
KLENJA2025_BACH1_ACTIVITY_INVERTED__ssgsea_NES,HALLMARK_HEME_METABOLISM__ssgsea_NES,P0006,15,-0.1964285714285714,0.48289875627163353,negative
KLENJA2025_BACH1_ACTIVITY_INVERTED__ssgsea_NES,HALLMARK_HEME_METABOLISM__ssgsea_NES,P0008,15,-0.13214285714285715,0.6387442188840663,negative
KLENJA2025_BACH1_ACTIVITY_INVERTED__ssgsea_NES,HALLMARK_HEME_METABOLISM__ssgsea_NES,P0009,15,-0.13214285714285715,0.6387442188840663,negative
KLENJA2025_BACH1_ACTIVITY_INVERTED__ssgsea_NES,HALLMARK_HEME_METABOLISM__ssgsea_NES,P0018,15,-0.08214285714285713,0.7710285652881773,negative
KLENJA2025_BACH1_ACTIVITY_INVERTED__ssgsea_NES,HALLMARK_HEME_METABOLISM__ssgsea_NES,P0019,15,-0.06428571428571428,0.8199479653196375,negative
KLENJA2025_BACH1_ACTIVITY_INVERTED__ssgsea_NES,HALLMARK_HEME_METABOLISM__ssgsea_NES,P0020,15,-0.15,0.5936302027425882,negative
KLENJA2025_BACH1_ACTIVITY_INVERTED__ssgsea_NES,HALLMARK_HEME_METABOLISM__ssgsea_NES,P0025,15,-0.04285714285714285,0.8794603130258999,negative
KLENJA2025_BACH1_ACTIVITY_INVERTED__ssgsea_NES,HALLMARK_HEME_METABOLISM__ssgsea_NES,P0028,15,-0.18214285714285713,0.5158816817070392,negative
KLENJA2025_BACH1_ACTIVITY_INVERTED__ssgsea_NES,HALLMARK_HEME_METABOLISM__ssgsea_NES,P0030,15,-0.18928571428571428,0.4992630332385452,negative
KLENJA2025_BACH1_ACTIVITY_INVERTED__ssgsea_NES,HALLMARK_HEME_METABOLISM__ssgsea_NES,P0031,15,-0.15357142857142855,0.5847640949410158,negative
KLENJA2025_BACH1_ACTIVITY_INVERTED__ssgsea_NES,HALLMARK_HEME_METABOLISM__ssgsea_NES,P0034,15,-0.15357142857142855,0.5847640949410158,negative
COLLECTRI_BACH1_TF_ACTIVITY__ssgsea_NES,HALLMARK_HEME_METABOLISM__mean_z,AL02,15,-0.1464285714285714,0.602549920983054,negative
COLLECTRI_BACH1_TF_ACTIVITY__ssgsea_NES,HALLMARK_HEME_METABOLISM__mean_z,AL06,15,-0.28571428571428564,0.3019363513225493,negative
COLLECTRI_BACH1_TF_ACTIVITY__ssgsea_NES,HALLMARK_HEME_METABOLISM__mean_z,AL08,15,-0.14285714285714282,0.6115222287644656,negative
COLLECTRI_BACH1_TF_ACTIVITY__ssgsea_NES,HALLMARK_HEME_METABOLISM__mean_z,AL10,15,-0.1964285714285714,0.48289875627163353,negative
COLLECTRI_BACH1_TF_ACTIVITY__ssgsea_NES,HALLMARK_HEME_METABOLISM__mean_z,AL11,15,-0.20357142857142854,0.4667950724891123,negative
COLLECTRI_BACH1_TF_ACTIVITY__ssgsea_NES,HALLMARK_HEME_METABOLISM__mean_z,P0006,15,-0.14285714285714282,0.6115222287644656,negative
COLLECTRI_BACH1_TF_ACTIVITY__ssgsea_NES,HALLMARK_HEME_METABOLISM__mean_z,P0008,15,-0.2714285714285714,0.3277893068411728,negative
COLLECTRI_BACH1_TF_ACTIVITY__ssgsea_NES,HALLMARK_HEME_METABOLISM__mean_z,P0009,15,-0.007142857142857141,0.9798442277615982,negative
COLLECTRI_BACH1_TF_ACTIVITY__ssgsea_NES,HALLMARK_HEME_METABOLISM__mean_z,P0018,15,-0.1607142857142857,0.5671967045803447,negative
COLLECTRI_BACH1_TF_ACTIVITY__ssgsea_NES,HALLMARK_HEME_METABOLISM__mean_z,P0019,15,-0.12857142857142856,0.6479163294665075,negative
COLLECTRI_BACH1_TF_ACTIVITY__ssgsea_NES,HALLMARK_HEME_METABOLISM__mean_z,P0020,15,-0.18214285714285713,0.5158816817070392,negative
COLLECTRI_BACH1_TF_ACTIVITY__ssgsea_NES,HALLMARK_HEME_METABOLISM__mean_z,P0025,15,-0.007142857142857141,0.9798442277615982,negative
COLLECTRI_BACH1_TF_ACTIVITY__ssgsea_NES,HALLMARK_HEME_METABOLISM__mean_z,P0028,15,-0.23571428571428568,0.39770294590327276,negative
COLLECTRI_BACH1_TF_ACTIVITY__ssgsea_NES,HALLMARK_HEME_METABOLISM__mean_z,P0030,15,-0.04642857142857142,0.8694915255450947,negative
COLLECTRI_BACH1_TF_ACTIVITY__ssgsea_NES,HALLMARK_HEME_METABOLISM__mean_z,P0031,15,-0.1607142857142857,0.5671967045803447,negative
COLLECTRI_BACH1_TF_ACTIVITY__ssgsea_NES,HALLMARK_HEME_METABOLISM__mean_z,P0034,15,-0.075,0.7905107941552678,negative
BACH1_detected_fraction,KLENJA2025_BACH1_ACTIVITY_INVERTED__ssgsea_NES,AL02,15,-0.035714285714285705,0.8994469934720875,negative
BACH1_detected_fraction,KLENJA2025_BACH1_ACTIVITY_INVERTED__ssgsea_NES,AL06,15,0.18928571428571428,0.4992630332385452,positive
BACH1_detected_fraction,KLENJA2025_BACH1_ACTIVITY_INVERTED__ssgsea_NES,AL08,15,0.22499999999999998,0.42010468690763486,positive
BACH1_detected_fraction,KLENJA2025_BACH1_ACTIVITY_INVERTED__ssgsea_NES,AL10,15,0.175,0.5327481481378592,positive
BACH1_detected_fraction,KLENJA2025_BACH1_ACTIVITY_INVERTED__ssgsea_NES,AL11,15,0.1857142857142857,0.5075409629336735,positive
BACH1_detected_fraction,KLENJA2025_BACH1_ACTIVITY_INVERTED__ssgsea_NES,P0006,15,0.2714285714285714,0.3277893068411728,positive
BACH1_detected_fraction,KLENJA2025_BACH1_ACTIVITY_INVERTED__ssgsea_NES,P0008,15,0.1607142857142857,0.5671967045803447,positive
BACH1_detected_fraction,KLENJA2025_BACH1_ACTIVITY_INVERTED__ssgsea_NES,P0009,15,0.1857142857142857,0.5075409629336735,positive
BACH1_detected_fraction,KLENJA2025_BACH1_ACTIVITY_INVERTED__ssgsea_NES,P0018,15,0.13928571428571426,0.6205460876279013,positive
BACH1_detected_fraction,KLENJA2025_BACH1_ACTIVITY_INVERTED__ssgsea_NES,P0019,15,0.08928571428571427,0.7516725173502768,positive
BACH1_detected_fraction,KLENJA2025_BACH1_ACTIVITY_INVERTED__ssgsea_NES,P0020,15,0.18928571428571428,0.4992630332385452,positive
BACH1_detected_fraction,KLENJA2025_BACH1_ACTIVITY_INVERTED__ssgsea_NES,P0025,15,-0.007142857142857141,0.9798442277615982,negative
BACH1_detected_fraction,KLENJA2025_BACH1_ACTIVITY_INVERTED__ssgsea_NES,P0028,15,0.13928571428571426,0.6205460876279013,positive
BACH1_detected_fraction,KLENJA2025_BACH1_ACTIVITY_INVERTED__ssgsea_NES,P0030,15,0.20357142857142854,0.4667950724891123,positive
BACH1_detected_fraction,KLENJA2025_BACH1_ACTIVITY_INVERTED__ssgsea_NES,P0031,15,0.05714285714285713,0.8396998687415759,positive
BACH1_detected_fraction,KLENJA2025_BACH1_ACTIVITY_INVERTED__ssgsea_NES,P0034,15,0.1714285714285714,0.5412721760996332,positive
COLLECTRI_BACH1_TF_ACTIVITY__mean_z,HALLMARK_GLYCOLYSIS__mean_z,AL02,15,0.125,0.6571356681869506,positive
COLLECTRI_BACH1_TF_ACTIVITY__mean_z,HALLMARK_GLYCOLYSIS__mean_z,AL06,15,0.13214285714285715,0.6387442188840663,positive
COLLECTRI_BACH1_TF_ACTIVITY__mean_z,HALLMARK_GLYCOLYSIS__mean_z,AL08,15,0.12857142857142856,0.6479163294665075,positive
COLLECTRI_BACH1_TF_ACTIVITY__mean_z,HALLMARK_GLYCOLYSIS__mean_z,AL10,15,0.19999999999999998,0.47481396452216845,positive
COLLECTRI_BACH1_TF_ACTIVITY__mean_z,HALLMARK_GLYCOLYSIS__mean_z,AL11,15,0.1464285714285714,0.602549920983054,positive
COLLECTRI_BACH1_TF_ACTIVITY__mean_z,HALLMARK_GLYCOLYSIS__mean_z,P0006,15,0.18214285714285713,0.5158816817070392,positive
COLLECTRI_BACH1_TF_ACTIVITY__mean_z,HALLMARK_GLYCOLYSIS__mean_z,P0008,15,0.2571428571428571,0.3548603636506091,positive
COLLECTRI_BACH1_TF_ACTIVITY__mean_z,HALLMARK_GLYCOLYSIS__mean_z,P0009,15,0.33571428571428563,0.22121153763932597,positive
COLLECTRI_BACH1_TF_ACTIVITY__mean_z,HALLMARK_GLYCOLYSIS__mean_z,P0018,15,0.125,0.6571356681869506,positive
COLLECTRI_BACH1_TF_ACTIVITY__mean_z,HALLMARK_GLYCOLYSIS__mean_z,P0019,15,0.11071428571428568,0.6944626472070964,positive
COLLECTRI_BACH1_TF_ACTIVITY__mean_z,HALLMARK_GLYCOLYSIS__mean_z,P0020,15,0.04642857142857142,0.8694915255450947,positive
COLLECTRI_BACH1_TF_ACTIVITY__mean_z,HALLMARK_GLYCOLYSIS__mean_z,P0025,15,0.028571428571428564,0.9194899083821858,positive
COLLECTRI_BACH1_TF_ACTIVITY__mean_z,HALLMARK_GLYCOLYSIS__mean_z,P0028,15,0.11785714285714284,0.6757115292213043,positive
COLLECTRI_BACH1_TF_ACTIVITY__mean_z,HALLMARK_GLYCOLYSIS__mean_z,P0030,15,0.05357142857142857,0.8496099367776072,positive
COLLECTRI_BACH1_TF_ACTIVITY__mean_z,HALLMARK_GLYCOLYSIS__mean_z,P0031,15,0.0964285714285714,0.7324528633867309,positive
COLLECTRI_BACH1_TF_ACTIVITY__mean_z,HALLMARK_GLYCOLYSIS__mean_z,P0034,15,0.1607142857142857,0.5671967045803447,positive
KLENJA2025_BACH1_ACTIVITY_INVERTED__ssgsea_NES,CURATED_NRF2_ANTIOXIDANT_RESPONSE__mean_z,AL02,15,-0.04285714285714285,0.8794603130258999,negative
KLENJA2025_BACH1_ACTIVITY_INVERTED__ssgsea_NES,CURATED_NRF2_ANTIOXIDANT_RESPONSE__mean_z,AL06,15,0.15,0.5936302027425882,positive
KLENJA2025_BACH1_ACTIVITY_INVERTED__ssgsea_NES,CURATED_NRF2_ANTIOXIDANT_RESPONSE__mean_z,AL08,15,0.0964285714285714,0.7324528633867309,positive
KLENJA2025_BACH1_ACTIVITY_INVERTED__ssgsea_NES,CURATED_NRF2_ANTIOXIDANT_RESPONSE__mean_z,AL10,15,0.13214285714285715,0.6387442188840663,positive
KLENJA2025_BACH1_ACTIVITY_INVERTED__ssgsea_NES,CURATED_NRF2_ANTIOXIDANT_RESPONSE__mean_z,AL11,15,0.20357142857142854,0.4667950724891123,positive
KLENJA2025_BACH1_ACTIVITY_INVERTED__ssgsea_NES,CURATED_NRF2_ANTIOXIDANT_RESPONSE__mean_z,P0006,15,0.3321428571428571,0.22647175907072442,positive
KLENJA2025_BACH1_ACTIVITY_INVERTED__ssgsea_NES,CURATED_NRF2_ANTIOXIDANT_RESPONSE__mean_z,P0008,15,0.3321428571428571,0.22647175907072442,positive
KLENJA2025_BACH1_ACTIVITY_INVERTED__ssgsea_NES,CURATED_NRF2_ANTIOXIDANT_RESPONSE__mean_z,P0009,15,0.05357142857142857,0.8496099367776072,positive
KLENJA2025_BACH1_ACTIVITY_INVERTED__ssgsea_NES,CURATED_NRF2_ANTIOXIDANT_RESPONSE__mean_z,P0018,15,0.1607142857142857,0.5671967045803447,positive
KLENJA2025_BACH1_ACTIVITY_INVERTED__ssgsea_NES,CURATED_NRF2_ANTIOXIDANT_RESPONSE__mean_z,P0019,15,0.0857142857142857,0.7613341261907666,positive
KLENJA2025_BACH1_ACTIVITY_INVERTED__ssgsea_NES,CURATED_NRF2_ANTIOXIDANT_RESPONSE__mean_z,P0020,15,0.15,0.5936302027425882,positive
KLENJA2025_BACH1_ACTIVITY_INVERTED__ssgsea_NES,CURATED_NRF2_ANTIOXIDANT_RESPONSE__mean_z,P0025,15,0.07142857142857141,0.8002959873970545,positive
KLENJA2025_BACH1_ACTIVITY_INVERTED__ssgsea_NES,CURATED_NRF2_ANTIOXIDANT_RESPONSE__mean_z,P0028,15,0.11071428571428568,0.6944626472070964,positive
KLENJA2025_BACH1_ACTIVITY_INVERTED__ssgsea_NES,CURATED_NRF2_ANTIOXIDANT_RESPONSE__mean_z,P0030,15,0.15,0.5936302027425882,positive
KLENJA2025_BACH1_ACTIVITY_INVERTED__ssgsea_NES,CURATED_NRF2_ANTIOXIDANT_RESPONSE__mean_z,P0031,15,0.15,0.5936302027425882,positive
KLENJA2025_BACH1_ACTIVITY_INVERTED__ssgsea_NES,CURATED_NRF2_ANTIOXIDANT_RESPONSE__mean_z,P0034,15,0.12142857142857141,0.6664011137233892,positive
KLENJA2025_BACH1_ACTIVITY_INVERTED__ssgsea_NES,HALLMARK_OXIDATIVE_PHOSPHORYLATION__ssgsea_NES,AL02,15,-0.04285714285714285,0.8794603130258999,negative
KLENJA2025_BACH1_ACTIVITY_INVERTED__ssgsea_NES,HALLMARK_OXIDATIVE_PHOSPHORYLATION__ssgsea_NES,AL06,15,0.125,0.6571356681869506,positive
KLENJA2025_BACH1_ACTIVITY_INVERTED__ssgsea_NES,HALLMARK_OXIDATIVE_PHOSPHORYLATION__ssgsea_NES,AL08,15,0.03214285714285714,0.9094621170945906,positive
KLENJA2025_BACH1_ACTIVITY_INVERTED__ssgsea_NES,HALLMARK_OXIDATIVE_PHOSPHORYLATION__ssgsea_NES,AL10,15,0.11785714285714284,0.6757115292213043,positive
KLENJA2025_BACH1_ACTIVITY_INVERTED__ssgsea_NES,HALLMARK_OXIDATIVE_PHOSPHORYLATION__ssgsea_NES,AL11,15,0.2071428571428571,0.45884280496347013,positive
KLENJA2025_BACH1_ACTIVITY_INVERTED__ssgsea_NES,HALLMARK_OXIDATIVE_PHOSPHORYLATION__ssgsea_NES,P0006,15,0.24285714285714283,0.3831283418393415,positive
KLENJA2025_BACH1_ACTIVITY_INVERTED__ssgsea_NES,HALLMARK_OXIDATIVE_PHOSPHORYLATION__ssgsea_NES,P0008,15,0.2071428571428571,0.45884280496347013,positive
KLENJA2025_BACH1_ACTIVITY_INVERTED__ssgsea_NES,HALLMARK_OXIDATIVE_PHOSPHORYLATION__ssgsea_NES,P0009,15,-0.021428571428571425,0.9395779040128779,negative
KLENJA2025_BACH1_ACTIVITY_INVERTED__ssgsea_NES,HALLMARK_OXIDATIVE_PHOSPHORYLATION__ssgsea_NES,P0018,15,0.18214285714285713,0.5158816817070392,positive
KLENJA2025_BACH1_ACTIVITY_INVERTED__ssgsea_NES,HALLMARK_OXIDATIVE_PHOSPHORYLATION__ssgsea_NES,P0019,15,0.19999999999999998,0.47481396452216845,positive
KLENJA2025_BACH1_ACTIVITY_INVERTED__ssgsea_NES,HALLMARK_OXIDATIVE_PHOSPHORYLATION__ssgsea_NES,P0020,15,0.11785714285714284,0.6757115292213043,positive
KLENJA2025_BACH1_ACTIVITY_INVERTED__ssgsea_NES,HALLMARK_OXIDATIVE_PHOSPHORYLATION__ssgsea_NES,P0025,15,0.21071428571428572,0.450957865215285,positive
KLENJA2025_BACH1_ACTIVITY_INVERTED__ssgsea_NES,HALLMARK_OXIDATIVE_PHOSPHORYLATION__ssgsea_NES,P0028,15,0.1928571428571428,0.49104870160522307,positive
KLENJA2025_BACH1_ACTIVITY_INVERTED__ssgsea_NES,HALLMARK_OXIDATIVE_PHOSPHORYLATION__ssgsea_NES,P0030,15,0.1607142857142857,0.5671967045803447,positive
KLENJA2025_BACH1_ACTIVITY_INVERTED__ssgsea_NES,HALLMARK_OXIDATIVE_PHOSPHORYLATION__ssgsea_NES,P0031,15,0.16428571428571426,0.5584973732486012,positive
KLENJA2025_BACH1_ACTIVITY_INVERTED__ssgsea_NES,HALLMARK_OXIDATIVE_PHOSPHORYLATION__ssgsea_NES,P0034,15,0.15,0.5936302027425882,positive
BACH1_detected_fraction,HALLMARK_HEME_METABOLISM__ssgsea_NES,AL02,15,-0.38214285714285706,0.15982362998696725,negative
BACH1_detected_fraction,HALLMARK_HEME_METABOLISM__ssgsea_NES,AL06,15,-0.0857142857142857,0.7613341261907666,negative
BACH1_detected_fraction,HALLMARK_HEME_METABOLISM__ssgsea_NES,AL08,15,-0.23571428571428568,0.39770294590327276,negative
BACH1_detected_fraction,HALLMARK_HEME_METABOLISM__ssgsea_NES,AL10,15,-0.1928571428571428,0.49104870160522307,negative
BACH1_detected_fraction,HALLMARK_HEME_METABOLISM__ssgsea_NES,AL11,15,-0.09285714285714285,0.7420450099073671,negative
BACH1_detected_fraction,HALLMARK_HEME_METABOLISM__ssgsea_NES,P0006,15,-0.11428571428571425,0.6850657626568974,negative
BACH1_detected_fraction,HALLMARK_HEME_METABOLISM__ssgsea_NES,P0008,15,-0.13928571428571426,0.6205460876279013,negative
BACH1_detected_fraction,HALLMARK_HEME_METABOLISM__ssgsea_NES,P0009,15,-0.15714285714285714,0.5759526006037947,negative
BACH1_detected_fraction,HALLMARK_HEME_METABOLISM__ssgsea_NES,P0018,15,-0.125,0.6571356681869506,negative
BACH1_detected_fraction,HALLMARK_HEME_METABOLISM__ssgsea_NES,P0019,15,-0.0964285714285714,0.7324528633867309,negative
BACH1_detected_fraction,HALLMARK_HEME_METABOLISM__ssgsea_NES,P0020,15,-0.11071428571428568,0.6944626472070964,negative
BACH1_detected_fraction,HALLMARK_HEME_METABOLISM__ssgsea_NES,P0025,15,-0.007142857142857141,0.9798442277615982,negative
BACH1_detected_fraction,HALLMARK_HEME_METABOLISM__ssgsea_NES,P0028,15,-0.17857142857142855,0.5242843600465524,negative
BACH1_detected_fraction,HALLMARK_HEME_METABOLISM__ssgsea_NES,P0030,15,-0.035714285714285705,0.8994469934720875,negative
BACH1_detected_fraction,HALLMARK_HEME_METABOLISM__ssgsea_NES,P0031,15,-0.09999999999999999,0.7228973252791182,negative
BACH1_detected_fraction,HALLMARK_HEME_METABOLISM__ssgsea_NES,P0034,15,-0.15,0.5936302027425882,negative
DOROTHEA_BACH1_ABC_TF_ACTIVITY__decoupler_ulm,CURATED_NRF2_ANTIOXIDANT_RESPONSE__mean_z,AL02,15,-0.10357142857142855,0.7133796306287292,negative
DOROTHEA_BACH1_ABC_TF_ACTIVITY__decoupler_ulm,CURATED_NRF2_ANTIOXIDANT_RESPONSE__mean_z,AL06,15,-0.24285714285714283,0.3831283418393415,negative
DOROTHEA_BACH1_ABC_TF_ACTIVITY__decoupler_ulm,CURATED_NRF2_ANTIOXIDANT_RESPONSE__mean_z,AL08,15,-0.010714285714285713,0.9697698761545686,negative
DOROTHEA_BACH1_ABC_TF_ACTIVITY__decoupler_ulm,CURATED_NRF2_ANTIOXIDANT_RESPONSE__mean_z,AL10,15,-0.09999999999999999,0.7228973252791182,negative
DOROTHEA_BACH1_ABC_TF_ACTIVITY__decoupler_ulm,CURATED_NRF2_ANTIOXIDANT_RESPONSE__mean_z,AL11,15,0.0035714285714285704,0.9899214068809781,positive
DOROTHEA_BACH1_ABC_TF_ACTIVITY__decoupler_ulm,CURATED_NRF2_ANTIOXIDANT_RESPONSE__mean_z,P0006,15,-0.11785714285714284,0.6757115292213043,negative
DOROTHEA_BACH1_ABC_TF_ACTIVITY__decoupler_ulm,CURATED_NRF2_ANTIOXIDANT_RESPONSE__mean_z,P0008,15,-0.20357142857142854,0.4667950724891123,negative
DOROTHEA_BACH1_ABC_TF_ACTIVITY__decoupler_ulm,CURATED_NRF2_ANTIOXIDANT_RESPONSE__mean_z,P0009,15,-0.18928571428571428,0.4992630332385452,negative
DOROTHEA_BACH1_ABC_TF_ACTIVITY__decoupler_ulm,CURATED_NRF2_ANTIOXIDANT_RESPONSE__mean_z,P0018,15,-0.16428571428571426,0.5584973732486012,negative
DOROTHEA_BACH1_ABC_TF_ACTIVITY__decoupler_ulm,CURATED_NRF2_ANTIOXIDANT_RESPONSE__mean_z,P0019,15,-0.14285714285714282,0.6115222287644656,negative
DOROTHEA_BACH1_ABC_TF_ACTIVITY__decoupler_ulm,CURATED_NRF2_ANTIOXIDANT_RESPONSE__mean_z,P0020,15,-0.09285714285714285,0.7420450099073671,negative
DOROTHEA_BACH1_ABC_TF_ACTIVITY__decoupler_ulm,CURATED_NRF2_ANTIOXIDANT_RESPONSE__mean_z,P0025,15,-0.2321428571428571,0.40509874069364893,negative
DOROTHEA_BACH1_ABC_TF_ACTIVITY__decoupler_ulm,CURATED_NRF2_ANTIOXIDANT_RESPONSE__mean_z,P0028,15,-0.2071428571428571,0.45884280496347013,negative
DOROTHEA_BACH1_ABC_TF_ACTIVITY__decoupler_ulm,CURATED_NRF2_ANTIOXIDANT_RESPONSE__mean_z,P0030,15,-0.09285714285714285,0.7420450099073671,negative
DOROTHEA_BACH1_ABC_TF_ACTIVITY__decoupler_ulm,CURATED_NRF2_ANTIOXIDANT_RESPONSE__mean_z,P0031,15,-0.12857142857142856,0.6479163294665075,negative
DOROTHEA_BACH1_ABC_TF_ACTIVITY__decoupler_ulm,CURATED_NRF2_ANTIOXIDANT_RESPONSE__mean_z,P0034,15,-0.17857142857142855,0.5242843600465524,negative
KLENJA2025_BACH1_INVERSE_ACTIVITY__mean_z,HALLMARK_HEME_METABOLISM__ssgsea_NES,AL02,15,-0.04642857142857142,0.8694915255450947,negative
KLENJA2025_BACH1_INVERSE_ACTIVITY__mean_z,HALLMARK_HEME_METABOLISM__ssgsea_NES,AL06,15,0.12857142857142856,0.6479163294665075,positive
KLENJA2025_BACH1_INVERSE_ACTIVITY__mean_z,HALLMARK_HEME_METABOLISM__ssgsea_NES,AL08,15,0.1857142857142857,0.5075409629336735,positive
KLENJA2025_BACH1_INVERSE_ACTIVITY__mean_z,HALLMARK_HEME_METABOLISM__ssgsea_NES,AL10,15,0.1857142857142857,0.5075409629336735,positive
KLENJA2025_BACH1_INVERSE_ACTIVITY__mean_z,HALLMARK_HEME_METABOLISM__ssgsea_NES,AL11,15,0.08214285714285713,0.7710285652881773,positive
KLENJA2025_BACH1_INVERSE_ACTIVITY__mean_z,HALLMARK_HEME_METABOLISM__ssgsea_NES,P0006,15,0.16785714285714282,0.5498555542278019,positive
KLENJA2025_BACH1_INVERSE_ACTIVITY__mean_z,HALLMARK_HEME_METABOLISM__ssgsea_NES,P0008,15,0.1928571428571428,0.49104870160522307,positive
KLENJA2025_BACH1_INVERSE_ACTIVITY__mean_z,HALLMARK_HEME_METABOLISM__ssgsea_NES,P0009,15,0.1714285714285714,0.5412721760996332,positive
KLENJA2025_BACH1_INVERSE_ACTIVITY__mean_z,HALLMARK_HEME_METABOLISM__ssgsea_NES,P0018,15,0.18214285714285713,0.5158816817070392,positive
KLENJA2025_BACH1_INVERSE_ACTIVITY__mean_z,HALLMARK_HEME_METABOLISM__ssgsea_NES,P0019,15,0.21428571428571427,0.44314093482351424,positive
KLENJA2025_BACH1_INVERSE_ACTIVITY__mean_z,HALLMARK_HEME_METABOLISM__ssgsea_NES,P0020,15,0.18214285714285713,0.5158816817070392,positive
KLENJA2025_BACH1_INVERSE_ACTIVITY__mean_z,HALLMARK_HEME_METABOLISM__ssgsea_NES,P0025,15,0.25,0.36884629178393047,positive
KLENJA2025_BACH1_INVERSE_ACTIVITY__mean_z,HALLMARK_HEME_METABOLISM__ssgsea_NES,P0028,15,0.05357142857142857,0.8496099367776072,positive
KLENJA2025_BACH1_INVERSE_ACTIVITY__mean_z,HALLMARK_HEME_METABOLISM__ssgsea_NES,P0030,15,0.049999999999999996,0.859540943467457,positive
KLENJA2025_BACH1_INVERSE_ACTIVITY__mean_z,HALLMARK_HEME_METABOLISM__ssgsea_NES,P0031,15,0.14285714285714282,0.6115222287644656,positive
KLENJA2025_BACH1_INVERSE_ACTIVITY__mean_z,HALLMARK_HEME_METABOLISM__ssgsea_NES,P0034,15,0.05357142857142857,0.8496099367776072,positive
DOROTHEA_BACH1_ABC_TF_ACTIVITY__ssgsea_NES,CURATED_NRF2_ANTIOXIDANT_RESPONSE__mean_z,AL02,15,-0.014285714285714282,0.9596997645989475,negative
DOROTHEA_BACH1_ABC_TF_ACTIVITY__ssgsea_NES,CURATED_NRF2_ANTIOXIDANT_RESPONSE__mean_z,AL06,15,-0.25357142857142856,0.3618161038158894,negative
DOROTHEA_BACH1_ABC_TF_ACTIVITY__ssgsea_NES,CURATED_NRF2_ANTIOXIDANT_RESPONSE__mean_z,AL08,15,-0.039285714285714285,0.8894459296739485,negative
DOROTHEA_BACH1_ABC_TF_ACTIVITY__ssgsea_NES,CURATED_NRF2_ANTIOXIDANT_RESPONSE__mean_z,AL10,15,-0.06428571428571428,0.8199479653196375,negative
DOROTHEA_BACH1_ABC_TF_ACTIVITY__ssgsea_NES,CURATED_NRF2_ANTIOXIDANT_RESPONSE__mean_z,AL11,15,-0.18928571428571428,0.4992630332385452,negative
DOROTHEA_BACH1_ABC_TF_ACTIVITY__ssgsea_NES,CURATED_NRF2_ANTIOXIDANT_RESPONSE__mean_z,P0006,15,-0.1857142857142857,0.5075409629336735,negative
DOROTHEA_BACH1_ABC_TF_ACTIVITY__ssgsea_NES,CURATED_NRF2_ANTIOXIDANT_RESPONSE__mean_z,P0008,15,-0.33571428571428563,0.22121153763932597,negative
DOROTHEA_BACH1_ABC_TF_ACTIVITY__ssgsea_NES,CURATED_NRF2_ANTIOXIDANT_RESPONSE__mean_z,P0009,15,-0.075,0.7905107941552678,negative
DOROTHEA_BACH1_ABC_TF_ACTIVITY__ssgsea_NES,CURATED_NRF2_ANTIOXIDANT_RESPONSE__mean_z,P0018,15,-0.13928571428571426,0.6205460876279013,negative
DOROTHEA_BACH1_ABC_TF_ACTIVITY__ssgsea_NES,CURATED_NRF2_ANTIOXIDANT_RESPONSE__mean_z,P0019,15,-0.12857142857142856,0.6479163294665075,negative
DOROTHEA_BACH1_ABC_TF_ACTIVITY__ssgsea_NES,CURATED_NRF2_ANTIOXIDANT_RESPONSE__mean_z,P0020,15,-0.075,0.7905107941552678,negative
DOROTHEA_BACH1_ABC_TF_ACTIVITY__ssgsea_NES,CURATED_NRF2_ANTIOXIDANT_RESPONSE__mean_z,P0025,15,-0.13928571428571426,0.6205460876279013,negative
DOROTHEA_BACH1_ABC_TF_ACTIVITY__ssgsea_NES,CURATED_NRF2_ANTIOXIDANT_RESPONSE__mean_z,P0028,15,-0.1607142857142857,0.5671967045803447,negative
DOROTHEA_BACH1_ABC_TF_ACTIVITY__ssgsea_NES,CURATED_NRF2_ANTIOXIDANT_RESPONSE__mean_z,P0030,15,-0.12142857142857141,0.6664011137233892,negative
DOROTHEA_BACH1_ABC_TF_ACTIVITY__ssgsea_NES,CURATED_NRF2_ANTIOXIDANT_RESPONSE__mean_z,P0031,15,-0.12142857142857141,0.6664011137233892,negative
DOROTHEA_BACH1_ABC_TF_ACTIVITY__ssgsea_NES,CURATED_NRF2_ANTIOXIDANT_RESPONSE__mean_z,P0034,15,-0.11428571428571425,0.6850657626568974,negative
KLENJA2025_BACH1_INVERSE_ACTIVITY__mean_z,CURATED_NRF2_ANTIOXIDANT_RESPONSE__mean_z,AL02,15,-0.05357142857142857,0.8496099367776072,negative
KLENJA2025_BACH1_INVERSE_ACTIVITY__mean_z,CURATED_NRF2_ANTIOXIDANT_RESPONSE__mean_z,AL06,15,0.1714285714285714,0.5412721760996332,positive
KLENJA2025_BACH1_INVERSE_ACTIVITY__mean_z,CURATED_NRF2_ANTIOXIDANT_RESPONSE__mean_z,AL08,15,0.11428571428571425,0.6850657626568974,positive
KLENJA2025_BACH1_INVERSE_ACTIVITY__mean_z,CURATED_NRF2_ANTIOXIDANT_RESPONSE__mean_z,AL10,15,0.11428571428571425,0.6850657626568974,positive
KLENJA2025_BACH1_INVERSE_ACTIVITY__mean_z,CURATED_NRF2_ANTIOXIDANT_RESPONSE__mean_z,AL11,15,0.2785714285714285,0.3147094732307908,positive
KLENJA2025_BACH1_INVERSE_ACTIVITY__mean_z,CURATED_NRF2_ANTIOXIDANT_RESPONSE__mean_z,P0006,15,0.13214285714285715,0.6387442188840663,positive
KLENJA2025_BACH1_INVERSE_ACTIVITY__mean_z,CURATED_NRF2_ANTIOXIDANT_RESPONSE__mean_z,P0008,15,0.3214285714285714,0.2427190468016684,positive
KLENJA2025_BACH1_INVERSE_ACTIVITY__mean_z,CURATED_NRF2_ANTIOXIDANT_RESPONSE__mean_z,P0009,15,0.017857142857142853,0.9496353041738619,positive
KLENJA2025_BACH1_INVERSE_ACTIVITY__mean_z,CURATED_NRF2_ANTIOXIDANT_RESPONSE__mean_z,P0018,15,0.13928571428571426,0.6205460876279013,positive
KLENJA2025_BACH1_INVERSE_ACTIVITY__mean_z,CURATED_NRF2_ANTIOXIDANT_RESPONSE__mean_z,P0019,15,0.11071428571428568,0.6944626472070964,positive
KLENJA2025_BACH1_INVERSE_ACTIVITY__mean_z,CURATED_NRF2_ANTIOXIDANT_RESPONSE__mean_z,P0020,15,0.11071428571428568,0.6944626472070964,positive
KLENJA2025_BACH1_INVERSE_ACTIVITY__mean_z,CURATED_NRF2_ANTIOXIDANT_RESPONSE__mean_z,P0025,15,0.09285714285714285,0.7420450099073671,positive
KLENJA2025_BACH1_INVERSE_ACTIVITY__mean_z,CURATED_NRF2_ANTIOXIDANT_RESPONSE__mean_z,P0028,15,0.08214285714285713,0.7710285652881773,positive
KLENJA2025_BACH1_INVERSE_ACTIVITY__mean_z,CURATED_NRF2_ANTIOXIDANT_RESPONSE__mean_z,P0030,15,0.1464285714285714,0.602549920983054,positive
KLENJA2025_BACH1_INVERSE_ACTIVITY__mean_z,CURATED_NRF2_ANTIOXIDANT_RESPONSE__mean_z,P0031,15,0.18928571428571428,0.4992630332385452,positive
KLENJA2025_BACH1_INVERSE_ACTIVITY__mean_z,CURATED_NRF2_ANTIOXIDANT_RESPONSE__mean_z,P0034,15,0.13928571428571426,0.6205460876279013,positive
COLLECTRI_BACH1_TF_ACTIVITY__decoupler_ulm,HALLMARK_EPITHELIAL_MESENCHYMAL_TRANSITION__ssgsea_NES,AL02,15,0.3714285714285714,0.17284974708034007,positive
COLLECTRI_BACH1_TF_ACTIVITY__decoupler_ulm,HALLMARK_EPITHELIAL_MESENCHYMAL_TRANSITION__ssgsea_NES,AL06,15,0.17857142857142855,0.5242843600465524,positive
COLLECTRI_BACH1_TF_ACTIVITY__decoupler_ulm,HALLMARK_EPITHELIAL_MESENCHYMAL_TRANSITION__ssgsea_NES,AL08,15,0.1857142857142857,0.5075409629336735,positive
COLLECTRI_BACH1_TF_ACTIVITY__decoupler_ulm,HALLMARK_EPITHELIAL_MESENCHYMAL_TRANSITION__ssgsea_NES,AL10,15,0.15714285714285714,0.5759526006037947,positive
COLLECTRI_BACH1_TF_ACTIVITY__decoupler_ulm,HALLMARK_EPITHELIAL_MESENCHYMAL_TRANSITION__ssgsea_NES,AL11,15,-0.0035714285714285704,0.9899214068809781,negative
COLLECTRI_BACH1_TF_ACTIVITY__decoupler_ulm,HALLMARK_EPITHELIAL_MESENCHYMAL_TRANSITION__ssgsea_NES,P0006,15,0.20357142857142854,0.4667950724891123,positive
COLLECTRI_BACH1_TF_ACTIVITY__decoupler_ulm,HALLMARK_EPITHELIAL_MESENCHYMAL_TRANSITION__ssgsea_NES,P0008,15,0.05357142857142857,0.8496099367776072,positive
COLLECTRI_BACH1_TF_ACTIVITY__decoupler_ulm,HALLMARK_EPITHELIAL_MESENCHYMAL_TRANSITION__ssgsea_NES,P0009,15,0.1357142857142857,0.6296204418728145,positive
COLLECTRI_BACH1_TF_ACTIVITY__decoupler_ulm,HALLMARK_EPITHELIAL_MESENCHYMAL_TRANSITION__ssgsea_NES,P0018,15,0.035714285714285705,0.8994469934720875,positive
COLLECTRI_BACH1_TF_ACTIVITY__decoupler_ulm,HALLMARK_EPITHELIAL_MESENCHYMAL_TRANSITION__ssgsea_NES,P0019,15,0.12142857142857141,0.6664011137233892,positive
COLLECTRI_BACH1_TF_ACTIVITY__decoupler_ulm,HALLMARK_EPITHELIAL_MESENCHYMAL_TRANSITION__ssgsea_NES,P0020,15,0.06071428571428571,0.8298120954425187,positive
COLLECTRI_BACH1_TF_ACTIVITY__decoupler_ulm,HALLMARK_EPITHELIAL_MESENCHYMAL_TRANSITION__ssgsea_NES,P0025,15,0.039285714285714285,0.8894459296739485,positive
COLLECTRI_BACH1_TF_ACTIVITY__decoupler_ulm,HALLMARK_EPITHELIAL_MESENCHYMAL_TRANSITION__ssgsea_NES,P0028,15,0.16428571428571426,0.5584973732486012,positive
COLLECTRI_BACH1_TF_ACTIVITY__decoupler_ulm,HALLMARK_EPITHELIAL_MESENCHYMAL_TRANSITION__ssgsea_NES,P0030,15,0.10714285714285714,0.7039010016261618,positive
COLLECTRI_BACH1_TF_ACTIVITY__decoupler_ulm,HALLMARK_EPITHELIAL_MESENCHYMAL_TRANSITION__ssgsea_NES,P0031,15,0.10714285714285714,0.7039010016261618,positive
COLLECTRI_BACH1_TF_ACTIVITY__decoupler_ulm,HALLMARK_EPITHELIAL_MESENCHYMAL_TRANSITION__ssgsea_NES,P0034,15,0.15714285714285714,0.5759526006037947,positive
DOROTHEA_BACH1_ABC_TF_ACTIVITY__ssgsea_NES,HALLMARK_EPITHELIAL_MESENCHYMAL_TRANSITION__mean_z,AL02,15,0.014285714285714282,0.9596997645989475,positive
DOROTHEA_BACH1_ABC_TF_ACTIVITY__ssgsea_NES,HALLMARK_EPITHELIAL_MESENCHYMAL_TRANSITION__mean_z,AL06,15,-0.04642857142857142,0.8694915255450947,negative
DOROTHEA_BACH1_ABC_TF_ACTIVITY__ssgsea_NES,HALLMARK_EPITHELIAL_MESENCHYMAL_TRANSITION__mean_z,AL08,15,0.125,0.6571356681869506,positive
DOROTHEA_BACH1_ABC_TF_ACTIVITY__ssgsea_NES,HALLMARK_EPITHELIAL_MESENCHYMAL_TRANSITION__mean_z,AL10,15,0.125,0.6571356681869506,positive
DOROTHEA_BACH1_ABC_TF_ACTIVITY__ssgsea_NES,HALLMARK_EPITHELIAL_MESENCHYMAL_TRANSITION__mean_z,AL11,15,0.16428571428571426,0.5584973732486012,positive
DOROTHEA_BACH1_ABC_TF_ACTIVITY__ssgsea_NES,HALLMARK_EPITHELIAL_MESENCHYMAL_TRANSITION__mean_z,P0006,15,0.15,0.5936302027425882,positive
DOROTHEA_BACH1_ABC_TF_ACTIVITY__ssgsea_NES,HALLMARK_EPITHELIAL_MESENCHYMAL_TRANSITION__mean_z,P0008,15,0.09285714285714285,0.7420450099073671,positive
DOROTHEA_BACH1_ABC_TF_ACTIVITY__ssgsea_NES,HALLMARK_EPITHELIAL_MESENCHYMAL_TRANSITION__mean_z,P0009,15,0.3214285714285714,0.2427190468016684,positive
DOROTHEA_BACH1_ABC_TF_ACTIVITY__ssgsea_NES,HALLMARK_EPITHELIAL_MESENCHYMAL_TRANSITION__mean_z,P0018,15,0.11071428571428568,0.6944626472070964,positive
DOROTHEA_BACH1_ABC_TF_ACTIVITY__ssgsea_NES,HALLMARK_EPITHELIAL_MESENCHYMAL_TRANSITION__mean_z,P0019,15,0.12857142857142856,0.6479163294665075,positive
DOROTHEA_BACH1_ABC_TF_ACTIVITY__ssgsea_NES,HALLMARK_EPITHELIAL_MESENCHYMAL_TRANSITION__mean_z,P0020,15,0.04285714285714285,0.8794603130258999,positive
DOROTHEA_BACH1_ABC_TF_ACTIVITY__ssgsea_NES,HALLMARK_EPITHELIAL_MESENCHYMAL_TRANSITION__mean_z,P0025,15,0.16785714285714282,0.5498555542278019,positive
DOROTHEA_BACH1_ABC_TF_ACTIVITY__ssgsea_NES,HALLMARK_EPITHELIAL_MESENCHYMAL_TRANSITION__mean_z,P0028,15,0.22142857142857136,0.42771371901637,positive
DOROTHEA_BACH1_ABC_TF_ACTIVITY__ssgsea_NES,HALLMARK_EPITHELIAL_MESENCHYMAL_TRANSITION__mean_z,P0030,15,0.09999999999999999,0.7228973252791182,positive
DOROTHEA_BACH1_ABC_TF_ACTIVITY__ssgsea_NES,HALLMARK_EPITHELIAL_MESENCHYMAL_TRANSITION__mean_z,P0031,15,0.125,0.6571356681869506,positive
DOROTHEA_BACH1_ABC_TF_ACTIVITY__ssgsea_NES,HALLMARK_EPITHELIAL_MESENCHYMAL_TRANSITION__mean_z,P0034,15,0.22142857142857136,0.42771371901637,positive
KLENJA2025_BACH1_INVERSE_ACTIVITY__mean_z,HALLMARK_EPITHELIAL_MESENCHYMAL_TRANSITION__ssgsea_NES,AL02,15,0.05714285714285713,0.8396998687415759,positive
KLENJA2025_BACH1_INVERSE_ACTIVITY__mean_z,HALLMARK_EPITHELIAL_MESENCHYMAL_TRANSITION__ssgsea_NES,AL06,15,-0.10357142857142855,0.7133796306287292,negative
KLENJA2025_BACH1_INVERSE_ACTIVITY__mean_z,HALLMARK_EPITHELIAL_MESENCHYMAL_TRANSITION__ssgsea_NES,AL08,15,-0.10357142857142855,0.7133796306287292,negative
KLENJA2025_BACH1_INVERSE_ACTIVITY__mean_z,HALLMARK_EPITHELIAL_MESENCHYMAL_TRANSITION__ssgsea_NES,AL10,15,-0.10357142857142855,0.7133796306287292,negative
KLENJA2025_BACH1_INVERSE_ACTIVITY__mean_z,HALLMARK_EPITHELIAL_MESENCHYMAL_TRANSITION__ssgsea_NES,AL11,15,-0.28571428571428564,0.3019363513225493,negative
KLENJA2025_BACH1_INVERSE_ACTIVITY__mean_z,HALLMARK_EPITHELIAL_MESENCHYMAL_TRANSITION__ssgsea_NES,P0006,15,-0.11071428571428568,0.6944626472070964,negative
KLENJA2025_BACH1_INVERSE_ACTIVITY__mean_z,HALLMARK_EPITHELIAL_MESENCHYMAL_TRANSITION__ssgsea_NES,P0008,15,-0.21428571428571427,0.44314093482351424,negative
KLENJA2025_BACH1_INVERSE_ACTIVITY__mean_z,HALLMARK_EPITHELIAL_MESENCHYMAL_TRANSITION__ssgsea_NES,P0009,15,-0.08928571428571427,0.7516725173502768,negative
KLENJA2025_BACH1_INVERSE_ACTIVITY__mean_z,HALLMARK_EPITHELIAL_MESENCHYMAL_TRANSITION__ssgsea_NES,P0018,15,-0.18928571428571428,0.4992630332385452,negative
KLENJA2025_BACH1_INVERSE_ACTIVITY__mean_z,HALLMARK_EPITHELIAL_MESENCHYMAL_TRANSITION__ssgsea_NES,P0019,15,-0.15,0.5936302027425882,negative
KLENJA2025_BACH1_INVERSE_ACTIVITY__mean_z,HALLMARK_EPITHELIAL_MESENCHYMAL_TRANSITION__ssgsea_NES,P0020,15,-0.11428571428571425,0.6850657626568974,negative
KLENJA2025_BACH1_INVERSE_ACTIVITY__mean_z,HALLMARK_EPITHELIAL_MESENCHYMAL_TRANSITION__ssgsea_NES,P0025,15,-0.23928571428571427,0.3903793119202355,negative
KLENJA2025_BACH1_INVERSE_ACTIVITY__mean_z,HALLMARK_EPITHELIAL_MESENCHYMAL_TRANSITION__ssgsea_NES,P0028,15,-0.0857142857142857,0.7613341261907666,negative
KLENJA2025_BACH1_INVERSE_ACTIVITY__mean_z,HALLMARK_EPITHELIAL_MESENCHYMAL_TRANSITION__ssgsea_NES,P0030,15,-0.12857142857142856,0.6479163294665075,negative
KLENJA2025_BACH1_INVERSE_ACTIVITY__mean_z,HALLMARK_EPITHELIAL_MESENCHYMAL_TRANSITION__ssgsea_NES,P0031,15,-0.11785714285714284,0.6757115292213043,negative
KLENJA2025_BACH1_INVERSE_ACTIVITY__mean_z,HALLMARK_EPITHELIAL_MESENCHYMAL_TRANSITION__ssgsea_NES,P0034,15,-0.0857142857142857,0.7613341261907666,negative
DOROTHEA_BACH1_ABC_TF_ACTIVITY__ssgsea_NES,LITERATURE_LUNG_BACH1_EFFECTOR_ACTIVITY__mean_z,AL02,15,-0.2714285714285714,0.3277893068411728,negative
DOROTHEA_BACH1_ABC_TF_ACTIVITY__ssgsea_NES,LITERATURE_LUNG_BACH1_EFFECTOR_ACTIVITY__mean_z,AL06,15,-0.028571428571428564,0.9194899083821858,negative
DOROTHEA_BACH1_ABC_TF_ACTIVITY__ssgsea_NES,LITERATURE_LUNG_BACH1_EFFECTOR_ACTIVITY__mean_z,AL08,15,-0.028571428571428564,0.9194899083821858,negative
DOROTHEA_BACH1_ABC_TF_ACTIVITY__ssgsea_NES,LITERATURE_LUNG_BACH1_EFFECTOR_ACTIVITY__mean_z,AL10,15,-0.08214285714285713,0.7710285652881773,negative
DOROTHEA_BACH1_ABC_TF_ACTIVITY__ssgsea_NES,LITERATURE_LUNG_BACH1_EFFECTOR_ACTIVITY__mean_z,AL11,15,-0.125,0.6571356681869506,negative
DOROTHEA_BACH1_ABC_TF_ACTIVITY__ssgsea_NES,LITERATURE_LUNG_BACH1_EFFECTOR_ACTIVITY__mean_z,P0006,15,-0.14285714285714282,0.6115222287644656,negative
DOROTHEA_BACH1_ABC_TF_ACTIVITY__ssgsea_NES,LITERATURE_LUNG_BACH1_EFFECTOR_ACTIVITY__mean_z,P0008,15,-0.028571428571428564,0.9194899083821858,negative
DOROTHEA_BACH1_ABC_TF_ACTIVITY__ssgsea_NES,LITERATURE_LUNG_BACH1_EFFECTOR_ACTIVITY__mean_z,P0009,15,0.04642857142857142,0.8694915255450947,positive
DOROTHEA_BACH1_ABC_TF_ACTIVITY__ssgsea_NES,LITERATURE_LUNG_BACH1_EFFECTOR_ACTIVITY__mean_z,P0018,15,-0.15357142857142855,0.5847640949410158,negative
DOROTHEA_BACH1_ABC_TF_ACTIVITY__ssgsea_NES,LITERATURE_LUNG_BACH1_EFFECTOR_ACTIVITY__mean_z,P0019,15,-0.1714285714285714,0.5412721760996332,negative
DOROTHEA_BACH1_ABC_TF_ACTIVITY__ssgsea_NES,LITERATURE_LUNG_BACH1_EFFECTOR_ACTIVITY__mean_z,P0020,15,-0.2714285714285714,0.3277893068411728,negative
DOROTHEA_BACH1_ABC_TF_ACTIVITY__ssgsea_NES,LITERATURE_LUNG_BACH1_EFFECTOR_ACTIVITY__mean_z,P0025,15,-0.15357142857142855,0.5847640949410158,negative
DOROTHEA_BACH1_ABC_TF_ACTIVITY__ssgsea_NES,LITERATURE_LUNG_BACH1_EFFECTOR_ACTIVITY__mean_z,P0028,15,-0.16428571428571426,0.5584973732486012,negative
DOROTHEA_BACH1_ABC_TF_ACTIVITY__ssgsea_NES,LITERATURE_LUNG_BACH1_EFFECTOR_ACTIVITY__mean_z,P0030,15,-0.1357142857142857,0.6296204418728145,negative
DOROTHEA_BACH1_ABC_TF_ACTIVITY__ssgsea_NES,LITERATURE_LUNG_BACH1_EFFECTOR_ACTIVITY__mean_z,P0031,15,-0.1357142857142857,0.6296204418728145,negative
DOROTHEA_BACH1_ABC_TF_ACTIVITY__ssgsea_NES,LITERATURE_LUNG_BACH1_EFFECTOR_ACTIVITY__mean_z,P0034,15,-0.16428571428571426,0.5584973732486012,negative
DOROTHEA_BACH1_ABC_TF_ACTIVITY__decoupler_ulm,LITERATURE_LUNG_BACH1_EFFECTOR_ACTIVITY__ssgsea_NES,AL02,15,0.125,0.6571356681869506,positive
DOROTHEA_BACH1_ABC_TF_ACTIVITY__decoupler_ulm,LITERATURE_LUNG_BACH1_EFFECTOR_ACTIVITY__ssgsea_NES,AL06,15,0.3142857142857143,0.2539400163236716,positive
DOROTHEA_BACH1_ABC_TF_ACTIVITY__decoupler_ulm,LITERATURE_LUNG_BACH1_EFFECTOR_ACTIVITY__ssgsea_NES,AL08,15,0.035714285714285705,0.8994469934720875,positive
DOROTHEA_BACH1_ABC_TF_ACTIVITY__decoupler_ulm,LITERATURE_LUNG_BACH1_EFFECTOR_ACTIVITY__ssgsea_NES,AL10,15,0.09285714285714285,0.7420450099073671,positive
DOROTHEA_BACH1_ABC_TF_ACTIVITY__decoupler_ulm,LITERATURE_LUNG_BACH1_EFFECTOR_ACTIVITY__ssgsea_NES,AL11,15,-0.017857142857142853,0.9496353041738619,negative
DOROTHEA_BACH1_ABC_TF_ACTIVITY__decoupler_ulm,LITERATURE_LUNG_BACH1_EFFECTOR_ACTIVITY__ssgsea_NES,P0006,15,0.10357142857142855,0.7133796306287292,positive
DOROTHEA_BACH1_ABC_TF_ACTIVITY__decoupler_ulm,LITERATURE_LUNG_BACH1_EFFECTOR_ACTIVITY__ssgsea_NES,P0008,15,0.1964285714285714,0.48289875627163353,positive
DOROTHEA_BACH1_ABC_TF_ACTIVITY__decoupler_ulm,LITERATURE_LUNG_BACH1_EFFECTOR_ACTIVITY__ssgsea_NES,P0009,15,0.06428571428571428,0.8199479653196375,positive
DOROTHEA_BACH1_ABC_TF_ACTIVITY__decoupler_ulm,LITERATURE_LUNG_BACH1_EFFECTOR_ACTIVITY__ssgsea_NES,P0018,15,0.11071428571428568,0.6944626472070964,positive
DOROTHEA_BACH1_ABC_TF_ACTIVITY__decoupler_ulm,LITERATURE_LUNG_BACH1_EFFECTOR_ACTIVITY__ssgsea_NES,P0019,15,0.10357142857142855,0.7133796306287292,positive
DOROTHEA_BACH1_ABC_TF_ACTIVITY__decoupler_ulm,LITERATURE_LUNG_BACH1_EFFECTOR_ACTIVITY__ssgsea_NES,P0020,15,0.014285714285714282,0.9596997645989475,positive
DOROTHEA_BACH1_ABC_TF_ACTIVITY__decoupler_ulm,LITERATURE_LUNG_BACH1_EFFECTOR_ACTIVITY__ssgsea_NES,P0025,15,0.25,0.36884629178393047,positive
DOROTHEA_BACH1_ABC_TF_ACTIVITY__decoupler_ulm,LITERATURE_LUNG_BACH1_EFFECTOR_ACTIVITY__ssgsea_NES,P0028,15,0.11785714285714284,0.6757115292213043,positive
DOROTHEA_BACH1_ABC_TF_ACTIVITY__decoupler_ulm,LITERATURE_LUNG_BACH1_EFFECTOR_ACTIVITY__ssgsea_NES,P0030,15,0.20357142857142854,0.4667950724891123,positive
DOROTHEA_BACH1_ABC_TF_ACTIVITY__decoupler_ulm,LITERATURE_LUNG_BACH1_EFFECTOR_ACTIVITY__ssgsea_NES,P0031,15,0.09285714285714285,0.7420450099073671,positive
DOROTHEA_BACH1_ABC_TF_ACTIVITY__decoupler_ulm,LITERATURE_LUNG_BACH1_EFFECTOR_ACTIVITY__ssgsea_NES,P0034,15,0.12857142857142856,0.6479163294665075,positive
COLLECTRI_BACH1_TF_ACTIVITY__decoupler_mlm,HALLMARK_EPITHELIAL_MESENCHYMAL_TRANSITION__mean_z,AL02,15,0.075,0.7905107941552678,positive
COLLECTRI_BACH1_TF_ACTIVITY__decoupler_mlm,HALLMARK_EPITHELIAL_MESENCHYMAL_TRANSITION__mean_z,AL06,15,-0.05357142857142857,0.8496099367776072,negative
COLLECTRI_BACH1_TF_ACTIVITY__decoupler_mlm,HALLMARK_EPITHELIAL_MESENCHYMAL_TRANSITION__mean_z,AL08,15,-0.125,0.6571356681869506,negative
COLLECTRI_BACH1_TF_ACTIVITY__decoupler_mlm,HALLMARK_EPITHELIAL_MESENCHYMAL_TRANSITION__mean_z,AL10,15,-0.16428571428571426,0.5584973732486012,negative
COLLECTRI_BACH1_TF_ACTIVITY__decoupler_mlm,HALLMARK_EPITHELIAL_MESENCHYMAL_TRANSITION__mean_z,AL11,15,-0.1464285714285714,0.602549920983054,negative
COLLECTRI_BACH1_TF_ACTIVITY__decoupler_mlm,HALLMARK_EPITHELIAL_MESENCHYMAL_TRANSITION__mean_z,P0006,15,-0.05357142857142857,0.8496099367776072,negative
COLLECTRI_BACH1_TF_ACTIVITY__decoupler_mlm,HALLMARK_EPITHELIAL_MESENCHYMAL_TRANSITION__mean_z,P0008,15,-0.07857142857142857,0.7807545523090464,negative
COLLECTRI_BACH1_TF_ACTIVITY__decoupler_mlm,HALLMARK_EPITHELIAL_MESENCHYMAL_TRANSITION__mean_z,P0009,15,-0.021428571428571425,0.9395779040128779,negative
COLLECTRI_BACH1_TF_ACTIVITY__decoupler_mlm,HALLMARK_EPITHELIAL_MESENCHYMAL_TRANSITION__mean_z,P0018,15,-0.2285714285714285,0.41256617049636035,negative
COLLECTRI_BACH1_TF_ACTIVITY__decoupler_mlm,HALLMARK_EPITHELIAL_MESENCHYMAL_TRANSITION__mean_z,P0019,15,-0.11428571428571425,0.6850657626568974,negative
COLLECTRI_BACH1_TF_ACTIVITY__decoupler_mlm,HALLMARK_EPITHELIAL_MESENCHYMAL_TRANSITION__mean_z,P0020,15,-0.2285714285714285,0.41256617049636035,negative
COLLECTRI_BACH1_TF_ACTIVITY__decoupler_mlm,HALLMARK_EPITHELIAL_MESENCHYMAL_TRANSITION__mean_z,P0025,15,-0.2178571428571428,0.43539267351553756,negative
COLLECTRI_BACH1_TF_ACTIVITY__decoupler_mlm,HALLMARK_EPITHELIAL_MESENCHYMAL_TRANSITION__mean_z,P0028,15,-0.09999999999999999,0.7228973252791182,negative
COLLECTRI_BACH1_TF_ACTIVITY__decoupler_mlm,HALLMARK_EPITHELIAL_MESENCHYMAL_TRANSITION__mean_z,P0030,15,-0.15357142857142855,0.5847640949410158,negative
COLLECTRI_BACH1_TF_ACTIVITY__decoupler_mlm,HALLMARK_EPITHELIAL_MESENCHYMAL_TRANSITION__mean_z,P0031,15,-0.11785714285714284,0.6757115292213043,negative
COLLECTRI_BACH1_TF_ACTIVITY__decoupler_mlm,HALLMARK_EPITHELIAL_MESENCHYMAL_TRANSITION__mean_z,P0034,15,-0.09999999999999999,0.7228973252791182,negative
DOROTHEA_BACH1_ABC_TF_ACTIVITY__decoupler_ulm,KLENJA2025_BACH1_INVERSE_ACTIVITY__mean_z,AL02,15,0.17857142857142855,0.5242843600465524,positive
DOROTHEA_BACH1_ABC_TF_ACTIVITY__decoupler_ulm,KLENJA2025_BACH1_INVERSE_ACTIVITY__mean_z,AL06,15,0.16785714285714282,0.5498555542278019,positive
DOROTHEA_BACH1_ABC_TF_ACTIVITY__decoupler_ulm,KLENJA2025_BACH1_INVERSE_ACTIVITY__mean_z,AL08,15,0.175,0.5327481481378592,positive
DOROTHEA_BACH1_ABC_TF_ACTIVITY__decoupler_ulm,KLENJA2025_BACH1_INVERSE_ACTIVITY__mean_z,AL10,15,0.15357142857142855,0.5847640949410158,positive
DOROTHEA_BACH1_ABC_TF_ACTIVITY__decoupler_ulm,KLENJA2025_BACH1_INVERSE_ACTIVITY__mean_z,AL11,15,0.010714285714285713,0.9697698761545686,positive
DOROTHEA_BACH1_ABC_TF_ACTIVITY__decoupler_ulm,KLENJA2025_BACH1_INVERSE_ACTIVITY__mean_z,P0006,15,0.11071428571428568,0.6944626472070964,positive
DOROTHEA_BACH1_ABC_TF_ACTIVITY__decoupler_ulm,KLENJA2025_BACH1_INVERSE_ACTIVITY__mean_z,P0008,15,0.1964285714285714,0.48289875627163353,positive
DOROTHEA_BACH1_ABC_TF_ACTIVITY__decoupler_ulm,KLENJA2025_BACH1_INVERSE_ACTIVITY__mean_z,P0009,15,0.05357142857142857,0.8496099367776072,positive
DOROTHEA_BACH1_ABC_TF_ACTIVITY__decoupler_ulm,KLENJA2025_BACH1_INVERSE_ACTIVITY__mean_z,P0018,15,0.06071428571428571,0.8298120954425187,positive
DOROTHEA_BACH1_ABC_TF_ACTIVITY__decoupler_ulm,KLENJA2025_BACH1_INVERSE_ACTIVITY__mean_z,P0019,15,0.11071428571428568,0.6944626472070964,positive
DOROTHEA_BACH1_ABC_TF_ACTIVITY__decoupler_ulm,KLENJA2025_BACH1_INVERSE_ACTIVITY__mean_z,P0020,15,0.12857142857142856,0.6479163294665075,positive
DOROTHEA_BACH1_ABC_TF_ACTIVITY__decoupler_ulm,KLENJA2025_BACH1_INVERSE_ACTIVITY__mean_z,P0025,15,0.007142857142857141,0.9798442277615982,positive
DOROTHEA_BACH1_ABC_TF_ACTIVITY__decoupler_ulm,KLENJA2025_BACH1_INVERSE_ACTIVITY__mean_z,P0028,15,0.05714285714285713,0.8396998687415759,positive
DOROTHEA_BACH1_ABC_TF_ACTIVITY__decoupler_ulm,KLENJA2025_BACH1_INVERSE_ACTIVITY__mean_z,P0030,15,0.24285714285714283,0.3831283418393415,positive
DOROTHEA_BACH1_ABC_TF_ACTIVITY__decoupler_ulm,KLENJA2025_BACH1_INVERSE_ACTIVITY__mean_z,P0031,15,0.11071428571428568,0.6944626472070964,positive
DOROTHEA_BACH1_ABC_TF_ACTIVITY__decoupler_ulm,KLENJA2025_BACH1_INVERSE_ACTIVITY__mean_z,P0034,15,0.05714285714285713,0.8396998687415759,positive
KLENJA2025_BACH1_INVERSE_ACTIVITY__mean_z,DOROTHEA_BACH1_ABC_TF_ACTIVITY__decoupler_ulm,AL02,15,0.17857142857142855,0.5242843600465524,positive
KLENJA2025_BACH1_INVERSE_ACTIVITY__mean_z,DOROTHEA_BACH1_ABC_TF_ACTIVITY__decoupler_ulm,AL06,15,0.16785714285714282,0.5498555542278019,positive
KLENJA2025_BACH1_INVERSE_ACTIVITY__mean_z,DOROTHEA_BACH1_ABC_TF_ACTIVITY__decoupler_ulm,AL08,15,0.175,0.5327481481378592,positive
KLENJA2025_BACH1_INVERSE_ACTIVITY__mean_z,DOROTHEA_BACH1_ABC_TF_ACTIVITY__decoupler_ulm,AL10,15,0.15357142857142855,0.5847640949410158,positive
KLENJA2025_BACH1_INVERSE_ACTIVITY__mean_z,DOROTHEA_BACH1_ABC_TF_ACTIVITY__decoupler_ulm,AL11,15,0.010714285714285713,0.9697698761545686,positive
KLENJA2025_BACH1_INVERSE_ACTIVITY__mean_z,DOROTHEA_BACH1_ABC_TF_ACTIVITY__decoupler_ulm,P0006,15,0.11071428571428568,0.6944626472070964,positive
KLENJA2025_BACH1_INVERSE_ACTIVITY__mean_z,DOROTHEA_BACH1_ABC_TF_ACTIVITY__decoupler_ulm,P0008,15,0.1964285714285714,0.48289875627163353,positive
KLENJA2025_BACH1_INVERSE_ACTIVITY__mean_z,DOROTHEA_BACH1_ABC_TF_ACTIVITY__decoupler_ulm,P0009,15,0.05357142857142857,0.8496099367776072,positive
KLENJA2025_BACH1_INVERSE_ACTIVITY__mean_z,DOROTHEA_BACH1_ABC_TF_ACTIVITY__decoupler_ulm,P0018,15,0.06071428571428571,0.8298120954425187,positive
KLENJA2025_BACH1_INVERSE_ACTIVITY__mean_z,DOROTHEA_BACH1_ABC_TF_ACTIVITY__decoupler_ulm,P0019,15,0.11071428571428568,0.6944626472070964,positive
KLENJA2025_BACH1_INVERSE_ACTIVITY__mean_z,DOROTHEA_BACH1_ABC_TF_ACTIVITY__decoupler_ulm,P0020,15,0.12857142857142856,0.6479163294665075,positive
KLENJA2025_BACH1_INVERSE_ACTIVITY__mean_z,DOROTHEA_BACH1_ABC_TF_ACTIVITY__decoupler_ulm,P0025,15,0.007142857142857141,0.9798442277615982,positive
KLENJA2025_BACH1_INVERSE_ACTIVITY__mean_z,DOROTHEA_BACH1_ABC_TF_ACTIVITY__decoupler_ulm,P0028,15,0.05714285714285713,0.8396998687415759,positive
KLENJA2025_BACH1_INVERSE_ACTIVITY__mean_z,DOROTHEA_BACH1_ABC_TF_ACTIVITY__decoupler_ulm,P0030,15,0.24285714285714283,0.3831283418393415,positive
KLENJA2025_BACH1_INVERSE_ACTIVITY__mean_z,DOROTHEA_BACH1_ABC_TF_ACTIVITY__decoupler_ulm,P0031,15,0.11071428571428568,0.6944626472070964,positive
KLENJA2025_BACH1_INVERSE_ACTIVITY__mean_z,DOROTHEA_BACH1_ABC_TF_ACTIVITY__decoupler_ulm,P0034,15,0.05714285714285713,0.8396998687415759,positive
BACH1_expression_mean,KLENJA2025_BACH1_ACTIVITY_INVERTED__ssgsea_NES,AL02,15,-0.07857142857142857,0.7807545523090464,negative
BACH1_expression_mean,KLENJA2025_BACH1_ACTIVITY_INVERTED__ssgsea_NES,AL06,15,0.1464285714285714,0.602549920983054,positive
BACH1_expression_mean,KLENJA2025_BACH1_ACTIVITY_INVERTED__ssgsea_NES,AL08,15,0.12857142857142856,0.6479163294665075,positive
BACH1_expression_mean,KLENJA2025_BACH1_ACTIVITY_INVERTED__ssgsea_NES,AL10,15,0.1714285714285714,0.5412721760996332,positive
BACH1_expression_mean,KLENJA2025_BACH1_ACTIVITY_INVERTED__ssgsea_NES,AL11,15,0.14285714285714282,0.6115222287644656,positive
BACH1_expression_mean,KLENJA2025_BACH1_ACTIVITY_INVERTED__ssgsea_NES,P0006,15,0.28928571428571426,0.29566536100437774,positive
BACH1_expression_mean,KLENJA2025_BACH1_ACTIVITY_INVERTED__ssgsea_NES,P0008,15,0.24642857142857136,0.375950515973805,positive
BACH1_expression_mean,KLENJA2025_BACH1_ACTIVITY_INVERTED__ssgsea_NES,P0009,15,0.049999999999999996,0.859540943467457,positive
BACH1_expression_mean,KLENJA2025_BACH1_ACTIVITY_INVERTED__ssgsea_NES,P0018,15,0.10357142857142855,0.7133796306287292,positive
BACH1_expression_mean,KLENJA2025_BACH1_ACTIVITY_INVERTED__ssgsea_NES,P0019,15,0.039285714285714285,0.8894459296739485,positive
BACH1_expression_mean,KLENJA2025_BACH1_ACTIVITY_INVERTED__ssgsea_NES,P0020,15,0.1464285714285714,0.602549920983054,positive
BACH1_expression_mean,KLENJA2025_BACH1_ACTIVITY_INVERTED__ssgsea_NES,P0025,15,-0.021428571428571425,0.9395779040128779,negative
BACH1_expression_mean,KLENJA2025_BACH1_ACTIVITY_INVERTED__ssgsea_NES,P0028,15,0.11785714285714284,0.6757115292213043,positive
BACH1_expression_mean,KLENJA2025_BACH1_ACTIVITY_INVERTED__ssgsea_NES,P0030,15,0.11785714285714284,0.6757115292213043,positive
BACH1_expression_mean,KLENJA2025_BACH1_ACTIVITY_INVERTED__ssgsea_NES,P0031,15,0.039285714285714285,0.8894459296739485,positive
BACH1_expression_mean,KLENJA2025_BACH1_ACTIVITY_INVERTED__ssgsea_NES,P0034,15,0.13928571428571426,0.6205460876279013,positive
COLLECTRI_BACH1_TF_ACTIVITY__decoupler_ulm,HALLMARK_HYPOXIA__mean_z,AL02,15,0.35,0.20094535081629333,positive
COLLECTRI_BACH1_TF_ACTIVITY__decoupler_ulm,HALLMARK_HYPOXIA__mean_z,AL06,15,0.15,0.5936302027425882,positive
COLLECTRI_BACH1_TF_ACTIVITY__decoupler_ulm,HALLMARK_HYPOXIA__mean_z,AL08,15,0.08214285714285713,0.7710285652881773,positive
COLLECTRI_BACH1_TF_ACTIVITY__decoupler_ulm,HALLMARK_HYPOXIA__mean_z,AL10,15,0.028571428571428564,0.9194899083821858,positive
COLLECTRI_BACH1_TF_ACTIVITY__decoupler_ulm,HALLMARK_HYPOXIA__mean_z,AL11,15,0.23928571428571427,0.3903793119202355,positive
COLLECTRI_BACH1_TF_ACTIVITY__decoupler_ulm,HALLMARK_HYPOXIA__mean_z,P0006,15,0.10357142857142855,0.7133796306287292,positive
COLLECTRI_BACH1_TF_ACTIVITY__decoupler_ulm,HALLMARK_HYPOXIA__mean_z,P0008,15,0.13928571428571426,0.6205460876279013,positive
COLLECTRI_BACH1_TF_ACTIVITY__decoupler_ulm,HALLMARK_HYPOXIA__mean_z,P0009,15,0.13928571428571426,0.6205460876279013,positive
COLLECTRI_BACH1_TF_ACTIVITY__decoupler_ulm,HALLMARK_HYPOXIA__mean_z,P0018,15,0.06071428571428571,0.8298120954425187,positive
COLLECTRI_BACH1_TF_ACTIVITY__decoupler_ulm,HALLMARK_HYPOXIA__mean_z,P0019,15,0.039285714285714285,0.8894459296739485,positive
COLLECTRI_BACH1_TF_ACTIVITY__decoupler_ulm,HALLMARK_HYPOXIA__mean_z,P0020,15,0.014285714285714282,0.9596997645989475,positive
COLLECTRI_BACH1_TF_ACTIVITY__decoupler_ulm,HALLMARK_HYPOXIA__mean_z,P0025,15,0.039285714285714285,0.8894459296739485,positive
COLLECTRI_BACH1_TF_ACTIVITY__decoupler_ulm,HALLMARK_HYPOXIA__mean_z,P0028,15,0.10714285714285714,0.7039010016261618,positive
COLLECTRI_BACH1_TF_ACTIVITY__decoupler_ulm,HALLMARK_HYPOXIA__mean_z,P0030,15,0.06071428571428571,0.8298120954425187,positive
COLLECTRI_BACH1_TF_ACTIVITY__decoupler_ulm,HALLMARK_HYPOXIA__mean_z,P0031,15,0.10357142857142855,0.7133796306287292,positive
COLLECTRI_BACH1_TF_ACTIVITY__decoupler_ulm,HALLMARK_HYPOXIA__mean_z,P0034,15,0.13214285714285715,0.6387442188840663,positive
BACH1_detected_fraction,HALLMARK_OXIDATIVE_PHOSPHORYLATION__ssgsea_NES,AL02,15,-0.34642857142857136,0.20589599209355114,negative
BACH1_detected_fraction,HALLMARK_OXIDATIVE_PHOSPHORYLATION__ssgsea_NES,AL06,15,-0.04285714285714285,0.8794603130258999,negative
BACH1_detected_fraction,HALLMARK_OXIDATIVE_PHOSPHORYLATION__ssgsea_NES,AL08,15,-0.06785714285714285,0.8101088187105132,negative
BACH1_detected_fraction,HALLMARK_OXIDATIVE_PHOSPHORYLATION__ssgsea_NES,AL10,15,-0.09999999999999999,0.7228973252791182,negative
BACH1_detected_fraction,HALLMARK_OXIDATIVE_PHOSPHORYLATION__ssgsea_NES,AL11,15,-0.2285714285714285,0.41256617049636035,negative
BACH1_detected_fraction,HALLMARK_OXIDATIVE_PHOSPHORYLATION__ssgsea_NES,P0006,15,-0.23928571428571427,0.3903793119202355,negative
BACH1_detected_fraction,HALLMARK_OXIDATIVE_PHOSPHORYLATION__ssgsea_NES,P0008,15,-0.07142857142857141,0.8002959873970545,negative
BACH1_detected_fraction,HALLMARK_OXIDATIVE_PHOSPHORYLATION__ssgsea_NES,P0009,15,-0.07857142857142857,0.7807545523090464,negative
BACH1_detected_fraction,HALLMARK_OXIDATIVE_PHOSPHORYLATION__ssgsea_NES,P0018,15,-0.07142857142857141,0.8002959873970545,negative
BACH1_detected_fraction,HALLMARK_OXIDATIVE_PHOSPHORYLATION__ssgsea_NES,P0019,15,-0.08214285714285713,0.7710285652881773,negative
BACH1_detected_fraction,HALLMARK_OXIDATIVE_PHOSPHORYLATION__ssgsea_NES,P0020,15,0.017857142857142853,0.9496353041738619,positive
BACH1_detected_fraction,HALLMARK_OXIDATIVE_PHOSPHORYLATION__ssgsea_NES,P0025,15,-0.049999999999999996,0.859540943467457,negative
BACH1_detected_fraction,HALLMARK_OXIDATIVE_PHOSPHORYLATION__ssgsea_NES,P0028,15,-0.08214285714285713,0.7710285652881773,negative
BACH1_detected_fraction,HALLMARK_OXIDATIVE_PHOSPHORYLATION__ssgsea_NES,P0030,15,-0.08928571428571427,0.7516725173502768,negative
BACH1_detected_fraction,HALLMARK_OXIDATIVE_PHOSPHORYLATION__ssgsea_NES,P0031,15,-0.11071428571428568,0.6944626472070964,negative
BACH1_detected_fraction,HALLMARK_OXIDATIVE_PHOSPHORYLATION__ssgsea_NES,P0034,15,-0.0964285714285714,0.7324528633867309,negative
COLLECTRI_BACH1_TF_ACTIVITY__decoupler_mlm,HALLMARK_REACTIVE_OXYGEN_SPECIES_PATHWAY__ssgsea_NES,AL02,15,-0.33928571428571425,0.2160289253419548,negative
COLLECTRI_BACH1_TF_ACTIVITY__decoupler_mlm,HALLMARK_REACTIVE_OXYGEN_SPECIES_PATHWAY__ssgsea_NES,AL06,15,-0.075,0.7905107941552678,negative
COLLECTRI_BACH1_TF_ACTIVITY__decoupler_mlm,HALLMARK_REACTIVE_OXYGEN_SPECIES_PATHWAY__ssgsea_NES,AL08,15,-0.1357142857142857,0.6296204418728145,negative
COLLECTRI_BACH1_TF_ACTIVITY__decoupler_mlm,HALLMARK_REACTIVE_OXYGEN_SPECIES_PATHWAY__ssgsea_NES,AL10,15,-0.1357142857142857,0.6296204418728145,negative
COLLECTRI_BACH1_TF_ACTIVITY__decoupler_mlm,HALLMARK_REACTIVE_OXYGEN_SPECIES_PATHWAY__ssgsea_NES,AL11,15,0.035714285714285705,0.8994469934720875,positive
COLLECTRI_BACH1_TF_ACTIVITY__decoupler_mlm,HALLMARK_REACTIVE_OXYGEN_SPECIES_PATHWAY__ssgsea_NES,P0006,15,-0.15357142857142855,0.5847640949410158,negative
COLLECTRI_BACH1_TF_ACTIVITY__decoupler_mlm,HALLMARK_REACTIVE_OXYGEN_SPECIES_PATHWAY__ssgsea_NES,P0008,15,-0.04642857142857142,0.8694915255450947,negative
COLLECTRI_BACH1_TF_ACTIVITY__decoupler_mlm,HALLMARK_REACTIVE_OXYGEN_SPECIES_PATHWAY__ssgsea_NES,P0009,15,-0.010714285714285713,0.9697698761545686,negative
COLLECTRI_BACH1_TF_ACTIVITY__decoupler_mlm,HALLMARK_REACTIVE_OXYGEN_SPECIES_PATHWAY__ssgsea_NES,P0018,15,-0.04642857142857142,0.8694915255450947,negative
COLLECTRI_BACH1_TF_ACTIVITY__decoupler_mlm,HALLMARK_REACTIVE_OXYGEN_SPECIES_PATHWAY__ssgsea_NES,P0019,15,-0.13928571428571426,0.6205460876279013,negative
COLLECTRI_BACH1_TF_ACTIVITY__decoupler_mlm,HALLMARK_REACTIVE_OXYGEN_SPECIES_PATHWAY__ssgsea_NES,P0020,15,-0.09285714285714285,0.7420450099073671,negative
COLLECTRI_BACH1_TF_ACTIVITY__decoupler_mlm,HALLMARK_REACTIVE_OXYGEN_SPECIES_PATHWAY__ssgsea_NES,P0025,15,-0.07142857142857141,0.8002959873970545,negative
COLLECTRI_BACH1_TF_ACTIVITY__decoupler_mlm,HALLMARK_REACTIVE_OXYGEN_SPECIES_PATHWAY__ssgsea_NES,P0028,15,-0.11785714285714284,0.6757115292213043,negative
COLLECTRI_BACH1_TF_ACTIVITY__decoupler_mlm,HALLMARK_REACTIVE_OXYGEN_SPECIES_PATHWAY__ssgsea_NES,P0030,15,-0.07142857142857141,0.8002959873970545,negative
COLLECTRI_BACH1_TF_ACTIVITY__decoupler_mlm,HALLMARK_REACTIVE_OXYGEN_SPECIES_PATHWAY__ssgsea_NES,P0031,15,-0.15357142857142855,0.5847640949410158,negative
COLLECTRI_BACH1_TF_ACTIVITY__decoupler_mlm,HALLMARK_REACTIVE_OXYGEN_SPECIES_PATHWAY__ssgsea_NES,P0034,15,-0.0857142857142857,0.7613341261907666,negative
COLLECTRI_BACH1_TF_ACTIVITY__mean_z,DOROTHEA_BACH1_ABC_TF_ACTIVITY__mean_z,AL02,15,0.08214285714285713,0.7710285652881773,positive
COLLECTRI_BACH1_TF_ACTIVITY__mean_z,DOROTHEA_BACH1_ABC_TF_ACTIVITY__mean_z,AL06,15,0.1464285714285714,0.602549920983054,positive
COLLECTRI_BACH1_TF_ACTIVITY__mean_z,DOROTHEA_BACH1_ABC_TF_ACTIVITY__mean_z,AL08,15,0.10714285714285714,0.7039010016261618,positive
COLLECTRI_BACH1_TF_ACTIVITY__mean_z,DOROTHEA_BACH1_ABC_TF_ACTIVITY__mean_z,AL10,15,0.11071428571428568,0.6944626472070964,positive
COLLECTRI_BACH1_TF_ACTIVITY__mean_z,DOROTHEA_BACH1_ABC_TF_ACTIVITY__mean_z,AL11,15,0.1607142857142857,0.5671967045803447,positive
COLLECTRI_BACH1_TF_ACTIVITY__mean_z,DOROTHEA_BACH1_ABC_TF_ACTIVITY__mean_z,P0006,15,0.13214285714285715,0.6387442188840663,positive
COLLECTRI_BACH1_TF_ACTIVITY__mean_z,DOROTHEA_BACH1_ABC_TF_ACTIVITY__mean_z,P0008,15,0.24285714285714283,0.3831283418393415,positive
COLLECTRI_BACH1_TF_ACTIVITY__mean_z,DOROTHEA_BACH1_ABC_TF_ACTIVITY__mean_z,P0009,15,0.28571428571428564,0.3019363513225493,positive
COLLECTRI_BACH1_TF_ACTIVITY__mean_z,DOROTHEA_BACH1_ABC_TF_ACTIVITY__mean_z,P0018,15,0.125,0.6571356681869506,positive
COLLECTRI_BACH1_TF_ACTIVITY__mean_z,DOROTHEA_BACH1_ABC_TF_ACTIVITY__mean_z,P0019,15,0.021428571428571425,0.9395779040128779,positive
COLLECTRI_BACH1_TF_ACTIVITY__mean_z,DOROTHEA_BACH1_ABC_TF_ACTIVITY__mean_z,P0020,15,-0.039285714285714285,0.8894459296739485,negative
COLLECTRI_BACH1_TF_ACTIVITY__mean_z,DOROTHEA_BACH1_ABC_TF_ACTIVITY__mean_z,P0025,15,-0.03214285714285714,0.9094621170945906,negative
COLLECTRI_BACH1_TF_ACTIVITY__mean_z,DOROTHEA_BACH1_ABC_TF_ACTIVITY__mean_z,P0028,15,0.125,0.6571356681869506,positive
COLLECTRI_BACH1_TF_ACTIVITY__mean_z,DOROTHEA_BACH1_ABC_TF_ACTIVITY__mean_z,P0030,15,0.04285714285714285,0.8794603130258999,positive
COLLECTRI_BACH1_TF_ACTIVITY__mean_z,DOROTHEA_BACH1_ABC_TF_ACTIVITY__mean_z,P0031,15,0.03214285714285714,0.9094621170945906,positive
COLLECTRI_BACH1_TF_ACTIVITY__mean_z,DOROTHEA_BACH1_ABC_TF_ACTIVITY__mean_z,P0034,15,0.0964285714285714,0.7324528633867309,positive
DOROTHEA_BACH1_ABC_TF_ACTIVITY__mean_z,COLLECTRI_BACH1_TF_ACTIVITY__mean_z,AL02,15,0.08214285714285713,0.7710285652881773,positive
DOROTHEA_BACH1_ABC_TF_ACTIVITY__mean_z,COLLECTRI_BACH1_TF_ACTIVITY__mean_z,AL06,15,0.1464285714285714,0.602549920983054,positive
DOROTHEA_BACH1_ABC_TF_ACTIVITY__mean_z,COLLECTRI_BACH1_TF_ACTIVITY__mean_z,AL08,15,0.10714285714285714,0.7039010016261618,positive
DOROTHEA_BACH1_ABC_TF_ACTIVITY__mean_z,COLLECTRI_BACH1_TF_ACTIVITY__mean_z,AL10,15,0.11071428571428568,0.6944626472070964,positive
DOROTHEA_BACH1_ABC_TF_ACTIVITY__mean_z,COLLECTRI_BACH1_TF_ACTIVITY__mean_z,AL11,15,0.1607142857142857,0.5671967045803447,positive
DOROTHEA_BACH1_ABC_TF_ACTIVITY__mean_z,COLLECTRI_BACH1_TF_ACTIVITY__mean_z,P0006,15,0.13214285714285715,0.6387442188840663,positive
DOROTHEA_BACH1_ABC_TF_ACTIVITY__mean_z,COLLECTRI_BACH1_TF_ACTIVITY__mean_z,P0008,15,0.24285714285714283,0.3831283418393415,positive
DOROTHEA_BACH1_ABC_TF_ACTIVITY__mean_z,COLLECTRI_BACH1_TF_ACTIVITY__mean_z,P0009,15,0.28571428571428564,0.3019363513225493,positive
DOROTHEA_BACH1_ABC_TF_ACTIVITY__mean_z,COLLECTRI_BACH1_TF_ACTIVITY__mean_z,P0018,15,0.125,0.6571356681869506,positive
DOROTHEA_BACH1_ABC_TF_ACTIVITY__mean_z,COLLECTRI_BACH1_TF_ACTIVITY__mean_z,P0019,15,0.021428571428571425,0.9395779040128779,positive
DOROTHEA_BACH1_ABC_TF_ACTIVITY__mean_z,COLLECTRI_BACH1_TF_ACTIVITY__mean_z,P0020,15,-0.039285714285714285,0.8894459296739485,negative
DOROTHEA_BACH1_ABC_TF_ACTIVITY__mean_z,COLLECTRI_BACH1_TF_ACTIVITY__mean_z,P0025,15,-0.03214285714285714,0.9094621170945906,negative
DOROTHEA_BACH1_ABC_TF_ACTIVITY__mean_z,COLLECTRI_BACH1_TF_ACTIVITY__mean_z,P0028,15,0.125,0.6571356681869506,positive
DOROTHEA_BACH1_ABC_TF_ACTIVITY__mean_z,COLLECTRI_BACH1_TF_ACTIVITY__mean_z,P0030,15,0.04285714285714285,0.8794603130258999,positive
DOROTHEA_BACH1_ABC_TF_ACTIVITY__mean_z,COLLECTRI_BACH1_TF_ACTIVITY__mean_z,P0031,15,0.03214285714285714,0.9094621170945906,positive
DOROTHEA_BACH1_ABC_TF_ACTIVITY__mean_z,COLLECTRI_BACH1_TF_ACTIVITY__mean_z,P0034,15,0.0964285714285714,0.7324528633867309,positive
COLLECTRI_BACH1_TF_ACTIVITY__decoupler_mlm,DOROTHEA_BACH1_ABC_TF_ACTIVITY__mean_z,AL02,15,0.075,0.7905107941552678,positive
COLLECTRI_BACH1_TF_ACTIVITY__decoupler_mlm,DOROTHEA_BACH1_ABC_TF_ACTIVITY__mean_z,AL06,15,-0.05357142857142857,0.8496099367776072,negative
COLLECTRI_BACH1_TF_ACTIVITY__decoupler_mlm,DOROTHEA_BACH1_ABC_TF_ACTIVITY__mean_z,AL08,15,-0.11428571428571425,0.6850657626568974,negative
COLLECTRI_BACH1_TF_ACTIVITY__decoupler_mlm,DOROTHEA_BACH1_ABC_TF_ACTIVITY__mean_z,AL10,15,-0.11071428571428568,0.6944626472070964,negative
COLLECTRI_BACH1_TF_ACTIVITY__decoupler_mlm,DOROTHEA_BACH1_ABC_TF_ACTIVITY__mean_z,AL11,15,0.024999999999999998,0.9295289708192378,positive
COLLECTRI_BACH1_TF_ACTIVITY__decoupler_mlm,DOROTHEA_BACH1_ABC_TF_ACTIVITY__mean_z,P0006,15,-0.12142857142857141,0.6664011137233892,negative
COLLECTRI_BACH1_TF_ACTIVITY__decoupler_mlm,DOROTHEA_BACH1_ABC_TF_ACTIVITY__mean_z,P0008,15,-0.024999999999999998,0.9295289708192378,negative
COLLECTRI_BACH1_TF_ACTIVITY__decoupler_mlm,DOROTHEA_BACH1_ABC_TF_ACTIVITY__mean_z,P0009,15,0.007142857142857141,0.9798442277615982,positive
COLLECTRI_BACH1_TF_ACTIVITY__decoupler_mlm,DOROTHEA_BACH1_ABC_TF_ACTIVITY__mean_z,P0018,15,-0.16428571428571426,0.5584973732486012,negative
COLLECTRI_BACH1_TF_ACTIVITY__decoupler_mlm,DOROTHEA_BACH1_ABC_TF_ACTIVITY__mean_z,P0019,15,-0.15714285714285714,0.5759526006037947,negative
COLLECTRI_BACH1_TF_ACTIVITY__decoupler_mlm,DOROTHEA_BACH1_ABC_TF_ACTIVITY__mean_z,P0020,15,-0.24642857142857136,0.375950515973805,negative
COLLECTRI_BACH1_TF_ACTIVITY__decoupler_mlm,DOROTHEA_BACH1_ABC_TF_ACTIVITY__mean_z,P0025,15,-0.1964285714285714,0.48289875627163353,negative
COLLECTRI_BACH1_TF_ACTIVITY__decoupler_mlm,DOROTHEA_BACH1_ABC_TF_ACTIVITY__mean_z,P0028,15,-0.0964285714285714,0.7324528633867309,negative
COLLECTRI_BACH1_TF_ACTIVITY__decoupler_mlm,DOROTHEA_BACH1_ABC_TF_ACTIVITY__mean_z,P0030,15,-0.16428571428571426,0.5584973732486012,negative
COLLECTRI_BACH1_TF_ACTIVITY__decoupler_mlm,DOROTHEA_BACH1_ABC_TF_ACTIVITY__mean_z,P0031,15,-0.12857142857142856,0.6479163294665075,negative
COLLECTRI_BACH1_TF_ACTIVITY__decoupler_mlm,DOROTHEA_BACH1_ABC_TF_ACTIVITY__mean_z,P0034,15,-0.11428571428571425,0.6850657626568974,negative
DOROTHEA_BACH1_ABC_TF_ACTIVITY__mean_z,COLLECTRI_BACH1_TF_ACTIVITY__decoupler_mlm,AL02,15,0.075,0.7905107941552678,positive
DOROTHEA_BACH1_ABC_TF_ACTIVITY__mean_z,COLLECTRI_BACH1_TF_ACTIVITY__decoupler_mlm,AL06,15,-0.05357142857142857,0.8496099367776072,negative
DOROTHEA_BACH1_ABC_TF_ACTIVITY__mean_z,COLLECTRI_BACH1_TF_ACTIVITY__decoupler_mlm,AL08,15,-0.11428571428571425,0.6850657626568974,negative
DOROTHEA_BACH1_ABC_TF_ACTIVITY__mean_z,COLLECTRI_BACH1_TF_ACTIVITY__decoupler_mlm,AL10,15,-0.11071428571428568,0.6944626472070964,negative
DOROTHEA_BACH1_ABC_TF_ACTIVITY__mean_z,COLLECTRI_BACH1_TF_ACTIVITY__decoupler_mlm,AL11,15,0.024999999999999998,0.9295289708192378,positive
DOROTHEA_BACH1_ABC_TF_ACTIVITY__mean_z,COLLECTRI_BACH1_TF_ACTIVITY__decoupler_mlm,P0006,15,-0.12142857142857141,0.6664011137233892,negative
DOROTHEA_BACH1_ABC_TF_ACTIVITY__mean_z,COLLECTRI_BACH1_TF_ACTIVITY__decoupler_mlm,P0008,15,-0.024999999999999998,0.9295289708192378,negative
DOROTHEA_BACH1_ABC_TF_ACTIVITY__mean_z,COLLECTRI_BACH1_TF_ACTIVITY__decoupler_mlm,P0009,15,0.007142857142857141,0.9798442277615982,positive
DOROTHEA_BACH1_ABC_TF_ACTIVITY__mean_z,COLLECTRI_BACH1_TF_ACTIVITY__decoupler_mlm,P0018,15,-0.16428571428571426,0.5584973732486012,negative
DOROTHEA_BACH1_ABC_TF_ACTIVITY__mean_z,COLLECTRI_BACH1_TF_ACTIVITY__decoupler_mlm,P0019,15,-0.15714285714285714,0.5759526006037947,negative
DOROTHEA_BACH1_ABC_TF_ACTIVITY__mean_z,COLLECTRI_BACH1_TF_ACTIVITY__decoupler_mlm,P0020,15,-0.24642857142857136,0.375950515973805,negative
DOROTHEA_BACH1_ABC_TF_ACTIVITY__mean_z,COLLECTRI_BACH1_TF_ACTIVITY__decoupler_mlm,P0025,15,-0.1964285714285714,0.48289875627163353,negative
DOROTHEA_BACH1_ABC_TF_ACTIVITY__mean_z,COLLECTRI_BACH1_TF_ACTIVITY__decoupler_mlm,P0028,15,-0.0964285714285714,0.7324528633867309,negative
DOROTHEA_BACH1_ABC_TF_ACTIVITY__mean_z,COLLECTRI_BACH1_TF_ACTIVITY__decoupler_mlm,P0030,15,-0.16428571428571426,0.5584973732486012,negative
DOROTHEA_BACH1_ABC_TF_ACTIVITY__mean_z,COLLECTRI_BACH1_TF_ACTIVITY__decoupler_mlm,P0031,15,-0.12857142857142856,0.6479163294665075,negative
DOROTHEA_BACH1_ABC_TF_ACTIVITY__mean_z,COLLECTRI_BACH1_TF_ACTIVITY__decoupler_mlm,P0034,15,-0.11428571428571425,0.6850657626568974,negative
DOROTHEA_BACH1_ABC_TF_ACTIVITY__decoupler_mlm,LITERATURE_LUNG_BACH1_EFFECTOR_ACTIVITY__ssgsea_NES,AL02,15,0.09285714285714285,0.7420450099073671,positive
DOROTHEA_BACH1_ABC_TF_ACTIVITY__decoupler_mlm,LITERATURE_LUNG_BACH1_EFFECTOR_ACTIVITY__ssgsea_NES,AL06,15,0.2821428571428571,0.3082844568200555,positive
DOROTHEA_BACH1_ABC_TF_ACTIVITY__decoupler_mlm,LITERATURE_LUNG_BACH1_EFFECTOR_ACTIVITY__ssgsea_NES,AL08,15,-0.017857142857142853,0.9496353041738619,negative
DOROTHEA_BACH1_ABC_TF_ACTIVITY__decoupler_mlm,LITERATURE_LUNG_BACH1_EFFECTOR_ACTIVITY__ssgsea_NES,AL10,15,0.06785714285714285,0.8101088187105132,positive
DOROTHEA_BACH1_ABC_TF_ACTIVITY__decoupler_mlm,LITERATURE_LUNG_BACH1_EFFECTOR_ACTIVITY__ssgsea_NES,AL11,15,-0.049999999999999996,0.859540943467457,negative
DOROTHEA_BACH1_ABC_TF_ACTIVITY__decoupler_mlm,LITERATURE_LUNG_BACH1_EFFECTOR_ACTIVITY__ssgsea_NES,P0006,15,0.075,0.7905107941552678,positive
DOROTHEA_BACH1_ABC_TF_ACTIVITY__decoupler_mlm,LITERATURE_LUNG_BACH1_EFFECTOR_ACTIVITY__ssgsea_NES,P0008,15,0.21071428571428572,0.450957865215285,positive
DOROTHEA_BACH1_ABC_TF_ACTIVITY__decoupler_mlm,LITERATURE_LUNG_BACH1_EFFECTOR_ACTIVITY__ssgsea_NES,P0009,15,0.0857142857142857,0.7613341261907666,positive
DOROTHEA_BACH1_ABC_TF_ACTIVITY__decoupler_mlm,LITERATURE_LUNG_BACH1_EFFECTOR_ACTIVITY__ssgsea_NES,P0018,15,0.07857142857142857,0.7807545523090464,positive
DOROTHEA_BACH1_ABC_TF_ACTIVITY__decoupler_mlm,LITERATURE_LUNG_BACH1_EFFECTOR_ACTIVITY__ssgsea_NES,P0019,15,0.075,0.7905107941552678,positive
DOROTHEA_BACH1_ABC_TF_ACTIVITY__decoupler_mlm,LITERATURE_LUNG_BACH1_EFFECTOR_ACTIVITY__ssgsea_NES,P0020,15,-0.014285714285714282,0.9596997645989475,negative
DOROTHEA_BACH1_ABC_TF_ACTIVITY__decoupler_mlm,LITERATURE_LUNG_BACH1_EFFECTOR_ACTIVITY__ssgsea_NES,P0025,15,0.1928571428571428,0.49104870160522307,positive
DOROTHEA_BACH1_ABC_TF_ACTIVITY__decoupler_mlm,LITERATURE_LUNG_BACH1_EFFECTOR_ACTIVITY__ssgsea_NES,P0028,15,0.09285714285714285,0.7420450099073671,positive
DOROTHEA_BACH1_ABC_TF_ACTIVITY__decoupler_mlm,LITERATURE_LUNG_BACH1_EFFECTOR_ACTIVITY__ssgsea_NES,P0030,15,0.175,0.5327481481378592,positive
DOROTHEA_BACH1_ABC_TF_ACTIVITY__decoupler_mlm,LITERATURE_LUNG_BACH1_EFFECTOR_ACTIVITY__ssgsea_NES,P0031,15,0.06071428571428571,0.8298120954425187,positive
DOROTHEA_BACH1_ABC_TF_ACTIVITY__decoupler_mlm,LITERATURE_LUNG_BACH1_EFFECTOR_ACTIVITY__ssgsea_NES,P0034,15,0.10357142857142855,0.7133796306287292,positive
COLLECTRI_BACH1_TF_ACTIVITY__decoupler_mlm,CURATED_NRF2_ANTIOXIDANT_RESPONSE__ssgsea_NES,AL02,15,-0.32499999999999996,0.237225438237234,negative
COLLECTRI_BACH1_TF_ACTIVITY__decoupler_mlm,CURATED_NRF2_ANTIOXIDANT_RESPONSE__ssgsea_NES,AL06,15,-0.075,0.7905107941552678,negative
COLLECTRI_BACH1_TF_ACTIVITY__decoupler_mlm,CURATED_NRF2_ANTIOXIDANT_RESPONSE__ssgsea_NES,AL08,15,-0.125,0.6571356681869506,negative
COLLECTRI_BACH1_TF_ACTIVITY__decoupler_mlm,CURATED_NRF2_ANTIOXIDANT_RESPONSE__ssgsea_NES,AL10,15,-0.11785714285714284,0.6757115292213043,negative
COLLECTRI_BACH1_TF_ACTIVITY__decoupler_mlm,CURATED_NRF2_ANTIOXIDANT_RESPONSE__ssgsea_NES,AL11,15,0.049999999999999996,0.859540943467457,positive
COLLECTRI_BACH1_TF_ACTIVITY__decoupler_mlm,CURATED_NRF2_ANTIOXIDANT_RESPONSE__ssgsea_NES,P0006,15,-0.12857142857142856,0.6479163294665075,negative
COLLECTRI_BACH1_TF_ACTIVITY__decoupler_mlm,CURATED_NRF2_ANTIOXIDANT_RESPONSE__ssgsea_NES,P0008,15,0.017857142857142853,0.9496353041738619,positive
COLLECTRI_BACH1_TF_ACTIVITY__decoupler_mlm,CURATED_NRF2_ANTIOXIDANT_RESPONSE__ssgsea_NES,P0009,15,0.017857142857142853,0.9496353041738619,positive
COLLECTRI_BACH1_TF_ACTIVITY__decoupler_mlm,CURATED_NRF2_ANTIOXIDANT_RESPONSE__ssgsea_NES,P0018,15,-0.049999999999999996,0.859540943467457,negative
COLLECTRI_BACH1_TF_ACTIVITY__decoupler_mlm,CURATED_NRF2_ANTIOXIDANT_RESPONSE__ssgsea_NES,P0019,15,-0.1857142857142857,0.5075409629336735,negative
COLLECTRI_BACH1_TF_ACTIVITY__decoupler_mlm,CURATED_NRF2_ANTIOXIDANT_RESPONSE__ssgsea_NES,P0020,15,-0.049999999999999996,0.859540943467457,negative
COLLECTRI_BACH1_TF_ACTIVITY__decoupler_mlm,CURATED_NRF2_ANTIOXIDANT_RESPONSE__ssgsea_NES,P0025,15,-0.10357142857142855,0.7133796306287292,negative
COLLECTRI_BACH1_TF_ACTIVITY__decoupler_mlm,CURATED_NRF2_ANTIOXIDANT_RESPONSE__ssgsea_NES,P0028,15,-0.10714285714285714,0.7039010016261618,negative
COLLECTRI_BACH1_TF_ACTIVITY__decoupler_mlm,CURATED_NRF2_ANTIOXIDANT_RESPONSE__ssgsea_NES,P0030,15,-0.075,0.7905107941552678,negative
COLLECTRI_BACH1_TF_ACTIVITY__decoupler_mlm,CURATED_NRF2_ANTIOXIDANT_RESPONSE__ssgsea_NES,P0031,15,-0.09999999999999999,0.7228973252791182,negative
COLLECTRI_BACH1_TF_ACTIVITY__decoupler_mlm,CURATED_NRF2_ANTIOXIDANT_RESPONSE__ssgsea_NES,P0034,15,-0.0857142857142857,0.7613341261907666,negative
DOROTHEA_BACH1_ABC_TF_ACTIVITY__decoupler_mlm,HALLMARK_HEME_METABOLISM__ssgsea_NES,AL02,15,-0.028571428571428564,0.9194899083821858,negative
DOROTHEA_BACH1_ABC_TF_ACTIVITY__decoupler_mlm,HALLMARK_HEME_METABOLISM__ssgsea_NES,AL06,15,-0.010714285714285713,0.9697698761545686,negative
DOROTHEA_BACH1_ABC_TF_ACTIVITY__decoupler_mlm,HALLMARK_HEME_METABOLISM__ssgsea_NES,AL08,15,-0.28928571428571426,0.29566536100437774,negative
DOROTHEA_BACH1_ABC_TF_ACTIVITY__decoupler_mlm,HALLMARK_HEME_METABOLISM__ssgsea_NES,AL10,15,-0.17857142857142855,0.5242843600465524,negative
DOROTHEA_BACH1_ABC_TF_ACTIVITY__decoupler_mlm,HALLMARK_HEME_METABOLISM__ssgsea_NES,AL11,15,-0.1464285714285714,0.602549920983054,negative
DOROTHEA_BACH1_ABC_TF_ACTIVITY__decoupler_mlm,HALLMARK_HEME_METABOLISM__ssgsea_NES,P0006,15,-0.08214285714285713,0.7710285652881773,negative
DOROTHEA_BACH1_ABC_TF_ACTIVITY__decoupler_mlm,HALLMARK_HEME_METABOLISM__ssgsea_NES,P0008,15,-0.12142857142857141,0.6664011137233892,negative
DOROTHEA_BACH1_ABC_TF_ACTIVITY__decoupler_mlm,HALLMARK_HEME_METABOLISM__ssgsea_NES,P0009,15,-0.09285714285714285,0.7420450099073671,negative
DOROTHEA_BACH1_ABC_TF_ACTIVITY__decoupler_mlm,HALLMARK_HEME_METABOLISM__ssgsea_NES,P0018,15,-0.021428571428571425,0.9395779040128779,negative
DOROTHEA_BACH1_ABC_TF_ACTIVITY__decoupler_mlm,HALLMARK_HEME_METABOLISM__ssgsea_NES,P0019,15,-0.08928571428571427,0.7516725173502768,negative
DOROTHEA_BACH1_ABC_TF_ACTIVITY__decoupler_mlm,HALLMARK_HEME_METABOLISM__ssgsea_NES,P0020,15,-0.08928571428571427,0.7516725173502768,negative
DOROTHEA_BACH1_ABC_TF_ACTIVITY__decoupler_mlm,HALLMARK_HEME_METABOLISM__ssgsea_NES,P0025,15,0.05357142857142857,0.8496099367776072,positive
DOROTHEA_BACH1_ABC_TF_ACTIVITY__decoupler_mlm,HALLMARK_HEME_METABOLISM__ssgsea_NES,P0028,15,-0.12857142857142856,0.6479163294665075,negative
DOROTHEA_BACH1_ABC_TF_ACTIVITY__decoupler_mlm,HALLMARK_HEME_METABOLISM__ssgsea_NES,P0030,15,0.0035714285714285704,0.9899214068809781,positive
DOROTHEA_BACH1_ABC_TF_ACTIVITY__decoupler_mlm,HALLMARK_HEME_METABOLISM__ssgsea_NES,P0031,15,-0.09999999999999999,0.7228973252791182,negative
DOROTHEA_BACH1_ABC_TF_ACTIVITY__decoupler_mlm,HALLMARK_HEME_METABOLISM__ssgsea_NES,P0034,15,-0.12857142857142856,0.6479163294665075,negative
DOROTHEA_BACH1_ABC_TF_ACTIVITY__mean_z,HALLMARK_GLYCOLYSIS__ssgsea_NES,AL02,15,0.3178571428571428,0.24829056581701822,positive
DOROTHEA_BACH1_ABC_TF_ACTIVITY__mean_z,HALLMARK_GLYCOLYSIS__ssgsea_NES,AL06,15,0.2678571428571428,0.33444360051235367,positive
DOROTHEA_BACH1_ABC_TF_ACTIVITY__mean_z,HALLMARK_GLYCOLYSIS__ssgsea_NES,AL08,15,0.05714285714285713,0.8396998687415759,positive
DOROTHEA_BACH1_ABC_TF_ACTIVITY__mean_z,HALLMARK_GLYCOLYSIS__ssgsea_NES,AL10,15,0.04642857142857142,0.8694915255450947,positive
DOROTHEA_BACH1_ABC_TF_ACTIVITY__mean_z,HALLMARK_GLYCOLYSIS__ssgsea_NES,AL11,15,0.20357142857142854,0.4667950724891123,positive
DOROTHEA_BACH1_ABC_TF_ACTIVITY__mean_z,HALLMARK_GLYCOLYSIS__ssgsea_NES,P0006,15,0.07857142857142857,0.7807545523090464,positive
DOROTHEA_BACH1_ABC_TF_ACTIVITY__mean_z,HALLMARK_GLYCOLYSIS__ssgsea_NES,P0008,15,0.06785714285714285,0.8101088187105132,positive
DOROTHEA_BACH1_ABC_TF_ACTIVITY__mean_z,HALLMARK_GLYCOLYSIS__ssgsea_NES,P0009,15,-0.05357142857142857,0.8496099367776072,negative
DOROTHEA_BACH1_ABC_TF_ACTIVITY__mean_z,HALLMARK_GLYCOLYSIS__ssgsea_NES,P0018,15,0.05714285714285713,0.8396998687415759,positive
DOROTHEA_BACH1_ABC_TF_ACTIVITY__mean_z,HALLMARK_GLYCOLYSIS__ssgsea_NES,P0019,15,0.07857142857142857,0.7807545523090464,positive
DOROTHEA_BACH1_ABC_TF_ACTIVITY__mean_z,HALLMARK_GLYCOLYSIS__ssgsea_NES,P0020,15,0.010714285714285713,0.9697698761545686,positive
DOROTHEA_BACH1_ABC_TF_ACTIVITY__mean_z,HALLMARK_GLYCOLYSIS__ssgsea_NES,P0025,15,0.0857142857142857,0.7613341261907666,positive
DOROTHEA_BACH1_ABC_TF_ACTIVITY__mean_z,HALLMARK_GLYCOLYSIS__ssgsea_NES,P0028,15,0.04642857142857142,0.8694915255450947,positive
DOROTHEA_BACH1_ABC_TF_ACTIVITY__mean_z,HALLMARK_GLYCOLYSIS__ssgsea_NES,P0030,15,0.024999999999999998,0.9295289708192378,positive
DOROTHEA_BACH1_ABC_TF_ACTIVITY__mean_z,HALLMARK_GLYCOLYSIS__ssgsea_NES,P0031,15,0.07857142857142857,0.7807545523090464,positive
DOROTHEA_BACH1_ABC_TF_ACTIVITY__mean_z,HALLMARK_GLYCOLYSIS__ssgsea_NES,P0034,15,0.09285714285714285,0.7420450099073671,positive
BACH1_expression_mean,HALLMARK_OXIDATIVE_PHOSPHORYLATION__ssgsea_NES,AL02,15,-0.10714285714285714,0.7039010016261618,negative
BACH1_expression_mean,HALLMARK_OXIDATIVE_PHOSPHORYLATION__ssgsea_NES,AL06,15,0.17857142857142855,0.5242843600465524,positive
BACH1_expression_mean,HALLMARK_OXIDATIVE_PHOSPHORYLATION__ssgsea_NES,AL08,15,0.08928571428571427,0.7516725173502768,positive
BACH1_expression_mean,HALLMARK_OXIDATIVE_PHOSPHORYLATION__ssgsea_NES,AL10,15,0.1357142857142857,0.6296204418728145,positive
BACH1_expression_mean,HALLMARK_OXIDATIVE_PHOSPHORYLATION__ssgsea_NES,AL11,15,0.0,1.0,zero_or_nan
BACH1_expression_mean,HALLMARK_OXIDATIVE_PHOSPHORYLATION__ssgsea_NES,P0006,15,-0.04642857142857142,0.8694915255450947,negative
BACH1_expression_mean,HALLMARK_OXIDATIVE_PHOSPHORYLATION__ssgsea_NES,P0008,15,0.05714285714285713,0.8396998687415759,positive
BACH1_expression_mean,HALLMARK_OXIDATIVE_PHOSPHORYLATION__ssgsea_NES,P0009,15,0.03214285714285714,0.9094621170945906,positive
BACH1_expression_mean,HALLMARK_OXIDATIVE_PHOSPHORYLATION__ssgsea_NES,P0018,15,0.15714285714285714,0.5759526006037947,positive
BACH1_expression_mean,HALLMARK_OXIDATIVE_PHOSPHORYLATION__ssgsea_NES,P0019,15,0.09999999999999999,0.7228973252791182,positive
BACH1_expression_mean,HALLMARK_OXIDATIVE_PHOSPHORYLATION__ssgsea_NES,P0020,15,0.2571428571428571,0.3548603636506091,positive
BACH1_expression_mean,HALLMARK_OXIDATIVE_PHOSPHORYLATION__ssgsea_NES,P0025,15,0.15714285714285714,0.5759526006037947,positive
BACH1_expression_mean,HALLMARK_OXIDATIVE_PHOSPHORYLATION__ssgsea_NES,P0028,15,0.11071428571428568,0.6944626472070964,positive
BACH1_expression_mean,HALLMARK_OXIDATIVE_PHOSPHORYLATION__ssgsea_NES,P0030,15,0.10357142857142855,0.7133796306287292,positive
BACH1_expression_mean,HALLMARK_OXIDATIVE_PHOSPHORYLATION__ssgsea_NES,P0031,15,0.075,0.7905107941552678,positive
BACH1_expression_mean,HALLMARK_OXIDATIVE_PHOSPHORYLATION__ssgsea_NES,P0034,15,0.10357142857142855,0.7133796306287292,positive
DOROTHEA_BACH1_ABC_TF_ACTIVITY__decoupler_ulm,KLENJA2025_BACH1_ACTIVITY_INVERTED__ssgsea_NES,AL02,15,0.1607142857142857,0.5671967045803447,positive
DOROTHEA_BACH1_ABC_TF_ACTIVITY__decoupler_ulm,KLENJA2025_BACH1_ACTIVITY_INVERTED__ssgsea_NES,AL06,15,0.10714285714285714,0.7039010016261618,positive
DOROTHEA_BACH1_ABC_TF_ACTIVITY__decoupler_ulm,KLENJA2025_BACH1_ACTIVITY_INVERTED__ssgsea_NES,AL08,15,0.2285714285714285,0.41256617049636035,positive
DOROTHEA_BACH1_ABC_TF_ACTIVITY__decoupler_ulm,KLENJA2025_BACH1_ACTIVITY_INVERTED__ssgsea_NES,AL10,15,0.125,0.6571356681869506,positive
DOROTHEA_BACH1_ABC_TF_ACTIVITY__decoupler_ulm,KLENJA2025_BACH1_ACTIVITY_INVERTED__ssgsea_NES,AL11,15,0.014285714285714282,0.9596997645989475,positive
DOROTHEA_BACH1_ABC_TF_ACTIVITY__decoupler_ulm,KLENJA2025_BACH1_ACTIVITY_INVERTED__ssgsea_NES,P0006,15,0.06785714285714285,0.8101088187105132,positive
DOROTHEA_BACH1_ABC_TF_ACTIVITY__decoupler_ulm,KLENJA2025_BACH1_ACTIVITY_INVERTED__ssgsea_NES,P0008,15,0.1607142857142857,0.5671967045803447,positive
DOROTHEA_BACH1_ABC_TF_ACTIVITY__decoupler_ulm,KLENJA2025_BACH1_ACTIVITY_INVERTED__ssgsea_NES,P0009,15,0.017857142857142853,0.9496353041738619,positive
DOROTHEA_BACH1_ABC_TF_ACTIVITY__decoupler_ulm,KLENJA2025_BACH1_ACTIVITY_INVERTED__ssgsea_NES,P0018,15,0.035714285714285705,0.8994469934720875,positive
DOROTHEA_BACH1_ABC_TF_ACTIVITY__decoupler_ulm,KLENJA2025_BACH1_ACTIVITY_INVERTED__ssgsea_NES,P0019,15,0.06785714285714285,0.8101088187105132,positive
DOROTHEA_BACH1_ABC_TF_ACTIVITY__decoupler_ulm,KLENJA2025_BACH1_ACTIVITY_INVERTED__ssgsea_NES,P0020,15,0.10714285714285714,0.7039010016261618,positive
DOROTHEA_BACH1_ABC_TF_ACTIVITY__decoupler_ulm,KLENJA2025_BACH1_ACTIVITY_INVERTED__ssgsea_NES,P0025,15,-0.06071428571428571,0.8298120954425187,negative
DOROTHEA_BACH1_ABC_TF_ACTIVITY__decoupler_ulm,KLENJA2025_BACH1_ACTIVITY_INVERTED__ssgsea_NES,P0028,15,0.035714285714285705,0.8994469934720875,positive
DOROTHEA_BACH1_ABC_TF_ACTIVITY__decoupler_ulm,KLENJA2025_BACH1_ACTIVITY_INVERTED__ssgsea_NES,P0030,15,0.1357142857142857,0.6296204418728145,positive
DOROTHEA_BACH1_ABC_TF_ACTIVITY__decoupler_ulm,KLENJA2025_BACH1_ACTIVITY_INVERTED__ssgsea_NES,P0031,15,0.06785714285714285,0.8101088187105132,positive
DOROTHEA_BACH1_ABC_TF_ACTIVITY__decoupler_ulm,KLENJA2025_BACH1_ACTIVITY_INVERTED__ssgsea_NES,P0034,15,0.08214285714285713,0.7710285652881773,positive
KLENJA2025_BACH1_ACTIVITY_INVERTED__ssgsea_NES,DOROTHEA_BACH1_ABC_TF_ACTIVITY__decoupler_ulm,AL02,15,0.1607142857142857,0.5671967045803447,positive
KLENJA2025_BACH1_ACTIVITY_INVERTED__ssgsea_NES,DOROTHEA_BACH1_ABC_TF_ACTIVITY__decoupler_ulm,AL06,15,0.10714285714285714,0.7039010016261618,positive
KLENJA2025_BACH1_ACTIVITY_INVERTED__ssgsea_NES,DOROTHEA_BACH1_ABC_TF_ACTIVITY__decoupler_ulm,AL08,15,0.2285714285714285,0.41256617049636035,positive
KLENJA2025_BACH1_ACTIVITY_INVERTED__ssgsea_NES,DOROTHEA_BACH1_ABC_TF_ACTIVITY__decoupler_ulm,AL10,15,0.125,0.6571356681869506,positive
KLENJA2025_BACH1_ACTIVITY_INVERTED__ssgsea_NES,DOROTHEA_BACH1_ABC_TF_ACTIVITY__decoupler_ulm,AL11,15,0.014285714285714282,0.9596997645989475,positive
KLENJA2025_BACH1_ACTIVITY_INVERTED__ssgsea_NES,DOROTHEA_BACH1_ABC_TF_ACTIVITY__decoupler_ulm,P0006,15,0.06785714285714285,0.8101088187105132,positive
KLENJA2025_BACH1_ACTIVITY_INVERTED__ssgsea_NES,DOROTHEA_BACH1_ABC_TF_ACTIVITY__decoupler_ulm,P0008,15,0.1607142857142857,0.5671967045803447,positive
KLENJA2025_BACH1_ACTIVITY_INVERTED__ssgsea_NES,DOROTHEA_BACH1_ABC_TF_ACTIVITY__decoupler_ulm,P0009,15,0.017857142857142853,0.9496353041738619,positive
KLENJA2025_BACH1_ACTIVITY_INVERTED__ssgsea_NES,DOROTHEA_BACH1_ABC_TF_ACTIVITY__decoupler_ulm,P0018,15,0.035714285714285705,0.8994469934720875,positive
KLENJA2025_BACH1_ACTIVITY_INVERTED__ssgsea_NES,DOROTHEA_BACH1_ABC_TF_ACTIVITY__decoupler_ulm,P0019,15,0.06785714285714285,0.8101088187105132,positive
KLENJA2025_BACH1_ACTIVITY_INVERTED__ssgsea_NES,DOROTHEA_BACH1_ABC_TF_ACTIVITY__decoupler_ulm,P0020,15,0.10714285714285714,0.7039010016261618,positive
KLENJA2025_BACH1_ACTIVITY_INVERTED__ssgsea_NES,DOROTHEA_BACH1_ABC_TF_ACTIVITY__decoupler_ulm,P0025,15,-0.06071428571428571,0.8298120954425187,negative
KLENJA2025_BACH1_ACTIVITY_INVERTED__ssgsea_NES,DOROTHEA_BACH1_ABC_TF_ACTIVITY__decoupler_ulm,P0028,15,0.035714285714285705,0.8994469934720875,positive
KLENJA2025_BACH1_ACTIVITY_INVERTED__ssgsea_NES,DOROTHEA_BACH1_ABC_TF_ACTIVITY__decoupler_ulm,P0030,15,0.1357142857142857,0.6296204418728145,positive
KLENJA2025_BACH1_ACTIVITY_INVERTED__ssgsea_NES,DOROTHEA_BACH1_ABC_TF_ACTIVITY__decoupler_ulm,P0031,15,0.06785714285714285,0.8101088187105132,positive
KLENJA2025_BACH1_ACTIVITY_INVERTED__ssgsea_NES,DOROTHEA_BACH1_ABC_TF_ACTIVITY__decoupler_ulm,P0034,15,0.08214285714285713,0.7710285652881773,positive
DOROTHEA_BACH1_ABC_TF_ACTIVITY__ssgsea_NES,CURATED_NRF2_ANTIOXIDANT_RESPONSE__ssgsea_NES,AL02,15,0.04642857142857142,0.8694915255450947,positive
DOROTHEA_BACH1_ABC_TF_ACTIVITY__ssgsea_NES,CURATED_NRF2_ANTIOXIDANT_RESPONSE__ssgsea_NES,AL06,15,-0.18928571428571428,0.4992630332385452,negative
DOROTHEA_BACH1_ABC_TF_ACTIVITY__ssgsea_NES,CURATED_NRF2_ANTIOXIDANT_RESPONSE__ssgsea_NES,AL08,15,0.035714285714285705,0.8994469934720875,positive
DOROTHEA_BACH1_ABC_TF_ACTIVITY__ssgsea_NES,CURATED_NRF2_ANTIOXIDANT_RESPONSE__ssgsea_NES,AL10,15,-0.017857142857142853,0.9496353041738619,negative
DOROTHEA_BACH1_ABC_TF_ACTIVITY__ssgsea_NES,CURATED_NRF2_ANTIOXIDANT_RESPONSE__ssgsea_NES,AL11,15,-0.13928571428571426,0.6205460876279013,negative
DOROTHEA_BACH1_ABC_TF_ACTIVITY__ssgsea_NES,CURATED_NRF2_ANTIOXIDANT_RESPONSE__ssgsea_NES,P0006,15,-0.10714285714285714,0.7039010016261618,negative
DOROTHEA_BACH1_ABC_TF_ACTIVITY__ssgsea_NES,CURATED_NRF2_ANTIOXIDANT_RESPONSE__ssgsea_NES,P0008,15,-0.2714285714285714,0.3277893068411728,negative
DOROTHEA_BACH1_ABC_TF_ACTIVITY__ssgsea_NES,CURATED_NRF2_ANTIOXIDANT_RESPONSE__ssgsea_NES,P0009,15,0.017857142857142853,0.9496353041738619,positive
DOROTHEA_BACH1_ABC_TF_ACTIVITY__ssgsea_NES,CURATED_NRF2_ANTIOXIDANT_RESPONSE__ssgsea_NES,P0018,15,-0.10357142857142855,0.7133796306287292,negative
DOROTHEA_BACH1_ABC_TF_ACTIVITY__ssgsea_NES,CURATED_NRF2_ANTIOXIDANT_RESPONSE__ssgsea_NES,P0019,15,-0.10714285714285714,0.7039010016261618,negative
DOROTHEA_BACH1_ABC_TF_ACTIVITY__ssgsea_NES,CURATED_NRF2_ANTIOXIDANT_RESPONSE__ssgsea_NES,P0020,15,-0.05357142857142857,0.8496099367776072,negative
DOROTHEA_BACH1_ABC_TF_ACTIVITY__ssgsea_NES,CURATED_NRF2_ANTIOXIDANT_RESPONSE__ssgsea_NES,P0025,15,-0.0857142857142857,0.7613341261907666,negative
DOROTHEA_BACH1_ABC_TF_ACTIVITY__ssgsea_NES,CURATED_NRF2_ANTIOXIDANT_RESPONSE__ssgsea_NES,P0028,15,-0.125,0.6571356681869506,negative
DOROTHEA_BACH1_ABC_TF_ACTIVITY__ssgsea_NES,CURATED_NRF2_ANTIOXIDANT_RESPONSE__ssgsea_NES,P0030,15,-0.049999999999999996,0.859540943467457,negative
DOROTHEA_BACH1_ABC_TF_ACTIVITY__ssgsea_NES,CURATED_NRF2_ANTIOXIDANT_RESPONSE__ssgsea_NES,P0031,15,-0.075,0.7905107941552678,negative
DOROTHEA_BACH1_ABC_TF_ACTIVITY__ssgsea_NES,CURATED_NRF2_ANTIOXIDANT_RESPONSE__ssgsea_NES,P0034,15,-0.08928571428571427,0.7516725173502768,negative
KLENJA2025_BACH1_ACTIVITY_INVERTED__ssgsea_NES,HALLMARK_HYPOXIA__mean_z,AL02,15,0.3142857142857143,0.2539400163236716,positive
KLENJA2025_BACH1_ACTIVITY_INVERTED__ssgsea_NES,HALLMARK_HYPOXIA__mean_z,AL06,15,0.12857142857142856,0.6479163294665075,positive
KLENJA2025_BACH1_ACTIVITY_INVERTED__ssgsea_NES,HALLMARK_HYPOXIA__mean_z,AL08,15,0.0857142857142857,0.7613341261907666,positive
KLENJA2025_BACH1_ACTIVITY_INVERTED__ssgsea_NES,HALLMARK_HYPOXIA__mean_z,AL10,15,0.08928571428571427,0.7516725173502768,positive
KLENJA2025_BACH1_ACTIVITY_INVERTED__ssgsea_NES,HALLMARK_HYPOXIA__mean_z,AL11,15,0.125,0.6571356681869506,positive
KLENJA2025_BACH1_ACTIVITY_INVERTED__ssgsea_NES,HALLMARK_HYPOXIA__mean_z,P0006,15,0.0857142857142857,0.7613341261907666,positive
KLENJA2025_BACH1_ACTIVITY_INVERTED__ssgsea_NES,HALLMARK_HYPOXIA__mean_z,P0008,15,0.1357142857142857,0.6296204418728145,positive
KLENJA2025_BACH1_ACTIVITY_INVERTED__ssgsea_NES,HALLMARK_HYPOXIA__mean_z,P0009,15,-0.06071428571428571,0.8298120954425187,negative
KLENJA2025_BACH1_ACTIVITY_INVERTED__ssgsea_NES,HALLMARK_HYPOXIA__mean_z,P0018,15,0.0857142857142857,0.7613341261907666,positive
KLENJA2025_BACH1_ACTIVITY_INVERTED__ssgsea_NES,HALLMARK_HYPOXIA__mean_z,P0019,15,-0.04285714285714285,0.8794603130258999,negative
KLENJA2025_BACH1_ACTIVITY_INVERTED__ssgsea_NES,HALLMARK_HYPOXIA__mean_z,P0020,15,0.12857142857142856,0.6479163294665075,positive
KLENJA2025_BACH1_ACTIVITY_INVERTED__ssgsea_NES,HALLMARK_HYPOXIA__mean_z,P0025,15,-0.06071428571428571,0.8298120954425187,negative
KLENJA2025_BACH1_ACTIVITY_INVERTED__ssgsea_NES,HALLMARK_HYPOXIA__mean_z,P0028,15,0.10357142857142855,0.7133796306287292,positive
KLENJA2025_BACH1_ACTIVITY_INVERTED__ssgsea_NES,HALLMARK_HYPOXIA__mean_z,P0030,15,0.08928571428571427,0.7516725173502768,positive
KLENJA2025_BACH1_ACTIVITY_INVERTED__ssgsea_NES,HALLMARK_HYPOXIA__mean_z,P0031,15,0.05714285714285713,0.8396998687415759,positive
KLENJA2025_BACH1_ACTIVITY_INVERTED__ssgsea_NES,HALLMARK_HYPOXIA__mean_z,P0034,15,0.05357142857142857,0.8496099367776072,positive
BACH1_detected_fraction,HALLMARK_EPITHELIAL_MESENCHYMAL_TRANSITION__ssgsea_NES,AL02,15,0.11785714285714284,0.6757115292213043,positive
BACH1_detected_fraction,HALLMARK_EPITHELIAL_MESENCHYMAL_TRANSITION__ssgsea_NES,AL06,15,-0.1964285714285714,0.48289875627163353,negative
BACH1_detected_fraction,HALLMARK_EPITHELIAL_MESENCHYMAL_TRANSITION__ssgsea_NES,AL08,15,-0.11785714285714284,0.6757115292213043,negative
BACH1_detected_fraction,HALLMARK_EPITHELIAL_MESENCHYMAL_TRANSITION__ssgsea_NES,AL10,15,-0.09285714285714285,0.7420450099073671,negative
BACH1_detected_fraction,HALLMARK_EPITHELIAL_MESENCHYMAL_TRANSITION__ssgsea_NES,AL11,15,0.035714285714285705,0.8994469934720875,positive
BACH1_detected_fraction,HALLMARK_EPITHELIAL_MESENCHYMAL_TRANSITION__ssgsea_NES,P0006,15,0.075,0.7905107941552678,positive
BACH1_detected_fraction,HALLMARK_EPITHELIAL_MESENCHYMAL_TRANSITION__ssgsea_NES,P0008,15,-0.11785714285714284,0.6757115292213043,negative
BACH1_detected_fraction,HALLMARK_EPITHELIAL_MESENCHYMAL_TRANSITION__ssgsea_NES,P0009,15,-0.11785714285714284,0.6757115292213043,negative
BACH1_detected_fraction,HALLMARK_EPITHELIAL_MESENCHYMAL_TRANSITION__ssgsea_NES,P0018,15,-0.11785714285714284,0.6757115292213043,negative
BACH1_detected_fraction,HALLMARK_EPITHELIAL_MESENCHYMAL_TRANSITION__ssgsea_NES,P0019,15,-0.09285714285714285,0.7420450099073671,negative
BACH1_detected_fraction,HALLMARK_EPITHELIAL_MESENCHYMAL_TRANSITION__ssgsea_NES,P0020,15,-0.1964285714285714,0.48289875627163353,negative
BACH1_detected_fraction,HALLMARK_EPITHELIAL_MESENCHYMAL_TRANSITION__ssgsea_NES,P0025,15,-0.19999999999999998,0.47481396452216845,negative
BACH1_detected_fraction,HALLMARK_EPITHELIAL_MESENCHYMAL_TRANSITION__ssgsea_NES,P0028,15,-0.028571428571428564,0.9194899083821858,negative
BACH1_detected_fraction,HALLMARK_EPITHELIAL_MESENCHYMAL_TRANSITION__ssgsea_NES,P0030,15,-0.07857142857142857,0.7807545523090464,negative
BACH1_detected_fraction,HALLMARK_EPITHELIAL_MESENCHYMAL_TRANSITION__ssgsea_NES,P0031,15,-0.07857142857142857,0.7807545523090464,negative
BACH1_detected_fraction,HALLMARK_EPITHELIAL_MESENCHYMAL_TRANSITION__ssgsea_NES,P0034,15,-0.06071428571428571,0.8298120954425187,negative
BACH1_expression_mean,HALLMARK_OXIDATIVE_PHOSPHORYLATION__mean_z,AL02,15,0.0,1.0,zero_or_nan
BACH1_expression_mean,HALLMARK_OXIDATIVE_PHOSPHORYLATION__mean_z,AL06,15,0.0857142857142857,0.7613341261907666,positive
BACH1_expression_mean,HALLMARK_OXIDATIVE_PHOSPHORYLATION__mean_z,AL08,15,-0.10714285714285714,0.7039010016261618,negative
BACH1_expression_mean,HALLMARK_OXIDATIVE_PHOSPHORYLATION__mean_z,AL10,15,-0.049999999999999996,0.859540943467457,negative
BACH1_expression_mean,HALLMARK_OXIDATIVE_PHOSPHORYLATION__mean_z,AL11,15,-0.1964285714285714,0.48289875627163353,negative
BACH1_expression_mean,HALLMARK_OXIDATIVE_PHOSPHORYLATION__mean_z,P0006,15,-0.11785714285714284,0.6757115292213043,negative
BACH1_expression_mean,HALLMARK_OXIDATIVE_PHOSPHORYLATION__mean_z,P0008,15,-0.175,0.5327481481378592,negative
BACH1_expression_mean,HALLMARK_OXIDATIVE_PHOSPHORYLATION__mean_z,P0009,15,-0.1714285714285714,0.5412721760996332,negative
BACH1_expression_mean,HALLMARK_OXIDATIVE_PHOSPHORYLATION__mean_z,P0018,15,-0.09285714285714285,0.7420450099073671,negative
BACH1_expression_mean,HALLMARK_OXIDATIVE_PHOSPHORYLATION__mean_z,P0019,15,-0.10357142857142855,0.7133796306287292,negative
BACH1_expression_mean,HALLMARK_OXIDATIVE_PHOSPHORYLATION__mean_z,P0020,15,0.04642857142857142,0.8694915255450947,positive
BACH1_expression_mean,HALLMARK_OXIDATIVE_PHOSPHORYLATION__mean_z,P0025,15,-0.0857142857142857,0.7613341261907666,negative
BACH1_expression_mean,HALLMARK_OXIDATIVE_PHOSPHORYLATION__mean_z,P0028,15,-0.10714285714285714,0.7039010016261618,negative
BACH1_expression_mean,HALLMARK_OXIDATIVE_PHOSPHORYLATION__mean_z,P0030,15,-0.014285714285714282,0.9596997645989475,negative
BACH1_expression_mean,HALLMARK_OXIDATIVE_PHOSPHORYLATION__mean_z,P0031,15,-0.0857142857142857,0.7613341261907666,negative
BACH1_expression_mean,HALLMARK_OXIDATIVE_PHOSPHORYLATION__mean_z,P0034,15,-0.04642857142857142,0.8694915255450947,negative
DOROTHEA_BACH1_ABC_TF_ACTIVITY__ssgsea_NES,HALLMARK_REACTIVE_OXYGEN_SPECIES_PATHWAY__ssgsea_NES,AL02,15,0.05357142857142857,0.8496099367776072,positive
DOROTHEA_BACH1_ABC_TF_ACTIVITY__ssgsea_NES,HALLMARK_REACTIVE_OXYGEN_SPECIES_PATHWAY__ssgsea_NES,AL06,15,-0.18214285714285713,0.5158816817070392,negative
DOROTHEA_BACH1_ABC_TF_ACTIVITY__ssgsea_NES,HALLMARK_REACTIVE_OXYGEN_SPECIES_PATHWAY__ssgsea_NES,AL08,15,0.010714285714285713,0.9697698761545686,positive
DOROTHEA_BACH1_ABC_TF_ACTIVITY__ssgsea_NES,HALLMARK_REACTIVE_OXYGEN_SPECIES_PATHWAY__ssgsea_NES,AL10,15,-0.03214285714285714,0.9094621170945906,negative
DOROTHEA_BACH1_ABC_TF_ACTIVITY__ssgsea_NES,HALLMARK_REACTIVE_OXYGEN_SPECIES_PATHWAY__ssgsea_NES,AL11,15,-0.13214285714285715,0.6387442188840663,negative
DOROTHEA_BACH1_ABC_TF_ACTIVITY__ssgsea_NES,HALLMARK_REACTIVE_OXYGEN_SPECIES_PATHWAY__ssgsea_NES,P0006,15,-0.0857142857142857,0.7613341261907666,negative
DOROTHEA_BACH1_ABC_TF_ACTIVITY__ssgsea_NES,HALLMARK_REACTIVE_OXYGEN_SPECIES_PATHWAY__ssgsea_NES,P0008,15,-0.15357142857142855,0.5847640949410158,negative
DOROTHEA_BACH1_ABC_TF_ACTIVITY__ssgsea_NES,HALLMARK_REACTIVE_OXYGEN_SPECIES_PATHWAY__ssgsea_NES,P0009,15,0.075,0.7905107941552678,positive
DOROTHEA_BACH1_ABC_TF_ACTIVITY__ssgsea_NES,HALLMARK_REACTIVE_OXYGEN_SPECIES_PATHWAY__ssgsea_NES,P0018,15,-0.075,0.7905107941552678,negative
DOROTHEA_BACH1_ABC_TF_ACTIVITY__ssgsea_NES,HALLMARK_REACTIVE_OXYGEN_SPECIES_PATHWAY__ssgsea_NES,P0019,15,-0.10357142857142855,0.7133796306287292,negative
DOROTHEA_BACH1_ABC_TF_ACTIVITY__ssgsea_NES,HALLMARK_REACTIVE_OXYGEN_SPECIES_PATHWAY__ssgsea_NES,P0020,15,-0.07857142857142857,0.7807545523090464,negative
DOROTHEA_BACH1_ABC_TF_ACTIVITY__ssgsea_NES,HALLMARK_REACTIVE_OXYGEN_SPECIES_PATHWAY__ssgsea_NES,P0025,15,-0.09999999999999999,0.7228973252791182,negative
DOROTHEA_BACH1_ABC_TF_ACTIVITY__ssgsea_NES,HALLMARK_REACTIVE_OXYGEN_SPECIES_PATHWAY__ssgsea_NES,P0028,15,-0.15357142857142855,0.5847640949410158,negative
DOROTHEA_BACH1_ABC_TF_ACTIVITY__ssgsea_NES,HALLMARK_REACTIVE_OXYGEN_SPECIES_PATHWAY__ssgsea_NES,P0030,15,-0.05357142857142857,0.8496099367776072,negative
DOROTHEA_BACH1_ABC_TF_ACTIVITY__ssgsea_NES,HALLMARK_REACTIVE_OXYGEN_SPECIES_PATHWAY__ssgsea_NES,P0031,15,-0.13214285714285715,0.6387442188840663,negative
DOROTHEA_BACH1_ABC_TF_ACTIVITY__ssgsea_NES,HALLMARK_REACTIVE_OXYGEN_SPECIES_PATHWAY__ssgsea_NES,P0034,15,-0.075,0.7905107941552678,negative
BACH1_expression_mean,LITERATURE_LUNG_BACH1_EFFECTOR_ACTIVITY__mean_z,AL02,15,0.125,0.6571356681869506,positive
BACH1_expression_mean,LITERATURE_LUNG_BACH1_EFFECTOR_ACTIVITY__mean_z,AL06,15,0.007142857142857141,0.9798442277615982,positive
BACH1_expression_mean,LITERATURE_LUNG_BACH1_EFFECTOR_ACTIVITY__mean_z,AL08,15,-0.09285714285714285,0.7420450099073671,negative
BACH1_expression_mean,LITERATURE_LUNG_BACH1_EFFECTOR_ACTIVITY__mean_z,AL10,15,-0.024999999999999998,0.9295289708192378,negative
BACH1_expression_mean,LITERATURE_LUNG_BACH1_EFFECTOR_ACTIVITY__mean_z,AL11,15,-0.028571428571428564,0.9194899083821858,negative
BACH1_expression_mean,LITERATURE_LUNG_BACH1_EFFECTOR_ACTIVITY__mean_z,P0006,15,-0.06785714285714285,0.8101088187105132,negative
BACH1_expression_mean,LITERATURE_LUNG_BACH1_EFFECTOR_ACTIVITY__mean_z,P0008,15,0.017857142857142853,0.9496353041738619,positive
BACH1_expression_mean,LITERATURE_LUNG_BACH1_EFFECTOR_ACTIVITY__mean_z,P0009,15,-0.1357142857142857,0.6296204418728145,negative
BACH1_expression_mean,LITERATURE_LUNG_BACH1_EFFECTOR_ACTIVITY__mean_z,P0018,15,-0.13214285714285715,0.6387442188840663,negative
BACH1_expression_mean,LITERATURE_LUNG_BACH1_EFFECTOR_ACTIVITY__mean_z,P0019,15,-0.11785714285714284,0.6757115292213043,negative
BACH1_expression_mean,LITERATURE_LUNG_BACH1_EFFECTOR_ACTIVITY__mean_z,P0020,15,-0.21428571428571427,0.44314093482351424,negative
BACH1_expression_mean,LITERATURE_LUNG_BACH1_EFFECTOR_ACTIVITY__mean_z,P0025,15,-0.1964285714285714,0.48289875627163353,negative
BACH1_expression_mean,LITERATURE_LUNG_BACH1_EFFECTOR_ACTIVITY__mean_z,P0028,15,-0.08928571428571427,0.7516725173502768,negative
BACH1_expression_mean,LITERATURE_LUNG_BACH1_EFFECTOR_ACTIVITY__mean_z,P0030,15,-0.05357142857142857,0.8496099367776072,negative
BACH1_expression_mean,LITERATURE_LUNG_BACH1_EFFECTOR_ACTIVITY__mean_z,P0031,15,-0.07142857142857141,0.8002959873970545,negative
BACH1_expression_mean,LITERATURE_LUNG_BACH1_EFFECTOR_ACTIVITY__mean_z,P0034,15,-0.09999999999999999,0.7228973252791182,negative
BACH1_expression_mean,COLLECTRI_BACH1_TF_ACTIVITY__mean_z,AL02,15,0.0035714285714285704,0.9899214068809781,positive
BACH1_expression_mean,COLLECTRI_BACH1_TF_ACTIVITY__mean_z,AL06,15,-0.04285714285714285,0.8794603130258999,negative
BACH1_expression_mean,COLLECTRI_BACH1_TF_ACTIVITY__mean_z,AL08,15,-0.05714285714285713,0.8396998687415759,negative
BACH1_expression_mean,COLLECTRI_BACH1_TF_ACTIVITY__mean_z,AL10,15,-0.09999999999999999,0.7228973252791182,negative
BACH1_expression_mean,COLLECTRI_BACH1_TF_ACTIVITY__mean_z,AL11,15,-0.007142857142857141,0.9798442277615982,negative
BACH1_expression_mean,COLLECTRI_BACH1_TF_ACTIVITY__mean_z,P0006,15,0.04285714285714285,0.8794603130258999,positive
BACH1_expression_mean,COLLECTRI_BACH1_TF_ACTIVITY__mean_z,P0008,15,0.010714285714285713,0.9697698761545686,positive
BACH1_expression_mean,COLLECTRI_BACH1_TF_ACTIVITY__mean_z,P0009,15,-0.017857142857142853,0.9496353041738619,negative
BACH1_expression_mean,COLLECTRI_BACH1_TF_ACTIVITY__mean_z,P0018,15,-0.12857142857142856,0.6479163294665075,negative
BACH1_expression_mean,COLLECTRI_BACH1_TF_ACTIVITY__mean_z,P0019,15,-0.08928571428571427,0.7516725173502768,negative
BACH1_expression_mean,COLLECTRI_BACH1_TF_ACTIVITY__mean_z,P0020,15,-0.2678571428571428,0.33444360051235367,negative
BACH1_expression_mean,COLLECTRI_BACH1_TF_ACTIVITY__mean_z,P0025,15,-0.20357142857142854,0.4667950724891123,negative
BACH1_expression_mean,COLLECTRI_BACH1_TF_ACTIVITY__mean_z,P0028,15,-0.06428571428571428,0.8199479653196375,negative
BACH1_expression_mean,COLLECTRI_BACH1_TF_ACTIVITY__mean_z,P0030,15,-0.05357142857142857,0.8496099367776072,negative
BACH1_expression_mean,COLLECTRI_BACH1_TF_ACTIVITY__mean_z,P0031,15,-0.07142857142857141,0.8002959873970545,negative
BACH1_expression_mean,COLLECTRI_BACH1_TF_ACTIVITY__mean_z,P0034,15,-0.07857142857142857,0.7807545523090464,negative
DOROTHEA_BACH1_ABC_TF_ACTIVITY__decoupler_mlm,HALLMARK_REACTIVE_OXYGEN_SPECIES_PATHWAY__mean_z,AL02,15,-0.05357142857142857,0.8496099367776072,negative
DOROTHEA_BACH1_ABC_TF_ACTIVITY__decoupler_mlm,HALLMARK_REACTIVE_OXYGEN_SPECIES_PATHWAY__mean_z,AL06,15,-0.15,0.5936302027425882,negative
DOROTHEA_BACH1_ABC_TF_ACTIVITY__decoupler_mlm,HALLMARK_REACTIVE_OXYGEN_SPECIES_PATHWAY__mean_z,AL08,15,0.10357142857142855,0.7133796306287292,positive
DOROTHEA_BACH1_ABC_TF_ACTIVITY__decoupler_mlm,HALLMARK_REACTIVE_OXYGEN_SPECIES_PATHWAY__mean_z,AL10,15,0.024999999999999998,0.9295289708192378,positive
DOROTHEA_BACH1_ABC_TF_ACTIVITY__decoupler_mlm,HALLMARK_REACTIVE_OXYGEN_SPECIES_PATHWAY__mean_z,AL11,15,0.08214285714285713,0.7710285652881773,positive
DOROTHEA_BACH1_ABC_TF_ACTIVITY__decoupler_mlm,HALLMARK_REACTIVE_OXYGEN_SPECIES_PATHWAY__mean_z,P0006,15,-0.10714285714285714,0.7039010016261618,negative
DOROTHEA_BACH1_ABC_TF_ACTIVITY__decoupler_mlm,HALLMARK_REACTIVE_OXYGEN_SPECIES_PATHWAY__mean_z,P0008,15,-0.12142857142857141,0.6664011137233892,negative
DOROTHEA_BACH1_ABC_TF_ACTIVITY__decoupler_mlm,HALLMARK_REACTIVE_OXYGEN_SPECIES_PATHWAY__mean_z,P0009,15,-0.09285714285714285,0.7420450099073671,negative
DOROTHEA_BACH1_ABC_TF_ACTIVITY__decoupler_mlm,HALLMARK_REACTIVE_OXYGEN_SPECIES_PATHWAY__mean_z,P0018,15,-0.10714285714285714,0.7039010016261618,negative
DOROTHEA_BACH1_ABC_TF_ACTIVITY__decoupler_mlm,HALLMARK_REACTIVE_OXYGEN_SPECIES_PATHWAY__mean_z,P0019,15,-0.10714285714285714,0.7039010016261618,negative
DOROTHEA_BACH1_ABC_TF_ACTIVITY__decoupler_mlm,HALLMARK_REACTIVE_OXYGEN_SPECIES_PATHWAY__mean_z,P0020,15,-0.11071428571428568,0.6944626472070964,negative
DOROTHEA_BACH1_ABC_TF_ACTIVITY__decoupler_mlm,HALLMARK_REACTIVE_OXYGEN_SPECIES_PATHWAY__mean_z,P0025,15,-0.1714285714285714,0.5412721760996332,negative
DOROTHEA_BACH1_ABC_TF_ACTIVITY__decoupler_mlm,HALLMARK_REACTIVE_OXYGEN_SPECIES_PATHWAY__mean_z,P0028,15,-0.11785714285714284,0.6757115292213043,negative
DOROTHEA_BACH1_ABC_TF_ACTIVITY__decoupler_mlm,HALLMARK_REACTIVE_OXYGEN_SPECIES_PATHWAY__mean_z,P0030,15,0.010714285714285713,0.9697698761545686,positive
DOROTHEA_BACH1_ABC_TF_ACTIVITY__decoupler_mlm,HALLMARK_REACTIVE_OXYGEN_SPECIES_PATHWAY__mean_z,P0031,15,-0.08928571428571427,0.7516725173502768,negative
DOROTHEA_BACH1_ABC_TF_ACTIVITY__decoupler_mlm,HALLMARK_REACTIVE_OXYGEN_SPECIES_PATHWAY__mean_z,P0034,15,-0.10714285714285714,0.7039010016261618,negative
COLLECTRI_BACH1_TF_ACTIVITY__decoupler_mlm,CURATED_NRF2_ANTIOXIDANT_RESPONSE__mean_z,AL02,15,-0.2928571428571428,0.28947166721240103,negative
COLLECTRI_BACH1_TF_ACTIVITY__decoupler_mlm,CURATED_NRF2_ANTIOXIDANT_RESPONSE__mean_z,AL06,15,-0.04642857142857142,0.8694915255450947,negative
COLLECTRI_BACH1_TF_ACTIVITY__decoupler_mlm,CURATED_NRF2_ANTIOXIDANT_RESPONSE__mean_z,AL08,15,-0.0964285714285714,0.7324528633867309,negative
COLLECTRI_BACH1_TF_ACTIVITY__decoupler_mlm,CURATED_NRF2_ANTIOXIDANT_RESPONSE__mean_z,AL10,15,-0.0964285714285714,0.7324528633867309,negative
COLLECTRI_BACH1_TF_ACTIVITY__decoupler_mlm,CURATED_NRF2_ANTIOXIDANT_RESPONSE__mean_z,AL11,15,0.08214285714285713,0.7710285652881773,positive
COLLECTRI_BACH1_TF_ACTIVITY__decoupler_mlm,CURATED_NRF2_ANTIOXIDANT_RESPONSE__mean_z,P0006,15,-0.12142857142857141,0.6664011137233892,negative
COLLECTRI_BACH1_TF_ACTIVITY__decoupler_mlm,CURATED_NRF2_ANTIOXIDANT_RESPONSE__mean_z,P0008,15,0.04642857142857142,0.8694915255450947,positive
COLLECTRI_BACH1_TF_ACTIVITY__decoupler_mlm,CURATED_NRF2_ANTIOXIDANT_RESPONSE__mean_z,P0009,15,0.024999999999999998,0.9295289708192378,positive
COLLECTRI_BACH1_TF_ACTIVITY__decoupler_mlm,CURATED_NRF2_ANTIOXIDANT_RESPONSE__mean_z,P0018,15,-0.06785714285714285,0.8101088187105132,negative
COLLECTRI_BACH1_TF_ACTIVITY__decoupler_mlm,CURATED_NRF2_ANTIOXIDANT_RESPONSE__mean_z,P0019,15,-0.10357142857142855,0.7133796306287292,negative
COLLECTRI_BACH1_TF_ACTIVITY__decoupler_mlm,CURATED_NRF2_ANTIOXIDANT_RESPONSE__mean_z,P0020,15,0.03214285714285714,0.9094621170945906,positive
COLLECTRI_BACH1_TF_ACTIVITY__decoupler_mlm,CURATED_NRF2_ANTIOXIDANT_RESPONSE__mean_z,P0025,15,-0.10357142857142855,0.7133796306287292,negative
COLLECTRI_BACH1_TF_ACTIVITY__decoupler_mlm,CURATED_NRF2_ANTIOXIDANT_RESPONSE__mean_z,P0028,15,-0.08214285714285713,0.7710285652881773,negative
COLLECTRI_BACH1_TF_ACTIVITY__decoupler_mlm,CURATED_NRF2_ANTIOXIDANT_RESPONSE__mean_z,P0030,15,-0.05357142857142857,0.8496099367776072,negative
COLLECTRI_BACH1_TF_ACTIVITY__decoupler_mlm,CURATED_NRF2_ANTIOXIDANT_RESPONSE__mean_z,P0031,15,-0.075,0.7905107941552678,negative
COLLECTRI_BACH1_TF_ACTIVITY__decoupler_mlm,CURATED_NRF2_ANTIOXIDANT_RESPONSE__mean_z,P0034,15,-0.07142857142857141,0.8002959873970545,negative
COLLECTRI_BACH1_TF_ACTIVITY__decoupler_ulm,DOROTHEA_BACH1_ABC_TF_ACTIVITY__mean_z,AL02,15,0.2678571428571428,0.33444360051235367,positive
COLLECTRI_BACH1_TF_ACTIVITY__decoupler_ulm,DOROTHEA_BACH1_ABC_TF_ACTIVITY__mean_z,AL06,15,0.08214285714285713,0.7710285652881773,positive
COLLECTRI_BACH1_TF_ACTIVITY__decoupler_ulm,DOROTHEA_BACH1_ABC_TF_ACTIVITY__mean_z,AL08,15,0.039285714285714285,0.8894459296739485,positive
COLLECTRI_BACH1_TF_ACTIVITY__decoupler_ulm,DOROTHEA_BACH1_ABC_TF_ACTIVITY__mean_z,AL10,15,0.03214285714285714,0.9094621170945906,positive
COLLECTRI_BACH1_TF_ACTIVITY__decoupler_ulm,DOROTHEA_BACH1_ABC_TF_ACTIVITY__mean_z,AL11,15,0.2178571428571428,0.43539267351553756,positive
COLLECTRI_BACH1_TF_ACTIVITY__decoupler_ulm,DOROTHEA_BACH1_ABC_TF_ACTIVITY__mean_z,P0006,15,0.03214285714285714,0.9094621170945906,positive
COLLECTRI_BACH1_TF_ACTIVITY__decoupler_ulm,DOROTHEA_BACH1_ABC_TF_ACTIVITY__mean_z,P0008,15,0.1607142857142857,0.5671967045803447,positive
COLLECTRI_BACH1_TF_ACTIVITY__decoupler_ulm,DOROTHEA_BACH1_ABC_TF_ACTIVITY__mean_z,P0009,15,0.08214285714285713,0.7710285652881773,positive
COLLECTRI_BACH1_TF_ACTIVITY__decoupler_ulm,DOROTHEA_BACH1_ABC_TF_ACTIVITY__mean_z,P0018,15,0.017857142857142853,0.9496353041738619,positive
COLLECTRI_BACH1_TF_ACTIVITY__decoupler_ulm,DOROTHEA_BACH1_ABC_TF_ACTIVITY__mean_z,P0019,15,0.028571428571428564,0.9194899083821858,positive
COLLECTRI_BACH1_TF_ACTIVITY__decoupler_ulm,DOROTHEA_BACH1_ABC_TF_ACTIVITY__mean_z,P0020,15,-0.05357142857142857,0.8496099367776072,negative
COLLECTRI_BACH1_TF_ACTIVITY__decoupler_ulm,DOROTHEA_BACH1_ABC_TF_ACTIVITY__mean_z,P0025,15,-0.010714285714285713,0.9697698761545686,negative
COLLECTRI_BACH1_TF_ACTIVITY__decoupler_ulm,DOROTHEA_BACH1_ABC_TF_ACTIVITY__mean_z,P0028,15,0.05357142857142857,0.8496099367776072,positive
COLLECTRI_BACH1_TF_ACTIVITY__decoupler_ulm,DOROTHEA_BACH1_ABC_TF_ACTIVITY__mean_z,P0030,15,0.021428571428571425,0.9395779040128779,positive
COLLECTRI_BACH1_TF_ACTIVITY__decoupler_ulm,DOROTHEA_BACH1_ABC_TF_ACTIVITY__mean_z,P0031,15,0.014285714285714282,0.9596997645989475,positive
COLLECTRI_BACH1_TF_ACTIVITY__decoupler_ulm,DOROTHEA_BACH1_ABC_TF_ACTIVITY__mean_z,P0034,15,0.05357142857142857,0.8496099367776072,positive
DOROTHEA_BACH1_ABC_TF_ACTIVITY__mean_z,COLLECTRI_BACH1_TF_ACTIVITY__decoupler_ulm,AL02,15,0.2678571428571428,0.33444360051235367,positive
DOROTHEA_BACH1_ABC_TF_ACTIVITY__mean_z,COLLECTRI_BACH1_TF_ACTIVITY__decoupler_ulm,AL06,15,0.08214285714285713,0.7710285652881773,positive
DOROTHEA_BACH1_ABC_TF_ACTIVITY__mean_z,COLLECTRI_BACH1_TF_ACTIVITY__decoupler_ulm,AL08,15,0.039285714285714285,0.8894459296739485,positive
DOROTHEA_BACH1_ABC_TF_ACTIVITY__mean_z,COLLECTRI_BACH1_TF_ACTIVITY__decoupler_ulm,AL10,15,0.03214285714285714,0.9094621170945906,positive
DOROTHEA_BACH1_ABC_TF_ACTIVITY__mean_z,COLLECTRI_BACH1_TF_ACTIVITY__decoupler_ulm,AL11,15,0.2178571428571428,0.43539267351553756,positive
DOROTHEA_BACH1_ABC_TF_ACTIVITY__mean_z,COLLECTRI_BACH1_TF_ACTIVITY__decoupler_ulm,P0006,15,0.03214285714285714,0.9094621170945906,positive
DOROTHEA_BACH1_ABC_TF_ACTIVITY__mean_z,COLLECTRI_BACH1_TF_ACTIVITY__decoupler_ulm,P0008,15,0.1607142857142857,0.5671967045803447,positive
DOROTHEA_BACH1_ABC_TF_ACTIVITY__mean_z,COLLECTRI_BACH1_TF_ACTIVITY__decoupler_ulm,P0009,15,0.08214285714285713,0.7710285652881773,positive
DOROTHEA_BACH1_ABC_TF_ACTIVITY__mean_z,COLLECTRI_BACH1_TF_ACTIVITY__decoupler_ulm,P0018,15,0.017857142857142853,0.9496353041738619,positive
DOROTHEA_BACH1_ABC_TF_ACTIVITY__mean_z,COLLECTRI_BACH1_TF_ACTIVITY__decoupler_ulm,P0019,15,0.028571428571428564,0.9194899083821858,positive
DOROTHEA_BACH1_ABC_TF_ACTIVITY__mean_z,COLLECTRI_BACH1_TF_ACTIVITY__decoupler_ulm,P0020,15,-0.05357142857142857,0.8496099367776072,negative
DOROTHEA_BACH1_ABC_TF_ACTIVITY__mean_z,COLLECTRI_BACH1_TF_ACTIVITY__decoupler_ulm,P0025,15,-0.010714285714285713,0.9697698761545686,negative
DOROTHEA_BACH1_ABC_TF_ACTIVITY__mean_z,COLLECTRI_BACH1_TF_ACTIVITY__decoupler_ulm,P0028,15,0.05357142857142857,0.8496099367776072,positive
DOROTHEA_BACH1_ABC_TF_ACTIVITY__mean_z,COLLECTRI_BACH1_TF_ACTIVITY__decoupler_ulm,P0030,15,0.021428571428571425,0.9395779040128779,positive
DOROTHEA_BACH1_ABC_TF_ACTIVITY__mean_z,COLLECTRI_BACH1_TF_ACTIVITY__decoupler_ulm,P0031,15,0.014285714285714282,0.9596997645989475,positive
DOROTHEA_BACH1_ABC_TF_ACTIVITY__mean_z,COLLECTRI_BACH1_TF_ACTIVITY__decoupler_ulm,P0034,15,0.05357142857142857,0.8496099367776072,positive
KLENJA2025_BACH1_INVERSE_ACTIVITY__mean_z,HALLMARK_OXIDATIVE_PHOSPHORYLATION__mean_z,AL02,15,0.014285714285714282,0.9596997645989475,positive
KLENJA2025_BACH1_INVERSE_ACTIVITY__mean_z,HALLMARK_OXIDATIVE_PHOSPHORYLATION__mean_z,AL06,15,-0.15357142857142855,0.5847640949410158,negative
KLENJA2025_BACH1_INVERSE_ACTIVITY__mean_z,HALLMARK_OXIDATIVE_PHOSPHORYLATION__mean_z,AL08,15,-0.14285714285714282,0.6115222287644656,negative
KLENJA2025_BACH1_INVERSE_ACTIVITY__mean_z,HALLMARK_OXIDATIVE_PHOSPHORYLATION__mean_z,AL10,15,-0.11785714285714284,0.6757115292213043,negative
KLENJA2025_BACH1_INVERSE_ACTIVITY__mean_z,HALLMARK_OXIDATIVE_PHOSPHORYLATION__mean_z,AL11,15,0.039285714285714285,0.8894459296739485,positive
KLENJA2025_BACH1_INVERSE_ACTIVITY__mean_z,HALLMARK_OXIDATIVE_PHOSPHORYLATION__mean_z,P0006,15,-0.075,0.7905107941552678,negative
KLENJA2025_BACH1_INVERSE_ACTIVITY__mean_z,HALLMARK_OXIDATIVE_PHOSPHORYLATION__mean_z,P0008,15,0.049999999999999996,0.859540943467457,positive
KLENJA2025_BACH1_INVERSE_ACTIVITY__mean_z,HALLMARK_OXIDATIVE_PHOSPHORYLATION__mean_z,P0009,15,-0.25357142857142856,0.3618161038158894,negative
KLENJA2025_BACH1_INVERSE_ACTIVITY__mean_z,HALLMARK_OXIDATIVE_PHOSPHORYLATION__mean_z,P0018,15,-0.05714285714285713,0.8396998687415759,negative
KLENJA2025_BACH1_INVERSE_ACTIVITY__mean_z,HALLMARK_OXIDATIVE_PHOSPHORYLATION__mean_z,P0019,15,-0.06428571428571428,0.8199479653196375,negative
KLENJA2025_BACH1_INVERSE_ACTIVITY__mean_z,HALLMARK_OXIDATIVE_PHOSPHORYLATION__mean_z,P0020,15,-0.0964285714285714,0.7324528633867309,negative
KLENJA2025_BACH1_INVERSE_ACTIVITY__mean_z,HALLMARK_OXIDATIVE_PHOSPHORYLATION__mean_z,P0025,15,-0.04285714285714285,0.8794603130258999,negative
KLENJA2025_BACH1_INVERSE_ACTIVITY__mean_z,HALLMARK_OXIDATIVE_PHOSPHORYLATION__mean_z,P0028,15,-0.14285714285714282,0.6115222287644656,negative
KLENJA2025_BACH1_INVERSE_ACTIVITY__mean_z,HALLMARK_OXIDATIVE_PHOSPHORYLATION__mean_z,P0030,15,0.028571428571428564,0.9194899083821858,positive
KLENJA2025_BACH1_INVERSE_ACTIVITY__mean_z,HALLMARK_OXIDATIVE_PHOSPHORYLATION__mean_z,P0031,15,-0.010714285714285713,0.9697698761545686,negative
KLENJA2025_BACH1_INVERSE_ACTIVITY__mean_z,HALLMARK_OXIDATIVE_PHOSPHORYLATION__mean_z,P0034,15,-0.014285714285714282,0.9596997645989475,negative
COLLECTRI_BACH1_TF_ACTIVITY__decoupler_ulm,HALLMARK_REACTIVE_OXYGEN_SPECIES_PATHWAY__ssgsea_NES,AL02,15,-0.13928571428571426,0.6205460876279013,negative
COLLECTRI_BACH1_TF_ACTIVITY__decoupler_ulm,HALLMARK_REACTIVE_OXYGEN_SPECIES_PATHWAY__ssgsea_NES,AL06,15,0.05714285714285713,0.8396998687415759,positive
COLLECTRI_BACH1_TF_ACTIVITY__decoupler_ulm,HALLMARK_REACTIVE_OXYGEN_SPECIES_PATHWAY__ssgsea_NES,AL08,15,0.028571428571428564,0.9194899083821858,positive
COLLECTRI_BACH1_TF_ACTIVITY__decoupler_ulm,HALLMARK_REACTIVE_OXYGEN_SPECIES_PATHWAY__ssgsea_NES,AL10,15,0.014285714285714282,0.9596997645989475,positive
COLLECTRI_BACH1_TF_ACTIVITY__decoupler_ulm,HALLMARK_REACTIVE_OXYGEN_SPECIES_PATHWAY__ssgsea_NES,AL11,15,0.23571428571428568,0.39770294590327276,positive
COLLECTRI_BACH1_TF_ACTIVITY__decoupler_ulm,HALLMARK_REACTIVE_OXYGEN_SPECIES_PATHWAY__ssgsea_NES,P0006,15,0.0035714285714285704,0.9899214068809781,positive
COLLECTRI_BACH1_TF_ACTIVITY__decoupler_ulm,HALLMARK_REACTIVE_OXYGEN_SPECIES_PATHWAY__ssgsea_NES,P0008,15,0.13214285714285715,0.6387442188840663,positive
COLLECTRI_BACH1_TF_ACTIVITY__decoupler_ulm,HALLMARK_REACTIVE_OXYGEN_SPECIES_PATHWAY__ssgsea_NES,P0009,15,0.035714285714285705,0.8994469934720875,positive
COLLECTRI_BACH1_TF_ACTIVITY__decoupler_ulm,HALLMARK_REACTIVE_OXYGEN_SPECIES_PATHWAY__ssgsea_NES,P0018,15,0.13214285714285715,0.6387442188840663,positive
COLLECTRI_BACH1_TF_ACTIVITY__decoupler_ulm,HALLMARK_REACTIVE_OXYGEN_SPECIES_PATHWAY__ssgsea_NES,P0019,15,0.039285714285714285,0.8894459296739485,positive
COLLECTRI_BACH1_TF_ACTIVITY__decoupler_ulm,HALLMARK_REACTIVE_OXYGEN_SPECIES_PATHWAY__ssgsea_NES,P0020,15,0.0857142857142857,0.7613341261907666,positive
COLLECTRI_BACH1_TF_ACTIVITY__decoupler_ulm,HALLMARK_REACTIVE_OXYGEN_SPECIES_PATHWAY__ssgsea_NES,P0025,15,0.11428571428571425,0.6850657626568974,positive
COLLECTRI_BACH1_TF_ACTIVITY__decoupler_ulm,HALLMARK_REACTIVE_OXYGEN_SPECIES_PATHWAY__ssgsea_NES,P0028,15,0.035714285714285705,0.8994469934720875,positive
COLLECTRI_BACH1_TF_ACTIVITY__decoupler_ulm,HALLMARK_REACTIVE_OXYGEN_SPECIES_PATHWAY__ssgsea_NES,P0030,15,0.11428571428571425,0.6850657626568974,positive
COLLECTRI_BACH1_TF_ACTIVITY__decoupler_ulm,HALLMARK_REACTIVE_OXYGEN_SPECIES_PATHWAY__ssgsea_NES,P0031,15,0.0035714285714285704,0.9899214068809781,positive
COLLECTRI_BACH1_TF_ACTIVITY__decoupler_ulm,HALLMARK_REACTIVE_OXYGEN_SPECIES_PATHWAY__ssgsea_NES,P0034,15,0.0857142857142857,0.7613341261907666,positive
BACH1_expression_mean,HALLMARK_EPITHELIAL_MESENCHYMAL_TRANSITION__mean_z,AL02,15,0.28571428571428564,0.3019363513225493,positive
BACH1_expression_mean,HALLMARK_EPITHELIAL_MESENCHYMAL_TRANSITION__mean_z,AL06,15,-0.08928571428571427,0.7516725173502768,negative
BACH1_expression_mean,HALLMARK_EPITHELIAL_MESENCHYMAL_TRANSITION__mean_z,AL08,15,0.07142857142857141,0.8002959873970545,positive
BACH1_expression_mean,HALLMARK_EPITHELIAL_MESENCHYMAL_TRANSITION__mean_z,AL10,15,0.10357142857142855,0.7133796306287292,positive
BACH1_expression_mean,HALLMARK_EPITHELIAL_MESENCHYMAL_TRANSITION__mean_z,AL11,15,0.06071428571428571,0.8298120954425187,positive
BACH1_expression_mean,HALLMARK_EPITHELIAL_MESENCHYMAL_TRANSITION__mean_z,P0006,15,0.23571428571428568,0.39770294590327276,positive
BACH1_expression_mean,HALLMARK_EPITHELIAL_MESENCHYMAL_TRANSITION__mean_z,P0008,15,0.017857142857142853,0.9496353041738619,positive
BACH1_expression_mean,HALLMARK_EPITHELIAL_MESENCHYMAL_TRANSITION__mean_z,P0009,15,0.010714285714285713,0.9697698761545686,positive
BACH1_expression_mean,HALLMARK_EPITHELIAL_MESENCHYMAL_TRANSITION__mean_z,P0018,15,-0.017857142857142853,0.9496353041738619,negative
BACH1_expression_mean,HALLMARK_EPITHELIAL_MESENCHYMAL_TRANSITION__mean_z,P0019,15,0.07142857142857141,0.8002959873970545,positive
BACH1_expression_mean,HALLMARK_EPITHELIAL_MESENCHYMAL_TRANSITION__mean_z,P0020,15,-0.035714285714285705,0.8994469934720875,negative
BACH1_expression_mean,HALLMARK_EPITHELIAL_MESENCHYMAL_TRANSITION__mean_z,P0025,15,-0.03214285714285714,0.9094621170945906,negative
BACH1_expression_mean,HALLMARK_EPITHELIAL_MESENCHYMAL_TRANSITION__mean_z,P0028,15,0.06428571428571428,0.8199479653196375,positive
BACH1_expression_mean,HALLMARK_EPITHELIAL_MESENCHYMAL_TRANSITION__mean_z,P0030,15,0.04642857142857142,0.8694915255450947,positive
BACH1_expression_mean,HALLMARK_EPITHELIAL_MESENCHYMAL_TRANSITION__mean_z,P0031,15,0.07142857142857141,0.8002959873970545,positive
BACH1_expression_mean,HALLMARK_EPITHELIAL_MESENCHYMAL_TRANSITION__mean_z,P0034,15,0.07142857142857141,0.8002959873970545,positive
DOROTHEA_BACH1_ABC_TF_ACTIVITY__ssgsea_NES,HALLMARK_GLYCOLYSIS__mean_z,AL02,15,0.028571428571428564,0.9194899083821858,positive
DOROTHEA_BACH1_ABC_TF_ACTIVITY__ssgsea_NES,HALLMARK_GLYCOLYSIS__mean_z,AL06,15,0.021428571428571425,0.9395779040128779,positive
DOROTHEA_BACH1_ABC_TF_ACTIVITY__ssgsea_NES,HALLMARK_GLYCOLYSIS__mean_z,AL08,15,0.2285714285714285,0.41256617049636035,positive
DOROTHEA_BACH1_ABC_TF_ACTIVITY__ssgsea_NES,HALLMARK_GLYCOLYSIS__mean_z,AL10,15,0.15,0.5936302027425882,positive
DOROTHEA_BACH1_ABC_TF_ACTIVITY__ssgsea_NES,HALLMARK_GLYCOLYSIS__mean_z,AL11,15,0.04285714285714285,0.8794603130258999,positive
DOROTHEA_BACH1_ABC_TF_ACTIVITY__ssgsea_NES,HALLMARK_GLYCOLYSIS__mean_z,P0006,15,0.021428571428571425,0.9395779040128779,positive
DOROTHEA_BACH1_ABC_TF_ACTIVITY__ssgsea_NES,HALLMARK_GLYCOLYSIS__mean_z,P0008,15,-0.06428571428571428,0.8199479653196375,negative
DOROTHEA_BACH1_ABC_TF_ACTIVITY__ssgsea_NES,HALLMARK_GLYCOLYSIS__mean_z,P0009,15,0.25357142857142856,0.3618161038158894,positive
DOROTHEA_BACH1_ABC_TF_ACTIVITY__ssgsea_NES,HALLMARK_GLYCOLYSIS__mean_z,P0018,15,0.075,0.7905107941552678,positive
DOROTHEA_BACH1_ABC_TF_ACTIVITY__ssgsea_NES,HALLMARK_GLYCOLYSIS__mean_z,P0019,15,0.021428571428571425,0.9395779040128779,positive
DOROTHEA_BACH1_ABC_TF_ACTIVITY__ssgsea_NES,HALLMARK_GLYCOLYSIS__mean_z,P0020,15,0.028571428571428564,0.9194899083821858,positive
DOROTHEA_BACH1_ABC_TF_ACTIVITY__ssgsea_NES,HALLMARK_GLYCOLYSIS__mean_z,P0025,15,0.04642857142857142,0.8694915255450947,positive
DOROTHEA_BACH1_ABC_TF_ACTIVITY__ssgsea_NES,HALLMARK_GLYCOLYSIS__mean_z,P0028,15,0.024999999999999998,0.9295289708192378,positive
DOROTHEA_BACH1_ABC_TF_ACTIVITY__ssgsea_NES,HALLMARK_GLYCOLYSIS__mean_z,P0030,15,-0.04285714285714285,0.8794603130258999,negative
DOROTHEA_BACH1_ABC_TF_ACTIVITY__ssgsea_NES,HALLMARK_GLYCOLYSIS__mean_z,P0031,15,-0.010714285714285713,0.9697698761545686,negative
DOROTHEA_BACH1_ABC_TF_ACTIVITY__ssgsea_NES,HALLMARK_GLYCOLYSIS__mean_z,P0034,15,0.07142857142857141,0.8002959873970545,positive
DOROTHEA_BACH1_ABC_TF_ACTIVITY__ssgsea_NES,HALLMARK_REACTIVE_OXYGEN_SPECIES_PATHWAY__mean_z,AL02,15,0.0857142857142857,0.7613341261907666,positive
DOROTHEA_BACH1_ABC_TF_ACTIVITY__ssgsea_NES,HALLMARK_REACTIVE_OXYGEN_SPECIES_PATHWAY__mean_z,AL06,15,-0.15,0.5936302027425882,negative
DOROTHEA_BACH1_ABC_TF_ACTIVITY__ssgsea_NES,HALLMARK_REACTIVE_OXYGEN_SPECIES_PATHWAY__mean_z,AL08,15,0.06785714285714285,0.8101088187105132,positive
DOROTHEA_BACH1_ABC_TF_ACTIVITY__ssgsea_NES,HALLMARK_REACTIVE_OXYGEN_SPECIES_PATHWAY__mean_z,AL10,15,0.021428571428571425,0.9395779040128779,positive
DOROTHEA_BACH1_ABC_TF_ACTIVITY__ssgsea_NES,HALLMARK_REACTIVE_OXYGEN_SPECIES_PATHWAY__mean_z,AL11,15,-0.09999999999999999,0.7228973252791182,negative
DOROTHEA_BACH1_ABC_TF_ACTIVITY__ssgsea_NES,HALLMARK_REACTIVE_OXYGEN_SPECIES_PATHWAY__mean_z,P0006,15,-0.075,0.7905107941552678,negative
DOROTHEA_BACH1_ABC_TF_ACTIVITY__ssgsea_NES,HALLMARK_REACTIVE_OXYGEN_SPECIES_PATHWAY__mean_z,P0008,15,-0.18214285714285713,0.5158816817070392,negative
DOROTHEA_BACH1_ABC_TF_ACTIVITY__ssgsea_NES,HALLMARK_REACTIVE_OXYGEN_SPECIES_PATHWAY__mean_z,P0009,15,0.11428571428571425,0.6850657626568974,positive
DOROTHEA_BACH1_ABC_TF_ACTIVITY__ssgsea_NES,HALLMARK_REACTIVE_OXYGEN_SPECIES_PATHWAY__mean_z,P0018,15,-0.0857142857142857,0.7613341261907666,negative
DOROTHEA_BACH1_ABC_TF_ACTIVITY__ssgsea_NES,HALLMARK_REACTIVE_OXYGEN_SPECIES_PATHWAY__mean_z,P0019,15,-0.075,0.7905107941552678,negative
DOROTHEA_BACH1_ABC_TF_ACTIVITY__ssgsea_NES,HALLMARK_REACTIVE_OXYGEN_SPECIES_PATHWAY__mean_z,P0020,15,-0.075,0.7905107941552678,negative
DOROTHEA_BACH1_ABC_TF_ACTIVITY__ssgsea_NES,HALLMARK_REACTIVE_OXYGEN_SPECIES_PATHWAY__mean_z,P0025,15,-0.075,0.7905107941552678,negative
DOROTHEA_BACH1_ABC_TF_ACTIVITY__ssgsea_NES,HALLMARK_REACTIVE_OXYGEN_SPECIES_PATHWAY__mean_z,P0028,15,-0.06785714285714285,0.8101088187105132,negative
DOROTHEA_BACH1_ABC_TF_ACTIVITY__ssgsea_NES,HALLMARK_REACTIVE_OXYGEN_SPECIES_PATHWAY__mean_z,P0030,15,-0.010714285714285713,0.9697698761545686,negative
DOROTHEA_BACH1_ABC_TF_ACTIVITY__ssgsea_NES,HALLMARK_REACTIVE_OXYGEN_SPECIES_PATHWAY__mean_z,P0031,15,-0.12142857142857141,0.6664011137233892,negative
DOROTHEA_BACH1_ABC_TF_ACTIVITY__ssgsea_NES,HALLMARK_REACTIVE_OXYGEN_SPECIES_PATHWAY__mean_z,P0034,15,-0.06071428571428571,0.8298120954425187,negative
COLLECTRI_BACH1_TF_ACTIVITY__decoupler_mlm,DOROTHEA_BACH1_ABC_TF_ACTIVITY__ssgsea_NES,AL02,15,0.04285714285714285,0.8794603130258999,positive
COLLECTRI_BACH1_TF_ACTIVITY__decoupler_mlm,DOROTHEA_BACH1_ABC_TF_ACTIVITY__ssgsea_NES,AL06,15,0.014285714285714282,0.9596997645989475,positive
COLLECTRI_BACH1_TF_ACTIVITY__decoupler_mlm,DOROTHEA_BACH1_ABC_TF_ACTIVITY__ssgsea_NES,AL08,15,0.035714285714285705,0.8994469934720875,positive
COLLECTRI_BACH1_TF_ACTIVITY__decoupler_mlm,DOROTHEA_BACH1_ABC_TF_ACTIVITY__ssgsea_NES,AL10,15,0.0035714285714285704,0.9899214068809781,positive
COLLECTRI_BACH1_TF_ACTIVITY__decoupler_mlm,DOROTHEA_BACH1_ABC_TF_ACTIVITY__ssgsea_NES,AL11,15,-0.010714285714285713,0.9697698761545686,negative
COLLECTRI_BACH1_TF_ACTIVITY__decoupler_mlm,DOROTHEA_BACH1_ABC_TF_ACTIVITY__ssgsea_NES,P0006,15,-0.04642857142857142,0.8694915255450947,negative
COLLECTRI_BACH1_TF_ACTIVITY__decoupler_mlm,DOROTHEA_BACH1_ABC_TF_ACTIVITY__ssgsea_NES,P0008,15,0.08214285714285713,0.7710285652881773,positive
COLLECTRI_BACH1_TF_ACTIVITY__decoupler_mlm,DOROTHEA_BACH1_ABC_TF_ACTIVITY__ssgsea_NES,P0009,15,-0.1607142857142857,0.5671967045803447,negative
COLLECTRI_BACH1_TF_ACTIVITY__decoupler_mlm,DOROTHEA_BACH1_ABC_TF_ACTIVITY__ssgsea_NES,P0018,15,-0.08928571428571427,0.7516725173502768,negative
COLLECTRI_BACH1_TF_ACTIVITY__decoupler_mlm,DOROTHEA_BACH1_ABC_TF_ACTIVITY__ssgsea_NES,P0019,15,-0.07142857142857141,0.8002959873970545,negative
COLLECTRI_BACH1_TF_ACTIVITY__decoupler_mlm,DOROTHEA_BACH1_ABC_TF_ACTIVITY__ssgsea_NES,P0020,15,-0.22499999999999998,0.42010468690763486,negative
COLLECTRI_BACH1_TF_ACTIVITY__decoupler_mlm,DOROTHEA_BACH1_ABC_TF_ACTIVITY__ssgsea_NES,P0025,15,-0.06071428571428571,0.8298120954425187,negative
COLLECTRI_BACH1_TF_ACTIVITY__decoupler_mlm,DOROTHEA_BACH1_ABC_TF_ACTIVITY__ssgsea_NES,P0028,15,-0.06785714285714285,0.8101088187105132,negative
COLLECTRI_BACH1_TF_ACTIVITY__decoupler_mlm,DOROTHEA_BACH1_ABC_TF_ACTIVITY__ssgsea_NES,P0030,15,-0.0964285714285714,0.7324528633867309,negative
COLLECTRI_BACH1_TF_ACTIVITY__decoupler_mlm,DOROTHEA_BACH1_ABC_TF_ACTIVITY__ssgsea_NES,P0031,15,-0.04285714285714285,0.8794603130258999,negative
COLLECTRI_BACH1_TF_ACTIVITY__decoupler_mlm,DOROTHEA_BACH1_ABC_TF_ACTIVITY__ssgsea_NES,P0034,15,-0.06785714285714285,0.8101088187105132,negative
DOROTHEA_BACH1_ABC_TF_ACTIVITY__ssgsea_NES,COLLECTRI_BACH1_TF_ACTIVITY__decoupler_mlm,AL02,15,0.04285714285714285,0.8794603130258999,positive
DOROTHEA_BACH1_ABC_TF_ACTIVITY__ssgsea_NES,COLLECTRI_BACH1_TF_ACTIVITY__decoupler_mlm,AL06,15,0.014285714285714282,0.9596997645989475,positive
DOROTHEA_BACH1_ABC_TF_ACTIVITY__ssgsea_NES,COLLECTRI_BACH1_TF_ACTIVITY__decoupler_mlm,AL08,15,0.035714285714285705,0.8994469934720875,positive
DOROTHEA_BACH1_ABC_TF_ACTIVITY__ssgsea_NES,COLLECTRI_BACH1_TF_ACTIVITY__decoupler_mlm,AL10,15,0.0035714285714285704,0.9899214068809781,positive
DOROTHEA_BACH1_ABC_TF_ACTIVITY__ssgsea_NES,COLLECTRI_BACH1_TF_ACTIVITY__decoupler_mlm,AL11,15,-0.010714285714285713,0.9697698761545686,negative
DOROTHEA_BACH1_ABC_TF_ACTIVITY__ssgsea_NES,COLLECTRI_BACH1_TF_ACTIVITY__decoupler_mlm,P0006,15,-0.04642857142857142,0.8694915255450947,negative
DOROTHEA_BACH1_ABC_TF_ACTIVITY__ssgsea_NES,COLLECTRI_BACH1_TF_ACTIVITY__decoupler_mlm,P0008,15,0.08214285714285713,0.7710285652881773,positive
DOROTHEA_BACH1_ABC_TF_ACTIVITY__ssgsea_NES,COLLECTRI_BACH1_TF_ACTIVITY__decoupler_mlm,P0009,15,-0.1607142857142857,0.5671967045803447,negative
DOROTHEA_BACH1_ABC_TF_ACTIVITY__ssgsea_NES,COLLECTRI_BACH1_TF_ACTIVITY__decoupler_mlm,P0018,15,-0.08928571428571427,0.7516725173502768,negative
DOROTHEA_BACH1_ABC_TF_ACTIVITY__ssgsea_NES,COLLECTRI_BACH1_TF_ACTIVITY__decoupler_mlm,P0019,15,-0.07142857142857141,0.8002959873970545,negative
DOROTHEA_BACH1_ABC_TF_ACTIVITY__ssgsea_NES,COLLECTRI_BACH1_TF_ACTIVITY__decoupler_mlm,P0020,15,-0.22499999999999998,0.42010468690763486,negative
DOROTHEA_BACH1_ABC_TF_ACTIVITY__ssgsea_NES,COLLECTRI_BACH1_TF_ACTIVITY__decoupler_mlm,P0025,15,-0.06071428571428571,0.8298120954425187,negative
DOROTHEA_BACH1_ABC_TF_ACTIVITY__ssgsea_NES,COLLECTRI_BACH1_TF_ACTIVITY__decoupler_mlm,P0028,15,-0.06785714285714285,0.8101088187105132,negative
DOROTHEA_BACH1_ABC_TF_ACTIVITY__ssgsea_NES,COLLECTRI_BACH1_TF_ACTIVITY__decoupler_mlm,P0030,15,-0.0964285714285714,0.7324528633867309,negative
DOROTHEA_BACH1_ABC_TF_ACTIVITY__ssgsea_NES,COLLECTRI_BACH1_TF_ACTIVITY__decoupler_mlm,P0031,15,-0.04285714285714285,0.8794603130258999,negative
DOROTHEA_BACH1_ABC_TF_ACTIVITY__ssgsea_NES,COLLECTRI_BACH1_TF_ACTIVITY__decoupler_mlm,P0034,15,-0.06785714285714285,0.8101088187105132,negative
KLENJA2025_BACH1_ACTIVITY_INVERTED__ssgsea_NES,HALLMARK_EPITHELIAL_MESENCHYMAL_TRANSITION__mean_z,AL02,15,0.2678571428571428,0.33444360051235367,positive
KLENJA2025_BACH1_ACTIVITY_INVERTED__ssgsea_NES,HALLMARK_EPITHELIAL_MESENCHYMAL_TRANSITION__mean_z,AL06,15,0.10357142857142855,0.7133796306287292,positive
KLENJA2025_BACH1_ACTIVITY_INVERTED__ssgsea_NES,HALLMARK_EPITHELIAL_MESENCHYMAL_TRANSITION__mean_z,AL08,15,0.06428571428571428,0.8199479653196375,positive
KLENJA2025_BACH1_ACTIVITY_INVERTED__ssgsea_NES,HALLMARK_EPITHELIAL_MESENCHYMAL_TRANSITION__mean_z,AL10,15,0.035714285714285705,0.8994469934720875,positive
KLENJA2025_BACH1_ACTIVITY_INVERTED__ssgsea_NES,HALLMARK_EPITHELIAL_MESENCHYMAL_TRANSITION__mean_z,AL11,15,0.024999999999999998,0.9295289708192378,positive
KLENJA2025_BACH1_ACTIVITY_INVERTED__ssgsea_NES,HALLMARK_EPITHELIAL_MESENCHYMAL_TRANSITION__mean_z,P0006,15,-0.04285714285714285,0.8794603130258999,negative
KLENJA2025_BACH1_ACTIVITY_INVERTED__ssgsea_NES,HALLMARK_EPITHELIAL_MESENCHYMAL_TRANSITION__mean_z,P0008,15,0.13214285714285715,0.6387442188840663,positive
KLENJA2025_BACH1_ACTIVITY_INVERTED__ssgsea_NES,HALLMARK_EPITHELIAL_MESENCHYMAL_TRANSITION__mean_z,P0009,15,-0.10714285714285714,0.7039010016261618,negative
KLENJA2025_BACH1_ACTIVITY_INVERTED__ssgsea_NES,HALLMARK_EPITHELIAL_MESENCHYMAL_TRANSITION__mean_z,P0018,15,-0.024999999999999998,0.9295289708192378,negative
KLENJA2025_BACH1_ACTIVITY_INVERTED__ssgsea_NES,HALLMARK_EPITHELIAL_MESENCHYMAL_TRANSITION__mean_z,P0019,15,0.05357142857142857,0.8496099367776072,positive
KLENJA2025_BACH1_ACTIVITY_INVERTED__ssgsea_NES,HALLMARK_EPITHELIAL_MESENCHYMAL_TRANSITION__mean_z,P0020,15,0.06071428571428571,0.8298120954425187,positive
KLENJA2025_BACH1_ACTIVITY_INVERTED__ssgsea_NES,HALLMARK_EPITHELIAL_MESENCHYMAL_TRANSITION__mean_z,P0025,15,-0.10714285714285714,0.7039010016261618,negative
KLENJA2025_BACH1_ACTIVITY_INVERTED__ssgsea_NES,HALLMARK_EPITHELIAL_MESENCHYMAL_TRANSITION__mean_z,P0028,15,0.07142857142857141,0.8002959873970545,positive
KLENJA2025_BACH1_ACTIVITY_INVERTED__ssgsea_NES,HALLMARK_EPITHELIAL_MESENCHYMAL_TRANSITION__mean_z,P0030,15,0.07857142857142857,0.7807545523090464,positive
KLENJA2025_BACH1_ACTIVITY_INVERTED__ssgsea_NES,HALLMARK_EPITHELIAL_MESENCHYMAL_TRANSITION__mean_z,P0031,15,0.05357142857142857,0.8496099367776072,positive
KLENJA2025_BACH1_ACTIVITY_INVERTED__ssgsea_NES,HALLMARK_EPITHELIAL_MESENCHYMAL_TRANSITION__mean_z,P0034,15,0.039285714285714285,0.8894459296739485,positive
KLENJA2025_BACH1_ACTIVITY_INVERTED__ssgsea_NES,HALLMARK_OXIDATIVE_PHOSPHORYLATION__mean_z,AL02,15,0.125,0.6571356681869506,positive
KLENJA2025_BACH1_ACTIVITY_INVERTED__ssgsea_NES,HALLMARK_OXIDATIVE_PHOSPHORYLATION__mean_z,AL06,15,-0.0035714285714285704,0.9899214068809781,negative
KLENJA2025_BACH1_ACTIVITY_INVERTED__ssgsea_NES,HALLMARK_OXIDATIVE_PHOSPHORYLATION__mean_z,AL08,15,-0.0857142857142857,0.7613341261907666,negative
KLENJA2025_BACH1_ACTIVITY_INVERTED__ssgsea_NES,HALLMARK_OXIDATIVE_PHOSPHORYLATION__mean_z,AL10,15,-0.010714285714285713,0.9697698761545686,negative
KLENJA2025_BACH1_ACTIVITY_INVERTED__ssgsea_NES,HALLMARK_OXIDATIVE_PHOSPHORYLATION__mean_z,AL11,15,0.09285714285714285,0.7420450099073671,positive
KLENJA2025_BACH1_ACTIVITY_INVERTED__ssgsea_NES,HALLMARK_OXIDATIVE_PHOSPHORYLATION__mean_z,P0006,15,0.13928571428571426,0.6205460876279013,positive
KLENJA2025_BACH1_ACTIVITY_INVERTED__ssgsea_NES,HALLMARK_OXIDATIVE_PHOSPHORYLATION__mean_z,P0008,15,0.17857142857142855,0.5242843600465524,positive
KLENJA2025_BACH1_ACTIVITY_INVERTED__ssgsea_NES,HALLMARK_OXIDATIVE_PHOSPHORYLATION__mean_z,P0009,15,-0.12857142857142856,0.6479163294665075,negative
KLENJA2025_BACH1_ACTIVITY_INVERTED__ssgsea_NES,HALLMARK_OXIDATIVE_PHOSPHORYLATION__mean_z,P0018,15,0.028571428571428564,0.9194899083821858,positive
KLENJA2025_BACH1_ACTIVITY_INVERTED__ssgsea_NES,HALLMARK_OXIDATIVE_PHOSPHORYLATION__mean_z,P0019,15,0.049999999999999996,0.859540943467457,positive
KLENJA2025_BACH1_ACTIVITY_INVERTED__ssgsea_NES,HALLMARK_OXIDATIVE_PHOSPHORYLATION__mean_z,P0020,15,0.024999999999999998,0.9295289708192378,positive
KLENJA2025_BACH1_ACTIVITY_INVERTED__ssgsea_NES,HALLMARK_OXIDATIVE_PHOSPHORYLATION__mean_z,P0025,15,0.04285714285714285,0.8794603130258999,positive
KLENJA2025_BACH1_ACTIVITY_INVERTED__ssgsea_NES,HALLMARK_OXIDATIVE_PHOSPHORYLATION__mean_z,P0028,15,-0.039285714285714285,0.8894459296739485,negative
KLENJA2025_BACH1_ACTIVITY_INVERTED__ssgsea_NES,HALLMARK_OXIDATIVE_PHOSPHORYLATION__mean_z,P0030,15,0.06428571428571428,0.8199479653196375,positive
KLENJA2025_BACH1_ACTIVITY_INVERTED__ssgsea_NES,HALLMARK_OXIDATIVE_PHOSPHORYLATION__mean_z,P0031,15,0.07857142857142857,0.7807545523090464,positive
KLENJA2025_BACH1_ACTIVITY_INVERTED__ssgsea_NES,HALLMARK_OXIDATIVE_PHOSPHORYLATION__mean_z,P0034,15,0.05357142857142857,0.8496099367776072,positive
BACH1_expression_mean,HALLMARK_HEME_METABOLISM__ssgsea_NES,AL02,15,-0.25357142857142856,0.3618161038158894,negative
BACH1_expression_mean,HALLMARK_HEME_METABOLISM__ssgsea_NES,AL06,15,0.04642857142857142,0.8694915255450947,positive
BACH1_expression_mean,HALLMARK_HEME_METABOLISM__ssgsea_NES,AL08,15,-0.049999999999999996,0.859540943467457,negative
BACH1_expression_mean,HALLMARK_HEME_METABOLISM__ssgsea_NES,AL10,15,-0.14285714285714282,0.6115222287644656,negative
BACH1_expression_mean,HALLMARK_HEME_METABOLISM__ssgsea_NES,AL11,15,0.039285714285714285,0.8894459296739485,positive
BACH1_expression_mean,HALLMARK_HEME_METABOLISM__ssgsea_NES,P0006,15,-0.014285714285714282,0.9596997645989475,negative
BACH1_expression_mean,HALLMARK_HEME_METABOLISM__ssgsea_NES,P0008,15,-0.04285714285714285,0.8794603130258999,negative
BACH1_expression_mean,HALLMARK_HEME_METABOLISM__ssgsea_NES,P0009,15,-0.03214285714285714,0.9094621170945906,negative
BACH1_expression_mean,HALLMARK_HEME_METABOLISM__ssgsea_NES,P0018,15,0.03214285714285714,0.9094621170945906,positive
BACH1_expression_mean,HALLMARK_HEME_METABOLISM__ssgsea_NES,P0019,15,-0.007142857142857141,0.9798442277615982,negative
BACH1_expression_mean,HALLMARK_HEME_METABOLISM__ssgsea_NES,P0020,15,0.0035714285714285704,0.9899214068809781,positive
BACH1_expression_mean,HALLMARK_HEME_METABOLISM__ssgsea_NES,P0025,15,0.09999999999999999,0.7228973252791182,positive
BACH1_expression_mean,HALLMARK_HEME_METABOLISM__ssgsea_NES,P0028,15,-0.06071428571428571,0.8298120954425187,negative
BACH1_expression_mean,HALLMARK_HEME_METABOLISM__ssgsea_NES,P0030,15,-0.05714285714285713,0.8396998687415759,negative
BACH1_expression_mean,HALLMARK_HEME_METABOLISM__ssgsea_NES,P0031,15,-0.017857142857142853,0.9496353041738619,negative
BACH1_expression_mean,HALLMARK_HEME_METABOLISM__ssgsea_NES,P0034,15,-0.05714285714285713,0.8396998687415759,negative
DOROTHEA_BACH1_ABC_TF_ACTIVITY__ssgsea_NES,HALLMARK_HEME_METABOLISM__ssgsea_NES,AL02,15,0.09999999999999999,0.7228973252791182,positive
DOROTHEA_BACH1_ABC_TF_ACTIVITY__ssgsea_NES,HALLMARK_HEME_METABOLISM__ssgsea_NES,AL06,15,0.049999999999999996,0.859540943467457,positive
DOROTHEA_BACH1_ABC_TF_ACTIVITY__ssgsea_NES,HALLMARK_HEME_METABOLISM__ssgsea_NES,AL08,15,-0.1928571428571428,0.49104870160522307,negative
DOROTHEA_BACH1_ABC_TF_ACTIVITY__ssgsea_NES,HALLMARK_HEME_METABOLISM__ssgsea_NES,AL10,15,-0.13214285714285715,0.6387442188840663,negative
DOROTHEA_BACH1_ABC_TF_ACTIVITY__ssgsea_NES,HALLMARK_HEME_METABOLISM__ssgsea_NES,AL11,15,-0.007142857142857141,0.9798442277615982,negative
DOROTHEA_BACH1_ABC_TF_ACTIVITY__ssgsea_NES,HALLMARK_HEME_METABOLISM__ssgsea_NES,P0006,15,-0.04285714285714285,0.8794603130258999,negative
DOROTHEA_BACH1_ABC_TF_ACTIVITY__ssgsea_NES,HALLMARK_HEME_METABOLISM__ssgsea_NES,P0008,15,-0.07857142857142857,0.7807545523090464,negative
DOROTHEA_BACH1_ABC_TF_ACTIVITY__ssgsea_NES,HALLMARK_HEME_METABOLISM__ssgsea_NES,P0009,15,-0.08928571428571427,0.7516725173502768,negative
DOROTHEA_BACH1_ABC_TF_ACTIVITY__ssgsea_NES,HALLMARK_HEME_METABOLISM__ssgsea_NES,P0018,15,-0.028571428571428564,0.9194899083821858,negative
DOROTHEA_BACH1_ABC_TF_ACTIVITY__ssgsea_NES,HALLMARK_HEME_METABOLISM__ssgsea_NES,P0019,15,0.007142857142857141,0.9798442277615982,positive
DOROTHEA_BACH1_ABC_TF_ACTIVITY__ssgsea_NES,HALLMARK_HEME_METABOLISM__ssgsea_NES,P0020,15,-0.028571428571428564,0.9194899083821858,negative
DOROTHEA_BACH1_ABC_TF_ACTIVITY__ssgsea_NES,HALLMARK_HEME_METABOLISM__ssgsea_NES,P0025,15,-0.010714285714285713,0.9697698761545686,negative
DOROTHEA_BACH1_ABC_TF_ACTIVITY__ssgsea_NES,HALLMARK_HEME_METABOLISM__ssgsea_NES,P0028,15,-0.04285714285714285,0.8794603130258999,negative
DOROTHEA_BACH1_ABC_TF_ACTIVITY__ssgsea_NES,HALLMARK_HEME_METABOLISM__ssgsea_NES,P0030,15,0.06428571428571428,0.8199479653196375,positive
DOROTHEA_BACH1_ABC_TF_ACTIVITY__ssgsea_NES,HALLMARK_HEME_METABOLISM__ssgsea_NES,P0031,15,-0.039285714285714285,0.8894459296739485,negative
DOROTHEA_BACH1_ABC_TF_ACTIVITY__ssgsea_NES,HALLMARK_HEME_METABOLISM__ssgsea_NES,P0034,15,-0.04285714285714285,0.8794603130258999,negative
COLLECTRI_BACH1_TF_ACTIVITY__decoupler_ulm,DOROTHEA_BACH1_ABC_TF_ACTIVITY__ssgsea_NES,AL02,15,0.07142857142857141,0.8002959873970545,positive
COLLECTRI_BACH1_TF_ACTIVITY__decoupler_ulm,DOROTHEA_BACH1_ABC_TF_ACTIVITY__ssgsea_NES,AL06,15,-0.039285714285714285,0.8894459296739485,negative
COLLECTRI_BACH1_TF_ACTIVITY__decoupler_ulm,DOROTHEA_BACH1_ABC_TF_ACTIVITY__ssgsea_NES,AL08,15,0.06071428571428571,0.8298120954425187,positive
COLLECTRI_BACH1_TF_ACTIVITY__decoupler_ulm,DOROTHEA_BACH1_ABC_TF_ACTIVITY__ssgsea_NES,AL10,15,0.04285714285714285,0.8794603130258999,positive
COLLECTRI_BACH1_TF_ACTIVITY__decoupler_ulm,DOROTHEA_BACH1_ABC_TF_ACTIVITY__ssgsea_NES,AL11,15,0.007142857142857141,0.9798442277615982,positive
COLLECTRI_BACH1_TF_ACTIVITY__decoupler_ulm,DOROTHEA_BACH1_ABC_TF_ACTIVITY__ssgsea_NES,P0006,15,-0.06785714285714285,0.8101088187105132,negative
COLLECTRI_BACH1_TF_ACTIVITY__decoupler_ulm,DOROTHEA_BACH1_ABC_TF_ACTIVITY__ssgsea_NES,P0008,15,0.10357142857142855,0.7133796306287292,positive
COLLECTRI_BACH1_TF_ACTIVITY__decoupler_ulm,DOROTHEA_BACH1_ABC_TF_ACTIVITY__ssgsea_NES,P0009,15,-0.039285714285714285,0.8894459296739485,negative
COLLECTRI_BACH1_TF_ACTIVITY__decoupler_ulm,DOROTHEA_BACH1_ABC_TF_ACTIVITY__ssgsea_NES,P0018,15,-0.07142857142857141,0.8002959873970545,negative
COLLECTRI_BACH1_TF_ACTIVITY__decoupler_ulm,DOROTHEA_BACH1_ABC_TF_ACTIVITY__ssgsea_NES,P0019,15,-0.05357142857142857,0.8496099367776072,negative
COLLECTRI_BACH1_TF_ACTIVITY__decoupler_ulm,DOROTHEA_BACH1_ABC_TF_ACTIVITY__ssgsea_NES,P0020,15,-0.1964285714285714,0.48289875627163353,negative
COLLECTRI_BACH1_TF_ACTIVITY__decoupler_ulm,DOROTHEA_BACH1_ABC_TF_ACTIVITY__ssgsea_NES,P0025,15,-0.04285714285714285,0.8794603130258999,negative
COLLECTRI_BACH1_TF_ACTIVITY__decoupler_ulm,DOROTHEA_BACH1_ABC_TF_ACTIVITY__ssgsea_NES,P0028,15,-0.03214285714285714,0.9094621170945906,negative
COLLECTRI_BACH1_TF_ACTIVITY__decoupler_ulm,DOROTHEA_BACH1_ABC_TF_ACTIVITY__ssgsea_NES,P0030,15,-0.07857142857142857,0.7807545523090464,negative
COLLECTRI_BACH1_TF_ACTIVITY__decoupler_ulm,DOROTHEA_BACH1_ABC_TF_ACTIVITY__ssgsea_NES,P0031,15,-0.07857142857142857,0.7807545523090464,negative
COLLECTRI_BACH1_TF_ACTIVITY__decoupler_ulm,DOROTHEA_BACH1_ABC_TF_ACTIVITY__ssgsea_NES,P0034,15,-0.06428571428571428,0.8199479653196375,negative
DOROTHEA_BACH1_ABC_TF_ACTIVITY__decoupler_mlm,KLENJA2025_BACH1_INVERSE_ACTIVITY__mean_z,AL02,15,0.075,0.7905107941552678,positive
DOROTHEA_BACH1_ABC_TF_ACTIVITY__decoupler_mlm,KLENJA2025_BACH1_INVERSE_ACTIVITY__mean_z,AL06,15,0.075,0.7905107941552678,positive
DOROTHEA_BACH1_ABC_TF_ACTIVITY__decoupler_mlm,KLENJA2025_BACH1_INVERSE_ACTIVITY__mean_z,AL08,15,0.0964285714285714,0.7324528633867309,positive
DOROTHEA_BACH1_ABC_TF_ACTIVITY__decoupler_mlm,KLENJA2025_BACH1_INVERSE_ACTIVITY__mean_z,AL10,15,0.0857142857142857,0.7613341261907666,positive
DOROTHEA_BACH1_ABC_TF_ACTIVITY__decoupler_mlm,KLENJA2025_BACH1_INVERSE_ACTIVITY__mean_z,AL11,15,-0.0857142857142857,0.7613341261907666,negative
DOROTHEA_BACH1_ABC_TF_ACTIVITY__decoupler_mlm,KLENJA2025_BACH1_INVERSE_ACTIVITY__mean_z,P0006,15,0.017857142857142853,0.9496353041738619,positive
DOROTHEA_BACH1_ABC_TF_ACTIVITY__decoupler_mlm,KLENJA2025_BACH1_INVERSE_ACTIVITY__mean_z,P0008,15,0.14285714285714282,0.6115222287644656,positive
DOROTHEA_BACH1_ABC_TF_ACTIVITY__decoupler_mlm,KLENJA2025_BACH1_INVERSE_ACTIVITY__mean_z,P0009,15,0.028571428571428564,0.9194899083821858,positive
DOROTHEA_BACH1_ABC_TF_ACTIVITY__decoupler_mlm,KLENJA2025_BACH1_INVERSE_ACTIVITY__mean_z,P0018,15,-0.039285714285714285,0.8894459296739485,negative
DOROTHEA_BACH1_ABC_TF_ACTIVITY__decoupler_mlm,KLENJA2025_BACH1_INVERSE_ACTIVITY__mean_z,P0019,15,0.017857142857142853,0.9496353041738619,positive
DOROTHEA_BACH1_ABC_TF_ACTIVITY__decoupler_mlm,KLENJA2025_BACH1_INVERSE_ACTIVITY__mean_z,P0020,15,0.035714285714285705,0.8994469934720875,positive
DOROTHEA_BACH1_ABC_TF_ACTIVITY__decoupler_mlm,KLENJA2025_BACH1_INVERSE_ACTIVITY__mean_z,P0025,15,-0.06785714285714285,0.8101088187105132,negative
DOROTHEA_BACH1_ABC_TF_ACTIVITY__decoupler_mlm,KLENJA2025_BACH1_INVERSE_ACTIVITY__mean_z,P0028,15,-0.039285714285714285,0.8894459296739485,negative
DOROTHEA_BACH1_ABC_TF_ACTIVITY__decoupler_mlm,KLENJA2025_BACH1_INVERSE_ACTIVITY__mean_z,P0030,15,0.14285714285714282,0.6115222287644656,positive
DOROTHEA_BACH1_ABC_TF_ACTIVITY__decoupler_mlm,KLENJA2025_BACH1_INVERSE_ACTIVITY__mean_z,P0031,15,0.014285714285714282,0.9596997645989475,positive
DOROTHEA_BACH1_ABC_TF_ACTIVITY__decoupler_mlm,KLENJA2025_BACH1_INVERSE_ACTIVITY__mean_z,P0034,15,-0.039285714285714285,0.8894459296739485,negative
DOROTHEA_BACH1_ABC_TF_ACTIVITY__ssgsea_NES,COLLECTRI_BACH1_TF_ACTIVITY__decoupler_ulm,AL02,15,0.07142857142857141,0.8002959873970545,positive
DOROTHEA_BACH1_ABC_TF_ACTIVITY__ssgsea_NES,COLLECTRI_BACH1_TF_ACTIVITY__decoupler_ulm,AL06,15,-0.039285714285714285,0.8894459296739485,negative
DOROTHEA_BACH1_ABC_TF_ACTIVITY__ssgsea_NES,COLLECTRI_BACH1_TF_ACTIVITY__decoupler_ulm,AL08,15,0.06071428571428571,0.8298120954425187,positive
DOROTHEA_BACH1_ABC_TF_ACTIVITY__ssgsea_NES,COLLECTRI_BACH1_TF_ACTIVITY__decoupler_ulm,AL10,15,0.04285714285714285,0.8794603130258999,positive
DOROTHEA_BACH1_ABC_TF_ACTIVITY__ssgsea_NES,COLLECTRI_BACH1_TF_ACTIVITY__decoupler_ulm,AL11,15,0.007142857142857141,0.9798442277615982,positive
DOROTHEA_BACH1_ABC_TF_ACTIVITY__ssgsea_NES,COLLECTRI_BACH1_TF_ACTIVITY__decoupler_ulm,P0006,15,-0.06785714285714285,0.8101088187105132,negative
DOROTHEA_BACH1_ABC_TF_ACTIVITY__ssgsea_NES,COLLECTRI_BACH1_TF_ACTIVITY__decoupler_ulm,P0008,15,0.10357142857142855,0.7133796306287292,positive
DOROTHEA_BACH1_ABC_TF_ACTIVITY__ssgsea_NES,COLLECTRI_BACH1_TF_ACTIVITY__decoupler_ulm,P0009,15,-0.039285714285714285,0.8894459296739485,negative
DOROTHEA_BACH1_ABC_TF_ACTIVITY__ssgsea_NES,COLLECTRI_BACH1_TF_ACTIVITY__decoupler_ulm,P0018,15,-0.07142857142857141,0.8002959873970545,negative
DOROTHEA_BACH1_ABC_TF_ACTIVITY__ssgsea_NES,COLLECTRI_BACH1_TF_ACTIVITY__decoupler_ulm,P0019,15,-0.05357142857142857,0.8496099367776072,negative
DOROTHEA_BACH1_ABC_TF_ACTIVITY__ssgsea_NES,COLLECTRI_BACH1_TF_ACTIVITY__decoupler_ulm,P0020,15,-0.1964285714285714,0.48289875627163353,negative
DOROTHEA_BACH1_ABC_TF_ACTIVITY__ssgsea_NES,COLLECTRI_BACH1_TF_ACTIVITY__decoupler_ulm,P0025,15,-0.04285714285714285,0.8794603130258999,negative
DOROTHEA_BACH1_ABC_TF_ACTIVITY__ssgsea_NES,COLLECTRI_BACH1_TF_ACTIVITY__decoupler_ulm,P0028,15,-0.03214285714285714,0.9094621170945906,negative
DOROTHEA_BACH1_ABC_TF_ACTIVITY__ssgsea_NES,COLLECTRI_BACH1_TF_ACTIVITY__decoupler_ulm,P0030,15,-0.07857142857142857,0.7807545523090464,negative
DOROTHEA_BACH1_ABC_TF_ACTIVITY__ssgsea_NES,COLLECTRI_BACH1_TF_ACTIVITY__decoupler_ulm,P0031,15,-0.07857142857142857,0.7807545523090464,negative
DOROTHEA_BACH1_ABC_TF_ACTIVITY__ssgsea_NES,COLLECTRI_BACH1_TF_ACTIVITY__decoupler_ulm,P0034,15,-0.06428571428571428,0.8199479653196375,negative
KLENJA2025_BACH1_ACTIVITY_INVERTED__ssgsea_NES,HALLMARK_HEME_METABOLISM__mean_z,AL02,15,0.049999999999999996,0.859540943467457,positive
KLENJA2025_BACH1_ACTIVITY_INVERTED__ssgsea_NES,HALLMARK_HEME_METABOLISM__mean_z,AL06,15,0.075,0.7905107941552678,positive
KLENJA2025_BACH1_ACTIVITY_INVERTED__ssgsea_NES,HALLMARK_HEME_METABOLISM__mean_z,AL08,15,0.06428571428571428,0.8199479653196375,positive
KLENJA2025_BACH1_ACTIVITY_INVERTED__ssgsea_NES,HALLMARK_HEME_METABOLISM__mean_z,AL10,15,0.028571428571428564,0.9194899083821858,positive
KLENJA2025_BACH1_ACTIVITY_INVERTED__ssgsea_NES,HALLMARK_HEME_METABOLISM__mean_z,AL11,15,0.075,0.7905107941552678,positive
KLENJA2025_BACH1_ACTIVITY_INVERTED__ssgsea_NES,HALLMARK_HEME_METABOLISM__mean_z,P0006,15,-0.035714285714285705,0.8994469934720875,negative
KLENJA2025_BACH1_ACTIVITY_INVERTED__ssgsea_NES,HALLMARK_HEME_METABOLISM__mean_z,P0008,15,0.25,0.36884629178393047,positive
KLENJA2025_BACH1_ACTIVITY_INVERTED__ssgsea_NES,HALLMARK_HEME_METABOLISM__mean_z,P0009,15,-0.09999999999999999,0.7228973252791182,negative
KLENJA2025_BACH1_ACTIVITY_INVERTED__ssgsea_NES,HALLMARK_HEME_METABOLISM__mean_z,P0018,15,0.06428571428571428,0.8199479653196375,positive
KLENJA2025_BACH1_ACTIVITY_INVERTED__ssgsea_NES,HALLMARK_HEME_METABOLISM__mean_z,P0019,15,0.0035714285714285704,0.9899214068809781,positive
KLENJA2025_BACH1_ACTIVITY_INVERTED__ssgsea_NES,HALLMARK_HEME_METABOLISM__mean_z,P0020,15,0.035714285714285705,0.8994469934720875,positive
KLENJA2025_BACH1_ACTIVITY_INVERTED__ssgsea_NES,HALLMARK_HEME_METABOLISM__mean_z,P0025,15,-0.09999999999999999,0.7228973252791182,negative
KLENJA2025_BACH1_ACTIVITY_INVERTED__ssgsea_NES,HALLMARK_HEME_METABOLISM__mean_z,P0028,15,-0.0035714285714285704,0.9899214068809781,negative
KLENJA2025_BACH1_ACTIVITY_INVERTED__ssgsea_NES,HALLMARK_HEME_METABOLISM__mean_z,P0030,15,0.075,0.7905107941552678,positive
KLENJA2025_BACH1_ACTIVITY_INVERTED__ssgsea_NES,HALLMARK_HEME_METABOLISM__mean_z,P0031,15,-0.05714285714285713,0.8396998687415759,negative
KLENJA2025_BACH1_ACTIVITY_INVERTED__ssgsea_NES,HALLMARK_HEME_METABOLISM__mean_z,P0034,15,0.04285714285714285,0.8794603130258999,positive
KLENJA2025_BACH1_INVERSE_ACTIVITY__mean_z,DOROTHEA_BACH1_ABC_TF_ACTIVITY__decoupler_mlm,AL02,15,0.075,0.7905107941552678,positive
KLENJA2025_BACH1_INVERSE_ACTIVITY__mean_z,DOROTHEA_BACH1_ABC_TF_ACTIVITY__decoupler_mlm,AL06,15,0.075,0.7905107941552678,positive
KLENJA2025_BACH1_INVERSE_ACTIVITY__mean_z,DOROTHEA_BACH1_ABC_TF_ACTIVITY__decoupler_mlm,AL08,15,0.0964285714285714,0.7324528633867309,positive
KLENJA2025_BACH1_INVERSE_ACTIVITY__mean_z,DOROTHEA_BACH1_ABC_TF_ACTIVITY__decoupler_mlm,AL10,15,0.0857142857142857,0.7613341261907666,positive
KLENJA2025_BACH1_INVERSE_ACTIVITY__mean_z,DOROTHEA_BACH1_ABC_TF_ACTIVITY__decoupler_mlm,AL11,15,-0.0857142857142857,0.7613341261907666,negative
KLENJA2025_BACH1_INVERSE_ACTIVITY__mean_z,DOROTHEA_BACH1_ABC_TF_ACTIVITY__decoupler_mlm,P0006,15,0.017857142857142853,0.9496353041738619,positive
KLENJA2025_BACH1_INVERSE_ACTIVITY__mean_z,DOROTHEA_BACH1_ABC_TF_ACTIVITY__decoupler_mlm,P0008,15,0.14285714285714282,0.6115222287644656,positive
KLENJA2025_BACH1_INVERSE_ACTIVITY__mean_z,DOROTHEA_BACH1_ABC_TF_ACTIVITY__decoupler_mlm,P0009,15,0.028571428571428564,0.9194899083821858,positive
KLENJA2025_BACH1_INVERSE_ACTIVITY__mean_z,DOROTHEA_BACH1_ABC_TF_ACTIVITY__decoupler_mlm,P0018,15,-0.039285714285714285,0.8894459296739485,negative
KLENJA2025_BACH1_INVERSE_ACTIVITY__mean_z,DOROTHEA_BACH1_ABC_TF_ACTIVITY__decoupler_mlm,P0019,15,0.017857142857142853,0.9496353041738619,positive
KLENJA2025_BACH1_INVERSE_ACTIVITY__mean_z,DOROTHEA_BACH1_ABC_TF_ACTIVITY__decoupler_mlm,P0020,15,0.035714285714285705,0.8994469934720875,positive
KLENJA2025_BACH1_INVERSE_ACTIVITY__mean_z,DOROTHEA_BACH1_ABC_TF_ACTIVITY__decoupler_mlm,P0025,15,-0.06785714285714285,0.8101088187105132,negative
KLENJA2025_BACH1_INVERSE_ACTIVITY__mean_z,DOROTHEA_BACH1_ABC_TF_ACTIVITY__decoupler_mlm,P0028,15,-0.039285714285714285,0.8894459296739485,negative
KLENJA2025_BACH1_INVERSE_ACTIVITY__mean_z,DOROTHEA_BACH1_ABC_TF_ACTIVITY__decoupler_mlm,P0030,15,0.14285714285714282,0.6115222287644656,positive
KLENJA2025_BACH1_INVERSE_ACTIVITY__mean_z,DOROTHEA_BACH1_ABC_TF_ACTIVITY__decoupler_mlm,P0031,15,0.014285714285714282,0.9596997645989475,positive
KLENJA2025_BACH1_INVERSE_ACTIVITY__mean_z,DOROTHEA_BACH1_ABC_TF_ACTIVITY__decoupler_mlm,P0034,15,-0.039285714285714285,0.8894459296739485,negative
BACH1_detected_fraction,HALLMARK_EPITHELIAL_MESENCHYMAL_TRANSITION__mean_z,AL02,15,0.18214285714285713,0.5158816817070392,positive
BACH1_detected_fraction,HALLMARK_EPITHELIAL_MESENCHYMAL_TRANSITION__mean_z,AL06,15,-0.1928571428571428,0.49104870160522307,negative
BACH1_detected_fraction,HALLMARK_EPITHELIAL_MESENCHYMAL_TRANSITION__mean_z,AL08,15,-0.010714285714285713,0.9697698761545686,negative
BACH1_detected_fraction,HALLMARK_EPITHELIAL_MESENCHYMAL_TRANSITION__mean_z,AL10,15,-0.017857142857142853,0.9496353041738619,negative
BACH1_detected_fraction,HALLMARK_EPITHELIAL_MESENCHYMAL_TRANSITION__mean_z,AL11,15,-0.03214285714285714,0.9094621170945906,negative
BACH1_detected_fraction,HALLMARK_EPITHELIAL_MESENCHYMAL_TRANSITION__mean_z,P0006,15,0.08928571428571427,0.7516725173502768,positive
BACH1_detected_fraction,HALLMARK_EPITHELIAL_MESENCHYMAL_TRANSITION__mean_z,P0008,15,0.0,1.0,zero_or_nan
BACH1_detected_fraction,HALLMARK_EPITHELIAL_MESENCHYMAL_TRANSITION__mean_z,P0009,15,0.010714285714285713,0.9697698761545686,positive
BACH1_detected_fraction,HALLMARK_EPITHELIAL_MESENCHYMAL_TRANSITION__mean_z,P0018,15,-0.08928571428571427,0.7516725173502768,negative
BACH1_detected_fraction,HALLMARK_EPITHELIAL_MESENCHYMAL_TRANSITION__mean_z,P0019,15,-0.010714285714285713,0.9697698761545686,negative
BACH1_detected_fraction,HALLMARK_EPITHELIAL_MESENCHYMAL_TRANSITION__mean_z,P0020,15,-0.13928571428571426,0.6205460876279013,negative
BACH1_detected_fraction,HALLMARK_EPITHELIAL_MESENCHYMAL_TRANSITION__mean_z,P0025,15,-0.16428571428571426,0.5584973732486012,negative
BACH1_detected_fraction,HALLMARK_EPITHELIAL_MESENCHYMAL_TRANSITION__mean_z,P0028,15,0.021428571428571425,0.9395779040128779,positive
BACH1_detected_fraction,HALLMARK_EPITHELIAL_MESENCHYMAL_TRANSITION__mean_z,P0030,15,-0.049999999999999996,0.859540943467457,negative
BACH1_detected_fraction,HALLMARK_EPITHELIAL_MESENCHYMAL_TRANSITION__mean_z,P0031,15,-0.007142857142857141,0.9798442277615982,negative
BACH1_detected_fraction,HALLMARK_EPITHELIAL_MESENCHYMAL_TRANSITION__mean_z,P0034,15,-0.010714285714285713,0.9697698761545686,negative
COLLECTRI_BACH1_TF_ACTIVITY__decoupler_ulm,CURATED_NRF2_ANTIOXIDANT_RESPONSE__mean_z,AL02,15,-0.18214285714285713,0.5158816817070392,negative
COLLECTRI_BACH1_TF_ACTIVITY__decoupler_ulm,CURATED_NRF2_ANTIOXIDANT_RESPONSE__mean_z,AL06,15,0.021428571428571425,0.9395779040128779,positive
COLLECTRI_BACH1_TF_ACTIVITY__decoupler_ulm,CURATED_NRF2_ANTIOXIDANT_RESPONSE__mean_z,AL08,15,-0.007142857142857141,0.9798442277615982,negative
COLLECTRI_BACH1_TF_ACTIVITY__decoupler_ulm,CURATED_NRF2_ANTIOXIDANT_RESPONSE__mean_z,AL10,15,-0.028571428571428564,0.9194899083821858,negative
COLLECTRI_BACH1_TF_ACTIVITY__decoupler_ulm,CURATED_NRF2_ANTIOXIDANT_RESPONSE__mean_z,AL11,15,0.1928571428571428,0.49104870160522307,positive
COLLECTRI_BACH1_TF_ACTIVITY__decoupler_ulm,CURATED_NRF2_ANTIOXIDANT_RESPONSE__mean_z,P0006,15,-0.014285714285714282,0.9596997645989475,negative
COLLECTRI_BACH1_TF_ACTIVITY__decoupler_ulm,CURATED_NRF2_ANTIOXIDANT_RESPONSE__mean_z,P0008,15,0.15714285714285714,0.5759526006037947,positive
COLLECTRI_BACH1_TF_ACTIVITY__decoupler_ulm,CURATED_NRF2_ANTIOXIDANT_RESPONSE__mean_z,P0009,15,0.014285714285714282,0.9596997645989475,positive
COLLECTRI_BACH1_TF_ACTIVITY__decoupler_ulm,CURATED_NRF2_ANTIOXIDANT_RESPONSE__mean_z,P0018,15,0.035714285714285705,0.8994469934720875,positive
COLLECTRI_BACH1_TF_ACTIVITY__decoupler_ulm,CURATED_NRF2_ANTIOXIDANT_RESPONSE__mean_z,P0019,15,-0.007142857142857141,0.9798442277615982,negative
COLLECTRI_BACH1_TF_ACTIVITY__decoupler_ulm,CURATED_NRF2_ANTIOXIDANT_RESPONSE__mean_z,P0020,15,0.12857142857142856,0.6479163294665075,positive
COLLECTRI_BACH1_TF_ACTIVITY__decoupler_ulm,CURATED_NRF2_ANTIOXIDANT_RESPONSE__mean_z,P0025,15,-0.007142857142857141,0.9798442277615982,negative
COLLECTRI_BACH1_TF_ACTIVITY__decoupler_ulm,CURATED_NRF2_ANTIOXIDANT_RESPONSE__mean_z,P0028,15,-0.007142857142857141,0.9798442277615982,negative
COLLECTRI_BACH1_TF_ACTIVITY__decoupler_ulm,CURATED_NRF2_ANTIOXIDANT_RESPONSE__mean_z,P0030,15,0.049999999999999996,0.859540943467457,positive
COLLECTRI_BACH1_TF_ACTIVITY__decoupler_ulm,CURATED_NRF2_ANTIOXIDANT_RESPONSE__mean_z,P0031,15,0.049999999999999996,0.859540943467457,positive
COLLECTRI_BACH1_TF_ACTIVITY__decoupler_ulm,CURATED_NRF2_ANTIOXIDANT_RESPONSE__mean_z,P0034,15,0.035714285714285705,0.8994469934720875,positive
KLENJA2025_BACH1_INVERSE_ACTIVITY__mean_z,HALLMARK_GLYCOLYSIS__mean_z,AL02,15,0.13928571428571426,0.6205460876279013,positive
KLENJA2025_BACH1_INVERSE_ACTIVITY__mean_z,HALLMARK_GLYCOLYSIS__mean_z,AL06,15,0.007142857142857141,0.9798442277615982,positive
KLENJA2025_BACH1_INVERSE_ACTIVITY__mean_z,HALLMARK_GLYCOLYSIS__mean_z,AL08,15,-0.021428571428571425,0.9395779040128779,negative
KLENJA2025_BACH1_INVERSE_ACTIVITY__mean_z,HALLMARK_GLYCOLYSIS__mean_z,AL10,15,-0.021428571428571425,0.9395779040128779,negative
KLENJA2025_BACH1_INVERSE_ACTIVITY__mean_z,HALLMARK_GLYCOLYSIS__mean_z,AL11,15,0.039285714285714285,0.8894459296739485,positive
KLENJA2025_BACH1_INVERSE_ACTIVITY__mean_z,HALLMARK_GLYCOLYSIS__mean_z,P0006,15,0.0035714285714285704,0.9899214068809781,positive
KLENJA2025_BACH1_INVERSE_ACTIVITY__mean_z,HALLMARK_GLYCOLYSIS__mean_z,P0008,15,0.15357142857142855,0.5847640949410158,positive
KLENJA2025_BACH1_INVERSE_ACTIVITY__mean_z,HALLMARK_GLYCOLYSIS__mean_z,P0009,15,-0.13928571428571426,0.6205460876279013,negative
KLENJA2025_BACH1_INVERSE_ACTIVITY__mean_z,HALLMARK_GLYCOLYSIS__mean_z,P0018,15,-0.021428571428571425,0.9395779040128779,negative
KLENJA2025_BACH1_INVERSE_ACTIVITY__mean_z,HALLMARK_GLYCOLYSIS__mean_z,P0019,15,0.0035714285714285704,0.9899214068809781,positive
KLENJA2025_BACH1_INVERSE_ACTIVITY__mean_z,HALLMARK_GLYCOLYSIS__mean_z,P0020,15,-0.0035714285714285704,0.9899214068809781,negative
KLENJA2025_BACH1_INVERSE_ACTIVITY__mean_z,HALLMARK_GLYCOLYSIS__mean_z,P0025,15,-0.06071428571428571,0.8298120954425187,negative
KLENJA2025_BACH1_INVERSE_ACTIVITY__mean_z,HALLMARK_GLYCOLYSIS__mean_z,P0028,15,0.007142857142857141,0.9798442277615982,positive
KLENJA2025_BACH1_INVERSE_ACTIVITY__mean_z,HALLMARK_GLYCOLYSIS__mean_z,P0030,15,0.18928571428571428,0.4992630332385452,positive
KLENJA2025_BACH1_INVERSE_ACTIVITY__mean_z,HALLMARK_GLYCOLYSIS__mean_z,P0031,15,0.007142857142857141,0.9798442277615982,positive
KLENJA2025_BACH1_INVERSE_ACTIVITY__mean_z,HALLMARK_GLYCOLYSIS__mean_z,P0034,15,0.13928571428571426,0.6205460876279013,positive
COLLECTRI_BACH1_TF_ACTIVITY__decoupler_ulm,CURATED_NRF2_ANTIOXIDANT_RESPONSE__ssgsea_NES,AL02,15,-0.1857142857142857,0.5075409629336735,negative
COLLECTRI_BACH1_TF_ACTIVITY__decoupler_ulm,CURATED_NRF2_ANTIOXIDANT_RESPONSE__ssgsea_NES,AL06,15,0.017857142857142853,0.9496353041738619,positive
COLLECTRI_BACH1_TF_ACTIVITY__decoupler_ulm,CURATED_NRF2_ANTIOXIDANT_RESPONSE__ssgsea_NES,AL08,15,-0.0035714285714285704,0.9899214068809781,negative
COLLECTRI_BACH1_TF_ACTIVITY__decoupler_ulm,CURATED_NRF2_ANTIOXIDANT_RESPONSE__ssgsea_NES,AL10,15,-0.010714285714285713,0.9697698761545686,negative
COLLECTRI_BACH1_TF_ACTIVITY__decoupler_ulm,CURATED_NRF2_ANTIOXIDANT_RESPONSE__ssgsea_NES,AL11,15,0.18928571428571428,0.4992630332385452,positive
COLLECTRI_BACH1_TF_ACTIVITY__decoupler_ulm,CURATED_NRF2_ANTIOXIDANT_RESPONSE__ssgsea_NES,P0006,15,-0.014285714285714282,0.9596997645989475,negative
COLLECTRI_BACH1_TF_ACTIVITY__decoupler_ulm,CURATED_NRF2_ANTIOXIDANT_RESPONSE__ssgsea_NES,P0008,15,0.15714285714285714,0.5759526006037947,positive
COLLECTRI_BACH1_TF_ACTIVITY__decoupler_ulm,CURATED_NRF2_ANTIOXIDANT_RESPONSE__ssgsea_NES,P0009,15,0.014285714285714282,0.9596997645989475,positive
COLLECTRI_BACH1_TF_ACTIVITY__decoupler_ulm,CURATED_NRF2_ANTIOXIDANT_RESPONSE__ssgsea_NES,P0018,15,0.075,0.7905107941552678,positive
COLLECTRI_BACH1_TF_ACTIVITY__decoupler_ulm,CURATED_NRF2_ANTIOXIDANT_RESPONSE__ssgsea_NES,P0019,15,-0.06071428571428571,0.8298120954425187,negative
COLLECTRI_BACH1_TF_ACTIVITY__decoupler_ulm,CURATED_NRF2_ANTIOXIDANT_RESPONSE__ssgsea_NES,P0020,15,0.075,0.7905107941552678,positive
COLLECTRI_BACH1_TF_ACTIVITY__decoupler_ulm,CURATED_NRF2_ANTIOXIDANT_RESPONSE__ssgsea_NES,P0025,15,0.021428571428571425,0.9395779040128779,positive
COLLECTRI_BACH1_TF_ACTIVITY__decoupler_ulm,CURATED_NRF2_ANTIOXIDANT_RESPONSE__ssgsea_NES,P0028,15,-0.0035714285714285704,0.9899214068809781,negative
COLLECTRI_BACH1_TF_ACTIVITY__decoupler_ulm,CURATED_NRF2_ANTIOXIDANT_RESPONSE__ssgsea_NES,P0030,15,0.049999999999999996,0.859540943467457,positive
COLLECTRI_BACH1_TF_ACTIVITY__decoupler_ulm,CURATED_NRF2_ANTIOXIDANT_RESPONSE__ssgsea_NES,P0031,15,0.028571428571428564,0.9194899083821858,positive
COLLECTRI_BACH1_TF_ACTIVITY__decoupler_ulm,CURATED_NRF2_ANTIOXIDANT_RESPONSE__ssgsea_NES,P0034,15,0.028571428571428564,0.9194899083821858,positive
COLLECTRI_BACH1_TF_ACTIVITY__decoupler_ulm,HALLMARK_EPITHELIAL_MESENCHYMAL_TRANSITION__mean_z,AL02,15,0.1857142857142857,0.5075409629336735,positive
COLLECTRI_BACH1_TF_ACTIVITY__decoupler_ulm,HALLMARK_EPITHELIAL_MESENCHYMAL_TRANSITION__mean_z,AL06,15,0.035714285714285705,0.8994469934720875,positive
COLLECTRI_BACH1_TF_ACTIVITY__decoupler_ulm,HALLMARK_EPITHELIAL_MESENCHYMAL_TRANSITION__mean_z,AL08,15,-0.039285714285714285,0.8894459296739485,negative
COLLECTRI_BACH1_TF_ACTIVITY__decoupler_ulm,HALLMARK_EPITHELIAL_MESENCHYMAL_TRANSITION__mean_z,AL10,15,-0.10714285714285714,0.7039010016261618,negative
COLLECTRI_BACH1_TF_ACTIVITY__decoupler_ulm,HALLMARK_EPITHELIAL_MESENCHYMAL_TRANSITION__mean_z,AL11,15,-0.039285714285714285,0.8894459296739485,negative
COLLECTRI_BACH1_TF_ACTIVITY__decoupler_ulm,HALLMARK_EPITHELIAL_MESENCHYMAL_TRANSITION__mean_z,P0006,15,0.035714285714285705,0.8994469934720875,positive
COLLECTRI_BACH1_TF_ACTIVITY__decoupler_ulm,HALLMARK_EPITHELIAL_MESENCHYMAL_TRANSITION__mean_z,P0008,15,0.028571428571428564,0.9194899083821858,positive
COLLECTRI_BACH1_TF_ACTIVITY__decoupler_ulm,HALLMARK_EPITHELIAL_MESENCHYMAL_TRANSITION__mean_z,P0009,15,0.010714285714285713,0.9697698761545686,positive
COLLECTRI_BACH1_TF_ACTIVITY__decoupler_ulm,HALLMARK_EPITHELIAL_MESENCHYMAL_TRANSITION__mean_z,P0018,15,-0.125,0.6571356681869506,negative
COLLECTRI_BACH1_TF_ACTIVITY__decoupler_ulm,HALLMARK_EPITHELIAL_MESENCHYMAL_TRANSITION__mean_z,P0019,15,-0.010714285714285713,0.9697698761545686,negative
COLLECTRI_BACH1_TF_ACTIVITY__decoupler_ulm,HALLMARK_EPITHELIAL_MESENCHYMAL_TRANSITION__mean_z,P0020,15,-0.125,0.6571356681869506,negative
COLLECTRI_BACH1_TF_ACTIVITY__decoupler_ulm,HALLMARK_EPITHELIAL_MESENCHYMAL_TRANSITION__mean_z,P0025,15,-0.12142857142857141,0.6664011137233892,negative
COLLECTRI_BACH1_TF_ACTIVITY__decoupler_ulm,HALLMARK_EPITHELIAL_MESENCHYMAL_TRANSITION__mean_z,P0028,15,-0.007142857142857141,0.9798442277615982,negative
COLLECTRI_BACH1_TF_ACTIVITY__decoupler_ulm,HALLMARK_EPITHELIAL_MESENCHYMAL_TRANSITION__mean_z,P0030,15,-0.04642857142857142,0.8694915255450947,negative
COLLECTRI_BACH1_TF_ACTIVITY__decoupler_ulm,HALLMARK_EPITHELIAL_MESENCHYMAL_TRANSITION__mean_z,P0031,15,-0.04642857142857142,0.8694915255450947,negative
COLLECTRI_BACH1_TF_ACTIVITY__decoupler_ulm,HALLMARK_EPITHELIAL_MESENCHYMAL_TRANSITION__mean_z,P0034,15,0.007142857142857141,0.9798442277615982,positive
DOROTHEA_BACH1_ABC_TF_ACTIVITY__decoupler_mlm,KLENJA2025_BACH1_ACTIVITY_INVERTED__ssgsea_NES,AL02,15,0.03214285714285714,0.9094621170945906,positive
DOROTHEA_BACH1_ABC_TF_ACTIVITY__decoupler_mlm,KLENJA2025_BACH1_ACTIVITY_INVERTED__ssgsea_NES,AL06,15,-0.010714285714285713,0.9697698761545686,negative
DOROTHEA_BACH1_ABC_TF_ACTIVITY__decoupler_mlm,KLENJA2025_BACH1_ACTIVITY_INVERTED__ssgsea_NES,AL08,15,0.14285714285714282,0.6115222287644656,positive
DOROTHEA_BACH1_ABC_TF_ACTIVITY__decoupler_mlm,KLENJA2025_BACH1_ACTIVITY_INVERTED__ssgsea_NES,AL10,15,0.035714285714285705,0.8994469934720875,positive
DOROTHEA_BACH1_ABC_TF_ACTIVITY__decoupler_mlm,KLENJA2025_BACH1_ACTIVITY_INVERTED__ssgsea_NES,AL11,15,-0.10357142857142855,0.7133796306287292,negative
DOROTHEA_BACH1_ABC_TF_ACTIVITY__decoupler_mlm,KLENJA2025_BACH1_ACTIVITY_INVERTED__ssgsea_NES,P0006,15,-0.05714285714285713,0.8396998687415759,negative
DOROTHEA_BACH1_ABC_TF_ACTIVITY__decoupler_mlm,KLENJA2025_BACH1_ACTIVITY_INVERTED__ssgsea_NES,P0008,15,0.08214285714285713,0.7710285652881773,positive
DOROTHEA_BACH1_ABC_TF_ACTIVITY__decoupler_mlm,KLENJA2025_BACH1_ACTIVITY_INVERTED__ssgsea_NES,P0009,15,-0.03214285714285714,0.9094621170945906,negative
DOROTHEA_BACH1_ABC_TF_ACTIVITY__decoupler_mlm,KLENJA2025_BACH1_ACTIVITY_INVERTED__ssgsea_NES,P0018,15,-0.0857142857142857,0.7613341261907666,negative
DOROTHEA_BACH1_ABC_TF_ACTIVITY__decoupler_mlm,KLENJA2025_BACH1_ACTIVITY_INVERTED__ssgsea_NES,P0019,15,-0.049999999999999996,0.859540943467457,negative
DOROTHEA_BACH1_ABC_TF_ACTIVITY__decoupler_mlm,KLENJA2025_BACH1_ACTIVITY_INVERTED__ssgsea_NES,P0020,15,-0.010714285714285713,0.9697698761545686,negative
DOROTHEA_BACH1_ABC_TF_ACTIVITY__decoupler_mlm,KLENJA2025_BACH1_ACTIVITY_INVERTED__ssgsea_NES,P0025,15,-0.14285714285714282,0.6115222287644656,negative
DOROTHEA_BACH1_ABC_TF_ACTIVITY__decoupler_mlm,KLENJA2025_BACH1_ACTIVITY_INVERTED__ssgsea_NES,P0028,15,-0.075,0.7905107941552678,negative
DOROTHEA_BACH1_ABC_TF_ACTIVITY__decoupler_mlm,KLENJA2025_BACH1_ACTIVITY_INVERTED__ssgsea_NES,P0030,15,0.017857142857142853,0.9496353041738619,positive
DOROTHEA_BACH1_ABC_TF_ACTIVITY__decoupler_mlm,KLENJA2025_BACH1_ACTIVITY_INVERTED__ssgsea_NES,P0031,15,-0.049999999999999996,0.859540943467457,negative
DOROTHEA_BACH1_ABC_TF_ACTIVITY__decoupler_mlm,KLENJA2025_BACH1_ACTIVITY_INVERTED__ssgsea_NES,P0034,15,-0.024999999999999998,0.9295289708192378,negative
KLENJA2025_BACH1_ACTIVITY_INVERTED__ssgsea_NES,DOROTHEA_BACH1_ABC_TF_ACTIVITY__decoupler_mlm,AL02,15,0.03214285714285714,0.9094621170945906,positive
KLENJA2025_BACH1_ACTIVITY_INVERTED__ssgsea_NES,DOROTHEA_BACH1_ABC_TF_ACTIVITY__decoupler_mlm,AL06,15,-0.010714285714285713,0.9697698761545686,negative
KLENJA2025_BACH1_ACTIVITY_INVERTED__ssgsea_NES,DOROTHEA_BACH1_ABC_TF_ACTIVITY__decoupler_mlm,AL08,15,0.14285714285714282,0.6115222287644656,positive
KLENJA2025_BACH1_ACTIVITY_INVERTED__ssgsea_NES,DOROTHEA_BACH1_ABC_TF_ACTIVITY__decoupler_mlm,AL10,15,0.035714285714285705,0.8994469934720875,positive
KLENJA2025_BACH1_ACTIVITY_INVERTED__ssgsea_NES,DOROTHEA_BACH1_ABC_TF_ACTIVITY__decoupler_mlm,AL11,15,-0.10357142857142855,0.7133796306287292,negative
KLENJA2025_BACH1_ACTIVITY_INVERTED__ssgsea_NES,DOROTHEA_BACH1_ABC_TF_ACTIVITY__decoupler_mlm,P0006,15,-0.05714285714285713,0.8396998687415759,negative
KLENJA2025_BACH1_ACTIVITY_INVERTED__ssgsea_NES,DOROTHEA_BACH1_ABC_TF_ACTIVITY__decoupler_mlm,P0008,15,0.08214285714285713,0.7710285652881773,positive
KLENJA2025_BACH1_ACTIVITY_INVERTED__ssgsea_NES,DOROTHEA_BACH1_ABC_TF_ACTIVITY__decoupler_mlm,P0009,15,-0.03214285714285714,0.9094621170945906,negative
KLENJA2025_BACH1_ACTIVITY_INVERTED__ssgsea_NES,DOROTHEA_BACH1_ABC_TF_ACTIVITY__decoupler_mlm,P0018,15,-0.0857142857142857,0.7613341261907666,negative
KLENJA2025_BACH1_ACTIVITY_INVERTED__ssgsea_NES,DOROTHEA_BACH1_ABC_TF_ACTIVITY__decoupler_mlm,P0019,15,-0.049999999999999996,0.859540943467457,negative
KLENJA2025_BACH1_ACTIVITY_INVERTED__ssgsea_NES,DOROTHEA_BACH1_ABC_TF_ACTIVITY__decoupler_mlm,P0020,15,-0.010714285714285713,0.9697698761545686,negative
KLENJA2025_BACH1_ACTIVITY_INVERTED__ssgsea_NES,DOROTHEA_BACH1_ABC_TF_ACTIVITY__decoupler_mlm,P0025,15,-0.14285714285714282,0.6115222287644656,negative
KLENJA2025_BACH1_ACTIVITY_INVERTED__ssgsea_NES,DOROTHEA_BACH1_ABC_TF_ACTIVITY__decoupler_mlm,P0028,15,-0.075,0.7905107941552678,negative
KLENJA2025_BACH1_ACTIVITY_INVERTED__ssgsea_NES,DOROTHEA_BACH1_ABC_TF_ACTIVITY__decoupler_mlm,P0030,15,0.017857142857142853,0.9496353041738619,positive
KLENJA2025_BACH1_ACTIVITY_INVERTED__ssgsea_NES,DOROTHEA_BACH1_ABC_TF_ACTIVITY__decoupler_mlm,P0031,15,-0.049999999999999996,0.859540943467457,negative
KLENJA2025_BACH1_ACTIVITY_INVERTED__ssgsea_NES,DOROTHEA_BACH1_ABC_TF_ACTIVITY__decoupler_mlm,P0034,15,-0.024999999999999998,0.9295289708192378,negative
COLLECTRI_BACH1_TF_ACTIVITY__decoupler_mlm,COLLECTRI_BACH1_TF_ACTIVITY__ssgsea_NES,AL02,15,-0.1964285714285714,0.48289875627163353,negative
COLLECTRI_BACH1_TF_ACTIVITY__decoupler_mlm,COLLECTRI_BACH1_TF_ACTIVITY__ssgsea_NES,AL06,15,0.07142857142857141,0.8002959873970545,positive
COLLECTRI_BACH1_TF_ACTIVITY__decoupler_mlm,COLLECTRI_BACH1_TF_ACTIVITY__ssgsea_NES,AL08,15,0.049999999999999996,0.859540943467457,positive
COLLECTRI_BACH1_TF_ACTIVITY__decoupler_mlm,COLLECTRI_BACH1_TF_ACTIVITY__ssgsea_NES,AL10,15,0.049999999999999996,0.859540943467457,positive
COLLECTRI_BACH1_TF_ACTIVITY__decoupler_mlm,COLLECTRI_BACH1_TF_ACTIVITY__ssgsea_NES,AL11,15,0.05357142857142857,0.8496099367776072,positive
COLLECTRI_BACH1_TF_ACTIVITY__decoupler_mlm,COLLECTRI_BACH1_TF_ACTIVITY__ssgsea_NES,P0006,15,-0.021428571428571425,0.9395779040128779,negative
COLLECTRI_BACH1_TF_ACTIVITY__decoupler_mlm,COLLECTRI_BACH1_TF_ACTIVITY__ssgsea_NES,P0008,15,0.09285714285714285,0.7420450099073671,positive
COLLECTRI_BACH1_TF_ACTIVITY__decoupler_mlm,COLLECTRI_BACH1_TF_ACTIVITY__ssgsea_NES,P0009,15,-0.07857142857142857,0.7807545523090464,negative
COLLECTRI_BACH1_TF_ACTIVITY__decoupler_mlm,COLLECTRI_BACH1_TF_ACTIVITY__ssgsea_NES,P0018,15,0.11785714285714284,0.6757115292213043,positive
COLLECTRI_BACH1_TF_ACTIVITY__decoupler_mlm,COLLECTRI_BACH1_TF_ACTIVITY__ssgsea_NES,P0019,15,-0.16785714285714282,0.5498555542278019,negative
COLLECTRI_BACH1_TF_ACTIVITY__decoupler_mlm,COLLECTRI_BACH1_TF_ACTIVITY__ssgsea_NES,P0020,15,0.06071428571428571,0.8298120954425187,positive
COLLECTRI_BACH1_TF_ACTIVITY__decoupler_mlm,COLLECTRI_BACH1_TF_ACTIVITY__ssgsea_NES,P0025,15,0.075,0.7905107941552678,positive
COLLECTRI_BACH1_TF_ACTIVITY__decoupler_mlm,COLLECTRI_BACH1_TF_ACTIVITY__ssgsea_NES,P0028,15,0.024999999999999998,0.9295289708192378,positive
COLLECTRI_BACH1_TF_ACTIVITY__decoupler_mlm,COLLECTRI_BACH1_TF_ACTIVITY__ssgsea_NES,P0030,15,0.07142857142857141,0.8002959873970545,positive
COLLECTRI_BACH1_TF_ACTIVITY__decoupler_mlm,COLLECTRI_BACH1_TF_ACTIVITY__ssgsea_NES,P0031,15,0.0,1.0,zero_or_nan
COLLECTRI_BACH1_TF_ACTIVITY__decoupler_mlm,COLLECTRI_BACH1_TF_ACTIVITY__ssgsea_NES,P0034,15,0.024999999999999998,0.9295289708192378,positive
COLLECTRI_BACH1_TF_ACTIVITY__decoupler_mlm,HALLMARK_HYPOXIA__mean_z,AL02,15,0.1964285714285714,0.48289875627163353,positive
COLLECTRI_BACH1_TF_ACTIVITY__decoupler_mlm,HALLMARK_HYPOXIA__mean_z,AL06,15,0.04285714285714285,0.8794603130258999,positive
COLLECTRI_BACH1_TF_ACTIVITY__decoupler_mlm,HALLMARK_HYPOXIA__mean_z,AL08,15,-0.03214285714285714,0.9094621170945906,negative
COLLECTRI_BACH1_TF_ACTIVITY__decoupler_mlm,HALLMARK_HYPOXIA__mean_z,AL10,15,-0.05714285714285713,0.8396998687415759,negative
COLLECTRI_BACH1_TF_ACTIVITY__decoupler_mlm,HALLMARK_HYPOXIA__mean_z,AL11,15,0.09999999999999999,0.7228973252791182,positive
COLLECTRI_BACH1_TF_ACTIVITY__decoupler_mlm,HALLMARK_HYPOXIA__mean_z,P0006,15,-0.021428571428571425,0.9395779040128779,negative
COLLECTRI_BACH1_TF_ACTIVITY__decoupler_mlm,HALLMARK_HYPOXIA__mean_z,P0008,15,-0.007142857142857141,0.9798442277615982,negative
COLLECTRI_BACH1_TF_ACTIVITY__decoupler_mlm,HALLMARK_HYPOXIA__mean_z,P0009,15,0.09999999999999999,0.7228973252791182,positive
COLLECTRI_BACH1_TF_ACTIVITY__decoupler_mlm,HALLMARK_HYPOXIA__mean_z,P0018,15,-0.07857142857142857,0.7807545523090464,negative
COLLECTRI_BACH1_TF_ACTIVITY__decoupler_mlm,HALLMARK_HYPOXIA__mean_z,P0019,15,-0.09999999999999999,0.7228973252791182,negative
COLLECTRI_BACH1_TF_ACTIVITY__decoupler_mlm,HALLMARK_HYPOXIA__mean_z,P0020,15,-0.125,0.6571356681869506,negative
COLLECTRI_BACH1_TF_ACTIVITY__decoupler_mlm,HALLMARK_HYPOXIA__mean_z,P0025,15,-0.09999999999999999,0.7228973252791182,negative
COLLECTRI_BACH1_TF_ACTIVITY__decoupler_mlm,HALLMARK_HYPOXIA__mean_z,P0028,15,-0.021428571428571425,0.9395779040128779,negative
COLLECTRI_BACH1_TF_ACTIVITY__decoupler_mlm,HALLMARK_HYPOXIA__mean_z,P0030,15,-0.0857142857142857,0.7613341261907666,negative
COLLECTRI_BACH1_TF_ACTIVITY__decoupler_mlm,HALLMARK_HYPOXIA__mean_z,P0031,15,-0.021428571428571425,0.9395779040128779,negative
COLLECTRI_BACH1_TF_ACTIVITY__decoupler_mlm,HALLMARK_HYPOXIA__mean_z,P0034,15,-0.021428571428571425,0.9395779040128779,negative
COLLECTRI_BACH1_TF_ACTIVITY__decoupler_mlm,HALLMARK_REACTIVE_OXYGEN_SPECIES_PATHWAY__mean_z,AL02,15,-0.18928571428571428,0.4992630332385452,negative
COLLECTRI_BACH1_TF_ACTIVITY__decoupler_mlm,HALLMARK_REACTIVE_OXYGEN_SPECIES_PATHWAY__mean_z,AL06,15,0.017857142857142853,0.9496353041738619,positive
COLLECTRI_BACH1_TF_ACTIVITY__decoupler_mlm,HALLMARK_REACTIVE_OXYGEN_SPECIES_PATHWAY__mean_z,AL08,15,-0.04285714285714285,0.8794603130258999,negative
COLLECTRI_BACH1_TF_ACTIVITY__decoupler_mlm,HALLMARK_REACTIVE_OXYGEN_SPECIES_PATHWAY__mean_z,AL10,15,-0.04285714285714285,0.8794603130258999,negative
COLLECTRI_BACH1_TF_ACTIVITY__decoupler_mlm,HALLMARK_REACTIVE_OXYGEN_SPECIES_PATHWAY__mean_z,AL11,15,0.1464285714285714,0.602549920983054,positive
COLLECTRI_BACH1_TF_ACTIVITY__decoupler_mlm,HALLMARK_REACTIVE_OXYGEN_SPECIES_PATHWAY__mean_z,P0006,15,-0.039285714285714285,0.8894459296739485,negative
COLLECTRI_BACH1_TF_ACTIVITY__decoupler_mlm,HALLMARK_REACTIVE_OXYGEN_SPECIES_PATHWAY__mean_z,P0008,15,0.08928571428571427,0.7516725173502768,positive
COLLECTRI_BACH1_TF_ACTIVITY__decoupler_mlm,HALLMARK_REACTIVE_OXYGEN_SPECIES_PATHWAY__mean_z,P0009,15,0.13214285714285715,0.6387442188840663,positive
COLLECTRI_BACH1_TF_ACTIVITY__decoupler_mlm,HALLMARK_REACTIVE_OXYGEN_SPECIES_PATHWAY__mean_z,P0018,15,-0.03214285714285714,0.9094621170945906,negative
COLLECTRI_BACH1_TF_ACTIVITY__decoupler_mlm,HALLMARK_REACTIVE_OXYGEN_SPECIES_PATHWAY__mean_z,P0019,15,-0.06785714285714285,0.8101088187105132,negative
COLLECTRI_BACH1_TF_ACTIVITY__decoupler_mlm,HALLMARK_REACTIVE_OXYGEN_SPECIES_PATHWAY__mean_z,P0020,15,-0.049999999999999996,0.859540943467457,negative
COLLECTRI_BACH1_TF_ACTIVITY__decoupler_mlm,HALLMARK_REACTIVE_OXYGEN_SPECIES_PATHWAY__mean_z,P0025,15,-0.07857142857142857,0.7807545523090464,negative
COLLECTRI_BACH1_TF_ACTIVITY__decoupler_mlm,HALLMARK_REACTIVE_OXYGEN_SPECIES_PATHWAY__mean_z,P0028,15,-0.03214285714285714,0.9094621170945906,negative
COLLECTRI_BACH1_TF_ACTIVITY__decoupler_mlm,HALLMARK_REACTIVE_OXYGEN_SPECIES_PATHWAY__mean_z,P0030,15,0.017857142857142853,0.9496353041738619,positive
COLLECTRI_BACH1_TF_ACTIVITY__decoupler_mlm,HALLMARK_REACTIVE_OXYGEN_SPECIES_PATHWAY__mean_z,P0031,15,-0.028571428571428564,0.9194899083821858,negative
COLLECTRI_BACH1_TF_ACTIVITY__decoupler_mlm,HALLMARK_REACTIVE_OXYGEN_SPECIES_PATHWAY__mean_z,P0034,15,-0.028571428571428564,0.9194899083821858,negative
COLLECTRI_BACH1_TF_ACTIVITY__mean_z,HALLMARK_GLYCOLYSIS__ssgsea_NES,AL02,15,0.07857142857142857,0.7807545523090464,positive
COLLECTRI_BACH1_TF_ACTIVITY__mean_z,HALLMARK_GLYCOLYSIS__ssgsea_NES,AL06,15,0.014285714285714282,0.9596997645989475,positive
COLLECTRI_BACH1_TF_ACTIVITY__mean_z,HALLMARK_GLYCOLYSIS__ssgsea_NES,AL08,15,0.021428571428571425,0.9395779040128779,positive
COLLECTRI_BACH1_TF_ACTIVITY__mean_z,HALLMARK_GLYCOLYSIS__ssgsea_NES,AL10,15,0.028571428571428564,0.9194899083821858,positive
COLLECTRI_BACH1_TF_ACTIVITY__mean_z,HALLMARK_GLYCOLYSIS__ssgsea_NES,AL11,15,-0.04285714285714285,0.8794603130258999,negative
COLLECTRI_BACH1_TF_ACTIVITY__mean_z,HALLMARK_GLYCOLYSIS__ssgsea_NES,P0006,15,0.049999999999999996,0.859540943467457,positive
COLLECTRI_BACH1_TF_ACTIVITY__mean_z,HALLMARK_GLYCOLYSIS__ssgsea_NES,P0008,15,0.03214285714285714,0.9094621170945906,positive
COLLECTRI_BACH1_TF_ACTIVITY__mean_z,HALLMARK_GLYCOLYSIS__ssgsea_NES,P0009,15,0.15,0.5936302027425882,positive
COLLECTRI_BACH1_TF_ACTIVITY__mean_z,HALLMARK_GLYCOLYSIS__ssgsea_NES,P0018,15,-0.08214285714285713,0.7710285652881773,negative
COLLECTRI_BACH1_TF_ACTIVITY__mean_z,HALLMARK_GLYCOLYSIS__ssgsea_NES,P0019,15,0.0964285714285714,0.7324528633867309,positive
COLLECTRI_BACH1_TF_ACTIVITY__mean_z,HALLMARK_GLYCOLYSIS__ssgsea_NES,P0020,15,-0.18214285714285713,0.5158816817070392,negative
COLLECTRI_BACH1_TF_ACTIVITY__mean_z,HALLMARK_GLYCOLYSIS__ssgsea_NES,P0025,15,0.05714285714285713,0.8396998687415759,positive
COLLECTRI_BACH1_TF_ACTIVITY__mean_z,HALLMARK_GLYCOLYSIS__ssgsea_NES,P0028,15,-0.007142857142857141,0.9798442277615982,negative
COLLECTRI_BACH1_TF_ACTIVITY__mean_z,HALLMARK_GLYCOLYSIS__ssgsea_NES,P0030,15,-0.04285714285714285,0.8794603130258999,negative
COLLECTRI_BACH1_TF_ACTIVITY__mean_z,HALLMARK_GLYCOLYSIS__ssgsea_NES,P0031,15,0.04285714285714285,0.8794603130258999,positive
COLLECTRI_BACH1_TF_ACTIVITY__mean_z,HALLMARK_GLYCOLYSIS__ssgsea_NES,P0034,15,0.017857142857142853,0.9496353041738619,positive
COLLECTRI_BACH1_TF_ACTIVITY__ssgsea_NES,COLLECTRI_BACH1_TF_ACTIVITY__decoupler_mlm,AL02,15,-0.1964285714285714,0.48289875627163353,negative
COLLECTRI_BACH1_TF_ACTIVITY__ssgsea_NES,COLLECTRI_BACH1_TF_ACTIVITY__decoupler_mlm,AL06,15,0.07142857142857141,0.8002959873970545,positive
COLLECTRI_BACH1_TF_ACTIVITY__ssgsea_NES,COLLECTRI_BACH1_TF_ACTIVITY__decoupler_mlm,AL08,15,0.049999999999999996,0.859540943467457,positive
COLLECTRI_BACH1_TF_ACTIVITY__ssgsea_NES,COLLECTRI_BACH1_TF_ACTIVITY__decoupler_mlm,AL10,15,0.049999999999999996,0.859540943467457,positive
COLLECTRI_BACH1_TF_ACTIVITY__ssgsea_NES,COLLECTRI_BACH1_TF_ACTIVITY__decoupler_mlm,AL11,15,0.05357142857142857,0.8496099367776072,positive
COLLECTRI_BACH1_TF_ACTIVITY__ssgsea_NES,COLLECTRI_BACH1_TF_ACTIVITY__decoupler_mlm,P0006,15,-0.021428571428571425,0.9395779040128779,negative
COLLECTRI_BACH1_TF_ACTIVITY__ssgsea_NES,COLLECTRI_BACH1_TF_ACTIVITY__decoupler_mlm,P0008,15,0.09285714285714285,0.7420450099073671,positive
COLLECTRI_BACH1_TF_ACTIVITY__ssgsea_NES,COLLECTRI_BACH1_TF_ACTIVITY__decoupler_mlm,P0009,15,-0.07857142857142857,0.7807545523090464,negative
COLLECTRI_BACH1_TF_ACTIVITY__ssgsea_NES,COLLECTRI_BACH1_TF_ACTIVITY__decoupler_mlm,P0018,15,0.11785714285714284,0.6757115292213043,positive
COLLECTRI_BACH1_TF_ACTIVITY__ssgsea_NES,COLLECTRI_BACH1_TF_ACTIVITY__decoupler_mlm,P0019,15,-0.16785714285714282,0.5498555542278019,negative
COLLECTRI_BACH1_TF_ACTIVITY__ssgsea_NES,COLLECTRI_BACH1_TF_ACTIVITY__decoupler_mlm,P0020,15,0.06071428571428571,0.8298120954425187,positive
COLLECTRI_BACH1_TF_ACTIVITY__ssgsea_NES,COLLECTRI_BACH1_TF_ACTIVITY__decoupler_mlm,P0025,15,0.075,0.7905107941552678,positive
COLLECTRI_BACH1_TF_ACTIVITY__ssgsea_NES,COLLECTRI_BACH1_TF_ACTIVITY__decoupler_mlm,P0028,15,0.024999999999999998,0.9295289708192378,positive
COLLECTRI_BACH1_TF_ACTIVITY__ssgsea_NES,COLLECTRI_BACH1_TF_ACTIVITY__decoupler_mlm,P0030,15,0.07142857142857141,0.8002959873970545,positive
COLLECTRI_BACH1_TF_ACTIVITY__ssgsea_NES,COLLECTRI_BACH1_TF_ACTIVITY__decoupler_mlm,P0031,15,0.0,1.0,zero_or_nan
COLLECTRI_BACH1_TF_ACTIVITY__ssgsea_NES,COLLECTRI_BACH1_TF_ACTIVITY__decoupler_mlm,P0034,15,0.024999999999999998,0.9295289708192378,positive
DOROTHEA_BACH1_ABC_TF_ACTIVITY__decoupler_ulm,HALLMARK_REACTIVE_OXYGEN_SPECIES_PATHWAY__mean_z,AL02,15,0.04285714285714285,0.8794603130258999,positive
DOROTHEA_BACH1_ABC_TF_ACTIVITY__decoupler_ulm,HALLMARK_REACTIVE_OXYGEN_SPECIES_PATHWAY__mean_z,AL06,15,-0.05714285714285713,0.8396998687415759,negative
DOROTHEA_BACH1_ABC_TF_ACTIVITY__decoupler_ulm,HALLMARK_REACTIVE_OXYGEN_SPECIES_PATHWAY__mean_z,AL08,15,0.1714285714285714,0.5412721760996332,positive
DOROTHEA_BACH1_ABC_TF_ACTIVITY__decoupler_ulm,HALLMARK_REACTIVE_OXYGEN_SPECIES_PATHWAY__mean_z,AL10,15,0.07857142857142857,0.7807545523090464,positive
DOROTHEA_BACH1_ABC_TF_ACTIVITY__decoupler_ulm,HALLMARK_REACTIVE_OXYGEN_SPECIES_PATHWAY__mean_z,AL11,15,0.1857142857142857,0.5075409629336735,positive
DOROTHEA_BACH1_ABC_TF_ACTIVITY__decoupler_ulm,HALLMARK_REACTIVE_OXYGEN_SPECIES_PATHWAY__mean_z,P0006,15,-0.010714285714285713,0.9697698761545686,negative
DOROTHEA_BACH1_ABC_TF_ACTIVITY__decoupler_ulm,HALLMARK_REACTIVE_OXYGEN_SPECIES_PATHWAY__mean_z,P0008,15,-0.028571428571428564,0.9194899083821858,negative
DOROTHEA_BACH1_ABC_TF_ACTIVITY__decoupler_ulm,HALLMARK_REACTIVE_OXYGEN_SPECIES_PATHWAY__mean_z,P0009,15,-0.04642857142857142,0.8694915255450947,negative
DOROTHEA_BACH1_ABC_TF_ACTIVITY__decoupler_ulm,HALLMARK_REACTIVE_OXYGEN_SPECIES_PATHWAY__mean_z,P0018,15,-0.010714285714285713,0.9697698761545686,negative
DOROTHEA_BACH1_ABC_TF_ACTIVITY__decoupler_ulm,HALLMARK_REACTIVE_OXYGEN_SPECIES_PATHWAY__mean_z,P0019,15,-0.010714285714285713,0.9697698761545686,negative
DOROTHEA_BACH1_ABC_TF_ACTIVITY__decoupler_ulm,HALLMARK_REACTIVE_OXYGEN_SPECIES_PATHWAY__mean_z,P0020,15,-0.017857142857142853,0.9496353041738619,negative
DOROTHEA_BACH1_ABC_TF_ACTIVITY__decoupler_ulm,HALLMARK_REACTIVE_OXYGEN_SPECIES_PATHWAY__mean_z,P0025,15,-0.10357142857142855,0.7133796306287292,negative
DOROTHEA_BACH1_ABC_TF_ACTIVITY__decoupler_ulm,HALLMARK_REACTIVE_OXYGEN_SPECIES_PATHWAY__mean_z,P0028,15,-0.035714285714285705,0.8994469934720875,negative
DOROTHEA_BACH1_ABC_TF_ACTIVITY__decoupler_ulm,HALLMARK_REACTIVE_OXYGEN_SPECIES_PATHWAY__mean_z,P0030,15,0.10357142857142855,0.7133796306287292,positive
DOROTHEA_BACH1_ABC_TF_ACTIVITY__decoupler_ulm,HALLMARK_REACTIVE_OXYGEN_SPECIES_PATHWAY__mean_z,P0031,15,0.010714285714285713,0.9697698761545686,positive
DOROTHEA_BACH1_ABC_TF_ACTIVITY__decoupler_ulm,HALLMARK_REACTIVE_OXYGEN_SPECIES_PATHWAY__mean_z,P0034,15,-0.024999999999999998,0.9295289708192378,negative
KLENJA2025_BACH1_ACTIVITY_INVERTED__ssgsea_NES,HALLMARK_EPITHELIAL_MESENCHYMAL_TRANSITION__ssgsea_NES,AL02,15,0.2321428571428571,0.40509874069364893,positive
KLENJA2025_BACH1_ACTIVITY_INVERTED__ssgsea_NES,HALLMARK_EPITHELIAL_MESENCHYMAL_TRANSITION__ssgsea_NES,AL06,15,0.021428571428571425,0.9395779040128779,positive
KLENJA2025_BACH1_ACTIVITY_INVERTED__ssgsea_NES,HALLMARK_EPITHELIAL_MESENCHYMAL_TRANSITION__ssgsea_NES,AL08,15,0.11785714285714284,0.6757115292213043,positive
KLENJA2025_BACH1_ACTIVITY_INVERTED__ssgsea_NES,HALLMARK_EPITHELIAL_MESENCHYMAL_TRANSITION__ssgsea_NES,AL10,15,0.03214285714285714,0.9094621170945906,positive
KLENJA2025_BACH1_ACTIVITY_INVERTED__ssgsea_NES,HALLMARK_EPITHELIAL_MESENCHYMAL_TRANSITION__ssgsea_NES,AL11,15,-0.05357142857142857,0.8496099367776072,negative
KLENJA2025_BACH1_ACTIVITY_INVERTED__ssgsea_NES,HALLMARK_EPITHELIAL_MESENCHYMAL_TRANSITION__ssgsea_NES,P0006,15,-0.12857142857142856,0.6479163294665075,negative
KLENJA2025_BACH1_ACTIVITY_INVERTED__ssgsea_NES,HALLMARK_EPITHELIAL_MESENCHYMAL_TRANSITION__ssgsea_NES,P0008,15,-0.06785714285714285,0.8101088187105132,negative
KLENJA2025_BACH1_ACTIVITY_INVERTED__ssgsea_NES,HALLMARK_EPITHELIAL_MESENCHYMAL_TRANSITION__ssgsea_NES,P0009,15,0.05714285714285713,0.8396998687415759,positive
KLENJA2025_BACH1_ACTIVITY_INVERTED__ssgsea_NES,HALLMARK_EPITHELIAL_MESENCHYMAL_TRANSITION__ssgsea_NES,P0018,15,-0.0857142857142857,0.7613341261907666,negative
KLENJA2025_BACH1_ACTIVITY_INVERTED__ssgsea_NES,HALLMARK_EPITHELIAL_MESENCHYMAL_TRANSITION__ssgsea_NES,P0019,15,0.014285714285714282,0.9596997645989475,positive
KLENJA2025_BACH1_ACTIVITY_INVERTED__ssgsea_NES,HALLMARK_EPITHELIAL_MESENCHYMAL_TRANSITION__ssgsea_NES,P0020,15,0.021428571428571425,0.9395779040128779,positive
KLENJA2025_BACH1_ACTIVITY_INVERTED__ssgsea_NES,HALLMARK_EPITHELIAL_MESENCHYMAL_TRANSITION__ssgsea_NES,P0025,15,-0.06071428571428571,0.8298120954425187,negative
KLENJA2025_BACH1_ACTIVITY_INVERTED__ssgsea_NES,HALLMARK_EPITHELIAL_MESENCHYMAL_TRANSITION__ssgsea_NES,P0028,15,0.04642857142857142,0.8694915255450947,positive
KLENJA2025_BACH1_ACTIVITY_INVERTED__ssgsea_NES,HALLMARK_EPITHELIAL_MESENCHYMAL_TRANSITION__ssgsea_NES,P0030,15,0.014285714285714282,0.9596997645989475,positive
KLENJA2025_BACH1_ACTIVITY_INVERTED__ssgsea_NES,HALLMARK_EPITHELIAL_MESENCHYMAL_TRANSITION__ssgsea_NES,P0031,15,0.035714285714285705,0.8994469934720875,positive
KLENJA2025_BACH1_ACTIVITY_INVERTED__ssgsea_NES,HALLMARK_EPITHELIAL_MESENCHYMAL_TRANSITION__ssgsea_NES,P0034,15,0.03214285714285714,0.9094621170945906,positive
DOROTHEA_BACH1_ABC_TF_ACTIVITY__ssgsea_NES,HALLMARK_HYPOXIA__ssgsea_NES,AL02,15,0.0035714285714285704,0.9899214068809781,positive
DOROTHEA_BACH1_ABC_TF_ACTIVITY__ssgsea_NES,HALLMARK_HYPOXIA__ssgsea_NES,AL06,15,-0.11428571428571425,0.6850657626568974,negative
DOROTHEA_BACH1_ABC_TF_ACTIVITY__ssgsea_NES,HALLMARK_HYPOXIA__ssgsea_NES,AL08,15,-0.0857142857142857,0.7613341261907666,negative
DOROTHEA_BACH1_ABC_TF_ACTIVITY__ssgsea_NES,HALLMARK_HYPOXIA__ssgsea_NES,AL10,15,0.05714285714285713,0.8396998687415759,positive
DOROTHEA_BACH1_ABC_TF_ACTIVITY__ssgsea_NES,HALLMARK_HYPOXIA__ssgsea_NES,AL11,15,0.03214285714285714,0.9094621170945906,positive
DOROTHEA_BACH1_ABC_TF_ACTIVITY__ssgsea_NES,HALLMARK_HYPOXIA__ssgsea_NES,P0006,15,-0.0035714285714285704,0.9899214068809781,negative
DOROTHEA_BACH1_ABC_TF_ACTIVITY__ssgsea_NES,HALLMARK_HYPOXIA__ssgsea_NES,P0008,15,0.024999999999999998,0.9295289708192378,positive
DOROTHEA_BACH1_ABC_TF_ACTIVITY__ssgsea_NES,HALLMARK_HYPOXIA__ssgsea_NES,P0009,15,0.0857142857142857,0.7613341261907666,positive
DOROTHEA_BACH1_ABC_TF_ACTIVITY__ssgsea_NES,HALLMARK_HYPOXIA__ssgsea_NES,P0018,15,-0.035714285714285705,0.8994469934720875,negative
DOROTHEA_BACH1_ABC_TF_ACTIVITY__ssgsea_NES,HALLMARK_HYPOXIA__ssgsea_NES,P0019,15,-0.04285714285714285,0.8794603130258999,negative
DOROTHEA_BACH1_ABC_TF_ACTIVITY__ssgsea_NES,HALLMARK_HYPOXIA__ssgsea_NES,P0020,15,-0.1714285714285714,0.5412721760996332,negative
DOROTHEA_BACH1_ABC_TF_ACTIVITY__ssgsea_NES,HALLMARK_HYPOXIA__ssgsea_NES,P0025,15,-0.014285714285714282,0.9596997645989475,negative
DOROTHEA_BACH1_ABC_TF_ACTIVITY__ssgsea_NES,HALLMARK_HYPOXIA__ssgsea_NES,P0028,15,0.0035714285714285704,0.9899214068809781,positive
DOROTHEA_BACH1_ABC_TF_ACTIVITY__ssgsea_NES,HALLMARK_HYPOXIA__ssgsea_NES,P0030,15,0.010714285714285713,0.9697698761545686,positive
DOROTHEA_BACH1_ABC_TF_ACTIVITY__ssgsea_NES,HALLMARK_HYPOXIA__ssgsea_NES,P0031,15,0.05714285714285713,0.8396998687415759,positive
DOROTHEA_BACH1_ABC_TF_ACTIVITY__ssgsea_NES,HALLMARK_HYPOXIA__ssgsea_NES,P0034,15,0.007142857142857141,0.9798442277615982,positive
COLLECTRI_BACH1_TF_ACTIVITY__decoupler_ulm,COLLECTRI_BACH1_TF_ACTIVITY__ssgsea_NES,AL02,15,-0.22142857142857136,0.42771371901637,negative
COLLECTRI_BACH1_TF_ACTIVITY__decoupler_ulm,COLLECTRI_BACH1_TF_ACTIVITY__ssgsea_NES,AL06,15,-0.0035714285714285704,0.9899214068809781,negative
COLLECTRI_BACH1_TF_ACTIVITY__decoupler_ulm,COLLECTRI_BACH1_TF_ACTIVITY__ssgsea_NES,AL08,15,0.04285714285714285,0.8794603130258999,positive
COLLECTRI_BACH1_TF_ACTIVITY__decoupler_ulm,COLLECTRI_BACH1_TF_ACTIVITY__ssgsea_NES,AL10,15,0.049999999999999996,0.859540943467457,positive
COLLECTRI_BACH1_TF_ACTIVITY__decoupler_ulm,COLLECTRI_BACH1_TF_ACTIVITY__ssgsea_NES,AL11,15,0.024999999999999998,0.9295289708192378,positive
COLLECTRI_BACH1_TF_ACTIVITY__decoupler_ulm,COLLECTRI_BACH1_TF_ACTIVITY__ssgsea_NES,P0006,15,-0.075,0.7905107941552678,negative
COLLECTRI_BACH1_TF_ACTIVITY__decoupler_ulm,COLLECTRI_BACH1_TF_ACTIVITY__ssgsea_NES,P0008,15,0.06785714285714285,0.8101088187105132,positive
COLLECTRI_BACH1_TF_ACTIVITY__decoupler_ulm,COLLECTRI_BACH1_TF_ACTIVITY__ssgsea_NES,P0009,15,-0.017857142857142853,0.9496353041738619,negative
COLLECTRI_BACH1_TF_ACTIVITY__decoupler_ulm,COLLECTRI_BACH1_TF_ACTIVITY__ssgsea_NES,P0018,15,0.09285714285714285,0.7420450099073671,positive
COLLECTRI_BACH1_TF_ACTIVITY__decoupler_ulm,COLLECTRI_BACH1_TF_ACTIVITY__ssgsea_NES,P0019,15,-0.1928571428571428,0.49104870160522307,negative
COLLECTRI_BACH1_TF_ACTIVITY__decoupler_ulm,COLLECTRI_BACH1_TF_ACTIVITY__ssgsea_NES,P0020,15,0.028571428571428564,0.9194899083821858,positive
COLLECTRI_BACH1_TF_ACTIVITY__decoupler_ulm,COLLECTRI_BACH1_TF_ACTIVITY__ssgsea_NES,P0025,15,0.06428571428571428,0.8199479653196375,positive
COLLECTRI_BACH1_TF_ACTIVITY__decoupler_ulm,COLLECTRI_BACH1_TF_ACTIVITY__ssgsea_NES,P0028,15,0.017857142857142853,0.9496353041738619,positive
COLLECTRI_BACH1_TF_ACTIVITY__decoupler_ulm,COLLECTRI_BACH1_TF_ACTIVITY__ssgsea_NES,P0030,15,0.05357142857142857,0.8496099367776072,positive
COLLECTRI_BACH1_TF_ACTIVITY__decoupler_ulm,COLLECTRI_BACH1_TF_ACTIVITY__ssgsea_NES,P0031,15,-0.049999999999999996,0.859540943467457,negative
COLLECTRI_BACH1_TF_ACTIVITY__decoupler_ulm,COLLECTRI_BACH1_TF_ACTIVITY__ssgsea_NES,P0034,15,0.010714285714285713,0.9697698761545686,positive
COLLECTRI_BACH1_TF_ACTIVITY__ssgsea_NES,COLLECTRI_BACH1_TF_ACTIVITY__decoupler_ulm,AL02,15,-0.22142857142857136,0.42771371901637,negative
COLLECTRI_BACH1_TF_ACTIVITY__ssgsea_NES,COLLECTRI_BACH1_TF_ACTIVITY__decoupler_ulm,AL06,15,-0.0035714285714285704,0.9899214068809781,negative
COLLECTRI_BACH1_TF_ACTIVITY__ssgsea_NES,COLLECTRI_BACH1_TF_ACTIVITY__decoupler_ulm,AL08,15,0.04285714285714285,0.8794603130258999,positive
COLLECTRI_BACH1_TF_ACTIVITY__ssgsea_NES,COLLECTRI_BACH1_TF_ACTIVITY__decoupler_ulm,AL10,15,0.049999999999999996,0.859540943467457,positive
COLLECTRI_BACH1_TF_ACTIVITY__ssgsea_NES,COLLECTRI_BACH1_TF_ACTIVITY__decoupler_ulm,AL11,15,0.024999999999999998,0.9295289708192378,positive
COLLECTRI_BACH1_TF_ACTIVITY__ssgsea_NES,COLLECTRI_BACH1_TF_ACTIVITY__decoupler_ulm,P0006,15,-0.075,0.7905107941552678,negative
COLLECTRI_BACH1_TF_ACTIVITY__ssgsea_NES,COLLECTRI_BACH1_TF_ACTIVITY__decoupler_ulm,P0008,15,0.06785714285714285,0.8101088187105132,positive
COLLECTRI_BACH1_TF_ACTIVITY__ssgsea_NES,COLLECTRI_BACH1_TF_ACTIVITY__decoupler_ulm,P0009,15,-0.017857142857142853,0.9496353041738619,negative
COLLECTRI_BACH1_TF_ACTIVITY__ssgsea_NES,COLLECTRI_BACH1_TF_ACTIVITY__decoupler_ulm,P0018,15,0.09285714285714285,0.7420450099073671,positive
COLLECTRI_BACH1_TF_ACTIVITY__ssgsea_NES,COLLECTRI_BACH1_TF_ACTIVITY__decoupler_ulm,P0019,15,-0.1928571428571428,0.49104870160522307,negative
COLLECTRI_BACH1_TF_ACTIVITY__ssgsea_NES,COLLECTRI_BACH1_TF_ACTIVITY__decoupler_ulm,P0020,15,0.028571428571428564,0.9194899083821858,positive
COLLECTRI_BACH1_TF_ACTIVITY__ssgsea_NES,COLLECTRI_BACH1_TF_ACTIVITY__decoupler_ulm,P0025,15,0.06428571428571428,0.8199479653196375,positive
COLLECTRI_BACH1_TF_ACTIVITY__ssgsea_NES,COLLECTRI_BACH1_TF_ACTIVITY__decoupler_ulm,P0028,15,0.017857142857142853,0.9496353041738619,positive
COLLECTRI_BACH1_TF_ACTIVITY__ssgsea_NES,COLLECTRI_BACH1_TF_ACTIVITY__decoupler_ulm,P0030,15,0.05357142857142857,0.8496099367776072,positive
COLLECTRI_BACH1_TF_ACTIVITY__ssgsea_NES,COLLECTRI_BACH1_TF_ACTIVITY__decoupler_ulm,P0031,15,-0.049999999999999996,0.859540943467457,negative
COLLECTRI_BACH1_TF_ACTIVITY__ssgsea_NES,COLLECTRI_BACH1_TF_ACTIVITY__decoupler_ulm,P0034,15,0.010714285714285713,0.9697698761545686,positive
BACH1_detected_fraction,LITERATURE_LUNG_BACH1_EFFECTOR_ACTIVITY__mean_z,AL02,15,0.21071428571428572,0.450957865215285,positive
BACH1_detected_fraction,LITERATURE_LUNG_BACH1_EFFECTOR_ACTIVITY__mean_z,AL06,15,0.09999999999999999,0.7228973252791182,positive
BACH1_detected_fraction,LITERATURE_LUNG_BACH1_EFFECTOR_ACTIVITY__mean_z,AL08,15,0.039285714285714285,0.8894459296739485,positive
BACH1_detected_fraction,LITERATURE_LUNG_BACH1_EFFECTOR_ACTIVITY__mean_z,AL10,15,-0.010714285714285713,0.9697698761545686,negative
BACH1_detected_fraction,LITERATURE_LUNG_BACH1_EFFECTOR_ACTIVITY__mean_z,AL11,15,0.06428571428571428,0.8199479653196375,positive
BACH1_detected_fraction,LITERATURE_LUNG_BACH1_EFFECTOR_ACTIVITY__mean_z,P0006,15,-0.021428571428571425,0.9395779040128779,negative
BACH1_detected_fraction,LITERATURE_LUNG_BACH1_EFFECTOR_ACTIVITY__mean_z,P0008,15,-0.007142857142857141,0.9798442277615982,negative
BACH1_detected_fraction,LITERATURE_LUNG_BACH1_EFFECTOR_ACTIVITY__mean_z,P0009,15,0.035714285714285705,0.8994469934720875,positive
BACH1_detected_fraction,LITERATURE_LUNG_BACH1_EFFECTOR_ACTIVITY__mean_z,P0018,15,-0.04642857142857142,0.8694915255450947,negative
BACH1_detected_fraction,LITERATURE_LUNG_BACH1_EFFECTOR_ACTIVITY__mean_z,P0019,15,-0.039285714285714285,0.8894459296739485,negative
BACH1_detected_fraction,LITERATURE_LUNG_BACH1_EFFECTOR_ACTIVITY__mean_z,P0020,15,-0.12857142857142856,0.6479163294665075,negative
BACH1_detected_fraction,LITERATURE_LUNG_BACH1_EFFECTOR_ACTIVITY__mean_z,P0025,15,-0.11785714285714284,0.6757115292213043,negative
BACH1_detected_fraction,LITERATURE_LUNG_BACH1_EFFECTOR_ACTIVITY__mean_z,P0028,15,-0.03214285714285714,0.9094621170945906,negative
BACH1_detected_fraction,LITERATURE_LUNG_BACH1_EFFECTOR_ACTIVITY__mean_z,P0030,15,-0.024999999999999998,0.9295289708192378,negative
BACH1_detected_fraction,LITERATURE_LUNG_BACH1_EFFECTOR_ACTIVITY__mean_z,P0031,15,-0.024999999999999998,0.9295289708192378,negative
BACH1_detected_fraction,LITERATURE_LUNG_BACH1_EFFECTOR_ACTIVITY__mean_z,P0034,15,-0.039285714285714285,0.8894459296739485,negative
DOROTHEA_BACH1_ABC_TF_ACTIVITY__mean_z,KLENJA2025_BACH1_ACTIVITY_INVERTED__ssgsea_NES,AL02,15,0.1964285714285714,0.48289875627163353,positive
DOROTHEA_BACH1_ABC_TF_ACTIVITY__mean_z,KLENJA2025_BACH1_ACTIVITY_INVERTED__ssgsea_NES,AL06,15,0.024999999999999998,0.9295289708192378,positive
DOROTHEA_BACH1_ABC_TF_ACTIVITY__mean_z,KLENJA2025_BACH1_ACTIVITY_INVERTED__ssgsea_NES,AL08,15,0.010714285714285713,0.9697698761545686,positive
DOROTHEA_BACH1_ABC_TF_ACTIVITY__mean_z,KLENJA2025_BACH1_ACTIVITY_INVERTED__ssgsea_NES,AL10,15,0.035714285714285705,0.8994469934720875,positive
DOROTHEA_BACH1_ABC_TF_ACTIVITY__mean_z,KLENJA2025_BACH1_ACTIVITY_INVERTED__ssgsea_NES,AL11,15,0.039285714285714285,0.8894459296739485,positive
DOROTHEA_BACH1_ABC_TF_ACTIVITY__mean_z,KLENJA2025_BACH1_ACTIVITY_INVERTED__ssgsea_NES,P0006,15,0.010714285714285713,0.9697698761545686,positive
DOROTHEA_BACH1_ABC_TF_ACTIVITY__mean_z,KLENJA2025_BACH1_ACTIVITY_INVERTED__ssgsea_NES,P0008,15,0.12142857142857141,0.6664011137233892,positive
DOROTHEA_BACH1_ABC_TF_ACTIVITY__mean_z,KLENJA2025_BACH1_ACTIVITY_INVERTED__ssgsea_NES,P0009,15,-0.1607142857142857,0.5671967045803447,negative
DOROTHEA_BACH1_ABC_TF_ACTIVITY__mean_z,KLENJA2025_BACH1_ACTIVITY_INVERTED__ssgsea_NES,P0018,15,0.010714285714285713,0.9697698761545686,positive
DOROTHEA_BACH1_ABC_TF_ACTIVITY__mean_z,KLENJA2025_BACH1_ACTIVITY_INVERTED__ssgsea_NES,P0019,15,-0.08928571428571427,0.7516725173502768,negative
DOROTHEA_BACH1_ABC_TF_ACTIVITY__mean_z,KLENJA2025_BACH1_ACTIVITY_INVERTED__ssgsea_NES,P0020,15,0.04642857142857142,0.8694915255450947,positive
DOROTHEA_BACH1_ABC_TF_ACTIVITY__mean_z,KLENJA2025_BACH1_ACTIVITY_INVERTED__ssgsea_NES,P0025,15,-0.1607142857142857,0.5671967045803447,negative
DOROTHEA_BACH1_ABC_TF_ACTIVITY__mean_z,KLENJA2025_BACH1_ACTIVITY_INVERTED__ssgsea_NES,P0028,15,0.010714285714285713,0.9697698761545686,positive
DOROTHEA_BACH1_ABC_TF_ACTIVITY__mean_z,KLENJA2025_BACH1_ACTIVITY_INVERTED__ssgsea_NES,P0030,15,0.04285714285714285,0.8794603130258999,positive
DOROTHEA_BACH1_ABC_TF_ACTIVITY__mean_z,KLENJA2025_BACH1_ACTIVITY_INVERTED__ssgsea_NES,P0031,15,-0.08928571428571427,0.7516725173502768,negative
DOROTHEA_BACH1_ABC_TF_ACTIVITY__mean_z,KLENJA2025_BACH1_ACTIVITY_INVERTED__ssgsea_NES,P0034,15,-0.014285714285714282,0.9596997645989475,negative
KLENJA2025_BACH1_ACTIVITY_INVERTED__ssgsea_NES,DOROTHEA_BACH1_ABC_TF_ACTIVITY__mean_z,AL02,15,0.1964285714285714,0.48289875627163353,positive
KLENJA2025_BACH1_ACTIVITY_INVERTED__ssgsea_NES,DOROTHEA_BACH1_ABC_TF_ACTIVITY__mean_z,AL06,15,0.024999999999999998,0.9295289708192378,positive
KLENJA2025_BACH1_ACTIVITY_INVERTED__ssgsea_NES,DOROTHEA_BACH1_ABC_TF_ACTIVITY__mean_z,AL08,15,0.010714285714285713,0.9697698761545686,positive
KLENJA2025_BACH1_ACTIVITY_INVERTED__ssgsea_NES,DOROTHEA_BACH1_ABC_TF_ACTIVITY__mean_z,AL10,15,0.035714285714285705,0.8994469934720875,positive
KLENJA2025_BACH1_ACTIVITY_INVERTED__ssgsea_NES,DOROTHEA_BACH1_ABC_TF_ACTIVITY__mean_z,AL11,15,0.039285714285714285,0.8894459296739485,positive
KLENJA2025_BACH1_ACTIVITY_INVERTED__ssgsea_NES,DOROTHEA_BACH1_ABC_TF_ACTIVITY__mean_z,P0006,15,0.010714285714285713,0.9697698761545686,positive
KLENJA2025_BACH1_ACTIVITY_INVERTED__ssgsea_NES,DOROTHEA_BACH1_ABC_TF_ACTIVITY__mean_z,P0008,15,0.12142857142857141,0.6664011137233892,positive
KLENJA2025_BACH1_ACTIVITY_INVERTED__ssgsea_NES,DOROTHEA_BACH1_ABC_TF_ACTIVITY__mean_z,P0009,15,-0.1607142857142857,0.5671967045803447,negative
KLENJA2025_BACH1_ACTIVITY_INVERTED__ssgsea_NES,DOROTHEA_BACH1_ABC_TF_ACTIVITY__mean_z,P0018,15,0.010714285714285713,0.9697698761545686,positive
KLENJA2025_BACH1_ACTIVITY_INVERTED__ssgsea_NES,DOROTHEA_BACH1_ABC_TF_ACTIVITY__mean_z,P0019,15,-0.08928571428571427,0.7516725173502768,negative
KLENJA2025_BACH1_ACTIVITY_INVERTED__ssgsea_NES,DOROTHEA_BACH1_ABC_TF_ACTIVITY__mean_z,P0020,15,0.04642857142857142,0.8694915255450947,positive
KLENJA2025_BACH1_ACTIVITY_INVERTED__ssgsea_NES,DOROTHEA_BACH1_ABC_TF_ACTIVITY__mean_z,P0025,15,-0.1607142857142857,0.5671967045803447,negative
KLENJA2025_BACH1_ACTIVITY_INVERTED__ssgsea_NES,DOROTHEA_BACH1_ABC_TF_ACTIVITY__mean_z,P0028,15,0.010714285714285713,0.9697698761545686,positive
KLENJA2025_BACH1_ACTIVITY_INVERTED__ssgsea_NES,DOROTHEA_BACH1_ABC_TF_ACTIVITY__mean_z,P0030,15,0.04285714285714285,0.8794603130258999,positive
KLENJA2025_BACH1_ACTIVITY_INVERTED__ssgsea_NES,DOROTHEA_BACH1_ABC_TF_ACTIVITY__mean_z,P0031,15,-0.08928571428571427,0.7516725173502768,negative
KLENJA2025_BACH1_ACTIVITY_INVERTED__ssgsea_NES,DOROTHEA_BACH1_ABC_TF_ACTIVITY__mean_z,P0034,15,-0.014285714285714282,0.9596997645989475,negative
COLLECTRI_BACH1_TF_ACTIVITY__ssgsea_NES,KLENJA2025_BACH1_INVERSE_ACTIVITY__mean_z,AL02,15,-0.21428571428571427,0.44314093482351424,negative
COLLECTRI_BACH1_TF_ACTIVITY__ssgsea_NES,KLENJA2025_BACH1_INVERSE_ACTIVITY__mean_z,AL06,15,0.11071428571428568,0.6944626472070964,positive
COLLECTRI_BACH1_TF_ACTIVITY__ssgsea_NES,KLENJA2025_BACH1_INVERSE_ACTIVITY__mean_z,AL08,15,-0.007142857142857141,0.9798442277615982,negative
COLLECTRI_BACH1_TF_ACTIVITY__ssgsea_NES,KLENJA2025_BACH1_INVERSE_ACTIVITY__mean_z,AL10,15,-0.007142857142857141,0.9798442277615982,negative
COLLECTRI_BACH1_TF_ACTIVITY__ssgsea_NES,KLENJA2025_BACH1_INVERSE_ACTIVITY__mean_z,AL11,15,0.024999999999999998,0.9295289708192378,positive
COLLECTRI_BACH1_TF_ACTIVITY__ssgsea_NES,KLENJA2025_BACH1_INVERSE_ACTIVITY__mean_z,P0006,15,-0.017857142857142853,0.9496353041738619,negative
COLLECTRI_BACH1_TF_ACTIVITY__ssgsea_NES,KLENJA2025_BACH1_INVERSE_ACTIVITY__mean_z,P0008,15,0.0857142857142857,0.7613341261907666,positive
COLLECTRI_BACH1_TF_ACTIVITY__ssgsea_NES,KLENJA2025_BACH1_INVERSE_ACTIVITY__mean_z,P0009,15,0.1607142857142857,0.5671967045803447,positive
COLLECTRI_BACH1_TF_ACTIVITY__ssgsea_NES,KLENJA2025_BACH1_INVERSE_ACTIVITY__mean_z,P0018,15,0.024999999999999998,0.9295289708192378,positive
COLLECTRI_BACH1_TF_ACTIVITY__ssgsea_NES,KLENJA2025_BACH1_INVERSE_ACTIVITY__mean_z,P0019,15,-0.03214285714285714,0.9094621170945906,negative
COLLECTRI_BACH1_TF_ACTIVITY__ssgsea_NES,KLENJA2025_BACH1_INVERSE_ACTIVITY__mean_z,P0020,15,-0.007142857142857141,0.9798442277615982,negative
COLLECTRI_BACH1_TF_ACTIVITY__ssgsea_NES,KLENJA2025_BACH1_INVERSE_ACTIVITY__mean_z,P0025,15,0.11071428571428568,0.6944626472070964,positive
COLLECTRI_BACH1_TF_ACTIVITY__ssgsea_NES,KLENJA2025_BACH1_INVERSE_ACTIVITY__mean_z,P0028,15,-0.06071428571428571,0.8298120954425187,negative
COLLECTRI_BACH1_TF_ACTIVITY__ssgsea_NES,KLENJA2025_BACH1_INVERSE_ACTIVITY__mean_z,P0030,15,-0.06071428571428571,0.8298120954425187,negative
COLLECTRI_BACH1_TF_ACTIVITY__ssgsea_NES,KLENJA2025_BACH1_INVERSE_ACTIVITY__mean_z,P0031,15,-0.039285714285714285,0.8894459296739485,negative
COLLECTRI_BACH1_TF_ACTIVITY__ssgsea_NES,KLENJA2025_BACH1_INVERSE_ACTIVITY__mean_z,P0034,15,-0.06071428571428571,0.8298120954425187,negative
KLENJA2025_BACH1_INVERSE_ACTIVITY__mean_z,COLLECTRI_BACH1_TF_ACTIVITY__ssgsea_NES,AL02,15,-0.21428571428571427,0.44314093482351424,negative
KLENJA2025_BACH1_INVERSE_ACTIVITY__mean_z,COLLECTRI_BACH1_TF_ACTIVITY__ssgsea_NES,AL06,15,0.11071428571428568,0.6944626472070964,positive
KLENJA2025_BACH1_INVERSE_ACTIVITY__mean_z,COLLECTRI_BACH1_TF_ACTIVITY__ssgsea_NES,AL08,15,-0.007142857142857141,0.9798442277615982,negative
KLENJA2025_BACH1_INVERSE_ACTIVITY__mean_z,COLLECTRI_BACH1_TF_ACTIVITY__ssgsea_NES,AL10,15,-0.007142857142857141,0.9798442277615982,negative
KLENJA2025_BACH1_INVERSE_ACTIVITY__mean_z,COLLECTRI_BACH1_TF_ACTIVITY__ssgsea_NES,AL11,15,0.024999999999999998,0.9295289708192378,positive
KLENJA2025_BACH1_INVERSE_ACTIVITY__mean_z,COLLECTRI_BACH1_TF_ACTIVITY__ssgsea_NES,P0006,15,-0.017857142857142853,0.9496353041738619,negative
KLENJA2025_BACH1_INVERSE_ACTIVITY__mean_z,COLLECTRI_BACH1_TF_ACTIVITY__ssgsea_NES,P0008,15,0.0857142857142857,0.7613341261907666,positive
KLENJA2025_BACH1_INVERSE_ACTIVITY__mean_z,COLLECTRI_BACH1_TF_ACTIVITY__ssgsea_NES,P0009,15,0.1607142857142857,0.5671967045803447,positive
KLENJA2025_BACH1_INVERSE_ACTIVITY__mean_z,COLLECTRI_BACH1_TF_ACTIVITY__ssgsea_NES,P0018,15,0.024999999999999998,0.9295289708192378,positive
KLENJA2025_BACH1_INVERSE_ACTIVITY__mean_z,COLLECTRI_BACH1_TF_ACTIVITY__ssgsea_NES,P0019,15,-0.03214285714285714,0.9094621170945906,negative
KLENJA2025_BACH1_INVERSE_ACTIVITY__mean_z,COLLECTRI_BACH1_TF_ACTIVITY__ssgsea_NES,P0020,15,-0.007142857142857141,0.9798442277615982,negative
KLENJA2025_BACH1_INVERSE_ACTIVITY__mean_z,COLLECTRI_BACH1_TF_ACTIVITY__ssgsea_NES,P0025,15,0.11071428571428568,0.6944626472070964,positive
KLENJA2025_BACH1_INVERSE_ACTIVITY__mean_z,COLLECTRI_BACH1_TF_ACTIVITY__ssgsea_NES,P0028,15,-0.06071428571428571,0.8298120954425187,negative
KLENJA2025_BACH1_INVERSE_ACTIVITY__mean_z,COLLECTRI_BACH1_TF_ACTIVITY__ssgsea_NES,P0030,15,-0.06071428571428571,0.8298120954425187,negative
KLENJA2025_BACH1_INVERSE_ACTIVITY__mean_z,COLLECTRI_BACH1_TF_ACTIVITY__ssgsea_NES,P0031,15,-0.039285714285714285,0.8894459296739485,negative
KLENJA2025_BACH1_INVERSE_ACTIVITY__mean_z,COLLECTRI_BACH1_TF_ACTIVITY__ssgsea_NES,P0034,15,-0.06071428571428571,0.8298120954425187,negative
