patient,DOROTHEA_BACH1_ABC_TF_ACTIVITY__mean_z,COLLECTRI_BACH1_TF_ACTIVITY__mean_z,KLENJA2025_BACH1_INVERSE_ACTIVITY__mean_z,HALLMARK_HYPOXIA__mean_z,DOROTHEA_BACH1_ABC_TF_ACTIVITY_NO_HYPOXIA_OVERLAP__mean_z,HALLMARK_HYPOXIA_NO_DOROTHEA_OVERLAP__mean_z,cohort,stage_simple,histology,sample_type,pack_years,ABSOLUTE_Purity,n_primary_tumour_samples
TCGA-18-3406,-0.43905296170103425,0.12597772028879878,0.4499625322357979,0.4252802541245953,-0.4799776049510434,0.4215790403385151,LUSC,I,Lung Squamous Cell Carcinoma- Not Otherwise Specified (NOS),Primary Tumor,200.0,,1
TCGA-18-3407,0.17926410702475973,0.047956253835479724,-0.2345715398254338,0.17626401843368109,0.19170505700557583,0.1709474450613402,LUSC,I,Lung Squamous Cell Carcinoma- Not Otherwise Specified (NOS),Primary Tumor,40.0,,1
TCGA-18-3408,-0.24995001574061843,-0.06284267787730605,1.4340387893210267,-0.22346843045865866,-0.24669245437858722,-0.21745965499834063,LUSC,I,Lung Squamous Cell Carcinoma- Not Otherwise Specified (NOS),Primary Tumor,30.0,,1
TCGA-18-3409,-0.16077303235277712,0.2585309482964713,-1.2029524954719593,0.2728965954125825,-0.15727394505544004,0.27888689834468794,LUSC,I,Lung Basaloid Squamous Cell Carcinoma,Primary Tumor,20.0,,1
TCGA-18-3410,-0.05652772978106314,-0.17260090270331283,0.8096201137891894,-0.060190778533883944,-0.037964916501782346,-0.052341749913850114,LUSC,II,Lung Squamous Cell Carcinoma- Not Otherwise Specified (NOS),Primary Tumor,,,1
TCGA-18-3411,-0.028881671360518436,-0.02999589071575314,-0.3597507758590242,-0.0988482834648692,0.017805805649413843,-0.11390650520514897,LUSC,III,Lung Squamous Cell Carcinoma- Not Otherwise Specified (NOS),Primary Tumor,50.0,,1
TCGA-18-3412,-0.005883792623543072,0.02976192123580137,0.5053848742553368,-0.16903958235925606,-0.03763910026381534,-0.17610577262229543,LUSC,I,Lung Squamous Cell Carcinoma- Not Otherwise Specified (NOS),Primary Tumor,25.0,,1
TCGA-18-3414,-0.23413450888723716,-0.16273745267737988,0.08593599682454267,0.029450854086730524,-0.27981813851431664,0.036207431768160166,LUSC,IV,Lung Squamous Cell Carcinoma- Not Otherwise Specified (NOS),Primary Tumor,25.0,,1
TCGA-18-3415,0.05394561863776648,-0.13364683038298358,-0.9247126454654079,0.16482910461284553,0.1424660617853811,0.1344055690806337,LUSC,I,Lung Squamous Cell Carcinoma- Not Otherwise Specified (NOS),Primary Tumor,30.0,,1
TCGA-18-3416,0.15430796565827223,0.18748898324536484,1.4125266050278447,-0.3284407322203404,0.12068652700686563,-0.3386625797667971,LUSC,II,Lung Squamous Cell Carcinoma- Not Otherwise Specified (NOS),Primary Tumor,40.0,,1
TCGA-18-3417,-0.37238848336659613,0.178036048256501,-0.4755494550540362,0.24033872016800512,-0.42009228323970227,0.2306012211916005,LUSC,IV,Lung Squamous Cell Carcinoma- Not Otherwise Specified (NOS),Primary Tumor,25.0,,1
TCGA-18-3419,-0.24276579339185037,0.43711917025167357,1.148898707463746,-0.21233689891057142,-0.29437329996075134,-0.2063876144496059,LUSC,II,Lung Squamous Cell Carcinoma- Not Otherwise Specified (NOS),Primary Tumor,50.0,,1
TCGA-18-3421,-0.50630370191162,0.38441280434402686,0.8066735566809218,0.012245914039718631,-0.5823030693791349,0.009726723087899378,LUSC,I,Lung Squamous Cell Carcinoma- Not Otherwise Specified (NOS),Primary Tumor,40.0,,1
TCGA-18-4083,-0.008799793823108732,-0.21019740026130804,0.030020412861531603,-0.13045985888078512,-0.023478743217950793,-0.13163228769789784,LUSC,II,Lung Squamous Cell Carcinoma- Not Otherwise Specified (NOS),Primary Tumor,45.0,,1
TCGA-18-4086,0.1254790077478881,-0.16778298121781976,-1.1539478663464717,0.03616912259546405,0.2333366745735132,0.01073330248383222,LUSC,I,Lung Squamous Cell Carcinoma- Not Otherwise Specified (NOS),Primary Tumor,30.0,,1
TCGA-18-4721,0.0381208813750934,0.139920517834911,-0.2929978176008272,-0.14258469124814693,0.06415789031600111,-0.1529784037689767,LUSC,I,Lung Squamous Cell Carcinoma- Not Otherwise Specified (NOS),Primary Tumor,,,1
TCGA-18-5592,0.4686690406822048,-0.2282584123040414,-0.15279148632874717,0.03701289154846576,0.5043260836570893,0.03179633158100118,LUSC,II,Lung Squamous Cell Carcinoma- Not Otherwise Specified (NOS),Primary Tumor,40.0,,1
TCGA-18-5595,0.27630395323610507,-0.026466971687674454,1.3021473651054587,0.18015493536246535,0.2243552419103527,0.17725975558986864,LUSC,I,Lung Squamous Cell Carcinoma- Not Otherwise Specified (NOS),Primary Tumor,,,1
TCGA-21-1070,0.017812638466478594,0.28759887006931195,0.15788823988359404,-0.030441046388840706,0.039547069505994695,-0.025643479228852982,LUSC,III,Lung Squamous Cell Carcinoma- Not Otherwise Specified (NOS),Primary Tumor,15.0,,1
TCGA-21-1071,0.5588935978642188,0.13700606714786048,0.12399420440125132,0.05904979715802214,0.5685815027474862,0.06255459568627021,LUSC,I,Lung Squamous Cell Carcinoma- Not Otherwise Specified (NOS),Primary Tumor,90.0,,1
TCGA-21-1072,0.035232862454238914,0.03454032106021299,0.9816928725045834,0.04731376620789228,-0.021930878853481627,0.04769084828854179,LUSC,I,Lung Squamous Cell Carcinoma- Not Otherwise Specified (NOS),Primary Tumor,,,1
TCGA-21-1075,0.021786282453678547,-0.03595886049792963,0.9635143784562946,0.13595366992744734,0.026642225031286486,0.12504840704254214,LUSC,II,Lung Squamous Cell Carcinoma- Not Otherwise Specified (NOS),Primary Tumor,74.0,,1
TCGA-21-1076,0.14890374988931557,0.1408517676742584,-0.48632406159309927,0.1796055290888753,0.22266873046433974,0.18969376481873373,LUSC,I,Lung Squamous Cell Carcinoma- Not Otherwise Specified (NOS),Primary Tumor,35.0,,1
TCGA-21-1077,0.1817342929082108,-0.1582491937744806,-0.5599920141265465,0.2851281410747648,0.22429387049614047,0.2815897582363223,LUSC,II,Lung Squamous Cell Carcinoma- Not Otherwise Specified (NOS),Primary Tumor,56.0,,1
TCGA-21-1078,-0.31264525491949274,-0.41887433191523266,2.0657027369535688,-0.4871659873034011,-0.4477870798536521,-0.47600190962929545,LUSC,I,Lung Squamous Cell Carcinoma- Not Otherwise Specified (NOS),Primary Tumor,9.0,,1
TCGA-21-1079,-0.33871040029520666,0.2630184643114719,-0.6739749995411803,0.15211539788085995,-0.3487952377908172,0.15091111046348962,LUSC,III,Lung Squamous Cell Carcinoma- Not Otherwise Specified (NOS),Primary Tumor,80.0,,1
TCGA-21-1080,-0.2521702676871365,-0.010603145573854873,0.5127721449078747,-0.4295620933366103,-0.2996330712021234,-0.4252049929583319,LUSC,I,Lung Squamous Cell Carcinoma- Not Otherwise Specified (NOS),Primary Tumor,100.0,,1
TCGA-21-1081,0.07271699070164428,-0.09174850590507963,-0.22915298899308997,-0.2239205125422717,0.018232932312865626,-0.23217471523732558,LUSC,II,Lung Squamous Cell Carcinoma- Not Otherwise Specified (NOS),Primary Tumor,45.0,,1
TCGA-21-1082,-0.33500471587989755,0.08331351762028702,-0.345707708754343,-0.10494720293824465,-0.34350936979688673,-0.0980003131545774,LUSC,I,Lung Squamous Cell Carcinoma- Not Otherwise Specified (NOS),Primary Tumor,,,1
TCGA-21-1083,0.6640194957342266,0.2152672621136079,-0.328512958296985,0.0057237644652439025,0.7103763452645538,-0.0058567464921872115,LUSC,I,Lung Squamous Cell Carcinoma- Not Otherwise Specified (NOS),Primary Tumor,240.0,,1
TCGA-21-5782,0.2351973120280764,0.4021648121140537,-0.6621641176054358,0.5709305158760639,0.1899868594437805,0.5748563259035231,LUSC,I,Lung Squamous Cell Carcinoma- Not Otherwise Specified (NOS),Primary Tumor,48.0,,1
TCGA-21-5783,-0.020877827446638103,0.39298581911535496,-0.3392983356719987,0.2021132576312534,-0.08639686645979161,0.21563225566344463,LUSC,I,Lung Squamous Cell Carcinoma- Not Otherwise Specified (NOS),Primary Tumor,,,1
TCGA-21-5784,-0.31249592205580956,-0.2998340142499432,-0.028239397679086776,0.203896821111815,-0.3064213439978972,0.19947191264762665,LUSC,I,Lung Squamous Cell Carcinoma- Not Otherwise Specified (NOS),Primary Tumor,14.0,,1
TCGA-21-5786,-0.12547236457214356,0.461446987788225,-0.38454144856653133,0.20862456037035265,-0.19809938408004404,0.22567245182638174,LUSC,I,Lung Squamous Cell Carcinoma- Not Otherwise Specified (NOS),Primary Tumor,75.0,,1
TCGA-21-5787,-0.2639229046790418,-0.31040806264214194,0.21768378517959472,-0.1809377012035373,-0.3068289777599092,-0.18687606297066284,LUSC,III,Lung Squamous Cell Carcinoma- Not Otherwise Specified (NOS),Primary Tumor,100.0,,1
TCGA-21-A5DI,0.0622202423150782,0.14532767233212693,0.18880185101390853,0.2773369671361742,-0.0031653646365696836,0.2856505162570593,LUSC,I,Lung Squamous Cell Carcinoma- Not Otherwise Specified (NOS),Primary Tumor,,,1
TCGA-22-0940,-0.010634382011531234,-0.2856616977092314,-0.09210490644955856,0.07485991490633738,0.02532300368913221,0.07185460808964468,LUSC,II,Lung Squamous Cell Carcinoma- Not Otherwise Specified (NOS),Primary Tumor,25.0,,1
TCGA-22-0944,0.17503724326888812,-0.03735064552665263,0.3711418992072204,-0.009245694268021574,0.16361552186354994,-0.0169521027585994,LUSC,I,Lung Squamous Cell Carcinoma- Not Otherwise Specified (NOS),Primary Tumor,38.0,,1
TCGA-22-1000,0.04281162759538102,0.13663205232309353,-1.3270319792348213,0.24830468615837234,0.06730513588668821,0.251532784136199,LUSC,I,Lung Squamous Cell Carcinoma- Not Otherwise Specified (NOS),Primary Tumor,40.0,,1
TCGA-22-1002,-0.20088323696255803,-0.04334232146022399,0.19976761366423487,0.07165567494975723,-0.19319030294147974,0.07285955741279214,LUSC,I,Lung Squamous Cell Carcinoma- Not Otherwise Specified (NOS),Primary Tumor,85.0,,1
TCGA-22-1005,-0.31214079253728616,-0.13546862337808172,-0.5909331275603975,0.05335633084150397,-0.3137281294229132,0.0519403463929614,LUSC,I,Lung Squamous Cell Carcinoma- Not Otherwise Specified (NOS),Primary Tumor,40.0,,1
TCGA-22-1011,0.09057605315299641,0.27838808285922595,0.438716112041488,0.22463422161787586,0.07168899362423581,0.22538944282615075,LUSC,I,Lung Squamous Cell Carcinoma- Not Otherwise Specified (NOS),Primary Tumor,83.0,,1
TCGA-22-1012,-0.20544346092846172,0.01588609606740862,-0.21515159465798137,0.18828443194417413,-0.18814453391844968,0.18431965383405752,LUSC,I,Lung Squamous Cell Carcinoma- Not Otherwise Specified (NOS),Primary Tumor,60.0,,1
TCGA-22-1016,-0.0812473337385581,-0.08816702155848487,-1.0128331883937542,0.1427594182106188,0.050869339543055614,0.12590708919341248,LUSC,I,Lung Squamous Cell Carcinoma- Not Otherwise Specified (NOS),Primary Tumor,40.0,,1
TCGA-22-1017,-0.10299339251116782,0.16195981204359722,0.6946039121594542,0.08530151538614934,-0.08983369444669845,0.08216856946116041,LUSC,I,Lung Squamous Cell Carcinoma- Not Otherwise Specified (NOS),Primary Tumor,,,1
TCGA-22-4591,0.07622999734300277,0.3008850399632526,0.9965945082464996,0.13817397178133833,0.04034012305981886,0.1356682159242214,LUSC,III,Lung Squamous Cell Carcinoma- Not Otherwise Specified (NOS),Primary Tumor,,,1
TCGA-22-4593,-0.03750188275472776,-0.17946263954695152,-0.31160493448132526,0.11767680221481912,-0.08608466014386057,0.11156189651783563,LUSC,II,Lung Squamous Cell Carcinoma- Not Otherwise Specified (NOS),Primary Tumor,30.0,,1
TCGA-22-4594,-0.006164699378130647,-0.35507264332023153,-0.27565299360546813,-0.19580173336572973,0.019918673679199007,-0.20439544063630194,LUSC,III,Lung Squamous Cell Carcinoma- Not Otherwise Specified (NOS),Primary Tumor,40.0,,1
TCGA-22-4595,-0.24053070299460833,0.5142991569240312,-0.4747505720437566,0.04286451325619351,-0.26658962438759554,0.046968929266498136,LUSC,III,Lung Squamous Cell Carcinoma- Not Otherwise Specified (NOS),Primary Tumor,37.0,,1
TCGA-22-4596,-0.10202205043736559,-0.018728949474595736,-0.8596909092873356,0.24162360728891216,-0.06291583610552427,0.23494269720297328,LUSC,I,Lung Squamous Cell Carcinoma- Not Otherwise Specified (NOS),Primary Tumor,40.0,,1
TCGA-22-4599,0.09760198969025347,0.3539532794651511,0.3306465975456717,0.05813960990035466,0.09565972557296083,0.05801742369466221,LUSC,I,Lung Squamous Cell Carcinoma- Not Otherwise Specified (NOS),Primary Tumor,25.0,,1
TCGA-22-4601,0.3383704973148881,0.12768835921906063,1.0122778951446003,0.02165641665299203,0.3271055442190917,0.031086869252675307,LUSC,III,Lung Squamous Cell Carcinoma- Not Otherwise Specified (NOS),Primary Tumor,60.0,,1
TCGA-22-4604,0.11278125875428777,-0.03556815054568888,-0.5981737253427063,0.1575128674562362,0.1537024941334004,0.15910246414550966,LUSC,II,Lung Squamous Cell Carcinoma- Not Otherwise Specified (NOS),Primary Tumor,50.0,,1
TCGA-22-4605,0.3893959143333915,-0.2095342117812783,-0.6634883228582122,0.34435242715490594,0.4738123964669758,0.3373063057899086,LUSC,I,Lung Squamous Cell Carcinoma- Not Otherwise Specified (NOS),Primary Tumor,75.0,,1
TCGA-22-4607,-0.4211638291632409,0.046484021266154855,0.12610959072289493,-0.1471154608253164,-0.485852646621197,-0.14997395224654456,LUSC,I,Lung Squamous Cell Carcinoma- Not Otherwise Specified (NOS),Primary Tumor,20.0,,1
TCGA-22-4609,0.12291499709744798,0.00471191523943774,-0.8869412762397183,0.25042894383267456,0.17719657944500067,0.24482076791500038,LUSC,I,Lung Squamous Cell Carcinoma- Not Otherwise Specified (NOS),Primary Tumor,77.0,,1
TCGA-22-4613,-0.025304698279250887,0.0037541835569002047,0.5369217245783929,-0.2259216952783085,-0.03332114455483675,-0.22577246481463545,LUSC,I,Lung Squamous Cell Carcinoma- Not Otherwise Specified (NOS),Primary Tumor,30.0,,1
TCGA-22-5471,-0.038056861798599906,-0.16712196788812028,0.019569174859133082,-0.12271423467738302,-0.051406225407191,-0.12278859308661158,LUSC,I,Lung Squamous Cell Carcinoma- Not Otherwise Specified (NOS),Primary Tumor,50.0,,1
TCGA-22-5472,-0.08330089057335739,-0.18356138733337854,0.3887447499155188,-0.18238500421625897,-0.06550097461290949,-0.18596201508845042,LUSC,I,Lung Squamous Cell Carcinoma- Not Otherwise Specified (NOS),Primary Tumor,35.0,,1
TCGA-22-5473,0.14512281319659223,-0.04166130588032957,-0.8745690676435799,0.19586918583368482,0.18050696137486819,0.19478650260648353,LUSC,unknown,Lung Squamous Cell Carcinoma- Not Otherwise Specified (NOS),Primary Tumor,45.0,,1
TCGA-22-5474,0.35666610767681817,-0.057535028189286734,-0.5189422637722735,-0.005794667493343418,0.38438114925461075,-0.006676327846583418,LUSC,I,Lung Squamous Cell Carcinoma- Not Otherwise Specified (NOS),Primary Tumor,50.0,,1
TCGA-22-5477,0.30199307093469907,0.29869531022048296,0.5843217655400795,0.01228234926461934,0.2856027352081763,0.018111089498631716,LUSC,I,Lung Squamous Cell Carcinoma- Not Otherwise Specified (NOS),Primary Tumor,100.0,,1
TCGA-22-5478,-0.09985468659964364,0.3683734283083211,0.14787766844130626,0.3217358187488951,-0.12678597962423774,0.3288813092988847,LUSC,I,Lung Squamous Cell Carcinoma- Not Otherwise Specified (NOS),Primary Tumor,,,1
TCGA-22-5479,-0.04922380062587625,-0.19181718843701784,-1.3306684998408322,-0.10221851705654376,0.02572588300273948,-0.12304490888689576,LUSC,I,Lung Squamous Cell Carcinoma- Not Otherwise Specified (NOS),Primary Tumor,35.0,,1
TCGA-22-5480,0.11488911816044287,0.009474312502642716,-0.09514637157450066,0.048145019241349625,0.13330302879671665,0.06017094073129563,LUSC,I,Lung Squamous Cell Carcinoma- Not Otherwise Specified (NOS),Primary Tumor,50.0,,1
TCGA-22-5481,-0.3058233158256847,-0.02300684515255232,0.5625060085922254,-0.46881116728890204,-0.3472240252121844,-0.46566822145202746,LUSC,II,Lung Squamous Cell Carcinoma- Not Otherwise Specified (NOS),Primary Tumor,75.0,,1
TCGA-22-5482,0.3559130480679742,0.04286557682558778,-0.4374328151902192,0.2595997412666646,0.3674586393904792,0.2657462387812864,LUSC,I,Lung Squamous Cell Carcinoma- Not Otherwise Specified (NOS),Primary Tumor,60.0,,1
TCGA-22-5483,0.10838391097031572,-0.0832745778737041,-0.3899087178736729,-0.10551548258316763,0.14123852465304895,-0.10723994189694869,LUSC,II,Lung Squamous Cell Carcinoma- Not Otherwise Specified (NOS),Primary Tumor,50.0,,1
TCGA-22-5485,0.37455985224190946,-0.2458952111227545,0.3259376353779628,0.011095232966990226,0.39749363743075034,-0.002776646601622733,LUSC,I,Lung Squamous Cell Carcinoma- Not Otherwise Specified (NOS),Primary Tumor,60.0,,1
TCGA-22-5489,0.04056201405836844,0.177372256045126,-0.2440574607536338,0.17640019724886918,0.040715106065597514,0.1862801455730564,LUSC,I,Lung Squamous Cell Carcinoma- Not Otherwise Specified (NOS),Primary Tumor,70.0,,1
TCGA-22-5491,-0.09831894065851587,-0.16661819035090672,1.507689160759102,-0.3304523145268247,-0.12590450639885123,-0.33340578425165673,LUSC,I,Lung Squamous Cell Carcinoma- Not Otherwise Specified (NOS),Primary Tumor,57.0,,1
TCGA-22-5492,-0.11971123162105983,0.12189293024956048,0.1881697369693958,0.05257239820037486,-0.1319327904138039,0.0503299881926183,LUSC,III,Lung Squamous Cell Carcinoma- Not Otherwise Specified (NOS),Primary Tumor,50.0,,1
TCGA-22-A5C4,-0.034731830430660124,0.07244420045770615,0.4845562975094247,0.1468248579763018,-0.05781727949928497,0.14913630721698726,LUSC,II,Lung Squamous Cell Carcinoma- Not Otherwise Specified (NOS),Primary Tumor,80.0,,1
TCGA-33-4532,-0.043494184070222236,0.1428262376401364,1.2829075409666924,-0.0541119830547832,-0.0855579034492917,-0.06494682681637562,LUSC,I,Lung Squamous Cell Carcinoma- Not Otherwise Specified (NOS),Primary Tumor,53.0,,1
TCGA-33-4533,-0.23144778871592725,0.1433192629561298,-0.09401618167127702,0.19077329417527714,-0.23895864063585862,0.20504459246455825,LUSC,I,Lung Squamous Cell Carcinoma- Not Otherwise Specified (NOS),Primary Tumor,50.0,,1
TCGA-33-4538,0.18700209274648874,-0.23697228134161688,0.17662948235119333,-0.09773771836936654,0.28131150549653744,-0.11420703328295607,LUSC,III,Lung Squamous Cell Carcinoma- Not Otherwise Specified (NOS),Primary Tumor,51.0,,1
TCGA-33-4547,0.09228613808833747,0.15711350221509776,0.07180504636182235,0.05226694741033268,0.10029812247964787,0.06881240017129235,LUSC,I,Lung Squamous Cell Carcinoma- Not Otherwise Specified (NOS),Primary Tumor,40.0,,1
TCGA-33-4566,-0.5489066555232192,-0.5071202443273134,-1.4811974602569251,-0.4566410383572617,-0.38708965418713254,-0.4902926349232613,LUSC,I,Lung Squamous Cell Carcinoma- Not Otherwise Specified (NOS),Primary Tumor,20.0,,1
TCGA-33-4579,-0.4720183629425862,-0.5482603178262614,1.7809985614684223,-0.9582913554685407,-0.5431725906604331,-0.9546234046202161,LUSC,unknown,nan,Primary Tumor,,,1
TCGA-33-4582,-0.4575065531158229,0.2986318090363088,1.3053534602254204,-0.10115842441522693,-0.56242697573913,-0.09749602841761526,LUSC,I,Lung Squamous Cell Carcinoma- Not Otherwise Specified (NOS),Primary Tumor,86.0,,1
TCGA-33-4583,0.0540032259854695,-0.14401496646976414,0.9691789672411101,-0.24209590853241994,0.058022577001248084,-0.26867540088640024,LUSC,I,Lung Squamous Cell Carcinoma- Not Otherwise Specified (NOS),Primary Tumor,46.0,,1
TCGA-33-4586,0.35018129044569646,-0.03488284796562775,-0.6620473708415374,-0.06362421528252153,0.3955361399275827,-0.07852382794109139,LUSC,III,Lung Squamous Cell Carcinoma- Not Otherwise Specified (NOS),Primary Tumor,108.0,,1
TCGA-33-4587,-0.028662639952344474,0.0964064905417831,0.6204592859010639,-0.05473015870693515,-0.08473428809211028,-0.042731232516630524,LUSC,I,Lung Small Cell Squamous Cell Carcinoma,Primary Tumor,,,1
TCGA-33-4589,-0.7292892517685122,0.29997857797618865,0.9964846687988702,-0.15613212264579315,-0.8484508268865665,-0.1572692042076284,LUSC,II,Lung Squamous Cell Carcinoma- Not Otherwise Specified (NOS),Primary Tumor,45.0,,1
TCGA-33-6737,0.03363396772917152,-0.24781622778267703,-0.08104951165833851,0.3075320167314278,0.07373030426746763,0.29869181427221586,LUSC,III,Lung Squamous Cell Carcinoma- Not Otherwise Specified (NOS),Primary Tumor,20.0,,1
TCGA-33-6738,0.03652372385888889,0.011089080588894653,-0.06392662818828378,-0.1405261063958201,0.021669569491146148,-0.14880913489141245,LUSC,III,Lung Squamous Cell Carcinoma- Not Otherwise Specified (NOS),Primary Tumor,50.0,,1
TCGA-33-A4WN,0.20504905762091585,0.05121502454281204,-0.032108127349167716,-0.11984752256594565,0.20944848519450027,-0.11909451840331967,LUSC,I,Lung Squamous Cell Carcinoma- Not Otherwise Specified (NOS),Primary Tumor,60.0,,1
TCGA-33-A5GW,0.1509144133427787,0.0272271682138247,1.1118546277570165,-0.2521000271062371,0.09104999323902335,-0.2501151232135342,LUSC,II,Lung Squamous Cell Carcinoma- Not Otherwise Specified (NOS),Primary Tumor,50.0,,1
TCGA-33-AAS8,0.2557279939336197,-0.2291459123253409,1.0008411892506348,-0.11781337535292842,0.25031672344311995,-0.11983496789541187,LUSC,I,Lung Squamous Cell Carcinoma- Not Otherwise Specified (NOS),Primary Tumor,60.0,,1
TCGA-33-AASB,0.11251637772544136,-0.22661508296905125,-0.8898791849364546,0.19126277883181864,0.14108249514943427,0.1858257112667553,LUSC,I,Lung Squamous Cell Carcinoma- Not Otherwise Specified (NOS),Primary Tumor,40.0,,1
TCGA-33-AASD,0.4454887074367825,0.11339979127084615,0.24745754594402192,0.04174661380040936,0.3914541107712714,0.0501887081866653,LUSC,I,Lung Squamous Cell Carcinoma- Not Otherwise Specified (NOS),Primary Tumor,84.0,,1
TCGA-33-AASI,-0.29383741933112534,-0.1742762683187338,0.7063492628752494,-0.5175774280969266,-0.3211449789443116,-0.48838322928372935,LUSC,II,Lung Squamous Cell Carcinoma- Not Otherwise Specified (NOS),Primary Tumor,60.0,,1
TCGA-33-AASJ,0.21986023740513785,-0.08851202388890161,1.0975071984847948,-0.4074747812616314,0.1930347945343492,-0.4021725112139518,LUSC,I,Lung Squamous Cell Carcinoma- Not Otherwise Specified (NOS),Primary Tumor,,,1
TCGA-33-AASL,-0.026459274811892496,-0.19199628706764024,0.7160665196389928,-0.17700200174302436,-0.015231492832389554,-0.18899258858275203,LUSC,I,Lung Squamous Cell Carcinoma- Not Otherwise Specified (NOS),Primary Tumor,60.0,,1
TCGA-34-2596,0.19145717948953309,-0.012433147816276698,0.03144814515099844,0.038444693058847915,0.233672094948354,0.033122286744578,LUSC,II,Lung Squamous Cell Carcinoma- Not Otherwise Specified (NOS),Primary Tumor,60.0,,1
TCGA-34-2600,-0.3844676239493047,-0.27138588069098524,1.2009347779234172,-0.07962316927321403,-0.42837916050952163,-0.07142223112537116,LUSC,I,Lung Squamous Cell Carcinoma- Not Otherwise Specified (NOS),Primary Tumor,50.0,,1
TCGA-34-2608,0.07435836488092396,-0.09814384785311896,-0.8126513255028653,0.08929492337352941,0.11175863078335883,0.0911085975958568,LUSC,I,Lung Squamous Cell Carcinoma- Not Otherwise Specified (NOS),Primary Tumor,60.0,,1
TCGA-34-5231,0.06811236525190452,0.11077579811301154,0.6988604830699156,-0.3213295046789227,0.0408992125946745,-0.3124711674348733,LUSC,I,Lung Squamous Cell Carcinoma- Not Otherwise Specified (NOS),Primary Tumor,50.0,,1
TCGA-34-5232,0.04352924256229116,-0.10474422190058678,0.8283282769959411,0.10525335335028668,0.01761200636300378,0.10771790814929808,LUSC,II,Lung Squamous Cell Carcinoma- Not Otherwise Specified (NOS),Primary Tumor,,,1
TCGA-34-5234,-0.5598904953837216,-0.12103643054250532,-0.3801743088573701,-0.04638091211439287,-0.5381968259661285,-0.045729058465770335,LUSC,I,Lung Squamous Cell Carcinoma- Not Otherwise Specified (NOS),Primary Tumor,40.0,,1
TCGA-34-5236,0.41211055807187225,0.04745847438855182,-2.0660768385316812,0.14069370399265174,0.5151378537978761,0.13267493565476043,LUSC,II,Lung Squamous Cell Carcinoma- Not Otherwise Specified (NOS),Primary Tumor,,,1
TCGA-34-5239,0.01339897547977992,-0.10347407260544696,-0.35350123685718243,-0.07863298906965788,0.010832918918484796,-0.06724333796833826,LUSC,III,Lung Squamous Cell Carcinoma- Not Otherwise Specified (NOS),Primary Tumor,,,1
TCGA-34-5240,-0.19648461271756684,-0.13209413853279448,0.48634146572301845,-0.11494687813700781,-0.18182636997349133,-0.11924536154924742,LUSC,II,Lung Basaloid Squamous Cell Carcinoma,Primary Tumor,56.0,,1
TCGA-34-5241,-0.2846132030932162,0.11293008473895073,-0.20943118864381535,0.3753566131313006,-0.28826083220263743,0.36601663314070204,LUSC,I,Lung Squamous Cell Carcinoma- Not Otherwise Specified (NOS),Primary Tumor,25.0,,1
TCGA-34-5927,0.08191061953945604,0.21780234138203938,0.7112852863602651,-0.1225392479061429,0.018928256592526543,-0.1272199130349898,LUSC,I,Lung Squamous Cell Carcinoma- Not Otherwise Specified (NOS),Primary Tumor,,,1
TCGA-34-5928,-0.012571647017705495,0.1770550075640431,-1.0813106776984869,0.44790178384744905,-0.00440339013689895,0.45625865880512834,LUSC,II,Lung Squamous Cell Carcinoma- Not Otherwise Specified (NOS),Primary Tumor,40.0,,1
TCGA-34-5929,0.029792829989210633,-0.08808805756345744,0.8132979197346009,-0.1409430859788106,-0.0023321028140403078,-0.13320810407979677,LUSC,I,Lung Squamous Cell Carcinoma- Not Otherwise Specified (NOS),Primary Tumor,40.0,,1
TCGA-34-7107,0.186940830572942,-0.24944972875343158,-0.8749068930553966,-0.1544549056675051,0.2090680766175608,-0.1602656815531025,LUSC,II,Lung Squamous Cell Carcinoma- Not Otherwise Specified (NOS),Primary Tumor,,,1
TCGA-34-8454,-0.03883902275599161,0.08953555330346648,-0.027586089208330205,-0.019141616827158602,-0.039692735675172064,-0.02191680109508431,LUSC,III,Lung Squamous Cell Carcinoma- Not Otherwise Specified (NOS),Primary Tumor,90.0,,1
TCGA-34-8455,0.022043276387804903,-0.08008347557405958,-0.0686637108862563,0.0324644912653974,0.007017966105138849,0.03139775174633658,LUSC,IV,Lung Squamous Cell Carcinoma- Not Otherwise Specified (NOS),Primary Tumor,50.0,,1
TCGA-34-8456,0.08613131065294555,0.23658213706075945,0.30457739595483174,0.06375736031114472,0.05980462094347796,0.07416368740114729,LUSC,II,Lung Squamous Cell Carcinoma- Not Otherwise Specified (NOS),Primary Tumor,20.0,,1
TCGA-34-A5IX,-0.2503511806869932,-0.29774535057926943,0.5008530126733798,-0.11740092546549417,-0.25667455476234113,-0.12362154500600298,LUSC,II,Lung Squamous Cell Carcinoma- Not Otherwise Specified (NOS),Primary Tumor,,,1
TCGA-37-3783,-0.5525800291223654,-0.1123108597657104,0.2897390491191158,-0.0010275312658201009,-0.5764235313776741,-0.006844266629400728,LUSC,III,Lung Squamous Cell Carcinoma- Not Otherwise Specified (NOS),Primary Tumor,,,1
TCGA-37-3789,-0.21262375801716052,0.394172719171169,0.600894773383655,0.12310722716926283,-0.24550486461975407,0.12963559054803794,LUSC,I,Lung Squamous Cell Carcinoma- Not Otherwise Specified (NOS),Primary Tumor,,,1
TCGA-37-3792,-0.26208003158052134,-0.038189526330528675,0.3643834806448189,0.26248120260542007,-0.21098582130056717,0.2513893144271553,LUSC,I,Lung Squamous Cell Carcinoma- Not Otherwise Specified (NOS),Primary Tumor,,,1
TCGA-37-4129,-1.0387921328927145,-1.0157870683286148,1.4925400867374494,-0.8275446984209319,-1.0342143618883932,-0.8340212109909464,LUSC,I,Lung Squamous Cell Carcinoma- Not Otherwise Specified (NOS),Primary Tumor,30.0,,1
TCGA-37-4130,-0.8219027939908958,-0.4412658840112203,1.172726604966943,-0.289333192400362,-0.8061740638779216,-0.2930123958621614,LUSC,I,Lung Squamous Cell Carcinoma- Not Otherwise Specified (NOS),Primary Tumor,25.0,,1
TCGA-37-4132,-0.34738493932850156,-0.22031518759943267,0.8982793994326556,-0.08726373151117238,-0.36043708034530414,-0.09507433996780004,LUSC,IV,Lung Squamous Cell Carcinoma- Not Otherwise Specified (NOS),Primary Tumor,,,1
TCGA-37-4133,-0.23743438351807866,-0.348727595807148,-0.28096013922142626,-0.030694345170129,-0.1471625174898454,-0.07240790754785646,LUSC,III,Lung Squamous Cell Carcinoma- Not Otherwise Specified (NOS),Primary Tumor,40.0,,1
TCGA-37-4135,-0.5664609199166432,-0.0738139570776488,1.0216897646141605,-0.07734698939834718,-0.629499819455539,-0.09156433415209317,LUSC,I,Lung Squamous Cell Carcinoma- Not Otherwise Specified (NOS),Primary Tumor,45.0,,1
TCGA-37-4141,-0.5523037523695088,-0.4569376816841151,-0.15195026879022738,-0.30415922265754264,-0.5350142136108367,-0.31571940742605636,LUSC,I,Lung Squamous Cell Carcinoma- Not Otherwise Specified (NOS),Primary Tumor,,,1
TCGA-37-5819,-0.18560872939920356,-0.24310885866749157,0.13856259654070843,-0.2212824635422098,-0.24307031455857311,-0.22603101853896856,LUSC,III,Lung Squamous Cell Carcinoma- Not Otherwise Specified (NOS),Primary Tumor,45.0,,1
TCGA-37-A5EL,-0.015443033922838323,-0.15948297387131666,0.6329588269823875,-0.031175359161564907,-0.08283097718761318,-0.027740982622395206,LUSC,II,Lung Squamous Cell Carcinoma- Not Otherwise Specified (NOS),Primary Tumor,,,1
TCGA-37-A5EM,0.14313380779466156,0.31086052498696276,-0.647360200961715,-0.01102958109797279,0.10635918846301685,-0.00559292871757286,LUSC,II,Lung Squamous Cell Carcinoma- Not Otherwise Specified (NOS),Primary Tumor,,,1
TCGA-37-A5EN,-0.1981633527056705,-0.3368815477618004,0.033515852905385474,-0.3369329748659662,-0.18609839437904205,-0.3345580175629568,LUSC,III,Lung Squamous Cell Carcinoma- Not Otherwise Specified (NOS),Primary Tumor,,,1
TCGA-39-5011,0.24761635642474417,-0.03386510836992504,0.3709280578502138,-0.15701655667406914,0.28083890631364145,-0.17241480421893013,LUSC,I,Lung Squamous Cell Carcinoma- Not Otherwise Specified (NOS),Primary Tumor,45.0,,1
TCGA-39-5016,0.10658890606307178,-0.23621030470691168,1.377794171936791,-0.459387119247528,0.10416366383397695,-0.4528082257534844,LUSC,II,Lung Basaloid Squamous Cell Carcinoma,Primary Tumor,40.0,,1
TCGA-39-5019,0.0963769757173409,0.11077269834166918,-0.8746897850412201,0.36270173808152806,0.17982563003738888,0.35718861196893975,LUSC,I,Lung Squamous Cell Carcinoma- Not Otherwise Specified (NOS),Primary Tumor,30.0,,1
TCGA-39-5021,0.10971392423778302,0.03635678911562059,-0.22179223544137494,-0.123642737262975,0.140694945957555,-0.12936556753806638,LUSC,I,Lung Squamous Cell Carcinoma- Not Otherwise Specified (NOS),Primary Tumor,114.0,,1
TCGA-39-5022,0.15700786541569264,0.0776647492948736,-0.6523247653502163,0.298456176643857,0.1864443811016586,0.2950835342252258,LUSC,I,Lung Squamous Cell Carcinoma- Not Otherwise Specified (NOS),Primary Tumor,35.0,,1
TCGA-39-5024,0.06008308918410342,0.06608709276488951,0.9968858705205531,0.11042739368663948,-0.01753024266432967,0.11430492453511495,LUSC,III,Lung Squamous Cell Carcinoma- Not Otherwise Specified (NOS),Primary Tumor,40.0,,1
TCGA-39-5027,0.15294822415382797,-0.2122369292323413,0.22196391471346885,-0.08396748181434871,0.18596641484085613,-0.08900568597824056,LUSC,I,Lung Squamous Cell Carcinoma- Not Otherwise Specified (NOS),Primary Tumor,40.0,,1
TCGA-39-5028,-0.15570693060055846,0.061912348279980864,-0.1731452779292859,0.08624327514725304,-0.17669919950246915,0.09303280081366823,LUSC,III,Lung Squamous Cell Carcinoma- Not Otherwise Specified (NOS),Primary Tumor,30.0,,1
TCGA-39-5029,0.17023546848702104,0.3026723672629492,-0.19685048882093348,0.12679517285437508,0.13075891946586704,0.1262434150662129,LUSC,III,Lung Squamous Cell Carcinoma- Not Otherwise Specified (NOS),Primary Tumor,192.0,,1
TCGA-39-5030,0.07297176814335338,0.07663070665540923,-0.5992265770638046,-0.14214581746648486,0.08352105949512106,-0.13552238814151504,LUSC,III,Lung Squamous Cell Carcinoma- Not Otherwise Specified (NOS),Primary Tumor,8.0,,1
TCGA-39-5031,-0.1672152914595066,0.13479949021845936,-0.6664407657395671,0.15571703329498812,-0.16653794129720526,0.1581465132337651,LUSC,I,Lung Squamous Cell Carcinoma- Not Otherwise Specified (NOS),Primary Tumor,60.0,,1
TCGA-39-5034,0.0689747308187741,0.024056319911452326,-0.6225119046770299,-0.0466952418638536,0.019202252930825784,-0.04511645466502188,LUSC,II,Lung Squamous Cell Carcinoma- Not Otherwise Specified (NOS),Primary Tumor,84.0,,1
TCGA-39-5035,-0.08432048327540462,-0.17152862045620126,0.18008234608787332,-0.19256358224323328,-0.10456525694801118,-0.19214387191695778,LUSC,I,Lung Squamous Cell Carcinoma- Not Otherwise Specified (NOS),Primary Tumor,47.0,,1
TCGA-39-5036,0.09823252074472764,-0.1347386744174016,0.7176179282431735,-0.07351847702425682,0.06041575891523498,-0.08354788574048205,LUSC,I,Lung Squamous Cell Carcinoma- Not Otherwise Specified (NOS),Primary Tumor,63.0,,1
TCGA-39-5037,-0.33937578630926957,-0.5616662666984985,0.5429337110675118,-0.2920207197617872,-0.30311318466401455,-0.30403466527617157,LUSC,II,Lung Squamous Cell Carcinoma- Not Otherwise Specified (NOS),Primary Tumor,26.0,,1
TCGA-39-5039,-0.34596329989055896,-0.17414318687966315,-0.8064492703209093,0.2983830765370003,-0.3278671909925157,0.28220788101948097,LUSC,II,Lung Squamous Cell Carcinoma- Not Otherwise Specified (NOS),Primary Tumor,64.0,,1
TCGA-39-5040,0.19672793131997207,-0.14330435695782642,1.1339059195905283,-0.09938784167785399,0.2809515540507274,-0.09426468655872411,LUSC,III,Lung Squamous Cell Carcinoma- Not Otherwise Specified (NOS),Primary Tumor,60.0,,1
TCGA-43-2576,-0.4019856043760044,-0.0582234006862646,-1.1324504180401296,-0.06504174622019286,-0.40247774769515515,-0.07765706059749714,LUSC,III,Lung Squamous Cell Carcinoma- Not Otherwise Specified (NOS),Primary Tumor,20.0,,1
TCGA-43-2578,0.09639258195456599,-0.034806880036043784,0.13544129806218505,-0.04730271743146199,0.06533140491000775,-0.05273275755118642,LUSC,I,Lung Squamous Cell Carcinoma- Not Otherwise Specified (NOS),Primary Tumor,64.0,,1
TCGA-43-2581,-0.13638031201616957,0.08347458561334233,-0.7217278297179854,-0.014863083903904024,-0.08157913737107653,-0.028608025678890033,LUSC,III,Lung Squamous Cell Carcinoma- Not Otherwise Specified (NOS),Primary Tumor,30.0,,1
TCGA-43-3394,0.060197546842131126,0.07158434960043294,0.4767234118614585,0.2192812041568777,0.05033378263202548,0.21975606955300314,LUSC,I,Lung Squamous Cell Carcinoma- Not Otherwise Specified (NOS),Primary Tumor,15.0,,1
TCGA-43-3920,-0.6123250830918783,0.3295533953837836,0.2615181968534592,0.1206463817385085,-0.6565759077227078,0.13458212237810688,LUSC,I,Lung Squamous Cell Carcinoma- Not Otherwise Specified (NOS),Primary Tumor,50.0,,1
TCGA-43-5668,-0.194517615159532,-0.2293295829471911,0.19719071018900294,-0.327587581084585,-0.1978081389662562,-0.323835770433007,LUSC,II,Lung Squamous Cell Carcinoma- Not Otherwise Specified (NOS),Primary Tumor,20.0,,1
TCGA-43-5670,-0.2670886053704315,-0.4097981525020459,0.41095050348135115,0.05361883316730995,-0.29205141444157845,0.05602980693905004,LUSC,II,Lung Squamous Cell Carcinoma- Not Otherwise Specified (NOS),Primary Tumor,30.0,,1
TCGA-43-6143,0.12294517616626259,0.2005614192082449,-0.12001484722116007,-0.08915470342703967,0.0894965050461522,-0.08129817319358743,LUSC,I,Lung Basaloid Squamous Cell Carcinoma,Primary Tumor,114.0,,1
TCGA-43-6647,0.15452485637492125,0.22463355440440974,-1.1657566216764594,0.4668951340830856,0.16136938323152533,0.4743215486564607,LUSC,II,Lung Squamous Cell Carcinoma- Not Otherwise Specified (NOS),Primary Tumor,36.0,,1
TCGA-43-6770,0.2575937963757226,0.21611542797822486,-0.5987821255461695,0.3970713823151135,0.2627764751165853,0.3933620339246079,LUSC,I,Lung Squamous Cell Carcinoma- Not Otherwise Specified (NOS),Primary Tumor,34.0,,1
TCGA-43-6771,-0.0072050967791898075,-0.11718383852825882,-0.795954827832322,0.3816322854720834,-0.007525751057931678,0.378759033254522,LUSC,I,Lung Squamous Cell Carcinoma- Not Otherwise Specified (NOS),Primary Tumor,40.0,,1
TCGA-43-6773,0.29993807241508796,-0.11810232310471364,-1.011101578826339,0.04281217074621104,0.36859450193527854,0.03353079634398495,LUSC,II,Lung Squamous Cell Carcinoma- Not Otherwise Specified (NOS),Primary Tumor,,,1
TCGA-43-7656,0.08013013630637414,-0.0343636931601292,-0.024062206964391247,-0.25883148968959696,0.0850388630016209,-0.2463953199463488,LUSC,I,Lung Squamous Cell Carcinoma- Not Otherwise Specified (NOS),Primary Tumor,45.0,,1
TCGA-43-7657,0.06332542616180833,-0.08342188932923979,-0.4545110432082112,0.24257331640041713,0.04517524745201882,0.2502246981958607,LUSC,I,Lung Squamous Cell Carcinoma- Not Otherwise Specified (NOS),Primary Tumor,45.0,,1
TCGA-43-7658,-0.20672297993483726,-0.11081812037118281,0.26755812644769233,-0.44672382400017024,-0.22711372327198026,-0.4340192064149848,LUSC,I,Lung Squamous Cell Carcinoma- Not Otherwise Specified (NOS),Primary Tumor,12.0,,1
TCGA-43-8115,0.02456123488135286,0.3334693699325537,-0.805040849561052,0.1191136376502817,0.0321903618409017,0.13190328338963977,LUSC,II,Lung Squamous Cell Carcinoma- Not Otherwise Specified (NOS),Primary Tumor,55.83,,1
TCGA-43-8116,-0.00706963977848581,-0.07211084437323677,0.6146261354072203,-0.2784572561428476,-0.034662462612507834,-0.2618069536735362,LUSC,I,Lung Squamous Cell Carcinoma- Not Otherwise Specified (NOS),Primary Tumor,35.0,,1
TCGA-43-8118,-0.24580832457792134,0.0910726089280052,-0.28890216928492735,-0.16204369002552416,-0.22875569372760324,-0.16216026923804205,LUSC,I,Lung Squamous Cell Carcinoma- Not Otherwise Specified (NOS),Primary Tumor,20.0,,1
TCGA-43-A474,0.03309968807561846,-0.055475412431387434,-0.6095794689858528,0.10297835628088652,0.056334834155060624,0.08763011037777542,LUSC,II,Lung Squamous Cell Carcinoma- Not Otherwise Specified (NOS),Primary Tumor,47.0,,1
TCGA-43-A475,0.20074993100175836,-0.2529420035787507,0.2541049396187332,-0.2430748846680608,0.2626867783957809,-0.24986200062154323,LUSC,II,Lung Squamous Cell Carcinoma- Not Otherwise Specified (NOS),Primary Tumor,100.0,,1
TCGA-43-A56U,-0.06878284806939222,0.047405321122041794,-0.13424048192634863,0.3696850067921695,-0.03238826824489352,0.37982848093928945,LUSC,I,Lung Squamous Cell Carcinoma- Not Otherwise Specified (NOS),Primary Tumor,20.5,,1
TCGA-43-A56V,-0.047643017427665045,0.12659233444005094,0.34656136116693487,0.07172387338059734,-0.07392828839207216,0.07040811693701911,LUSC,III,Lung Squamous Cell Carcinoma- Not Otherwise Specified (NOS),Primary Tumor,48.0,,1
TCGA-46-3765,-0.16989306474294666,-0.022575255205319736,0.3928852625276247,0.12170828326107949,-0.15147897587467754,0.11635005594361711,LUSC,I,Lung Squamous Cell Carcinoma- Not Otherwise Specified (NOS),Primary Tumor,,,1
TCGA-46-3766,-0.31538093408972245,0.010251122682493152,-0.9525665335534598,0.0908333998625391,-0.3010017736215415,0.09202806367664329,LUSC,I,Lung Squamous Cell Carcinoma- Not Otherwise Specified (NOS),Primary Tumor,,,1
TCGA-46-3767,-0.07714999827290356,0.2734515612740219,-1.0078498206352735,0.3526391916043316,-0.06260208623341684,0.3534744856780781,LUSC,I,Lung Squamous Cell Carcinoma- Not Otherwise Specified (NOS),Primary Tumor,,,1
TCGA-46-3768,0.35753690384256986,-0.18562923659716235,-0.25180967746963073,-0.3644047382832925,0.399394169643883,-0.3726280680837199,LUSC,III,Lung Squamous Cell Carcinoma- Not Otherwise Specified (NOS),Primary Tumor,,,1
TCGA-46-3769,0.018085370846957955,-0.03607929643582718,-0.112817617341931,-0.23190718785855374,0.09351144744796412,-0.22486293506880725,LUSC,unknown,Lung Squamous Cell Carcinoma- Not Otherwise Specified (NOS),Primary Tumor,,,1
TCGA-46-6025,0.23746955993483493,-0.04082719420852381,0.19069186088797344,0.114512316023767,0.17425782076730023,0.11465859660285636,LUSC,II,Lung Squamous Cell Carcinoma- Not Otherwise Specified (NOS),Primary Tumor,,,1
TCGA-46-6026,-0.14998790553466718,0.0164245157596954,1.2450050069138834,-0.009617110602703536,-0.20633879196706603,0.006037113990238738,LUSC,II,Lung Squamous Cell Carcinoma- Not Otherwise Specified (NOS),Primary Tumor,,,1
TCGA-51-4079,0.1390483279279089,-0.1053225699343218,-0.20633310849714337,0.27990475117644076,0.16927831715523584,0.26559369635238905,LUSC,I,Lung Squamous Cell Carcinoma- Not Otherwise Specified (NOS),Primary Tumor,25.0,,1
TCGA-51-4080,-0.10548562696291797,-0.048184939291476485,1.4936277775082225,-0.5954723981348425,-0.13868405464825298,-0.5925969548316564,LUSC,III,Lung Basaloid Squamous Cell Carcinoma,Primary Tumor,,,1
TCGA-51-4081,0.2682696741781402,-0.04015455526830917,-0.6061481248021626,-0.033497355269814365,0.30387362057037826,-0.043826273634046425,LUSC,II,Lung Squamous Cell Carcinoma- Not Otherwise Specified (NOS),Primary Tumor,80.0,,1
TCGA-51-6867,0.4360452220455414,0.01623126416950379,-0.19754285376092953,0.13576781591928824,0.4793033404225842,0.13205632308107082,LUSC,I,Lung Squamous Cell Carcinoma- Not Otherwise Specified (NOS),Primary Tumor,40.0,,1
TCGA-52-7622,0.39523549165350225,-0.1961755138807803,-1.1377650682165343,0.09391994137576735,0.5345484452226948,0.07677349345578297,LUSC,I,Lung Squamous Cell Carcinoma- Not Otherwise Specified (NOS),Primary Tumor,22.0,,1
TCGA-52-7809,-0.07899686756541734,-0.2617302027757468,0.13019454994578358,-0.24250137796706514,-0.06267171146378224,-0.2356410864347522,LUSC,I,Lung Basaloid Squamous Cell Carcinoma,Primary Tumor,60.0,,1
TCGA-52-7810,-0.05173070495139811,-0.2298415134604617,0.29730475836570647,0.11901937727718576,-0.11837757788159226,0.12514718616568418,LUSC,II,Lung Squamous Cell Carcinoma- Not Otherwise Specified (NOS),Primary Tumor,20.0,,1
TCGA-52-7811,0.032625745938260335,-0.08017834746360718,-0.19180867199082977,0.22897018371347236,0.04426749642007904,0.219822132857758,LUSC,I,Lung Squamous Cell Carcinoma- Not Otherwise Specified (NOS),Primary Tumor,50.0,,1
TCGA-52-7812,0.025101539481246767,-0.05925393544166594,-0.041269334250327326,-0.13391008344868607,0.04282988022204955,-0.1409574425648721,LUSC,unknown,Lung Squamous Cell Carcinoma- Not Otherwise Specified (NOS),Primary Tumor,30.0,,1
TCGA-56-1622,-0.1429430228621937,0.34894520174565186,0.57065417097493,0.09215467236794188,-0.19608100046815638,0.10108365461575067,LUSC,I,Lung Squamous Cell Carcinoma- Not Otherwise Specified (NOS),Primary Tumor,86.0,,1
TCGA-56-5897,0.4211179968073577,0.18664480727261656,-1.1031053302802387,0.09094273432246398,0.4358697823796577,0.09760382694112872,LUSC,I,Lung Squamous Cell Carcinoma- Not Otherwise Specified (NOS),Primary Tumor,,,1
TCGA-56-5898,0.14613184967798643,0.22692250926320462,-0.5904265311852198,0.26737517995610266,0.16423494143231251,0.26661304709256584,LUSC,I,Lung Squamous Cell Carcinoma- Not Otherwise Specified (NOS),Primary Tumor,,,1
TCGA-56-6545,0.02220787893647898,0.29815176075784205,-1.3221363086062985,0.40599150279057084,0.06696330089657264,0.41563167219338437,LUSC,I,Lung Squamous Cell Carcinoma- Not Otherwise Specified (NOS),Primary Tumor,,,1
TCGA-56-6546,-0.2582683399546242,-0.0371082397262491,-0.24322460751054306,0.07232344639584162,-0.2377900750731647,0.06794957133377162,LUSC,II,Lung Squamous Cell Carcinoma- Not Otherwise Specified (NOS),Primary Tumor,,,1
TCGA-56-7221,0.09321591990919802,-0.22792456026724672,0.8945613690711953,-0.29159583118673593,0.09394970033244392,-0.2839982384480326,LUSC,I,Lung Squamous Cell Carcinoma- Not Otherwise Specified (NOS),Primary Tumor,25.0,,1
TCGA-56-7222,0.10792979710057368,0.2473664992034744,1.1623881910564406,0.03521269564549949,0.04577472290325146,0.041409536805243896,LUSC,I,Lung Squamous Cell Carcinoma- Not Otherwise Specified (NOS),Primary Tumor,23.0,,1
TCGA-56-7223,0.45872154872963267,0.033345604577933216,0.6430826906667876,-0.46842224260175314,0.4154272772888948,-0.4580731368461285,LUSC,III,Lung Squamous Cell Carcinoma- Not Otherwise Specified (NOS),Primary Tumor,,,1
TCGA-56-7579,0.09699497206387593,-0.5776747816287018,0.11024304304728529,-0.585020695014953,0.16007215483646575,-0.6012593341277608,LUSC,III,Lung Squamous Cell Carcinoma- Not Otherwise Specified (NOS),Primary Tumor,2.0,,1
TCGA-56-7580,-0.10210153639780295,0.34396414059501873,0.4631140403856598,0.026887432374381032,-0.1599708833430038,0.035244816830365115,LUSC,I,Lung Squamous Cell Carcinoma- Not Otherwise Specified (NOS),Primary Tumor,,,1
TCGA-56-7582,0.49492112354490697,0.03349663448095922,0.1643117802773102,0.12367034235183842,0.5308537599077757,0.12777274792898852,LUSC,I,Lung Squamous Cell Carcinoma- Not Otherwise Specified (NOS),Primary Tumor,,,1
TCGA-56-7730,0.21268729869164782,-0.12080608806171195,0.7174305883124038,-0.05363077915804647,0.2710985250891153,-0.061507753018376736,LUSC,II,Lung Squamous Cell Carcinoma- Not Otherwise Specified (NOS),Primary Tumor,,,1
TCGA-56-7731,-0.141350152996998,-0.1122196669813377,-0.7669636462933296,0.39065307856490605,-0.10433438410791718,0.3872802534254131,LUSC,I,Lung Squamous Cell Carcinoma- Not Otherwise Specified (NOS),Primary Tumor,100.0,,1
TCGA-56-7822,0.05693108726102401,0.01825083945058869,0.447920305441263,0.10526220579776764,0.0603616105059444,0.12070190729708216,LUSC,II,Lung Squamous Cell Carcinoma- Not Otherwise Specified (NOS),Primary Tumor,60.0,,1
TCGA-56-7823,0.034407478597575966,0.06853375388983714,1.0418378566129296,-0.40776630500688354,0.010674578158120425,-0.4084660182580954,LUSC,II,Lung Squamous Cell Carcinoma- Not Otherwise Specified (NOS),Primary Tumor,80.0,,1
TCGA-56-8082,-0.2316982424800857,-0.030856918709678712,1.1328987416703225,-0.1724459950855106,-0.26196719862430773,-0.15534363748530156,LUSC,II,Lung Squamous Cell Carcinoma- Not Otherwise Specified (NOS),Primary Tumor,,,1
TCGA-56-8083,-0.20261255955641458,-0.1385680151134006,-0.019766456630470042,-0.16483862436699628,-0.24829496199614,-0.14587134738367058,LUSC,I,Lung Squamous Cell Carcinoma- Not Otherwise Specified (NOS),Primary Tumor,30.0,,1
TCGA-56-8201,-0.10555359002765843,0.0826883280764783,-1.2587207976568306,-0.20826168760083572,-0.06029170260192974,-0.20676952795060555,LUSC,II,Lung Squamous Cell Carcinoma- Not Otherwise Specified (NOS),Primary Tumor,,,1
TCGA-56-8304,-0.18205399187663326,-0.0019061752089832259,0.833498988336702,-0.009687106972951243,-0.26716985961201256,-0.010393676981159618,LUSC,I,Lung Squamous Cell Carcinoma- Not Otherwise Specified (NOS),Primary Tumor,58.0,,1
TCGA-56-8305,0.07382594020334907,-0.1269108651427587,-0.26198911033258954,0.02750697561268974,0.04607323986846587,0.029479305391724973,LUSC,I,Lung Squamous Cell Carcinoma- Not Otherwise Specified (NOS),Primary Tumor,100.0,,1
TCGA-56-8307,-0.045803940755479944,-0.11062287195112622,1.017918060441093,-0.4901516356568355,-0.09157033457062573,-0.47056993076185777,LUSC,II,Lung Squamous Cell Carcinoma- Not Otherwise Specified (NOS),Primary Tumor,35.0,,1
TCGA-56-8308,0.28108395807430747,-0.025620070929899826,-0.6727503822109678,0.3576087415632726,0.3307800584703407,0.3583677233581085,LUSC,II,Lung Squamous Cell Carcinoma- Not Otherwise Specified (NOS),Primary Tumor,63.0,,1
TCGA-56-8309,0.06479543488214282,0.16861231104074292,-0.7325588421864254,0.3048837905410474,0.09714332502336558,0.3133862136140524,LUSC,I,Lung Squamous Cell Carcinoma- Not Otherwise Specified (NOS),Primary Tumor,50.0,,1
TCGA-56-8503,0.0004102339964726763,0.0793366964622428,-1.3263608780078997,0.17718531440456609,0.021974333090958365,0.18406358320174132,LUSC,II,Lung Squamous Cell Carcinoma- Not Otherwise Specified (NOS),Primary Tumor,91.0,,1
TCGA-56-8504,0.12144443595183829,0.2298422222893852,-0.23403433914607344,-0.2568338633934365,0.10368928711712559,-0.2489400695816194,LUSC,I,Lung Squamous Cell Carcinoma- Not Otherwise Specified (NOS),Primary Tumor,,,1
TCGA-56-8622,0.07358367658300007,-0.13913589635099347,-0.681993873769937,0.24435760036023768,0.06718559066873157,0.25267385030065154,LUSC,I,Lung Squamous Cell Carcinoma- Not Otherwise Specified (NOS),Primary Tumor,40.0,,1
TCGA-56-8623,-0.18912907743763707,-0.5993769562576361,-0.28175080539006975,0.16210733912971445,-0.0928110662828866,0.1541983882773774,LUSC,I,Lung Squamous Cell Carcinoma- Not Otherwise Specified (NOS),Primary Tumor,45.0,,1
TCGA-56-8624,-0.016095428149425415,-0.12454373726880702,0.0013167228096476191,-0.008125022160918673,-0.06949444167037577,0.0006667295092870868,LUSC,II,Lung Squamous Cell Carcinoma- Not Otherwise Specified (NOS),Primary Tumor,20.0,,1
TCGA-56-8625,-0.0009808030642647005,0.32428722162957324,-0.801437836085396,0.11487561544320728,0.021194561274786566,0.11631987987554954,LUSC,III,Lung Squamous Cell Carcinoma- Not Otherwise Specified (NOS),Primary Tumor,,,1
TCGA-56-8626,-0.019201880957456112,0.18902981192236487,-0.49339237056648577,0.2944244162519438,-0.04540065964824775,0.3069075865477308,LUSC,I,Lung Squamous Cell Carcinoma- Not Otherwise Specified (NOS),Primary Tumor,50.0,,1
TCGA-56-8628,-0.047780022420034346,-0.040913457079342554,-0.6720063049293826,0.2089079263805891,0.004063997167408926,0.21091505629808743,LUSC,I,Lung Squamous Cell Carcinoma- Not Otherwise Specified (NOS),Primary Tumor,,,1
TCGA-56-8629,0.07006139562445575,0.2796280484158963,-0.20120715410641876,0.11295046086170775,0.0812308258374664,0.12189902170472729,LUSC,II,Lung Squamous Cell Carcinoma- Not Otherwise Specified (NOS),Primary Tumor,66.0,,1
TCGA-56-A49D,-0.2721563192074212,-0.0617059859192828,0.22309930205416384,-0.10918342440382064,-0.2162894843588894,-0.11635477107782079,LUSC,III,Lung Squamous Cell Carcinoma- Not Otherwise Specified (NOS),Primary Tumor,53.0,,1
TCGA-56-A4BW,-0.015909765476787324,0.3328871818863525,0.012289680726689864,-0.09185350305958397,-0.0720341845431363,-0.08292809331518217,LUSC,II,Lung Squamous Cell Carcinoma- Not Otherwise Specified (NOS),Primary Tumor,120.0,,1
TCGA-56-A4BX,0.2212269170307675,-0.2552870426719878,1.3075926323427676,-0.3950931700370867,0.17311854149897757,-0.39160275466718814,LUSC,II,Lung Squamous Cell Carcinoma- Not Otherwise Specified (NOS),Primary Tumor,83.0,,1
TCGA-56-A4BY,0.3922553317901679,0.012321527691926884,-0.06531697651139748,0.10766246116709906,0.41890069008506864,0.1114754017946794,LUSC,I,Lung Squamous Cell Carcinoma- Not Otherwise Specified (NOS),Primary Tumor,65.0,,1
TCGA-56-A4ZJ,-0.14999198864513114,-0.010367533606902924,-0.915575179971404,0.2627579202249343,-0.1207667177135946,0.27248001424115686,LUSC,I,Lung Squamous Cell Carcinoma- Not Otherwise Specified (NOS),Primary Tumor,100.0,,1
TCGA-56-A4ZK,0.18210182666685132,0.14147717136770693,0.18983251731062814,0.0423175822480011,0.1976747750359163,0.03921489048822591,LUSC,I,Lung Squamous Cell Carcinoma- Not Otherwise Specified (NOS),Primary Tumor,,,1
TCGA-56-A5DR,0.12219859097824591,-0.31917522095428996,-0.6478154039887847,-0.34396627135828933,0.13173377536892447,-0.35430376577885153,LUSC,I,Lung Squamous Cell Carcinoma- Not Otherwise Specified (NOS),Primary Tumor,,,1
TCGA-56-A5DS,-0.07463167526247932,0.0953497305985192,0.2773052060734999,-0.17305316634869775,-0.10582063692185562,-0.16359786837730778,LUSC,I,Lung Squamous Cell Carcinoma- Not Otherwise Specified (NOS),Primary Tumor,50.0,,1
TCGA-56-A62T,0.4332273630846978,0.25843041843923753,-0.23130104033118112,-0.13074856664717785,0.40325867052684955,-0.12053658958026715,LUSC,II,Lung Squamous Cell Carcinoma- Not Otherwise Specified (NOS),Primary Tumor,102.0,,1
TCGA-58-8386,0.006335412729000206,-0.3844974649948791,-0.3409100873033455,0.18760896190663984,0.07759695006716137,0.18240601363728587,LUSC,IV,Lung Squamous Cell Carcinoma- Not Otherwise Specified (NOS),Primary Tumor,65.0,,1
TCGA-58-8387,-0.5004925390740683,0.15744893729659296,0.6492807313341815,-0.10875763346803435,-0.5525873838343642,-0.11064603913632232,LUSC,II,Lung Squamous Cell Carcinoma- Not Otherwise Specified (NOS),Primary Tumor,40.0,,1
TCGA-58-8388,0.02641822690745904,-0.09249923711542023,0.003783669316975139,-0.03252644262192211,0.06027665937537611,-0.028178119750596288,LUSC,I,Lung Basaloid Squamous Cell Carcinoma,Primary Tumor,80.0,,1
TCGA-58-8390,0.1596185950112831,0.03773894089339865,-0.23516957711992617,-0.058727531964649714,0.14500597448515762,-0.04460283992512098,LUSC,II,Lung Squamous Cell Carcinoma- Not Otherwise Specified (NOS),Primary Tumor,120.0,,1
TCGA-58-8391,0.2650677437192234,0.03330117314721976,1.00273738347552,0.07132447196966826,0.20844468103495487,0.0737547968018399,LUSC,III,Lung Squamous Cell Carcinoma- Not Otherwise Specified (NOS),Primary Tumor,30.0,,1
TCGA-58-8392,0.17740919077882192,-0.09367068988228575,0.7738197576240043,0.037342983155759506,0.21629255836045902,0.03669040819431647,LUSC,I,Lung Squamous Cell Carcinoma- Not Otherwise Specified (NOS),Primary Tumor,80.0,,1
TCGA-58-8393,0.44313219927778497,0.14562690179754517,-0.41678331070847924,-0.03514805390807597,0.5171493346374805,-0.035284269113770035,LUSC,I,Lung Squamous Cell Carcinoma- Not Otherwise Specified (NOS),Primary Tumor,7.0,,1
TCGA-58-A46J,-0.2903190280414119,-0.09354543410366412,0.46576761901490854,0.07271003964012633,-0.28121845698730186,0.0700261804367966,LUSC,II,Lung Squamous Cell Carcinoma- Not Otherwise Specified (NOS),Primary Tumor,,,1
TCGA-58-A46K,0.531716667410049,-0.2272371407146348,-0.4389377651173993,-0.08809107484273557,0.5813353282293703,-0.08973878204353157,LUSC,III,Lung Basaloid Squamous Cell Carcinoma,Primary Tumor,10.0,,1
TCGA-58-A46L,0.09109671477721537,-0.05933444757160367,-0.2954594125877678,-0.0573793204451809,0.08062014183123468,-0.04573798606106649,LUSC,III,Lung Basaloid Squamous Cell Carcinoma,Primary Tumor,,,1
TCGA-58-A46M,0.16444724005705144,-0.1453435720327826,0.8154058716503858,-0.4664400976738092,0.17038968828818532,-0.47942353211210753,LUSC,II,Lung Squamous Cell Carcinoma- Not Otherwise Specified (NOS),Primary Tumor,,,1
TCGA-58-A46N,-0.027155949385449137,0.18532429572376183,-0.32255546523142326,-0.12850539431824345,0.06725096883853146,-0.15340457307410066,LUSC,I,Lung Basaloid Squamous Cell Carcinoma,Primary Tumor,50.0,,1
TCGA-60-2695,-0.08913240726222399,0.29649333840131725,0.33074291730152744,-0.12266135741217625,-0.10170278187268827,-0.11823492638649497,LUSC,I,Lung Basaloid Squamous Cell Carcinoma,Primary Tumor,64.0,,1
TCGA-60-2696,-0.04657178446994544,-0.24309149264602378,0.18747855882736617,-0.28536465507144165,-0.02527597479361928,-0.29804492297101787,LUSC,II,Lung Squamous Cell Carcinoma- Not Otherwise Specified (NOS),Primary Tumor,15.0,,1
TCGA-60-2697,0.04093246896708663,-0.2403173947663275,-0.5272171987420681,0.2723210372171906,0.13630513247911863,0.266244949484295,LUSC,II,Lung Squamous Cell Carcinoma- Not Otherwise Specified (NOS),Primary Tumor,,,1
TCGA-60-2698,-0.07581129265928953,-0.16165121176891759,-0.25034954683939814,0.13843207769488092,-0.03553684562922593,0.12780190208113076,LUSC,II,Lung Squamous Cell Carcinoma- Not Otherwise Specified (NOS),Primary Tumor,,,1
TCGA-60-2703,0.02354219423694694,0.31591249617700845,0.024091552196052152,0.2207377208592268,-0.0011296169302506445,0.22349633304975183,LUSC,II,Lung Squamous Cell Carcinoma- Not Otherwise Specified (NOS),Primary Tumor,50.0,,1
TCGA-60-2704,0.1581383516119842,0.11837544689044906,-0.3638482267433591,0.44327512419326603,0.22789926025188237,0.4486392758841893,LUSC,II,Lung Squamous Cell Carcinoma- Not Otherwise Specified (NOS),Primary Tumor,60.0,,1
TCGA-60-2706,0.2907562230768944,0.32471085126726895,0.24068180507707915,-0.2684763555233306,0.31420680482884217,-0.28019661996014694,LUSC,I,Lung Squamous Cell Carcinoma- Not Otherwise Specified (NOS),Primary Tumor,51.0,,1
TCGA-60-2707,0.05112579748398965,0.18151138851020393,-0.7009959562795429,0.5317550497506245,0.058120991327510606,0.5219795848957556,LUSC,I,Lung Squamous Cell Carcinoma- Not Otherwise Specified (NOS),Primary Tumor,49.0,,1
TCGA-60-2708,0.0004886271445412563,0.11321145560120677,-1.7544750247188812,0.6113994018313303,0.046454683745303926,0.6100428946177285,LUSC,II,Lung Squamous Cell Carcinoma- Not Otherwise Specified (NOS),Primary Tumor,20.0,,1
TCGA-60-2709,0.36240943685942856,0.13768630466623602,-1.1398985778478001,0.19707532576319,0.4338345203572499,0.19928055500523556,LUSC,I,Lung Squamous Cell Carcinoma- Not Otherwise Specified (NOS),Primary Tumor,157.5,,1
TCGA-60-2710,0.4868005894878212,0.023932438849485867,-0.1053364292136954,0.07724201467548392,0.5130695536881187,0.08177717778281014,LUSC,II,Lung Squamous Cell Carcinoma- Not Otherwise Specified (NOS),Primary Tumor,63.0,,1
TCGA-60-2711,-0.09697131735925506,0.05867867765293341,1.2518963488058659,-0.23536172602267394,-0.1609280650172492,-0.22607189928354557,LUSC,I,Lung Squamous Cell Carcinoma- Not Otherwise Specified (NOS),Primary Tumor,39.0,,1
TCGA-60-2712,0.12117633184543,-0.0017917555611400477,-0.6024737651632545,0.25235775687089496,0.1312337160291724,0.25121430983126547,LUSC,II,Lung Squamous Cell Carcinoma- Not Otherwise Specified (NOS),Primary Tumor,10.0,,1
TCGA-60-2713,0.06840003572453869,0.20672994062737085,-0.8400680676358068,0.22250240307830843,0.05976417260550728,0.22191169024575286,LUSC,I,Lung Squamous Cell Carcinoma- Not Otherwise Specified (NOS),Primary Tumor,110.0,,1
TCGA-60-2714,-0.09169475857147343,0.19600924683190762,0.2800954785872238,0.08643284297005005,-0.12256976902808937,0.08543365450005173,LUSC,II,Lung Squamous Cell Carcinoma- Not Otherwise Specified (NOS),Primary Tumor,90.0,,1
TCGA-60-2715,0.03868818727742256,-0.06630987375249085,-0.8861459077896129,0.1602881891025103,0.1013548395468587,0.15519087180676677,LUSC,I,Lung Squamous Cell Carcinoma- Not Otherwise Specified (NOS),Primary Tumor,25.0,,1
TCGA-60-2716,-0.22377109395328224,0.10037858643677282,1.822553156506739,-0.7085278462521655,-0.3412813153633887,-0.6927703240250491,LUSC,II,Lung Papillary Squamous Cell Caricnoma,Primary Tumor,,,1
TCGA-60-2719,-0.2181714510330307,0.1501989184340528,0.6880051970505705,-0.38009889565909466,-0.23213872483433443,-0.37681481536193834,LUSC,I,Lung Squamous Cell Carcinoma- Not Otherwise Specified (NOS),Primary Tumor,7.0,,1
TCGA-60-2720,-0.3489906696995972,0.0843699884962132,-0.4576488974015805,0.2720678327973728,-0.38279350512831517,0.2722506010936791,LUSC,I,Lung Squamous Cell Carcinoma- Not Otherwise Specified (NOS),Primary Tumor,110.0,,1
TCGA-60-2721,-0.11682955548125712,0.17725484245402018,-0.07252758953855117,-0.28717724978497833,-0.1523186009100368,-0.27160174395560843,LUSC,I,Lung Squamous Cell Carcinoma- Not Otherwise Specified (NOS),Primary Tumor,93.0,,1
TCGA-60-2722,0.2753767204531476,-0.22142325534746735,0.37563337723621,-0.1279241650776751,0.2667889830056914,-0.1265210211230377,LUSC,II,Lung Squamous Cell Carcinoma- Not Otherwise Specified (NOS),Primary Tumor,90.0,,1
TCGA-60-2723,-0.04609602057826379,0.46267440319003594,-0.4651426783714969,0.47656295583948405,-0.03764543595558183,0.4655202342535794,LUSC,I,Lung Squamous Cell Carcinoma- Not Otherwise Specified (NOS),Primary Tumor,58.0,,1
TCGA-60-2724,-0.12000165330654985,0.09678166092493731,-0.43359633660553437,0.02736789614504494,-0.17026953945528275,0.028676187689613525,LUSC,III,Lung Squamous Cell Carcinoma- Not Otherwise Specified (NOS),Primary Tumor,60.0,,1
TCGA-60-2725,0.006080266509113286,-0.04083050949996776,-0.4242524370713343,0.16747360204905828,0.054012231026551685,0.16055295114939447,LUSC,I,Lung Squamous Cell Carcinoma- Not Otherwise Specified (NOS),Primary Tumor,56.0,,1
TCGA-60-2726,-0.23152335431575605,-0.03241690562323525,-0.17073220722860852,-0.1414726723775326,-0.2991884936857037,-0.13173600999589755,LUSC,II,Lung Squamous Cell Carcinoma- Not Otherwise Specified (NOS),Primary Tumor,42.0,,1
TCGA-63-5128,0.16565431474572664,0.30641009808622793,-0.3904177491930636,0.7546671838621694,0.25061659804934466,0.7391330339093528,LUSC,I,Lung Squamous Cell Carcinoma- Not Otherwise Specified (NOS),Primary Tumor,,,1
TCGA-63-5131,-0.07131518556427259,-0.06962357088890221,0.5965828551023021,0.059003149781176885,-0.10427119205536926,0.048629169702010845,LUSC,II,Lung Squamous Cell Carcinoma- Not Otherwise Specified (NOS),Primary Tumor,50.0,,1
TCGA-63-6202,-0.2112026048031872,-0.017615528465060138,-0.8651513943393715,0.05979778538814489,-0.17549795149165728,0.053445036279285915,LUSC,II,Lung Squamous Cell Carcinoma- Not Otherwise Specified (NOS),Primary Tumor,35.0,,1
TCGA-63-7020,-0.004156643870277906,0.2312118772365675,-0.3649314411467994,0.2290317162189634,-0.015370158140750335,0.2206817963763243,LUSC,I,Lung Squamous Cell Carcinoma- Not Otherwise Specified (NOS),Primary Tumor,50.0,,1
TCGA-63-7021,0.15669749050303372,-0.1794211421280217,-0.9937315497300575,0.13896644395157282,0.22926749295758805,0.127433713475203,LUSC,I,Lung Squamous Cell Carcinoma- Not Otherwise Specified (NOS),Primary Tumor,21.0,,1
TCGA-63-7022,0.08063766756527681,0.17334531284130827,-1.1370968343709646,0.2506923289409998,0.07604738547090906,0.25780589829605877,LUSC,I,Lung Squamous Cell Carcinoma- Not Otherwise Specified (NOS),Primary Tumor,30.0,,1
TCGA-63-7023,-0.18983169256962557,0.3265361521894386,1.1898920857723503,-0.25755202811768796,-0.26881657374965556,-0.24624188462630428,LUSC,II,Lung Squamous Cell Carcinoma- Not Otherwise Specified (NOS),Primary Tumor,55.0,,1
TCGA-63-A5M9,-0.03605901817920056,0.43081011710453077,0.49656150171830377,-0.076050951538524,-0.08824323441214701,-0.07314705091173822,LUSC,II,Lung Squamous Cell Carcinoma- Not Otherwise Specified (NOS),Primary Tumor,25.0,,1
TCGA-63-A5MB,0.2971691977737616,-0.15917611888425584,0.15392442231476636,-0.018287384046196918,0.30898950328191005,-0.02371181781626408,LUSC,I,Lung Squamous Cell Carcinoma- Not Otherwise Specified (NOS),Primary Tumor,25.0,,1
TCGA-63-A5MG,-0.09729361282988587,0.4923294513984426,-0.22975623816216065,0.0007232120847411751,-0.13507870305639863,0.010480947837978163,LUSC,I,Lung Squamous Cell Carcinoma- Not Otherwise Specified (NOS),Primary Tumor,,,1
TCGA-63-A5MH,-0.11865592274310201,0.20010541775405924,0.6743602176850579,-0.012614253439117396,-0.11162846438595035,0.0008480076156859439,LUSC,I,Lung Squamous Cell Carcinoma- Not Otherwise Specified (NOS),Primary Tumor,35.0,,1
TCGA-63-A5MI,-0.24749154402642914,0.20828881214595404,0.8198301132881225,-0.3694922922511018,-0.37228226753220406,-0.3533630090094343,LUSC,III,Lung Squamous Cell Carcinoma- Not Otherwise Specified (NOS),Primary Tumor,50.0,,1
TCGA-63-A5MJ,-0.03911259673923315,-0.2585526288474579,-1.5433491013833927,0.016459195945406523,0.0639728008344236,0.0014701892675502177,LUSC,II,Lung Squamous Cell Carcinoma- Not Otherwise Specified (NOS),Primary Tumor,,,1
TCGA-63-A5ML,0.30789190924711135,-0.2573169702626505,-0.3075935656678847,-0.029913362688522377,0.3402666016665993,-0.03496512936307515,LUSC,I,Lung Squamous Cell Carcinoma- Not Otherwise Specified (NOS),Primary Tumor,60.0,,1
TCGA-63-A5MM,-0.12067513842354498,0.15200425135391288,-0.6492060968996807,0.34689255367820615,-0.11513473197361124,0.34712698469541997,LUSC,II,Lung Squamous Cell Carcinoma- Not Otherwise Specified (NOS),Primary Tumor,30.0,,1
TCGA-63-A5MN,0.08861612302052535,0.13020869843092106,-0.4119016915346525,0.41545734720828953,0.1019068279938526,0.4164944377349917,LUSC,II,Lung Squamous Cell Carcinoma- Not Otherwise Specified (NOS),Primary Tumor,,,1
TCGA-63-A5MP,0.0506171153106539,-0.08746543305260968,0.43038653784506514,-0.13449010808239867,0.07998525765748511,-0.13733416918962374,LUSC,II,Lung Squamous Cell Carcinoma- Not Otherwise Specified (NOS),Primary Tumor,41.0,,1
TCGA-63-A5MR,-0.010880663414727544,0.09248342423883038,0.5429314455867587,0.416351477232429,-0.044614470405584,0.4192886367128885,LUSC,I,Lung Squamous Cell Carcinoma- Not Otherwise Specified (NOS),Primary Tumor,120.0,,1
TCGA-63-A5MS,0.03716719596809069,-0.07229382201011332,-0.5801933251826453,0.20062794890357036,0.05242080906960925,0.21649069293886572,LUSC,I,Lung Squamous Cell Carcinoma- Not Otherwise Specified (NOS),Primary Tumor,6.0,,1
TCGA-63-A5MT,-0.0633637677160228,-0.05895305421369774,0.3430922650860651,0.03550809760330086,-0.07001836563439275,0.043642236042611623,LUSC,II,Lung Squamous Cell Carcinoma- Not Otherwise Specified (NOS),Primary Tumor,100.0,,1
TCGA-63-A5MU,0.1127662208493959,-0.24203854957834905,0.8494142823790817,-0.2918438446087891,0.09165572999165672,-0.28824811925215893,LUSC,II,Lung Squamous Cell Carcinoma- Not Otherwise Specified (NOS),Primary Tumor,15.0,,1
TCGA-63-A5MV,-0.1348539245289605,-0.1323309554750439,-0.07261332092202964,0.14011598498899305,-0.11002975928447184,0.14992909951132136,LUSC,II,Lung Squamous Cell Carcinoma- Not Otherwise Specified (NOS),Primary Tumor,50.0,,1
TCGA-63-A5MW,0.018571732566324415,0.37673743450033575,-0.022181798991894635,-0.06932286300146151,0.007921045815317804,-0.04987940218584174,LUSC,I,Lung Squamous Cell Carcinoma- Not Otherwise Specified (NOS),Primary Tumor,60.0,,1
TCGA-63-A5MY,-0.2710570597419383,-0.2038683143967721,1.0069662067517706,-0.19077845198770166,-0.24312875958146082,-0.20638662755629703,LUSC,I,Lung Squamous Cell Carcinoma- Not Otherwise Specified (NOS),Primary Tumor,40.0,,1
TCGA-66-2727,0.3717614870265669,0.011562689621532722,0.5522108812870187,-0.25677486407699807,0.39273589930293246,-0.2568883457829833,LUSC,I,Lung Squamous Cell Carcinoma- Not Otherwise Specified (NOS),Primary Tumor,56.0,,1
TCGA-66-2734,0.0019261831393141545,0.17263630032288713,-0.4463517188229307,0.23138601381407448,0.025365189054713647,0.2305667959704972,LUSC,I,Lung Squamous Cell Carcinoma- Not Otherwise Specified (NOS),Primary Tumor,40.0,,1
TCGA-66-2737,0.30341741808629397,0.12962248971142998,-0.7728548784552459,0.17646906687640287,0.30677768882530193,0.17544893845946172,LUSC,II,Lung Squamous Cell Carcinoma- Not Otherwise Specified (NOS),Primary Tumor,40.0,,1
TCGA-66-2742,-0.04931474896193658,0.009468359776878673,-0.421030788570212,0.2916263760140418,0.0114532933560544,0.3003191677003969,LUSC,IV,Lung Squamous Cell Carcinoma- Not Otherwise Specified (NOS),Primary Tumor,44.0,,1
TCGA-66-2744,-0.22328562764216495,0.22764692288481628,-0.27588160103793474,0.26198435966474737,-0.19475940484154974,0.25615788908051135,LUSC,II,Lung Squamous Cell Carcinoma- Not Otherwise Specified (NOS),Primary Tumor,63.0,,1
TCGA-66-2753,-0.08580405702393808,0.46890426413595837,0.24199971235951268,0.21527545252053296,-0.16276696792747825,0.21524687018495156,LUSC,I,Lung Squamous Cell Carcinoma- Not Otherwise Specified (NOS),Primary Tumor,162.0,,1
TCGA-66-2754,-0.20330815376543107,-0.2704612280320322,1.2006295974250671,-0.472333349895748,-0.26053454056307934,-0.48150247190642687,LUSC,III,Lung Squamous Cell Carcinoma- Not Otherwise Specified (NOS),Primary Tumor,40.0,,1
TCGA-66-2755,0.2432292987912576,0.1139137523922002,-0.21711408463823237,0.0934551399339627,0.25165829762662106,0.09491959491152564,LUSC,I,Lung Squamous Cell Carcinoma- Not Otherwise Specified (NOS),Primary Tumor,20.0,,1
TCGA-66-2756,-0.21724132671121643,-0.17782909604697447,0.18394264017536596,-0.32878900028279623,-0.25578217328674147,-0.32585768229908585,LUSC,III,Lung Squamous Cell Carcinoma- Not Otherwise Specified (NOS),Primary Tumor,,,1
TCGA-66-2757,-0.12234222185590685,0.25574136048015295,-0.1725474024837058,-0.2870967060083585,-0.12719006338415098,-0.28181757020299825,LUSC,I,Lung Squamous Cell Carcinoma- Not Otherwise Specified (NOS),Primary Tumor,72.0,,1
TCGA-66-2758,0.06476570292500422,-0.15460995460464186,-0.07481458664835212,-0.0768647701198827,0.1116854996315773,-0.08040488295786576,LUSC,I,Lung Squamous Cell Carcinoma- Not Otherwise Specified (NOS),Primary Tumor,56.0,,1
TCGA-66-2759,0.11604452055663184,0.20130033827921526,0.6082368959386212,0.22002663404215392,0.06714440230225084,0.22279506504149074,LUSC,III,Lung Squamous Cell Carcinoma- Not Otherwise Specified (NOS),Primary Tumor,16.0,,1
TCGA-66-2763,-0.3601320234931962,0.2648502557939982,0.49643764771109894,-0.15531982778606188,-0.4405900467764375,-0.16411775905412357,LUSC,I,Lung Squamous Cell Carcinoma- Not Otherwise Specified (NOS),Primary Tumor,40.0,,1
TCGA-66-2765,-0.12446653132547311,0.21852377551248262,-0.2590119342160699,0.12701750377990462,-0.14605577746593268,0.1171225150248659,LUSC,I,Lung Squamous Cell Carcinoma- Not Otherwise Specified (NOS),Primary Tumor,108.0,,1
TCGA-66-2766,-0.04250230274550224,0.016494689218188127,0.4621573766494271,0.270197039005843,-0.05284403979124603,0.2669723089550119,LUSC,III,Lung Squamous Cell Carcinoma- Not Otherwise Specified (NOS),Primary Tumor,80.0,,1
TCGA-66-2767,0.025532778533500586,0.04660778515924642,-0.26602040920313014,0.0007053590504382426,0.06754033165462474,-0.0009315346989864126,LUSC,III,Lung Squamous Cell Carcinoma- Not Otherwise Specified (NOS),Primary Tumor,43.0,,1
TCGA-66-2768,-0.15744991330008978,0.15982891013513048,0.2967183256487951,0.09553557261388716,-0.20186779219278578,0.10023652219546435,LUSC,II,Lung Squamous Cell Carcinoma- Not Otherwise Specified (NOS),Primary Tumor,,,1
TCGA-66-2769,-0.3221060783211609,0.46265205634169726,-0.40804856827196917,0.12642616300588225,-0.28864396080244553,0.12946990535461608,LUSC,III,Lung Squamous Cell Carcinoma- Not Otherwise Specified (NOS),Primary Tumor,33.0,,1
TCGA-66-2770,0.1997401119145995,-0.06149610581367596,-0.4860971619120238,0.024834100531887258,0.23348368184187818,0.013581412524235906,LUSC,I,Lung Squamous Cell Carcinoma- Not Otherwise Specified (NOS),Primary Tumor,25.0,,1
TCGA-66-2771,-0.5268989434724616,0.2247633971248064,0.30484185328815383,-0.13456319215875015,-0.5176244794702054,-0.1455113439684193,LUSC,II,Lung Squamous Cell Carcinoma- Not Otherwise Specified (NOS),Primary Tumor,70.0,,1
TCGA-66-2773,0.4414197130718091,0.3111684798815371,-0.22492519548547665,0.017800496696221257,0.47238854313946643,0.014848242327878916,LUSC,I,Lung Squamous Cell Carcinoma- Not Otherwise Specified (NOS),Primary Tumor,58.0,,1
TCGA-66-2777,0.1147297673038732,-0.15619543297889246,-0.7359052643847864,0.1559770532564197,0.2016689658090611,0.14333565272293117,LUSC,I,Lung Squamous Cell Carcinoma- Not Otherwise Specified (NOS),Primary Tumor,12.0,,1
TCGA-66-2778,-0.7391808336291567,0.07120887694750812,1.0261614671998924,0.09797439840503464,-0.781981881452895,0.09196026816307282,LUSC,III,Lung Squamous Cell Carcinoma- Not Otherwise Specified (NOS),Primary Tumor,37.0,,1
TCGA-66-2780,-0.11672530506590159,0.07332036516906237,0.046994027801660065,0.3015665277959507,-0.1842122320816558,0.29851209826057085,LUSC,I,Lung Squamous Cell Carcinoma- Not Otherwise Specified (NOS),Primary Tumor,28.0,,1
TCGA-66-2781,-0.07617126708140388,0.096358524664299,0.12198856340309532,0.08670106338258575,-0.11697115937126745,0.0889383219616977,LUSC,I,Lung Squamous Cell Carcinoma- Not Otherwise Specified (NOS),Primary Tumor,80.0,,1
TCGA-66-2782,-0.1281004338994796,0.11701785467838978,-0.12343283826849892,-0.14169399782193945,-0.13868934390141563,-0.1457637749889004,LUSC,II,Lung Squamous Cell Carcinoma- Not Otherwise Specified (NOS),Primary Tumor,50.0,,1
TCGA-66-2783,0.3518183180383207,0.23336235903180302,0.17798413496203094,0.1514017950870254,0.35153454166632025,0.140684207170006,LUSC,III,Lung Squamous Cell Carcinoma- Not Otherwise Specified (NOS),Primary Tumor,65.0,,1
TCGA-66-2785,-0.2631518322623191,-0.05574074112431002,0.10457887249567056,0.0039285670458669205,-0.239870372108796,-0.0022787645665211242,LUSC,I,Lung Squamous Cell Carcinoma- Not Otherwise Specified (NOS),Primary Tumor,70.0,,1
TCGA-66-2786,0.04090786842254324,0.10415101259671809,0.4255078833530724,0.06455526093256246,0.004014990202613873,0.07055294764384998,LUSC,I,Lung Squamous Cell Carcinoma- Not Otherwise Specified (NOS),Primary Tumor,74.0,,1
TCGA-66-2787,0.23768792500621214,0.12520459660363137,-0.34784512905484255,-0.19670952358274688,0.3423546847443574,-0.20920722034346026,LUSC,I,Lung Squamous Cell Carcinoma- Not Otherwise Specified (NOS),Primary Tumor,40.0,,1
TCGA-66-2788,0.1040645066762435,0.368816355928776,-0.43555823768741614,0.3877792232653056,0.08336807616562496,0.39244258140819305,LUSC,I,Lung Squamous Cell Carcinoma- Not Otherwise Specified (NOS),Primary Tumor,80.0,,1
TCGA-66-2789,-0.15464722523346372,0.40887739118771904,-0.16865181246377237,0.27788839461911347,-0.17677594881479602,0.28052687550978195,LUSC,III,Lung Squamous Cell Carcinoma- Not Otherwise Specified (NOS),Primary Tumor,40.0,,1
TCGA-66-2790,-0.03419078521739751,0.10654578286923778,-0.01153026268382277,0.360214954425598,-0.0562276808923812,0.36762487163136376,LUSC,II,Lung Squamous Cell Carcinoma- Not Otherwise Specified (NOS),Primary Tumor,57.0,,1
TCGA-66-2791,0.322895247461096,0.10868971387060983,-0.5915968429308497,0.10414199288941166,0.3470446894803554,0.09809683394695624,LUSC,III,Lung Squamous Cell Carcinoma- Not Otherwise Specified (NOS),Primary Tumor,25.0,,1
TCGA-66-2792,0.07649482857276467,0.26562828095799745,-0.20429632912874043,0.09645613059930311,0.08971431014704967,0.10833107805991536,LUSC,II,Lung Squamous Cell Carcinoma- Not Otherwise Specified (NOS),Primary Tumor,10.0,,1
TCGA-66-2793,-0.32207755520082165,0.1929058762016073,1.913521459782335,-0.4269138729797962,-0.4633696205769574,-0.4160214833705014,LUSC,III,Lung Squamous Cell Carcinoma- Not Otherwise Specified (NOS),Primary Tumor,112.0,,1
TCGA-66-2794,0.10225687411229074,0.18309420196869358,0.7742748604204085,-0.21735395078818825,0.09036571999344292,-0.2147687102435874,LUSC,III,Lung Squamous Cell Carcinoma- Not Otherwise Specified (NOS),Primary Tumor,100.0,,1
TCGA-66-2795,0.23874127309788595,-0.10773061531085172,-0.719521570190318,0.19016408163071286,0.26462966449757414,0.1805035696874187,LUSC,III,Lung Squamous Cell Carcinoma- Not Otherwise Specified (NOS),Primary Tumor,86.0,,1
TCGA-66-2800,0.0190265497125523,0.0915630528897867,-0.0806237303272716,0.4183483696751722,0.07195711430055445,0.41052135773990817,LUSC,III,Lung Squamous Cell Carcinoma- Not Otherwise Specified (NOS),Primary Tumor,75.0,,1
TCGA-68-7755,0.3283878501830313,-0.10520806456807602,-0.3949832992702366,-0.04566315960033392,0.33729265600289193,-0.053228221280242065,LUSC,II,Lung Squamous Cell Carcinoma- Not Otherwise Specified (NOS),Primary Tumor,78.0,,1
TCGA-68-7756,0.3956365096010882,0.14307573212943145,-0.8523695795020414,0.2865596909633398,0.4368425833510169,0.286211412152872,LUSC,III,Lung Squamous Cell Carcinoma- Not Otherwise Specified (NOS),Primary Tumor,20.0,,1
TCGA-68-7757,-0.1424273929696459,0.0852451660303863,-0.7731599021522347,-0.11148195804104491,-0.17508427522633604,-0.10500438365540873,LUSC,I,Lung Squamous Cell Carcinoma- Not Otherwise Specified (NOS),Primary Tumor,25.0,,1
TCGA-68-8250,0.12922801287739505,0.1468263004409497,0.059685383952174015,0.20855349418014155,0.12349605998115834,0.20034953114475004,LUSC,I,Lung Squamous Cell Carcinoma- Not Otherwise Specified (NOS),Primary Tumor,50.0,,1
TCGA-68-8251,0.009677918070996504,-0.12364452862193133,-0.5113452654668863,-0.006118633647862408,0.0014588558181526828,0.014087869055058301,LUSC,I,Lung Squamous Cell Carcinoma- Not Otherwise Specified (NOS),Primary Tumor,52.0,,1
TCGA-68-A59I,0.11626511208890342,0.2357979519898957,-0.14586292323848019,0.41288649932329485,0.12386431619767026,0.420010570400683,LUSC,III,Lung Squamous Cell Carcinoma- Not Otherwise Specified (NOS),Primary Tumor,50.0,,1
TCGA-68-A59J,0.2316546771591511,-0.1849363573428934,-1.1304813689326676,0.24050358694544846,0.31046191622646935,0.2347713115455944,LUSC,I,Lung Squamous Cell Carcinoma- Not Otherwise Specified (NOS),Primary Tumor,45.0,,1
TCGA-6A-AB49,-0.2648497662253976,-0.2899925956858766,0.5301816491029914,-0.2389269051234695,-0.3070105335160312,-0.23554335728304127,LUSC,I,Lung Squamous Cell Carcinoma- Not Otherwise Specified (NOS),Primary Tumor,50.0,,1
TCGA-70-6722,0.048959271757807316,0.31745511859930053,-0.6492969294032733,0.018919191440502584,0.021091601537901933,0.021204172160935408,LUSC,III,Lung Squamous Cell Carcinoma- Not Otherwise Specified (NOS),Primary Tumor,,,1
TCGA-70-6723,0.5979604261699231,-0.33055202458950156,0.9753354850256359,-0.16128946042199865,0.6019549513737672,-0.16063975047170262,LUSC,II,Lung Papillary Squamous Cell Caricnoma,Primary Tumor,,,1
TCGA-77-6842,0.09507189595135758,0.21754079610974336,0.2902204213916932,0.09966046392748877,0.10752764821104045,0.10161853637608781,LUSC,II,Lung Squamous Cell Carcinoma- Not Otherwise Specified (NOS),Primary Tumor,22.5,,1
TCGA-77-6843,0.44293226985372436,-0.20202162447749533,1.298516265063556,-0.28572928913528955,0.4570917858277582,-0.27682536234808436,LUSC,II,Lung Squamous Cell Carcinoma- Not Otherwise Specified (NOS),Primary Tumor,30.0,,1
TCGA-77-6844,-0.22891038170291814,0.013592523509628378,0.9109476859826984,-0.19850959635842458,-0.2774227103521739,-0.19152913508507177,LUSC,III,Lung Squamous Cell Carcinoma- Not Otherwise Specified (NOS),Primary Tumor,45.0,,1
TCGA-77-6845,0.014235556754515205,-0.08744822208394505,0.5122753010927709,0.2565562606306788,-0.0009369188546311929,0.25322542851757673,LUSC,II,Lung Squamous Cell Carcinoma- Not Otherwise Specified (NOS),Primary Tumor,51.0,,1
TCGA-77-7138,-0.18704148439433502,0.23726451928268066,0.9790630648069127,-0.23599273619818464,-0.2604112818575904,-0.22877235227496742,LUSC,I,Lung Squamous Cell Carcinoma- Not Otherwise Specified (NOS),Primary Tumor,20.0,,1
TCGA-77-7139,-0.11831244380252923,-0.36355300028384185,0.14143263164773842,-0.4217119018443517,-0.048703880936954484,-0.4300175423862994,LUSC,II,Lung Squamous Cell Carcinoma- Not Otherwise Specified (NOS),Primary Tumor,2.0,,1
TCGA-77-7140,-0.11540425396423831,0.21266070925345962,0.20038311053678357,0.07020319663036524,-0.10689297948185121,0.05735857893785195,LUSC,II,Lung Squamous Cell Carcinoma- Not Otherwise Specified (NOS),Primary Tumor,,,1
TCGA-77-7141,0.4297676536057257,-0.22442199818923012,0.24151848016156385,-0.17825480028534574,0.5109423972693393,-0.18204333031285586,LUSC,I,Lung Squamous Cell Carcinoma- Not Otherwise Specified (NOS),Primary Tumor,70.0,,1
TCGA-77-7142,0.03378584011186141,0.41691684550624614,1.0890761216005636,-0.11223208753183773,0.03144060025017228,-0.09377177186714586,LUSC,I,Lung Squamous Cell Carcinoma- Not Otherwise Specified (NOS),Primary Tumor,52.5,,1
TCGA-77-7335,-0.16357365366098053,-0.0067376999162428305,-0.9600374291653738,-0.038666134403521436,-0.1500929894744159,-0.03894132096706433,LUSC,III,Lung Squamous Cell Carcinoma- Not Otherwise Specified (NOS),Primary Tumor,52.0,,1
TCGA-77-7337,0.13862240000295642,0.27221685857365396,-0.028729182954805126,0.25747986241379295,0.10592177092118386,0.25897980113040503,LUSC,II,Lung Squamous Cell Carcinoma- Not Otherwise Specified (NOS),Primary Tumor,79.5,,1
TCGA-77-7338,0.40475546363626774,-0.14704509811825087,-0.339032891756135,0.27888467913984183,0.43304047373104704,0.2813423494479495,LUSC,I,Lung Squamous Cell Carcinoma- Not Otherwise Specified (NOS),Primary Tumor,41.25,,1
TCGA-77-7463,-0.13016485244226308,0.18296214979789202,0.5754968305227693,-0.12202625439820132,-0.14159782252692066,-0.12863453056519095,LUSC,I,Lung Squamous Cell Carcinoma- Not Otherwise Specified (NOS),Primary Tumor,42.0,,1
TCGA-77-7465,-0.19594637278866672,0.03721574385960313,0.9415923816953707,-0.3545715038078723,-0.2201139483774853,-0.3525180526406832,LUSC,II,Lung Squamous Cell Carcinoma- Not Otherwise Specified (NOS),Primary Tumor,120.0,,1
TCGA-77-8007,0.10891879759048441,0.37089358826640695,-1.3387689408573131,0.31955632422804625,0.18284281667723604,0.3101520188017811,LUSC,II,Lung Squamous Cell Carcinoma- Not Otherwise Specified (NOS),Primary Tumor,100.0,,1
TCGA-77-8008,0.11398527837233782,0.13067870330520467,-1.6443989054235992,0.3637668926109262,0.13025932333726223,0.37614264724051827,LUSC,I,Lung Squamous Cell Carcinoma- Not Otherwise Specified (NOS),Primary Tumor,61.5,,1
TCGA-77-8009,0.448315197349765,0.2472730335764489,0.5505186043603425,-0.14743735141723496,0.4264447734209476,-0.15281396949763879,LUSC,II,Lung Squamous Cell Carcinoma- Not Otherwise Specified (NOS),Primary Tumor,97.5,,1
TCGA-77-8128,-0.1657876242668737,0.006196776456008313,-0.6622827618449643,-0.048900633098600654,-0.20567567490356842,-0.04199024805356294,LUSC,III,Lung Squamous Cell Carcinoma- Not Otherwise Specified (NOS),Primary Tumor,113.0,,1
TCGA-77-8130,-0.1615344079199218,-0.14533610887927603,-1.0461667220425743,0.5552796152029832,-0.19662347981452077,0.5595226330497464,LUSC,II,Lung Squamous Cell Carcinoma- Not Otherwise Specified (NOS),Primary Tumor,32.25,,1
TCGA-77-8131,-0.03211241877036841,0.024164250738267518,-0.895143876568206,0.44238730716565866,0.015415988360700435,0.43822716777764126,LUSC,I,Lung Squamous Cell Carcinoma- Not Otherwise Specified (NOS),Primary Tumor,69.0,,1
TCGA-77-8133,0.08353394450921393,-0.18085659231511084,0.4423182601782521,-0.12607509447022783,0.09380382107333059,-0.11797842431158674,LUSC,II,Lung Squamous Cell Carcinoma- Not Otherwise Specified (NOS),Primary Tumor,22.0,,1
TCGA-77-8136,-0.20917907478935938,0.2645380412248604,-0.8331026227279067,0.2929832427148354,-0.2096129747716435,0.298853075683104,LUSC,II,Lung Squamous Cell Carcinoma- Not Otherwise Specified (NOS),Primary Tumor,135.0,,1
TCGA-77-8138,0.03440337510919289,0.21544115833949282,-0.5367102279433696,0.19437285205769148,0.004693067423960199,0.19767766046607493,LUSC,I,Lung Squamous Cell Carcinoma- Not Otherwise Specified (NOS),Primary Tumor,54.0,,1
TCGA-77-8139,-0.292743425711065,0.41406042002566257,-0.29184184748259007,-0.477228116987951,-0.3891221921799789,-0.47152823196370713,LUSC,II,Lung Squamous Cell Carcinoma- Not Otherwise Specified (NOS),Primary Tumor,52.0,,1
TCGA-77-8140,-0.23691972525691538,-0.33014879565989214,0.8197054708379291,-0.40822350972356036,-0.2345578027954597,-0.3930897595802499,LUSC,II,Lung Squamous Cell Carcinoma- Not Otherwise Specified (NOS),Primary Tumor,78.0,,1
TCGA-77-8143,-0.17422893962511876,-0.17228435841061643,0.9181066004056156,-0.44249516686389645,-0.24358271930022113,-0.44605932306236096,LUSC,III,Lung Squamous Cell Carcinoma- Not Otherwise Specified (NOS),Primary Tumor,30.0,,1
TCGA-77-8144,-0.5071049976105981,-0.04603630233421295,0.5166050603135313,-0.37393319950584447,-0.6039876204459911,-0.37955508590617015,LUSC,I,Lung Squamous Cell Carcinoma- Not Otherwise Specified (NOS),Primary Tumor,59.0,,1
TCGA-77-8145,0.02580120323621155,0.02012177723187775,-1.2376810657683217,0.39455997198702913,0.04757316499445501,0.39816682647064033,LUSC,III,Lung Squamous Cell Carcinoma- Not Otherwise Specified (NOS),Primary Tumor,57.0,,1
TCGA-77-8146,0.1792026018511492,0.12762617613348978,-0.4046797690230995,0.1686900831490635,0.1626901905056175,0.16057918490296694,LUSC,I,Lung Squamous Cell Carcinoma- Not Otherwise Specified (NOS),Primary Tumor,75.0,,1
TCGA-77-8148,0.11941308406983998,-0.006939732738388838,-0.558115779523478,-0.03468245752424459,0.09390323370145115,-0.03319087852086945,LUSC,III,Lung Squamous Cell Carcinoma- Not Otherwise Specified (NOS),Primary Tumor,60.0,,1
TCGA-77-8150,0.043529956517381056,-0.6136783622697639,-2.451130095488364,-0.1876977815222011,0.2575743129557862,-0.23446197750563952,LUSC,III,Lung Squamous Cell Carcinoma- Not Otherwise Specified (NOS),Primary Tumor,46.0,,1
TCGA-77-8153,0.20320056004744705,-0.15793600497000723,-0.044925120547044096,0.1134752957103243,0.21189760898687116,0.0996476933444672,LUSC,I,Lung Squamous Cell Carcinoma- Not Otherwise Specified (NOS),Primary Tumor,25.0,,1
TCGA-77-8154,-0.04818490013048788,-0.1616788395387902,0.012583321502390063,-0.4317515981737486,-0.10483772813660709,-0.4422561441757978,LUSC,I,Lung Squamous Cell Carcinoma- Not Otherwise Specified (NOS),Primary Tumor,40.0,,1
TCGA-77-8156,0.29820352962843205,0.09941129727323537,-0.9716768075553688,-0.025188769801525217,0.35064173719523034,-0.02118053317324261,LUSC,I,Lung Squamous Cell Carcinoma- Not Otherwise Specified (NOS),Primary Tumor,57.5,,1
TCGA-77-A5FZ,-0.17993005438488704,-0.22067368131507362,-0.8877110115355754,0.20335026652113775,-0.057114688340555934,0.1944595701360829,LUSC,III,Lung Papillary Squamous Cell Caricnoma,Primary Tumor,141.0,,1
TCGA-77-A5G1,-0.18652707148394448,-0.07582963566145093,-0.10022653517613304,0.14859703940189614,-0.18480929227579618,0.14781911480772514,LUSC,III,Lung Squamous Cell Carcinoma- Not Otherwise Specified (NOS),Primary Tumor,53.0,,1
TCGA-77-A5G3,0.03801687728414034,0.041993286243980125,-0.5721875219481442,-0.12441912680322834,0.0604845564266815,-0.11605389546246864,LUSC,II,Lung Squamous Cell Carcinoma- Not Otherwise Specified (NOS),Primary Tumor,40.0,,1
TCGA-77-A5G6,-0.3711900312103252,0.37513316895860654,1.39008947741645,0.04303922104187468,-0.44993757925437733,0.05497420585601557,LUSC,III,Lung Squamous Cell Carcinoma- Not Otherwise Specified (NOS),Primary Tumor,74.0,,1
TCGA-77-A5G7,-0.42003767717362633,-0.05793113756790159,1.3324642479315976,-0.4386442932166664,-0.522596187794622,-0.42905137635022145,LUSC,I,Lung Squamous Cell Carcinoma- Not Otherwise Specified (NOS),Primary Tumor,69.0,,1
TCGA-77-A5G8,0.07339431713769007,-0.17569416755797476,-1.2577403364045814,0.21269561072853815,0.12321883811206634,0.2121946063692374,LUSC,II,Lung Squamous Cell Carcinoma- Not Otherwise Specified (NOS),Primary Tumor,90.0,,1
TCGA-77-A5GA,0.038821579603731,-0.2813044880519461,-0.10799166268883446,0.04541422682861749,0.030250336343110685,0.03286244149829716,LUSC,I,Lung Squamous Cell Carcinoma- Not Otherwise Specified (NOS),Primary Tumor,99.0,,1
TCGA-77-A5GB,-0.3296766458998247,0.13416320142702548,-0.5509932659864485,0.00012464537263098214,-0.36126970624352134,0.006836924964147305,LUSC,I,Lung Squamous Cell Carcinoma- Not Otherwise Specified (NOS),Primary Tumor,52.0,,1
TCGA-77-A5GF,0.23082460636960597,-0.3103771675923456,-1.1887515721763922,-0.10399647613298439,0.3165400979616084,-0.12771389979433564,LUSC,II,Lung Squamous Cell Carcinoma- Not Otherwise Specified (NOS),Primary Tumor,60.0,,1
TCGA-77-A5GH,-0.025761646688123425,0.10357620602554446,0.004250579897491252,0.08724099429319945,-0.007722915241508963,0.09930944405449642,LUSC,I,Lung Squamous Cell Carcinoma- Not Otherwise Specified (NOS),Primary Tumor,11.0,,1
TCGA-79-5596,0.4317431616309229,-0.17824713317795707,-0.0857836373599566,-0.059433180900323505,0.4560434006619044,-0.06932089401412037,LUSC,III,Lung Squamous Cell Carcinoma- Not Otherwise Specified (NOS),Primary Tumor,40.0,,1
TCGA-85-6175,0.05000146898226529,0.1922625347777658,-1.9176285287287191,0.35179978065479295,0.08568679085224702,0.36202226857923075,LUSC,II,Lung Squamous Cell Carcinoma- Not Otherwise Specified (NOS),Primary Tumor,,,1
TCGA-85-6560,-0.2909783274765499,-0.05787185891437045,-0.05142676134370395,-0.32992303248364063,-0.25685239233565976,-0.3352450859964993,LUSC,II,Lung Squamous Cell Carcinoma- Not Otherwise Specified (NOS),Primary Tumor,40.0,,1
TCGA-85-6561,0.20371234777851283,0.17508112569885545,-1.1376157479648565,0.06286283534030115,0.27760138871838674,0.049397724129743394,LUSC,I,Lung Squamous Cell Carcinoma- Not Otherwise Specified (NOS),Primary Tumor,35.0,,1
TCGA-85-6798,0.17560195076911905,0.014134962805378626,-0.6758283452416998,0.15086437461719818,0.13342682301101597,0.14442936456672162,LUSC,III,Lung Squamous Cell Carcinoma- Not Otherwise Specified (NOS),Primary Tumor,35.0,,1
TCGA-85-7696,0.2138865510216379,0.019712905135421545,-0.31202904102986245,-0.04038431850402609,0.20852164864399153,-0.03545723085751483,LUSC,I,Lung Squamous Cell Carcinoma- Not Otherwise Specified (NOS),Primary Tumor,30.0,,1
TCGA-85-7697,0.02997826308682562,-0.21871736869866526,0.04881796163884042,-0.11430754797612484,-0.005599984781111933,-0.10941824390850699,LUSC,II,Lung Squamous Cell Carcinoma- Not Otherwise Specified (NOS),Primary Tumor,30.0,,1
TCGA-85-7698,0.3196292083684036,0.16990787087291712,-0.9794372646419762,0.10913173992981712,0.3829228018192676,0.11303461740091218,LUSC,I,Lung Squamous Cell Carcinoma- Not Otherwise Specified (NOS),Primary Tumor,44.0,,1
TCGA-85-7699,-0.00264758197668466,0.24204111419465768,-0.26798255187732717,-0.14166258504781085,0.023649653407764763,-0.12965826489557067,LUSC,III,Lung Squamous Cell Carcinoma- Not Otherwise Specified (NOS),Primary Tumor,74.0,,1
TCGA-85-7710,-0.17692985999909872,0.2750162221408094,1.06610169494481,0.09319414236062631,-0.2463878818730277,0.10443329046823999,LUSC,I,Lung Squamous Cell Carcinoma- Not Otherwise Specified (NOS),Primary Tumor,45.0,,1
TCGA-85-7843,0.13949828550340146,-0.07843421806610958,-0.041773419791925004,0.09290698696311103,0.12833529749424924,0.08621328706786108,LUSC,II,Lung Squamous Cell Carcinoma- Not Otherwise Specified (NOS),Primary Tumor,35.0,,1
TCGA-85-7844,0.36828250183441763,0.22468820725896066,-0.5903115583932316,0.249493399831009,0.3983276882462845,0.25035247732260696,LUSC,I,Lung Squamous Cell Carcinoma- Not Otherwise Specified (NOS),Primary Tumor,40.0,,1
TCGA-85-7950,0.210794537646117,0.2485647182253833,0.42858333363660955,0.29128270971589226,0.21144754877359603,0.305082978192159,LUSC,I,Lung Squamous Cell Carcinoma- Not Otherwise Specified (NOS),Primary Tumor,27.0,,1
TCGA-85-8048,-0.1370533349178049,-0.25985269999227506,-0.49037871573699804,0.04360812649822601,-0.0876849904916433,0.04605861450438554,LUSC,I,Lung Squamous Cell Carcinoma- Not Otherwise Specified (NOS),Primary Tumor,50.0,,1
TCGA-85-8049,0.4100010126686015,-0.1851058046314665,-1.3874139909283703,0.2723062918927864,0.49842569128762493,0.2594293621962926,LUSC,I,Lung Squamous Cell Carcinoma- Not Otherwise Specified (NOS),Primary Tumor,,,1
TCGA-85-8052,0.34054653941483404,-0.07356575529587489,-0.9354968193969909,0.24947403891151101,0.41981500228137664,0.2442360932435538,LUSC,II,Lung Squamous Cell Carcinoma- Not Otherwise Specified (NOS),Primary Tumor,40.0,,1
TCGA-85-8070,-0.07171078304853828,-0.32769870706449705,0.18259855130028899,-0.30077974495208387,-0.07349882454929918,-0.31536708101607164,LUSC,I,Lung Squamous Cell Carcinoma- Not Otherwise Specified (NOS),Primary Tumor,50.0,,1
TCGA-85-8071,0.06597430969776412,0.5392816912934683,0.9372069445529091,-0.19826234474378254,0.007525355765391206,-0.187131669614246,LUSC,II,Lung Squamous Cell Carcinoma- Not Otherwise Specified (NOS),Primary Tumor,30.0,,1
TCGA-85-8072,0.37252818985823444,-0.10359736331995335,-0.5037835357207103,-0.1632624473636241,0.4226909522136853,-0.16623991768045376,LUSC,I,Lung Squamous Cell Carcinoma- Not Otherwise Specified (NOS),Primary Tumor,15.0,,1
TCGA-85-8276,-0.010138695130201353,0.10350995561166666,-0.7719784312855728,0.026695228247467097,-0.027337010412788985,0.02647717599445334,LUSC,II,Lung Squamous Cell Carcinoma- Not Otherwise Specified (NOS),Primary Tumor,20.0,,1
TCGA-85-8277,-0.02354167400842358,-0.11255415817649127,0.7601721262172397,-0.04783204828571974,-0.09844023190307057,-0.04360134546479474,LUSC,III,Lung Squamous Cell Carcinoma- Not Otherwise Specified (NOS),Primary Tumor,,,1
TCGA-85-8287,0.09930149136017923,0.18681652277445676,-0.6781703567461269,0.20977661419515747,0.1125289782370891,0.21741544834075893,LUSC,I,Lung Squamous Cell Carcinoma- Not Otherwise Specified (NOS),Primary Tumor,50.0,,1
TCGA-85-8288,0.23140436978214746,-0.11360555895121527,-0.33061685175632055,0.23701839810663086,0.23098440723126337,0.24188136586004175,LUSC,II,Lung Squamous Cell Carcinoma- Not Otherwise Specified (NOS),Primary Tumor,50.0,,1
TCGA-85-8350,-0.017667664108037894,0.10432881395020521,-0.6133210571046059,0.3231870737764195,-0.034803956310511676,0.32724814554777,LUSC,I,Lung Squamous Cell Carcinoma- Not Otherwise Specified (NOS),Primary Tumor,40.0,,1
TCGA-85-8351,-0.057525644942064864,-0.008450194858202583,0.5303659899065547,0.10736378157177177,-0.06139663881190718,0.10499850488398978,LUSC,II,Lung Squamous Cell Carcinoma- Not Otherwise Specified (NOS),Primary Tumor,60.0,,1
TCGA-85-8352,-0.589278254627392,-0.7721686504440195,1.8780447364060777,-0.48950170771787926,-0.6236203157514655,-0.48396694921325095,LUSC,III,Lung Squamous Cell Carcinoma- Not Otherwise Specified (NOS),Primary Tumor,50.0,,1
TCGA-85-8353,0.1565479829744678,0.2334558459410057,-1.1576957653328714,0.6121286117973597,0.20938556038718864,0.6101301798207688,LUSC,III,Lung Squamous Cell Carcinoma- Not Otherwise Specified (NOS),Primary Tumor,50.0,,1
TCGA-85-8354,0.139367840411215,-0.25241748112387835,0.8148342702668284,0.07800323324016381,0.14376898908307198,0.07404833463308436,LUSC,I,Lung Squamous Cell Carcinoma- Not Otherwise Specified (NOS),Primary Tumor,30.0,,1
TCGA-85-8355,0.2856218327942571,-0.05703566472123381,-0.5380240167226435,-0.03907495566180605,0.4088438363038931,-0.037837276242020906,LUSC,I,Lung Squamous Cell Carcinoma- Not Otherwise Specified (NOS),Primary Tumor,,,1
TCGA-85-8479,-0.1931932625744009,-0.34756431154140643,0.8149922092590024,-0.10542472275607413,-0.31164235085963915,-0.09800140722472965,LUSC,I,Lung Papillary Squamous Cell Caricnoma,Primary Tumor,90.0,,1
TCGA-85-8481,0.06998530168345564,-0.03082496829339742,-0.5012716733976187,0.6274339129981531,0.04646574418658081,0.6304535011347078,LUSC,II,Lung Papillary Squamous Cell Caricnoma,Primary Tumor,80.0,,1
TCGA-85-8580,-0.044829924159347716,-0.04537934398024032,0.3479452141556975,-0.1427321031462363,-0.033957498621103796,-0.14143895681823948,LUSC,I,Lung Squamous Cell Carcinoma- Not Otherwise Specified (NOS),Primary Tumor,38.0,,1
TCGA-85-8582,0.006014678612866237,0.05319335204808127,-0.9284814487776366,0.38592801267669935,0.012715644661035159,0.38929844984196144,LUSC,I,Lung Squamous Cell Carcinoma- Not Otherwise Specified (NOS),Primary Tumor,40.0,,1
TCGA-85-8584,-0.06006960505727553,-0.09906803623482996,-0.2867094350359443,-0.09008804922227552,-0.07733941647136189,-0.09316525139567237,LUSC,II,Lung Papillary Squamous Cell Caricnoma,Primary Tumor,50.0,,1
TCGA-85-8664,-0.03335095974313665,-0.1989172641216493,1.5759864743608745,-0.0496191616162061,-0.10612518337067489,-0.03518805919440405,LUSC,II,Lung Squamous Cell Carcinoma- Not Otherwise Specified (NOS),Primary Tumor,60.0,,1
TCGA-85-8666,0.25986653051815767,0.043002186089710154,-0.7672638375010878,0.26226385237836664,0.2924304836925972,0.25384097783509446,LUSC,I,Lung Squamous Cell Carcinoma- Not Otherwise Specified (NOS),Primary Tumor,55.0,,1
TCGA-85-A4CL,-0.11799417179017853,-0.36654329345809167,-0.5161498747442255,-0.12913082466746822,-0.07633161938160006,-0.14817237736234803,LUSC,I,Lung Squamous Cell Carcinoma- Not Otherwise Specified (NOS),Primary Tumor,40.0,,1
TCGA-85-A4CN,0.18121539130287034,-0.1795366470903665,-2.0472192931444813,0.0443962707104568,0.2681528511083513,0.02589045215381905,LUSC,II,Lung Squamous Cell Carcinoma- Not Otherwise Specified (NOS),Primary Tumor,,,1
TCGA-85-A4JB,-0.12952780002700318,0.5872199868524901,0.4805563696472201,0.29602975352885413,-0.1997841939833077,0.3054597109334386,LUSC,II,Lung Squamous Cell Carcinoma- Not Otherwise Specified (NOS),Primary Tumor,25.0,,1
TCGA-85-A4JC,-0.2305313420160709,-0.08517811510165128,-0.2985506868465631,0.23693391980229628,-0.28443503559668937,0.24739108569962004,LUSC,II,Lung Squamous Cell Carcinoma- Not Otherwise Specified (NOS),Primary Tumor,25.0,,1
TCGA-85-A4PA,-0.4109724223572611,-0.1514316948008395,0.22058396214223355,-0.46074651366822844,-0.3723181176022276,-0.46325047969055366,LUSC,I,Lung Squamous Cell Carcinoma- Not Otherwise Specified (NOS),Primary Tumor,40.0,,1
TCGA-85-A4QQ,-0.18505491057828322,-0.06756841373161783,0.83563729314381,-0.01602135780019302,-0.28922781001287057,-0.01068630953042707,LUSC,I,Lung Squamous Cell Carcinoma- Not Otherwise Specified (NOS),Primary Tumor,50.0,,1
TCGA-85-A4QR,-0.341906659251828,0.0681493632123462,2.1002987606923686,-0.3097240031249061,-0.43068701434210954,-0.3066718995099762,LUSC,I,Lung Squamous Cell Carcinoma- Not Otherwise Specified (NOS),Primary Tumor,50.0,,1
TCGA-85-A50M,-0.02278575482703119,-0.10642945303458418,-0.4983676095942228,0.23574795875895374,0.004572304147337888,0.2427579222256338,LUSC,II,Lung Squamous Cell Carcinoma- Not Otherwise Specified (NOS),Primary Tumor,15.0,,1
TCGA-85-A50Z,-0.1639458324091378,0.32156954521530634,0.3703706624932241,-0.07651419856883575,-0.18740065057422592,-0.08681999171052891,LUSC,II,Lung Squamous Cell Carcinoma- Not Otherwise Specified (NOS),Primary Tumor,45.0,,1
TCGA-85-A510,-0.49504269841136944,-0.29566737325247755,0.4765710804734166,-0.4698002208244928,-0.4922487334541617,-0.48288581023413263,LUSC,II,Lung Squamous Cell Carcinoma- Not Otherwise Specified (NOS),Primary Tumor,45.0,,1
TCGA-85-A511,0.22732992366821084,0.28795668220922016,-0.5816119408257239,0.1684073383698521,0.22342348555390273,0.1767065421306235,LUSC,II,Lung Squamous Cell Carcinoma- Not Otherwise Specified (NOS),Primary Tumor,40.0,,1
TCGA-85-A512,-0.023234476546060576,0.08374900843053729,0.21267618875484526,-0.04354235434306452,-0.06885412581248783,-0.031342097861032245,LUSC,II,Lung Squamous Cell Carcinoma- Not Otherwise Specified (NOS),Primary Tumor,25.0,,1
TCGA-85-A513,-0.33363178146632305,-0.248426144898773,-0.43114525668156695,-0.12717585048256272,-0.3268516009627329,-0.12622159119131474,LUSC,I,Lung Squamous Cell Carcinoma- Not Otherwise Specified (NOS),Primary Tumor,,,1
TCGA-85-A53L,-0.11029262757303065,0.15105454179874,0.32782061245115046,0.5149696186698233,-0.1684025140368098,0.5208435786486877,LUSC,II,Lung Squamous Cell Carcinoma- Not Otherwise Specified (NOS),Primary Tumor,30.0,,1
TCGA-85-A5B5,-0.25128797194159375,-0.5444056191179212,-1.896664173725192,-0.18560259924890143,-0.11826736421848898,-0.20896471366473768,LUSC,I,Lung Squamous Cell Carcinoma- Not Otherwise Specified (NOS),Primary Tumor,15.0,,1
TCGA-90-6837,-0.09134774910116077,0.06282893241019895,-1.0761577091289292,0.23606450876399676,-0.07566531469285066,0.2323613496813916,LUSC,II,Lung Squamous Cell Carcinoma- Not Otherwise Specified (NOS),Primary Tumor,40.0,,1
TCGA-90-7766,-0.06578711831787405,-0.2292664711005046,1.1041000612216327,-0.40461882863770227,-0.07338584741962133,-0.40267759043570195,LUSC,I,Lung Squamous Cell Carcinoma- Not Otherwise Specified (NOS),Primary Tumor,30.0,,1
TCGA-90-7767,0.12262875993637193,0.4357245874277013,-0.5675014236497407,-0.017683879836815693,0.10593055221120744,0.005127109700897257,LUSC,II,Lung Squamous Cell Carcinoma- Not Otherwise Specified (NOS),Primary Tumor,25.0,,1
TCGA-90-7769,0.16223265524231728,-0.0627653328911643,0.47748515690151194,-0.15424421767556296,0.17785508416374438,-0.15952937830492128,LUSC,II,Lung Squamous Cell Carcinoma- Not Otherwise Specified (NOS),Primary Tumor,36.0,,1
TCGA-90-7964,0.3291189574537815,-0.11923192775464568,-0.3552419034827979,0.13236104050180147,0.361095994969037,0.12481540850494939,LUSC,I,Lung Squamous Cell Carcinoma- Not Otherwise Specified (NOS),Primary Tumor,180.0,,1
TCGA-90-A4ED,-0.27554577874349795,-0.1580259939109507,0.9726353422970754,-0.19865393849574786,-0.32546641913890556,-0.18074291345204602,LUSC,I,Lung Squamous Cell Carcinoma- Not Otherwise Specified (NOS),Primary Tumor,30.0,,1
TCGA-90-A4EE,0.04776965346029333,-0.03924575008840029,-0.7628602046055987,-0.06991791152981292,0.08913190634531427,-0.06871353343772445,LUSC,II,Lung Squamous Cell Carcinoma- Not Otherwise Specified (NOS),Primary Tumor,68.0,,1
TCGA-90-A59Q,-0.25720198236846553,-0.13958105578132354,-0.4248393654737499,-0.16324776830207996,-0.27332277952238726,-0.16606959765751655,LUSC,II,Lung Squamous Cell Carcinoma- Not Otherwise Specified (NOS),Primary Tumor,80.0,,1
TCGA-92-7340,-0.1124721477373232,0.03858733069157989,-0.8004601784685826,-0.07921449229510145,-0.13516794421501382,-0.07815794957832052,LUSC,II,Lung Squamous Cell Carcinoma- Not Otherwise Specified (NOS),Primary Tumor,15.0,,1
TCGA-92-7341,0.31086012472939706,-0.13735621714147098,-1.3577033055500953,0.12568236745801595,0.40820958183735,0.11220228874546564,LUSC,I,Lung Squamous Cell Carcinoma- Not Otherwise Specified (NOS),Primary Tumor,50.0,,1
TCGA-92-8063,0.3622814235887753,0.08311267730946806,-0.7954478345072449,0.004993943658814531,0.38489199784235156,0.003656534835980879,LUSC,III,Lung Squamous Cell Carcinoma- Not Otherwise Specified (NOS),Primary Tumor,74.0,,1
TCGA-92-8064,0.3064914200785149,-0.08254610659300804,-0.7635050185287225,0.019598108682028027,0.34524999319227817,-0.0024515281587986697,LUSC,unknown,Lung Squamous Cell Carcinoma- Not Otherwise Specified (NOS),Primary Tumor,30.0,,1
TCGA-92-8065,-0.04828039521763272,-0.13162547620497236,0.5911918983745081,-0.3733997558093186,-0.04480725589932361,-0.36451035547134614,LUSC,II,Lung Squamous Cell Carcinoma- Not Otherwise Specified (NOS),Primary Tumor,14.0,,1
TCGA-94-7033,-0.24701073926953387,-0.4922210700723672,0.6427441040778316,-0.17071625535515456,-0.3384115520247661,-0.17720333843709196,LUSC,I,Lung Squamous Cell Carcinoma- Not Otherwise Specified (NOS),Primary Tumor,30.0,,1
TCGA-94-7557,0.6178860829819314,-0.010990945304938797,-1.050578531461555,-0.0744290306010474,0.7063123132006297,-0.075918906360128,LUSC,I,Lung Squamous Cell Carcinoma- Not Otherwise Specified (NOS),Primary Tumor,,,1
TCGA-94-7943,0.171943177137588,-0.009584139592784816,0.21037463853989,-0.11547305836209679,0.17023510784825008,-0.11114353287589053,LUSC,I,Lung Squamous Cell Carcinoma- Not Otherwise Specified (NOS),Primary Tumor,30.0,,1
TCGA-94-8035,-0.18907992299125437,0.016272166852684584,1.2141886456095288,-0.11876660499905167,-0.23608175619619653,-0.11530846129310457,LUSC,II,Lung Squamous Cell Carcinoma- Not Otherwise Specified (NOS),Primary Tumor,50.0,,1
TCGA-94-8490,0.1406497935406193,-0.4402945734367123,0.6610743911122005,-0.3891472658573041,0.08238678241242736,-0.38025417861856514,LUSC,II,Lung Squamous Cell Carcinoma- Not Otherwise Specified (NOS),Primary Tumor,,,1
TCGA-94-8491,-0.036052927412032684,-0.19490346636825104,0.5165818955402653,-0.2874050138221515,-0.04095778268871477,-0.28530485753823404,LUSC,II,Lung Squamous Cell Carcinoma- Not Otherwise Specified (NOS),Primary Tumor,56.0,,1
TCGA-94-A4VJ,0.10197472980467846,-0.11492093457295278,-0.17965648004338494,-0.10475721892482852,0.06285465504249237,-0.09185962873454548,LUSC,I,Lung Squamous Cell Carcinoma- Not Otherwise Specified (NOS),Primary Tumor,37.5,,1
TCGA-94-A5I4,0.03914414100228122,0.09561782051068163,-0.043234661617164015,0.1328075649763234,0.04552695762500187,0.1267436668282829,LUSC,II,Lung Squamous Cell Carcinoma- Not Otherwise Specified (NOS),Primary Tumor,80.0,,1
TCGA-94-A5I6,0.4851314557808348,-0.02398173053143374,-0.7652306045441098,0.21630966466990714,0.5436892804715344,0.20793921770729926,LUSC,II,Lung Squamous Cell Carcinoma- Not Otherwise Specified (NOS),Primary Tumor,80.0,,1
TCGA-96-7544,-0.06065592195815064,0.3353230352334958,-0.25867717428894593,-0.07148282988248378,-0.0410569444823712,-0.06255349949886294,LUSC,II,Lung Squamous Cell Carcinoma- Not Otherwise Specified (NOS),Primary Tumor,65.0,,1
TCGA-96-7545,0.17957839973428372,0.12267067278550212,0.38148355544715334,0.26695664683605885,0.20394971217083185,0.26493249778807615,LUSC,I,Lung Squamous Cell Carcinoma- Not Otherwise Specified (NOS),Primary Tumor,116.0,,1
TCGA-96-8169,0.11490361629025884,0.03645413039713307,-0.43012843914675375,0.0991773522565544,0.1318852148976586,0.10867891692949372,LUSC,I,Lung Squamous Cell Carcinoma- Not Otherwise Specified (NOS),Primary Tumor,35.0,,1
TCGA-96-8170,-0.07031022546103044,-0.06565983069899142,-0.011438725238890918,-0.13697272038893787,-0.07386748804803962,-0.1375162855091595,LUSC,II,Lung Squamous Cell Carcinoma- Not Otherwise Specified (NOS),Primary Tumor,50.0,,1
TCGA-96-A4JK,0.2792148499027139,-0.05917051862247272,-0.45393744202553954,-0.11211139788769589,0.3271569371392708,-0.11965252210117433,LUSC,II,Lung Squamous Cell Carcinoma- Not Otherwise Specified (NOS),Primary Tumor,110.0,,1
TCGA-96-A4JL,-0.01517309811233798,-0.058888702161746104,-0.028069669279604224,-0.4648694242737968,0.007641386408797917,-0.45987147977216614,LUSC,II,Lung Squamous Cell Carcinoma- Not Otherwise Specified (NOS),Primary Tumor,,,1
TCGA-98-7454,-0.1409161170501994,0.05855666445183539,-0.3392728476335993,0.03175978546603798,-0.10076951596476338,0.024893315601997944,LUSC,I,Lung Squamous Cell Carcinoma- Not Otherwise Specified (NOS),Primary Tumor,60.0,,1
TCGA-98-8020,-0.15346287567153338,0.08800180647794044,-0.13839969825114998,0.09392363987212196,-0.16861024538997527,0.09453769203968392,LUSC,III,Lung Squamous Cell Carcinoma- Not Otherwise Specified (NOS),Primary Tumor,,,1
TCGA-98-8021,0.02986681987369063,0.09257324393123453,-0.6822233190322325,0.1479075927881915,0.030119001987440257,0.14818667699593177,LUSC,I,Lung Squamous Cell Carcinoma- Not Otherwise Specified (NOS),Primary Tumor,60.0,,1
TCGA-98-8022,-0.10537023795356402,-0.40328061805887244,-0.39127569091530306,0.036174349569503855,-0.05122414968280151,0.048781382021952174,LUSC,I,Lung Squamous Cell Carcinoma- Not Otherwise Specified (NOS),Primary Tumor,117.0,,1
TCGA-98-8023,-0.02205513160249702,0.041290616238068754,-0.3321394079274063,-0.14340297749480688,-0.0327040006104486,-0.13614556624579513,LUSC,III,Lung Squamous Cell Carcinoma- Not Otherwise Specified (NOS),Primary Tumor,75.0,,1
TCGA-98-A538,-0.05406474070823034,0.4998261654301655,0.7110015484183148,-0.14434837626277375,-0.12806325960211706,-0.13827769664015513,LUSC,II,Lung Squamous Cell Carcinoma- Not Otherwise Specified (NOS),Primary Tumor,35.0,,1
TCGA-98-A539,0.2849093040994081,-0.4501356484677016,-0.9788902742756985,0.09263824854925816,0.3697622552970371,0.0814373336830827,LUSC,II,Lung Squamous Cell Carcinoma- Not Otherwise Specified (NOS),Primary Tumor,75.0,,1
TCGA-98-A53A,0.18133175238711755,0.06417977081985853,0.4869715370614893,-0.2728785634842394,0.15867760761908728,-0.26292878487215504,LUSC,I,Lung Squamous Cell Carcinoma- Not Otherwise Specified (NOS),Primary Tumor,80.0,,1
TCGA-98-A53B,0.04589600143969846,-0.10449720847271605,0.16850746796993063,-0.08241031969302845,0.05370617469431665,-0.07366477749587554,LUSC,I,Lung Squamous Cell Carcinoma- Not Otherwise Specified (NOS),Primary Tumor,40.0,,1
TCGA-98-A53C,-0.1521767527085834,-0.30076093867278836,-0.2771393945877784,0.07345965718011749,-0.07940810502288276,0.08185085725868098,LUSC,I,Lung Squamous Cell Carcinoma- Not Otherwise Specified (NOS),Primary Tumor,112.5,,1
TCGA-98-A53D,0.03893485375835882,-0.4577245804213321,-1.6215622447685394,0.2343990913998334,0.18039231310181883,0.22591101962936372,LUSC,II,Lung Squamous Cell Carcinoma- Not Otherwise Specified (NOS),Primary Tumor,90.0,,1
TCGA-98-A53H,0.005500931924972747,-0.31561800013990454,-0.8321055130289995,0.03440043239837914,0.06664404506598881,0.034480343827360115,LUSC,I,Lung Squamous Cell Carcinoma- Not Otherwise Specified (NOS),Primary Tumor,40.0,,1
TCGA-98-A53I,0.1796266127372266,-0.13567318158434596,-0.08465254143307188,-0.30658733291559487,0.20257519828958082,-0.3005651406478133,LUSC,II,Lung Squamous Cell Carcinoma- Not Otherwise Specified (NOS),Primary Tumor,70.0,,1
TCGA-98-A53J,0.41078084374192864,-0.10146851235881439,0.22014137784316237,0.22468937053361424,0.44492098331231855,0.21874207218960504,LUSC,I,Lung Squamous Cell Carcinoma- Not Otherwise Specified (NOS),Primary Tumor,100.0,,1
TCGA-J1-A4AH,0.15269938653584905,-0.19401470752717492,0.19591389072643625,-0.14872381246770522,0.18875050953625108,-0.15220402765861135,LUSC,II,Lung Squamous Cell Carcinoma- Not Otherwise Specified (NOS),Primary Tumor,100.0,,1
TCGA-L3-A4E7,-0.09307189232325877,0.2572943223247231,-0.12075863395519515,0.06450797457911801,-0.10541147208616115,0.06605824592665528,LUSC,I,Lung Squamous Cell Carcinoma- Not Otherwise Specified (NOS),Primary Tumor,25.0,,1
TCGA-L3-A524,0.11813990106194275,-0.08735568755389106,-0.5433964627968267,0.2582875614662718,0.15224702779322208,0.24977567713395663,LUSC,II,Lung Squamous Cell Carcinoma- Not Otherwise Specified (NOS),Primary Tumor,25.6,,1
TCGA-LA-A446,0.27918384728515555,-0.17057005391240784,0.5580648562418715,-0.11759888330686995,0.28156435254725887,-0.11876639270947276,LUSC,I,Lung Squamous Cell Carcinoma- Not Otherwise Specified (NOS),Primary Tumor,26.0,,1
TCGA-LA-A7SW,-0.10474788526381054,0.02279006877867485,0.23463394607717517,-0.39100300554908707,-0.11682881570286964,-0.38044983859777504,LUSC,III,Lung Squamous Cell Carcinoma- Not Otherwise Specified (NOS),Primary Tumor,37.0,,1
TCGA-MF-A522,0.4129441783353787,0.0008324378125374195,0.309488419471416,-0.28195442454141156,0.3765634537384736,-0.2868793766604044,LUSC,I,Lung Squamous Cell Carcinoma- Not Otherwise Specified (NOS),Primary Tumor,45.0,,1
TCGA-NC-A5HD,-0.05537177592644463,-0.12447336451486055,1.325311398906928,-0.06318490499969755,-0.15507827913770802,-0.0591025731106866,LUSC,II,Lung Squamous Cell Carcinoma- Not Otherwise Specified (NOS),Primary Tumor,50.0,,1
TCGA-NC-A5HE,0.32400431585263756,0.02973188327874511,-0.7570758363504728,-0.15759916697162354,0.37333952067845266,-0.1623508514803245,LUSC,II,Lung Squamous Cell Carcinoma- Not Otherwise Specified (NOS),Primary Tumor,30.0,,1
TCGA-NC-A5HF,0.10030360391326229,-0.029557962541165928,1.0797756174451425,0.24214230349133034,0.011254477931264367,0.25297128244124123,LUSC,III,Lung Squamous Cell Carcinoma- Not Otherwise Specified (NOS),Primary Tumor,,,1
TCGA-NC-A5HG,-0.566429600826755,-0.025088281339340164,1.4994291305703245,-0.5369928715803386,-0.6889219193940914,-0.5262240529194677,LUSC,III,Lung Basaloid Squamous Cell Carcinoma,Primary Tumor,80.0,,1
TCGA-NC-A5HH,-0.6486473316203464,0.09439441411029655,1.7414545543122353,-0.19165713217248262,-0.745030952615783,-0.18695686110168905,LUSC,I,Lung Basaloid Squamous Cell Carcinoma,Primary Tumor,60.0,,1
TCGA-NC-A5HI,-0.4136795241936574,0.13930393662753124,1.7327785214228515,-0.38031428298646097,-0.5379674920837657,-0.3699547113049443,LUSC,I,Lung Squamous Cell Carcinoma- Not Otherwise Specified (NOS),Primary Tumor,60.0,,1
TCGA-NC-A5HJ,-0.042807020730031016,-0.18622364077598128,0.6389055449974093,-0.07893241283758978,0.015607318038031318,-0.07245251876110409,LUSC,II,Lung Squamous Cell Carcinoma- Not Otherwise Specified (NOS),Primary Tumor,78.0,,1
TCGA-NC-A5HK,-0.12786647336505153,-0.3399259356307171,0.5222121111117076,-0.3292691051085912,-0.2248569263823223,-0.3255800643695813,LUSC,II,Lung Squamous Cell Carcinoma- Not Otherwise Specified (NOS),Primary Tumor,40.0,,1
TCGA-NC-A5HL,0.22827041692996472,-0.18496718811496024,0.38507824092925996,-0.057706512501015494,0.2684236800746554,-0.06283581871666294,LUSC,II,Lung Squamous Cell Carcinoma- Not Otherwise Specified (NOS),Primary Tumor,40.0,,1
TCGA-NC-A5HM,-0.20703680385908027,0.1574970809664587,0.3939154962888081,0.1103186455822867,-0.25784962324516997,0.10556030385090592,LUSC,I,Lung Squamous Cell Carcinoma- Not Otherwise Specified (NOS),Primary Tumor,50.0,,1
TCGA-NC-A5HN,-0.1162664384697388,-0.1051980446814586,1.2961882149414998,-0.39344832460448,-0.16230101807289318,-0.397358191949557,LUSC,II,Lung Squamous Cell Carcinoma- Not Otherwise Specified (NOS),Primary Tumor,100.0,,1
TCGA-NC-A5HO,-0.05808088457296253,0.19775290498062317,1.2478582391255613,-0.34874729676723665,-0.16725371505366263,-0.3421691876484191,LUSC,III,Lung Squamous Cell Carcinoma- Not Otherwise Specified (NOS),Primary Tumor,30.0,,1
TCGA-NC-A5HP,-0.1291960036889015,-0.26247486696013256,-1.0269124524031665,0.03091612914777612,-0.12687963859223084,0.04240839287967537,LUSC,IV,Lung Squamous Cell Carcinoma- Not Otherwise Specified (NOS),Primary Tumor,50.0,,1
TCGA-NC-A5HQ,0.01391604780641799,0.09960362593740935,0.5791049221178005,0.041823152690286754,-0.02313885559532949,0.04768452492199718,LUSC,III,Lung Squamous Cell Carcinoma- Not Otherwise Specified (NOS),Primary Tumor,,,1
TCGA-NC-A5HR,0.2666453759235833,-0.06308210306596229,0.9911471933914417,-0.37597667527425005,0.24626280163967243,-0.3737152284701223,LUSC,II,Lung Basaloid Squamous Cell Carcinoma,Primary Tumor,35.0,,1
TCGA-NC-A5HT,0.07279909673042995,-0.1104592009110371,1.3714859340894432,-0.19576858577492623,-0.05831412130361599,-0.18232937343420058,LUSC,III,Lung Squamous Cell Carcinoma- Not Otherwise Specified (NOS),Primary Tumor,50.0,,1
TCGA-NK-A5CR,0.21223799011186825,-0.018033242910871605,0.44081196283580776,-0.05724080508156429,0.24961797890227563,-0.04698207963299978,LUSC,I,Lung Squamous Cell Carcinoma- Not Otherwise Specified (NOS),Primary Tumor,40.0,,1
TCGA-NK-A5CT,-0.15215857273429265,-0.10607955425532346,1.2937011723200518,0.3111289752451598,-0.2069566497726027,0.3071291173346613,LUSC,I,Lung Squamous Cell Carcinoma- Not Otherwise Specified (NOS),Primary Tumor,80.0,,1
TCGA-NK-A5CX,-0.11719358297330307,0.21938171030729964,-0.3875233610722231,0.25574194643330556,-0.1671433103975302,0.2643789447846926,LUSC,II,Lung Squamous Cell Carcinoma- Not Otherwise Specified (NOS),Primary Tumor,40.0,,1
TCGA-NK-A5D1,-0.23160267273544982,0.14196478239789856,0.41849499543695395,-0.033216727892221035,-0.30519165848261864,-0.02352257580331488,LUSC,II,Lung Basaloid Squamous Cell Carcinoma,Primary Tumor,90.0,,1
TCGA-NK-A7XE,-0.11980618997976208,-0.22783072615633657,0.21147582426645117,-0.33950714700251255,-0.11362073136161407,-0.33910085187400735,LUSC,III,Lung Squamous Cell Carcinoma- Not Otherwise Specified (NOS),Primary Tumor,80.0,,1
TCGA-O2-A52N,-0.024828465523948663,0.008172744358867723,-0.23458030050570233,0.36181398971956147,-0.016235751411732023,0.37135911101028984,LUSC,I,Lung Squamous Cell Carcinoma- Not Otherwise Specified (NOS),Primary Tumor,4.125,,1
TCGA-O2-A52Q,0.08104493417814046,-0.023603274799553584,-0.5351611311601943,0.43905263514698056,0.11293124544990413,0.4237635090870253,LUSC,III,Lung Squamous Cell Carcinoma- Not Otherwise Specified (NOS),Primary Tumor,1.0,,1
TCGA-O2-A52S,0.4677678458399578,-0.14207994349507921,-0.6587867059254493,-0.3476716506776677,0.5230476177376008,-0.36049946467225746,LUSC,III,Lung Squamous Cell Carcinoma- Not Otherwise Specified (NOS),Primary Tumor,3.0,,1
TCGA-O2-A52V,0.2190042441161647,0.16437135922262847,-0.024130026538330223,0.1827239765154762,0.18794131409403936,0.1862642067669333,LUSC,II,Lung Squamous Cell Carcinoma- Not Otherwise Specified (NOS),Primary Tumor,1.0,,1
TCGA-O2-A52W,-0.20290745437857996,0.13463366865371787,1.4973000434740988,0.032900516786003864,-0.2395578013529195,0.03903975889712862,LUSC,I,Lung Squamous Cell Carcinoma- Not Otherwise Specified (NOS),Primary Tumor,2.5,,1
TCGA-O2-A5IB,-0.06897462819813072,0.04219994799539819,1.2782339889464767,-0.30585565696083095,-0.16241952552361374,-0.2942578383437273,LUSC,III,Lung Squamous Cell Carcinoma- Not Otherwise Specified (NOS),Primary Tumor,2.5,,1
TCGA-XC-AA0X,0.34459525301439364,-0.1743271914610954,-0.45120876107007923,0.2357326658247063,0.42047861781349183,0.23814089655807236,LUSC,I,Lung Squamous Cell Carcinoma- Not Otherwise Specified (NOS),Primary Tumor,30.0,,1
