patient,DOROTHEA_BACH1_ABC_TF_ACTIVITY__mean_z,COLLECTRI_BACH1_TF_ACTIVITY__mean_z,KLENJA2025_BACH1_INVERSE_ACTIVITY__mean_z,HALLMARK_HYPOXIA__mean_z,DOROTHEA_BACH1_ABC_TF_ACTIVITY_NO_HYPOXIA_OVERLAP__mean_z,HALLMARK_HYPOXIA_NO_DOROTHEA_OVERLAP__mean_z,cohort,stage_simple,histology,sample_type,pack_years,ABSOLUTE_Purity,n_primary_tumour_samples
TCGA-05-4244,0.041793585224365534,0.25702928832857064,0.9701196794360879,0.1708597031385021,0.003377056941090997,0.17372432760340997,LUAD,IV,Lung Adenocarcinoma- Not Otherwise Specified (NOS),Primary Tumor,38.0,,1
TCGA-05-4249,0.025650738559626785,-0.044959948294759716,-0.22134952135176675,-0.21566068700510374,0.03868628954859135,-0.2147278256280207,LUAD,I,Lung Adenocarcinoma- Not Otherwise Specified (NOS),Primary Tumor,52.0,0.46,1
TCGA-05-4250,-0.1182749288610614,0.3748373866450361,-0.2958551106816966,0.3388607596528867,-0.13547882170055986,0.34282418978870505,LUAD,III,Lung Adenocarcinoma- Not Otherwise Specified (NOS),Primary Tumor,47.0,,1
TCGA-05-4382,0.13298424596169695,0.15954328919515234,-0.7112536189741907,0.5102388259623863,0.18473030215774025,0.5025832505427124,LUAD,I,Lung Adenocarcinoma Mixed Subtype,Primary Tumor,62.0,,1
TCGA-05-4384,0.16726432056103951,-0.12360180316619543,0.27601144645295855,-0.0373730346269025,0.21386575138675512,-0.04187967516391226,LUAD,III,Lung Adenocarcinoma Mixed Subtype,Primary Tumor,20.0,0.48,1
TCGA-05-4389,0.3260090465134898,-0.11948858472551274,0.19015043173185794,-0.24128259794383566,0.34628644857225144,-0.2368820868180461,LUAD,I,Lung Adenocarcinoma Mixed Subtype,Primary Tumor,43.0,0.48,1
TCGA-05-4390,-0.41131665910236526,0.16901719083534625,-0.7258836675167784,0.09735632141232792,-0.4387153604196996,0.09010707782286814,LUAD,I,Lung Adenocarcinoma Mixed Subtype,Primary Tumor,15.0,0.57,1
TCGA-05-4395,0.22167936198208024,0.3405961062579429,1.6062115779727935,0.2076816677868523,0.14332388393209836,0.21070210731257202,LUAD,III,Lung Adenocarcinoma Mixed Subtype,Primary Tumor,,0.61,1
TCGA-05-4396,-0.14827097326925673,0.10360496859534404,1.3296025447500384,-0.2549283203440802,-0.2035456410514186,-0.23658022685326796,LUAD,III,Lung Adenocarcinoma Mixed Subtype,Primary Tumor,19.0,0.74,1
TCGA-05-4397,0.1373556317041296,-0.31703955056624994,0.5980498237245134,-0.043891141212400474,0.14859849847543866,-0.047191109948370336,LUAD,II,Lung Adenocarcinoma Mixed Subtype,Primary Tumor,45.0,,1
TCGA-05-4398,0.23300128524022673,0.11535742758390069,-0.6190656188257923,0.5212966176674252,0.28173556988255216,0.5007424276267348,LUAD,III,Lung Adenocarcinoma Mixed Subtype,Primary Tumor,72.0,0.33,1
TCGA-05-4402,0.1523654249542808,0.16875778432964827,0.008244692269187412,0.2613655354044979,0.13997107881778964,0.26385270028216945,LUAD,IV,Lung Adenocarcinoma Mixed Subtype,Primary Tumor,,0.44,1
TCGA-05-4403,-0.14040533476826184,0.08149133353876375,0.28068415278022646,0.11406666757679253,-0.1443735758088375,0.11789697272974332,LUAD,I,Lung Adenocarcinoma Mixed Subtype,Primary Tumor,,0.46,1
TCGA-05-4405,-0.06659687314426255,-0.13040321760106446,-1.1149030151007502,-0.09947255312451321,-0.025093556118342214,-0.09513275629997675,LUAD,I,Lung Adenocarcinoma Mixed Subtype,Primary Tumor,65.0,0.38,1
TCGA-05-4410,0.09922417017383821,0.08592895461173375,0.5161803013051881,-0.25815837653673773,0.10560445514395272,-0.25155297075939703,LUAD,I,Lung Adenocarcinoma Mixed Subtype,Primary Tumor,98.0,,1
TCGA-05-4415,0.11564784853405749,-0.08611198172265008,0.8976854031453564,-0.11063060555034518,0.09063590563488745,-0.11290430295411563,LUAD,III,Lung Adenocarcinoma Mixed Subtype,Primary Tumor,29.0,0.65,1
TCGA-05-4417,0.0316902687125726,0.12353383255133087,-0.9268145108299723,0.1297102692526158,0.0616281710106714,0.13088041249869375,LUAD,I,Lung Adenocarcinoma Mixed Subtype,Primary Tumor,56.0,0.39,1
TCGA-05-4418,0.12833772375571453,0.03433940083635514,0.09663519676518262,0.32394387548286674,0.12006816063059746,0.3152160494368652,LUAD,III,Lung Adenocarcinoma Mixed Subtype,Primary Tumor,25.0,0.53,1
TCGA-05-4420,-0.3498803955864904,-0.13055178950260696,0.2570990649557466,-0.27112880990889554,-0.3875762902106465,-0.28047134866098966,LUAD,I,Lung Adenocarcinoma Mixed Subtype,Primary Tumor,38.0,0.6,1
TCGA-05-4422,0.03128496601255664,-0.17262690544368392,0.3413329535111192,-0.1892503252755771,0.04150826041497561,-0.18606833754988944,LUAD,I,Lung Adenocarcinoma Mixed Subtype,Primary Tumor,147.0,0.63,1
TCGA-05-4424,0.056959244089651376,-0.16586675866423486,-0.32097334842424585,0.08553714151557322,0.09956443673598313,0.08669380849504718,LUAD,II,Lung Adenocarcinoma Mixed Subtype,Primary Tumor,50.0,,1
TCGA-05-4425,-0.1494356334025904,0.14740893575481484,-0.01822280301144989,0.055660283380648524,-0.13454329222357697,0.05679904169582478,LUAD,IV,Lung Adenocarcinoma Mixed Subtype,Primary Tumor,28.0,0.61,1
TCGA-05-4426,0.07633888814277075,0.290681498405873,0.09362848182735517,0.45322430242758865,0.09974532356573985,0.44143127141720545,LUAD,I,Lung Adenocarcinoma Mixed Subtype,Primary Tumor,20.0,0.71,1
TCGA-05-4427,0.00933102285246949,-0.02804279984855963,0.3854047532034359,-0.07198727729240398,0.01064449533340151,-0.06476954669250667,LUAD,II,Lung Adenocarcinoma Mixed Subtype,Primary Tumor,8.0,,1
TCGA-05-4430,-0.016536600979989356,0.0389337582767467,-0.9891554868358368,0.12955639176012185,-0.003172980935841889,0.13417445324309774,LUAD,I,Lung Adenocarcinoma Mixed Subtype,Primary Tumor,80.0,0.2,1
TCGA-05-4432,0.17446846980440145,0.022602364855551102,-0.078475320106579,0.17701714258668585,0.1876128349799788,0.18044024024087613,LUAD,II,Lung Adenocarcinoma Mixed Subtype,Primary Tumor,58.0,0.37,1
TCGA-05-4433,0.23285193598793608,0.14620045163536766,0.6948551407643858,-0.19837660745522917,0.25540936061845715,-0.2031153952782165,LUAD,I,Lung Adenocarcinoma Mixed Subtype,Primary Tumor,1.0,0.61,1
TCGA-05-4434,0.2508355050255302,0.09830251653816517,-0.43532257931171237,0.4398455950910258,0.303412740380265,0.4317142227920774,LUAD,IV,Lung Adenocarcinoma Mixed Subtype,Primary Tumor,15.0,,1
TCGA-05-5420,-0.5469189746138295,-0.07999712755102244,0.005622901971759853,-0.129792733848055,-0.529585488568282,-0.13902227507505013,LUAD,III,Lung Adenocarcinoma- Not Otherwise Specified (NOS),Primary Tumor,40.0,0.25,1
TCGA-05-5423,-0.5663772846906756,-0.21274822541733107,0.9241168160320384,-0.1947601260094661,-0.6074674703638773,-0.20001866965075463,LUAD,II,Lung Adenocarcinoma Mixed Subtype,Primary Tumor,72.0,0.6,1
TCGA-05-5425,-0.12412355191263937,-0.2247847693953608,-0.029476502607802758,0.030692980407047342,-0.08159100005963389,0.025612709018326685,LUAD,II,Lung Adenocarcinoma Mixed Subtype,Primary Tumor,40.0,,1
TCGA-05-5428,-0.4551474781183353,-0.03606292050549166,0.627569881285771,-0.027615108440633182,-0.47279889795069463,-0.03960517880375491,LUAD,II,Lung Adenocarcinoma Mixed Subtype,Primary Tumor,30.0,0.63,1
TCGA-05-5429,-0.4513177755216466,0.3466860341907,0.22295088439703625,0.11119488591847722,-0.5247112976589325,0.11456544238191342,LUAD,III,Lung Adenocarcinoma- Not Otherwise Specified (NOS),Primary Tumor,,0.47,1
TCGA-05-5715,-0.07815878441179414,0.1534323754650691,-0.3380097045515944,-0.2634375619090873,-0.0803244308673254,-0.2632192269061178,LUAD,I,Lung Adenocarcinoma Mixed Subtype,Primary Tumor,,0.74,1
TCGA-35-3615,-0.1197730434774957,-0.12722428250657106,0.21695176763600288,-0.41308344677882164,-0.09698737051569128,-0.41933273935628845,LUAD,I,Lung Adenocarcinoma- Not Otherwise Specified (NOS),Primary Tumor,,0.68,1
TCGA-35-4122,-0.34616757711297086,0.27897687687728284,0.14641473468191527,0.33112294109256707,-0.36303243881966707,0.31343832409706895,LUAD,I,Lung Adenocarcinoma- Not Otherwise Specified (NOS),Primary Tumor,45.0,,1
TCGA-35-4123,-0.37683306892725027,0.22853822620879777,-0.15063408689836924,0.3440418469423319,-0.37738267341943255,0.34353964438213197,LUAD,I,Lung Adenocarcinoma- Not Otherwise Specified (NOS),Primary Tumor,20.0,,1
TCGA-35-5375,-0.22581560002879336,-0.025375710252668434,0.6076496570465472,0.003658026782283219,-0.28981492148504456,-0.009662062634382757,LUAD,III,Lung Adenocarcinoma- Not Otherwise Specified (NOS),Primary Tumor,35.0,,1
TCGA-38-4625,-0.10795451273066398,0.22950625943167044,0.5536857650593006,-0.12307585331125977,-0.09779270005455568,-0.13182720369861606,LUAD,I,Lung Adenocarcinoma- Not Otherwise Specified (NOS),Primary Tumor,50.0,,1
TCGA-38-4626,0.06707228518732024,-0.2534513265296712,-1.5304342967586153,0.25582412510159164,0.2577143690567017,0.22846454653806747,LUAD,unknown,Lung Adenocarcinoma- Not Otherwise Specified (NOS),Primary Tumor,40.0,,1
TCGA-38-4627,0.03254019383588322,0.10409704330566392,-1.3279182146874946,0.4346087471405014,0.07260511322191746,0.42868146776557065,LUAD,II,Lung Adenocarcinoma- Not Otherwise Specified (NOS),Primary Tumor,,,1
TCGA-38-4628,-0.5573529862919054,-0.08094069731962363,0.4140270219325895,-0.40458481202956326,-0.5981898806086801,-0.3993890865356652,LUAD,II,Lung Adenocarcinoma- Not Otherwise Specified (NOS),Primary Tumor,,0.5,1
TCGA-38-4629,0.08353232876918971,0.27596563718180517,-0.6238201553849607,0.5577176895722238,0.11059522491738617,0.5501737549376171,LUAD,II,Lung Adenocarcinoma- Not Otherwise Specified (NOS),Primary Tumor,100.0,,1
TCGA-38-4630,-0.05574358577416432,0.18061539155286618,-0.06366999671178468,-0.17472022834977025,-0.10344139381439481,-0.16279879736652206,LUAD,I,Lung Papillary Adenocarcinoma,Primary Tumor,,,1
TCGA-38-4631,-0.03712395623532955,0.1994125915265414,0.8615522738073748,-0.09162091344566406,-0.08284282631860757,-0.10814161428259622,LUAD,I,Lung Adenocarcinoma- Not Otherwise Specified (NOS),Primary Tumor,40.0,,1
TCGA-38-4632,-0.400493863576702,-0.16494857436972904,-0.626227164531082,0.0793837101861464,-0.34994349986264306,0.06167041773819609,LUAD,IV,Lung Adenocarcinoma- Not Otherwise Specified (NOS),Primary Tumor,10.0,,1
TCGA-38-6178,0.15263937015423318,0.17080417556805388,0.15881407079065132,0.014552729433347747,0.10555857110895767,0.0197153474990247,LUAD,III,Lung Adenocarcinoma- Not Otherwise Specified (NOS),Primary Tumor,,0.33,1
TCGA-38-7271,-0.12580047903841068,-0.04256361451157012,-0.26216172022204626,0.1022900537985683,-0.07540715492916031,0.10301111485757146,LUAD,I,Lung Adenocarcinoma- Not Otherwise Specified (NOS),Primary Tumor,25.0,,1
TCGA-38-A44F,-0.11903313978697658,0.07751222863246729,-0.16641314767794127,0.1881459046002951,-0.10394564840650815,0.19064746632732055,LUAD,I,Lung Adenocarcinoma Mixed Subtype,Primary Tumor,12.0,,1
TCGA-44-2655,0.12516495071647413,-0.3618033880307668,0.7410829539724473,-0.12182340974671098,0.13211153158520356,-0.12428402171755967,LUAD,I,Lung Adenocarcinoma- Not Otherwise Specified (NOS),Primary Tumor,30.0,0.3,1
TCGA-44-2656,0.14283865155951783,0.20144051867843624,-0.32682179350336876,0.1506143125230827,0.1468062777059359,0.14692817005751801,LUAD,I,Lung Adenocarcinoma- Not Otherwise Specified (NOS),Primary Tumor,23.0,0.31,1
TCGA-44-2657,-0.09069672520588627,4.192928472504705e-05,0.16674657575407606,0.054073977580036584,-0.08941188109859279,0.055279179777502754,LUAD,I,Lung Adenocarcinoma- Not Otherwise Specified (NOS),Primary Tumor,25.0,0.33,1
TCGA-44-2659,0.22461208202389427,-0.23395240275727278,0.14955677188581107,-0.17217754182643866,0.19937910309877283,-0.16737106163862508,LUAD,II,Lung Adenocarcinoma- Not Otherwise Specified (NOS),Primary Tumor,57.0,0.41,1
TCGA-44-2661,-0.21254895101791832,0.04947997486709141,-0.2996807259496156,-0.04469099756291037,-0.15581553261073178,-0.05121315601943226,LUAD,I,Lung Adenocarcinoma- Not Otherwise Specified (NOS),Primary Tumor,,0.27,1
TCGA-44-2662,0.3516639707206374,0.27476041717081756,-0.7231080796955389,0.5595402947537973,0.38951574502069153,0.5508868132579295,LUAD,I,Lung Adenocarcinoma- Not Otherwise Specified (NOS),Primary Tumor,56.0,0.25,1
TCGA-44-2665,-0.05383095920065956,-0.1121606114792851,-1.2512647454516184,0.3069268837440569,-0.015148339147309316,0.2993393964833965,LUAD,II,Lung Adenocarcinoma- Not Otherwise Specified (NOS),Primary Tumor,,0.44,1
TCGA-44-2666,-0.19970178514121062,0.14849864879598443,1.08125266930102,-0.08304277448972501,-0.25064071060434207,-0.0710966091594073,LUAD,I,Lung Adenocarcinoma- Not Otherwise Specified (NOS),Primary Tumor,30.0,0.58,1
TCGA-44-2668,0.18843841822413893,0.34968886284676426,-0.8575785290827221,0.53808867219982,0.2043789823669205,0.5318474480505611,LUAD,I,Lung Adenocarcinoma- Not Otherwise Specified (NOS),Primary Tumor,60.0,,1
TCGA-44-3396,0.03853326003586772,0.1847851866835408,-0.8007176588801092,0.3239529731837752,0.06490090773864539,0.3222206129635314,LUAD,III,Lung Adenocarcinoma- Not Otherwise Specified (NOS),Primary Tumor,50.0,,1
TCGA-44-3398,-0.1545310635702709,0.33169317823556,-0.5952573854277704,0.6397738288284244,-0.1065547915098701,0.6285446633056248,LUAD,I,Lung Adenocarcinoma- Not Otherwise Specified (NOS),Primary Tumor,60.0,,1
TCGA-44-3918,-0.08863572060426475,0.21409066784150443,-0.3377455637550584,0.2065423822449505,-0.04239473849907913,0.1928601815174204,LUAD,I,Lung Adenocarcinoma- Not Otherwise Specified (NOS),Primary Tumor,20.0,,1
TCGA-44-3919,0.10837157241349875,0.4034146083230708,0.09004061296713935,0.14515244827526877,0.10819913874470422,0.148447467064542,LUAD,I,Lung Adenocarcinoma- Not Otherwise Specified (NOS),Primary Tumor,,0.49,1
TCGA-44-4112,0.012353296848227533,0.19664445961359212,-0.07688351744691586,0.34992068974046103,-0.010692896241293713,0.3468302504858127,LUAD,I,Lung Adenocarcinoma- Not Otherwise Specified (NOS),Primary Tumor,30.0,0.56,1
TCGA-44-5643,0.20632036460626366,-0.004518028761467674,1.4141957462036956,-0.2498425083241404,0.19164835875723907,-0.2389714092943475,LUAD,III,Lung Adenocarcinoma- Not Otherwise Specified (NOS),Primary Tumor,20.0,,1
TCGA-44-5644,-0.2059985223632534,-0.12807677408238588,0.5116329208934751,0.024919551486257872,-0.28982285138538205,0.029390874185747175,LUAD,I,Lung Adenocarcinoma- Not Otherwise Specified (NOS),Primary Tumor,17.5,,1
TCGA-44-5645,0.025745713339261966,-0.3140566735757089,0.31482825876336873,-0.31910027487382014,-0.0004443249817751346,-0.3020387719606628,LUAD,I,Lung Adenocarcinoma- Not Otherwise Specified (NOS),Primary Tumor,5.0,0.54,1
TCGA-44-6145,0.34420332433061407,0.05452967346120003,-0.6433945087188623,0.16629031452855916,0.3771593822379703,0.16647274896665068,LUAD,I,Lung Adenocarcinoma- Not Otherwise Specified (NOS),Primary Tumor,75.0,0.31,1
TCGA-44-6146,0.03332081310642519,0.06579033658223439,1.1318518272711842,-0.34601742863825774,-0.036216343713196555,-0.32702247800751094,LUAD,II,Lung Mucinous Adenocarcinoma,Primary Tumor,15.0,0.74,1
TCGA-44-6147,0.04628461286862927,-0.13511108215808196,-0.02718115849383022,0.09625586395984026,0.01383476816339914,0.11640690516162909,LUAD,I,Lung Adenocarcinoma- Not Otherwise Specified (NOS),Primary Tumor,,0.36,1
TCGA-44-6148,-0.12198725629145224,-0.08198648779084496,0.2950488175564492,-0.01756094558814327,-0.14359005638316402,0.001027158956062176,LUAD,I,Lung Mucinous Adenocarcinoma,Primary Tumor,60.0,,1
TCGA-44-6774,0.07500839116801399,0.021283056954514393,-1.072411352933089,0.14601536955030991,0.09765918837839604,0.144887677940195,LUAD,III,Lung Adenocarcinoma- Not Otherwise Specified (NOS),Primary Tumor,20.0,0.36,1
TCGA-44-6775,0.13233840588514167,0.34092332813291154,-0.5650250941434721,0.05989186066682946,0.12243263773136957,0.06837889147557363,LUAD,I,Lung Adenocarcinoma- Not Otherwise Specified (NOS),Primary Tumor,25.0,0.38,1
TCGA-44-6776,-0.13872451956828974,-0.384513057897672,0.498244276609536,-0.37494102088630876,-0.1871692909758386,-0.3690058648364227,LUAD,I,Lung Adenocarcinoma- Not Otherwise Specified (NOS),Primary Tumor,45.0,0.64,1
TCGA-44-6777,0.1830657724495813,0.43822753599520564,-1.2338051210089749,0.4711927661710313,0.21506206661347482,0.46678655107711525,LUAD,I,Lung Adenocarcinoma- Not Otherwise Specified (NOS),Primary Tumor,64.0,0.34,1
TCGA-44-6778,0.20945516930178112,0.1108284431833381,0.0697274249603,0.09650414118044796,0.3120667777380495,0.08670048055112436,LUAD,I,Lung Adenocarcinoma- Not Otherwise Specified (NOS),Primary Tumor,15.0,,1
TCGA-44-6779,0.21402465272364693,0.18543402023177655,0.22607135734133754,-0.16312636680637782,0.19117148444719978,-0.1651236919121594,LUAD,II,Lung Adenocarcinoma- Not Otherwise Specified (NOS),Primary Tumor,15.0,0.43,1
TCGA-44-7659,-0.3115902661765218,-0.43729490804241217,0.22392414960857934,-0.33725535152402947,-0.3003764058552793,-0.3345969052962998,LUAD,I,Lung Adenocarcinoma- Not Otherwise Specified (NOS),Primary Tumor,40.0,0.59,1
TCGA-44-7660,0.6901867160376483,0.177995651404042,-1.3180574058231398,-0.11024468168397118,0.7436213040529207,-0.1076546080220735,LUAD,I,Lung Adenocarcinoma- Not Otherwise Specified (NOS),Primary Tumor,124.0,,1
TCGA-44-7661,0.19068641653761942,0.4636718068480652,-0.6731704959746305,0.5269180718089328,0.23296703525908427,0.5267694188454375,LUAD,I,Lung Adenocarcinoma- Not Otherwise Specified (NOS),Primary Tumor,22.0,,1
TCGA-44-7662,0.013138766824347805,0.2030129236262321,-0.8832580966649498,0.13001098796434896,-0.0011774319391648718,0.13282019679319032,LUAD,I,Lung Adenocarcinoma- Not Otherwise Specified (NOS),Primary Tumor,50.0,0.33,1
TCGA-44-7667,-0.26673934769347823,-0.21300197858007316,0.4881853912561663,-0.5610888252342413,-0.318540829974054,-0.5701563889751852,LUAD,II,Lung Adenocarcinoma- Not Otherwise Specified (NOS),Primary Tumor,50.0,,1
TCGA-44-7669,0.45279051679650256,0.3382155723319131,0.37146531444793224,0.050596247160330385,0.48521122292681174,0.04667295057278802,LUAD,II,Lung Adenocarcinoma- Not Otherwise Specified (NOS),Primary Tumor,20.0,,1
TCGA-44-7670,0.6153873023308548,0.34785676819280614,0.4270361097319859,0.1010789063762835,0.625848420965996,0.09806859681993578,LUAD,II,Lung Adenocarcinoma- Not Otherwise Specified (NOS),Primary Tumor,30.0,0.68,1
TCGA-44-7671,0.0628336330275788,-0.23359487344947605,-0.22904940791870523,-0.010801321369318231,0.048227928503434256,-0.009552956980199733,LUAD,I,Lung Adenocarcinoma Mixed Subtype,Primary Tumor,,0.67,1
TCGA-44-7672,0.04930553762779116,0.3602619134433164,-1.1838079265735768,0.16057843754643947,0.03936589759757011,0.16679131126920518,LUAD,I,Lung Adenocarcinoma- Not Otherwise Specified (NOS),Primary Tumor,20.0,0.19,1
TCGA-44-8117,-0.2878213082387676,0.012983792351144885,-0.11426582435849901,0.015518543640483096,-0.26401737356292204,0.014992061642249704,LUAD,I,Lung Adenocarcinoma- Not Otherwise Specified (NOS),Primary Tumor,54.0,,1
TCGA-44-8119,0.2146609613208658,0.3331521520551861,-0.6032219561545932,0.5742694405891161,0.2325694590786733,0.5825253254202652,LUAD,II,Lung Adenocarcinoma- Not Otherwise Specified (NOS),Primary Tumor,50.0,,1
TCGA-44-8120,-0.16855377942099758,-0.1417352751015345,0.10141781928906761,0.037220613816662085,-0.19910620896490383,0.04132992661094127,LUAD,I,Lung Adenocarcinoma- Not Otherwise Specified (NOS),Primary Tumor,30.0,,1
TCGA-44-A479,0.10217036368293891,-0.06050441427859443,-0.5265554016765194,-0.15313090749052644,0.14955345974738415,-0.14944243135091012,LUAD,I,Lung Adenocarcinoma- Not Otherwise Specified (NOS),Primary Tumor,40.0,,1
TCGA-44-A47A,-0.1328139683962184,0.09129614351130808,-0.10509742989141042,-0.14634276099905505,-0.1270315210575426,-0.14568066794999104,LUAD,I,Lung Adenocarcinoma- Not Otherwise Specified (NOS),Primary Tumor,80.0,,1
TCGA-44-A47B,0.010771422253283215,-0.10954320816700927,0.6304234012655169,0.021584606608300073,-0.009551695164843428,0.02825636523873391,LUAD,I,Lung Adenocarcinoma- Not Otherwise Specified (NOS),Primary Tumor,4.5,,1
TCGA-44-A47G,0.22680830218640685,0.25562087310764564,-0.5372891957277536,0.39307258449202254,0.2588342153127166,0.3966422811782764,LUAD,I,Lung Adenocarcinoma- Not Otherwise Specified (NOS),Primary Tumor,28.0,,1
TCGA-44-A4SS,0.5662190222182358,0.281952672015659,-1.0623743383364805,-0.016536943066292803,0.5981385438614434,-0.015620680410687824,LUAD,I,Lung Adenocarcinoma- Not Otherwise Specified (NOS),Primary Tumor,90.0,,1
TCGA-44-A4SU,-0.07649922482502491,0.05981006384811179,0.36479181364949653,0.04360163466366355,-0.16337545478879387,0.05436941142076819,LUAD,I,Lung Adenocarcinoma- Not Otherwise Specified (NOS),Primary Tumor,50.0,,1
TCGA-49-4486,-0.5887153708600595,-0.5204060819336596,1.0274784542657058,-0.3643693248338176,-0.6524454416908803,-0.36740784982020336,LUAD,I,Lung Adenocarcinoma- Not Otherwise Specified (NOS),Primary Tumor,17.5,0.72,1
TCGA-49-4487,-0.17322560600393938,0.04123716376890874,-0.7842777962370985,0.15880246019991934,-0.15994232429005048,0.1559759014462556,LUAD,I,Lung Adenocarcinoma- Not Otherwise Specified (NOS),Primary Tumor,40.0,,1
TCGA-49-4488,-0.19800083624991188,-0.03436183046685193,0.6258284768992857,-0.03677434956768708,-0.27752955329871404,-0.04131594565793384,LUAD,I,Lung Adenocarcinoma- Not Otherwise Specified (NOS),Primary Tumor,,,1
TCGA-49-4490,-0.027600885696194344,0.07711784958556708,-0.1564604455172871,0.09960527552862901,-0.07130832688631322,0.10177071187752645,LUAD,III,Lung Adenocarcinoma- Not Otherwise Specified (NOS),Primary Tumor,5.0,,1
TCGA-49-4494,-0.32802682721938414,0.145419962342182,-0.2108255166688334,0.12409556482371788,-0.31106589028987786,0.11708599599200614,LUAD,III,Lung Adenocarcinoma- Not Otherwise Specified (NOS),Primary Tumor,50.0,0.3,1
TCGA-49-4501,-0.14156317904258447,-0.3637878813305372,-0.24642543291060284,0.13699245543242225,-0.11576454277759343,0.13108627857710975,LUAD,I,Lung Adenocarcinoma- Not Otherwise Specified (NOS),Primary Tumor,,0.43,1
TCGA-49-4505,-0.05833890426871652,0.21207754502856951,-0.15893550501531475,0.3037734625206137,-0.08988503110038476,0.29932197353424733,LUAD,II,Lung Adenocarcinoma- Not Otherwise Specified (NOS),Primary Tumor,74.0,,1
TCGA-49-4506,-0.12039420153764134,-0.12445848058655165,0.16567246588266502,0.013479489395511053,-0.13868793563958345,-0.0007818302963816319,LUAD,II,Lung Adenocarcinoma- Not Otherwise Specified (NOS),Primary Tumor,100.0,0.25,1
TCGA-49-4507,0.01867468200478427,0.09478109096420378,0.021725401735446098,-0.04106478251163226,-0.01187373942633526,-0.052169107802332276,LUAD,III,Lung Adenocarcinoma- Not Otherwise Specified (NOS),Primary Tumor,78.0,0.35,1
TCGA-49-4510,-0.3083423530669295,-0.6588900823854265,0.22970241892799678,0.1033757096600097,-0.27399538274998875,0.10337136718564786,LUAD,II,Lung Adenocarcinoma- Not Otherwise Specified (NOS),Primary Tumor,55.5,0.63,1
TCGA-49-4512,-0.2576007078471446,-0.16718327663502067,-0.8571380886574186,-0.09502042583865944,-0.3177445228111386,-0.0920710520584462,LUAD,III,Lung Adenocarcinoma- Not Otherwise Specified (NOS),Primary Tumor,,0.48,1
TCGA-49-4514,-0.1106879566206326,0.008750141638376006,0.7297520528043462,-0.377883455317309,-0.15751155741283376,-0.3800252774475425,LUAD,I,Lung Papillary Adenocarcinoma,Primary Tumor,65.0,0.34,1
TCGA-49-6742,-0.04304204415292271,0.04103442235348053,0.6275203708703782,-0.0923706308455727,-0.026295060569293628,-0.08761063334330507,LUAD,II,Mucinous (Colloid) Carcinoma,Primary Tumor,10.0,0.49,1
TCGA-49-6743,0.26670092270246576,-0.05542060152940623,-0.6096882988747384,0.17191189263510975,0.3120611199135448,0.16060447291335414,LUAD,III,Lung Clear Cell Adenocarcinoma,Primary Tumor,50.0,,1
TCGA-49-6744,-0.0030133990932508185,0.10595211626841593,-0.13864481056203923,0.16631128510596538,-0.002303068462917218,0.17203132877781527,LUAD,II,Lung Adenocarcinoma Mixed Subtype,Primary Tumor,20.0,,1
TCGA-49-6745,0.05985521717926914,0.28297760085215523,-0.24969238526995707,0.07992970552378105,0.08794404419774673,0.08155988021579917,LUAD,III,Lung Adenocarcinoma- Not Otherwise Specified (NOS),Primary Tumor,20.0,0.34,1
TCGA-49-6761,-0.17248062698498903,0.2979050523878834,-0.26636148389624975,0.2056256788654122,-0.1780398822268195,0.19460829630576723,LUAD,III,Lung Adenocarcinoma- Not Otherwise Specified (NOS),Primary Tumor,50.0,0.29,1
TCGA-49-6767,0.2014607529004488,-0.02975072245455447,0.20714252906811426,-0.23135699402048407,0.20480059717751498,-0.22247902680595105,LUAD,II,Lung Adenocarcinoma- Not Otherwise Specified (NOS),Primary Tumor,30.0,0.43,1
TCGA-49-AAQV,-0.07561542910859104,-0.10970715654906674,-0.25022633829660473,0.06224214253182183,-0.06167303890718319,0.05108555413173146,LUAD,II,Lung Adenocarcinoma Mixed Subtype,Primary Tumor,,,1
TCGA-49-AAR0,0.20170815475642104,-0.34516448366503033,-0.28555122001194005,0.09816915688297816,0.24789466215567732,0.08435448323591249,LUAD,I,Lung Adenocarcinoma- Not Otherwise Specified (NOS),Primary Tumor,37.0,,1
TCGA-49-AAR2,-0.08965723880139087,-0.3264091519398656,0.22901603495460313,-0.3531383879067306,-0.14195301765626192,-0.35643435596662115,LUAD,I,Lung Acinar Adenocarcinoma,Primary Tumor,,,1
TCGA-49-AAR3,0.3109124249318617,0.1927032001913434,-1.2096225009102464,-0.20240543243022288,0.3584648560698209,-0.20893129034396812,LUAD,II,Lung Adenocarcinoma- Not Otherwise Specified (NOS),Primary Tumor,,,1
TCGA-49-AAR4,-0.009605862642523205,0.0007288364790311845,-0.5720551984445236,0.05043633353271435,-0.0216290812889662,0.05107743645092638,LUAD,III,Lung Adenocarcinoma- Not Otherwise Specified (NOS),Primary Tumor,35.0,,1
TCGA-49-AAR9,0.46019894485677965,0.07995771541022328,0.23662752368823792,0.010751858998688893,0.449208699031646,-0.0010106723114460933,LUAD,II,Lung Adenocarcinoma- Not Otherwise Specified (NOS),Primary Tumor,,,1
TCGA-49-AARE,0.16590829527152753,-0.11779908114324812,-1.196401025598901,-0.041175351095209624,0.17519194888881365,-0.058404513007707125,LUAD,I,Lung Adenocarcinoma- Not Otherwise Specified (NOS),Primary Tumor,15.0,,1
TCGA-49-AARN,-0.07057586051014371,0.07361783728888621,-0.3817994720729235,-0.06306467210307362,-0.07083613647735858,-0.06028672352897382,LUAD,I,Lung Adenocarcinoma- Not Otherwise Specified (NOS),Primary Tumor,,,1
TCGA-49-AARO,0.02810180630284668,0.29326070359184875,-0.27281148684125006,0.35311587779370374,0.020761624969983045,0.3585562971736365,LUAD,I,Lung Papillary Adenocarcinoma,Primary Tumor,,,1
TCGA-49-AARQ,-0.03599280750607881,-0.2264379694781595,-0.16059415034979777,-0.34552099037323825,0.03723800831264231,-0.36066716815141164,LUAD,I,Lung Adenocarcinoma- Not Otherwise Specified (NOS),Primary Tumor,60.0,,1
TCGA-49-AARR,-0.06179091068270672,-0.4535017614486172,-0.2587525593071221,0.038630840592361854,0.009902095351103056,0.03869191834308727,LUAD,I,Lung Adenocarcinoma- Not Otherwise Specified (NOS),Primary Tumor,,,1
TCGA-4B-A93V,-0.03785085246783683,-0.6555315508975909,-0.32275706605547266,0.1473613128063719,-0.015762483216694007,0.12781486935451164,LUAD,I,Lung Adenocarcinoma Mixed Subtype,Primary Tumor,30.0,,1
TCGA-50-5044,-0.041795688319631624,0.057896846368370815,-1.0783452864130327,0.3209533526718456,-0.05250592084978745,0.3099962655450885,LUAD,III,Lung Adenocarcinoma- Not Otherwise Specified (NOS),Primary Tumor,,0.21,1
TCGA-50-5045,-0.1512333787739038,-0.0007730450111038456,-0.8637133023593635,0.2757992225498067,-0.10191958542846663,0.2629162470126094,LUAD,unknown,Lung Adenocarcinoma- Not Otherwise Specified (NOS),Primary Tumor,,,1
TCGA-50-5049,-0.1361378240919933,0.0518398006836499,-0.7138050619869158,0.16627552133787238,-0.08552266273269093,0.16317071205813938,LUAD,I,Lung Adenocarcinoma- Not Otherwise Specified (NOS),Primary Tumor,,,1
TCGA-50-5051,0.19933927608467067,-0.4169878847274963,-0.3029205839844698,-0.02253609753528896,0.1756589859249655,-0.019941363313467582,LUAD,III,Lung Adenocarcinoma- Not Otherwise Specified (NOS),Primary Tumor,30.0,0.59,1
TCGA-50-5055,-0.16182861867364634,0.07924705161911111,-0.726502151214342,0.04618732811015021,-0.15344529179091584,0.051374594919362936,LUAD,II,Lung Adenocarcinoma Mixed Subtype,Primary Tumor,,,1
TCGA-50-5066,-0.2736658170406269,0.10340431700971232,-0.4790585728108474,0.31742676944455656,-0.25182669681223435,0.3148050751107123,LUAD,I,Lung Adenocarcinoma Mixed Subtype,Primary Tumor,,,1
TCGA-50-5068,-0.7973144004212175,0.047885865177618905,0.5465638625250534,-0.05570936087500651,-0.8236271475803989,-0.05659372342762008,LUAD,II,Lung Adenocarcinoma- Not Otherwise Specified (NOS),Primary Tumor,,0.38,1
TCGA-50-5072,0.2591382803472389,-0.08732232928204767,-0.4460150093712003,0.1971871013687179,0.2774768001450696,0.18867973765587995,LUAD,III,Lung Adenocarcinoma- Not Otherwise Specified (NOS),Primary Tumor,15.0,0.45,1
TCGA-50-5930,-0.15574457222250682,-0.01391331246148492,-0.32101810151069393,0.33231624048762365,-0.16720279806355154,0.33726169471528905,LUAD,III,Lung Adenocarcinoma Mixed Subtype,Primary Tumor,,,1
TCGA-50-5931,0.30630815988857923,0.2725045293170455,0.08988776313252538,0.15313902180607955,0.23633576289367278,0.15983239283893733,LUAD,I,Lung Adenocarcinoma- Not Otherwise Specified (NOS),Primary Tumor,40.0,0.76,1
TCGA-50-5932,-0.31842020602071835,-0.2500215874641964,1.3079151114769187,-0.4613971759160593,-0.4127404394937013,-0.4478751053352566,LUAD,II,Lung Adenocarcinoma- Not Otherwise Specified (NOS),Primary Tumor,,0.85,1
TCGA-50-5933,0.22462851140001433,0.3979617502817056,-0.5943884241171199,0.29876700688131125,0.23711953261257118,0.2971203310242493,LUAD,III,Lung Adenocarcinoma- Not Otherwise Specified (NOS),Primary Tumor,,0.3,1
TCGA-50-5935,-0.14603406522009024,-0.16705874066176837,0.46620811690480446,-0.03161029447172075,-0.2045211314139491,-0.02197721325130885,LUAD,I,Lung Adenocarcinoma- Not Otherwise Specified (NOS),Primary Tumor,,0.58,1
TCGA-50-5936,-0.07284782661950708,-0.1398276545311293,-1.3259517268979408,0.09099628185967354,-0.021605131673381767,0.07281196213431992,LUAD,III,Mucinous (Colloid) Carcinoma,Primary Tumor,,0.43,1
TCGA-50-5939,0.3914910105342927,0.1857176700908985,-0.04878383539978589,0.4077282130429417,0.42597922979012515,0.3991279920334559,LUAD,I,Lung Adenocarcinoma Mixed Subtype,Primary Tumor,15.0,0.33,1
TCGA-50-5941,0.06361639757295011,0.23869336985194137,-0.4410166013785675,-0.013016968803318811,0.0894555400037795,-0.019048138869074693,LUAD,III,Lung Adenocarcinoma- Not Otherwise Specified (NOS),Primary Tumor,25.0,,1
TCGA-50-5942,-0.1062646279363985,-0.09505635247307757,1.1001553558823918,-0.2641993264526835,-0.17331225602974293,-0.24567419116679995,LUAD,I,Lung Adenocarcinoma- Not Otherwise Specified (NOS),Primary Tumor,30.0,0.7,1
TCGA-50-5944,0.15916231772341768,-0.13636397741667702,0.9885750678143351,-0.1919813234915645,0.13384306428639298,-0.17806881594472845,LUAD,I,Lung Acinar Adenocarcinoma,Primary Tumor,,0.57,1
TCGA-50-5946,-0.14801161238900407,-0.014735138306378848,1.4955506542275199,-0.18375370513239234,-0.21997790508211992,-0.16700901591327763,LUAD,I,Lung Adenocarcinoma Mixed Subtype,Primary Tumor,,,1
TCGA-50-6590,0.31419789740618503,0.10673529407604605,-1.316297551983152,0.003956412062630372,0.35727329993638407,-0.011572630405617979,LUAD,I,Lung Adenocarcinoma- Not Otherwise Specified (NOS),Primary Tumor,50.0,,1
TCGA-50-6591,-0.10036741073823928,-0.08789794255309662,0.05411619622248002,-0.21551310611678018,-0.1598284867225653,-0.20393237189408162,LUAD,IV,Lung Adenocarcinoma- Not Otherwise Specified (NOS),Primary Tumor,,,1
TCGA-50-6592,0.46944302774026875,0.2956964331799375,-0.6324739278543313,0.3540224548991026,0.54889712534494,0.3482572171428368,LUAD,I,Lung Adenocarcinoma- Not Otherwise Specified (NOS),Primary Tumor,,,1
TCGA-50-6593,0.05637016237864151,0.15850051488026412,-0.562900361598459,0.06352997379675751,0.039983222760782935,0.06906937170894886,LUAD,III,Lung Adenocarcinoma Mixed Subtype,Primary Tumor,,0.31,1
TCGA-50-6594,0.03176325922997647,0.24096283912656208,0.24499453800244284,-0.12927274932942706,-0.013081123628246677,-0.13839036398402316,LUAD,III,Lung Adenocarcinoma- Not Otherwise Specified (NOS),Primary Tumor,,,1
TCGA-50-6595,0.025340649300351917,0.09720245488666142,-0.8622003306729668,0.26856997183325676,0.049082430473095656,0.2616862221711372,LUAD,III,Lung Adenocarcinoma- Not Otherwise Specified (NOS),Primary Tumor,,,1
TCGA-50-6597,-0.5749074303753668,-0.3821345656159447,0.6969304215770339,-0.36331682464991427,-0.6484314704022426,-0.3608072599963841,LUAD,I,Lung Adenocarcinoma- Not Otherwise Specified (NOS),Primary Tumor,,,1
TCGA-50-6673,0.07021948039046484,0.020007943490575972,-0.05165289244586724,0.10546157582508306,0.12053020276311735,0.10662248523262317,LUAD,I,Lung Adenocarcinoma- Not Otherwise Specified (NOS),Primary Tumor,,0.35,1
TCGA-50-7109,-0.12643548946326189,-0.01546847639186793,-0.18111680106248054,-0.15864835319339468,-0.15381445356186155,-0.15487663628303502,LUAD,I,Lung Adenocarcinoma- Not Otherwise Specified (NOS),Primary Tumor,120.0,0.45,1
TCGA-50-8457,0.11207781764722737,-0.38901186643639096,-0.041586963148677235,0.0056331161005081076,0.10864310142843553,0.011008096743167634,LUAD,I,Lung Adenocarcinoma Mixed Subtype,Primary Tumor,30.0,,1
TCGA-50-8459,0.21808622325747523,0.38975005693501774,-1.8897531391075357,0.410364053789197,0.20391821421553716,0.4300917285727737,LUAD,II,Mucinous (Colloid) Carcinoma,Primary Tumor,10.0,,1
TCGA-50-8460,-0.13623558608379985,0.0323390236965536,-0.09527674964675285,0.006515961559197631,-0.14446277801846305,-0.00025420565541894164,LUAD,I,Lung Papillary Adenocarcinoma,Primary Tumor,,,1
TCGA-53-7624,0.3177150394098795,-0.15181511911260387,1.5528154141746755,0.08956854254526926,0.3081461938495883,0.0802238023125575,LUAD,IV,Lung Adenocarcinoma- Not Otherwise Specified (NOS),Primary Tumor,50.0,,1
TCGA-53-7626,0.012651588020113277,-0.11586329082843999,0.03195452223246072,0.157951890736319,0.08048670395931888,0.15359926629884388,LUAD,II,Lung Adenocarcinoma- Not Otherwise Specified (NOS),Primary Tumor,35.0,0.26,1
TCGA-53-7813,-0.2164241070220403,-0.06157333631686573,1.2894439811837894,-0.2905967509609741,-0.24593226433112433,-0.2845683732098991,LUAD,III,Lung Bronchioloalveolar Carcinoma Nonmucinous,Primary Tumor,35.0,,1
TCGA-53-A4EZ,0.3148302219119431,-0.29518052449653853,0.6315104476053249,-0.40963394636259187,0.2941906301574394,-0.40194794315065485,LUAD,II,Lung Acinar Adenocarcinoma,Primary Tumor,40.0,,1
TCGA-55-1592,-0.18998753346312544,-0.1993481993635671,-0.24779685846825075,0.051666015255634086,-0.08476797670096056,0.036915063766155255,LUAD,I,Lung Adenocarcinoma- Not Otherwise Specified (NOS),Primary Tumor,,0.49,1
TCGA-55-1594,0.006388285343467506,0.12167344194951957,0.5392308246430849,-0.2090262842672383,0.012987434433664213,-0.2129372207237362,LUAD,III,Lung Adenocarcinoma- Not Otherwise Specified (NOS),Primary Tumor,,0.54,1
TCGA-55-1595,-0.053895640280054995,-0.044696300430508214,-0.5199415807756155,-0.1259042308413111,-0.06907282424518488,-0.12759879117877349,LUAD,I,Lung Clear Cell Adenocarcinoma,Primary Tumor,,,1
TCGA-55-1596,-0.04702145305825814,-0.06607164921470352,0.6181691721682673,-0.3246503341408914,-0.06649736876277591,-0.3203405559050097,LUAD,II,Lung Adenocarcinoma- Not Otherwise Specified (NOS),Primary Tumor,50.0,0.62,1
TCGA-55-5899,0.3451201843095705,0.0944749565729618,-0.015385872522879795,-0.11871580695355836,0.3528702672853433,-0.11811513751648804,LUAD,unknown,Lung Adenocarcinoma- Not Otherwise Specified (NOS),Primary Tumor,,,1
TCGA-55-6543,0.0326464992115564,-0.2536610978183018,0.42009155490174743,0.11320959089996499,0.06383554419691134,0.10597666448133831,LUAD,I,Lung Bronchioloalveolar Carcinoma Mucinous,Primary Tumor,60.0,0.65,1
TCGA-55-6642,0.02877524606700169,0.14736958127515062,-1.062412632759955,0.195513700231768,0.028862479477262545,0.20330088306127614,LUAD,I,Lung Adenocarcinoma- Not Otherwise Specified (NOS),Primary Tumor,,0.36,1
TCGA-55-6712,0.14310419960211795,0.4567479088091809,0.23428277353749957,0.1482283145570443,0.1134425673652968,0.15656894957434947,LUAD,II,Lung Adenocarcinoma- Not Otherwise Specified (NOS),Primary Tumor,,0.29,1
TCGA-55-6968,0.35623757529903727,0.052837868926094315,-0.10686600607217489,-0.21867572452534062,0.3724909479173889,-0.22390079131975824,LUAD,IV,Lung Adenocarcinoma- Not Otherwise Specified (NOS),Primary Tumor,,,1
TCGA-55-6969,0.16412865893725423,0.05739200181775427,-0.698083104054788,0.22486086608628944,0.16835865874839998,0.22364857078280295,LUAD,I,Lung Adenocarcinoma- Not Otherwise Specified (NOS),Primary Tumor,,,1
TCGA-55-6970,0.09561344042258435,0.02977387344949321,0.20898189167336678,0.063376685270176,0.14799439820153132,0.05926725098351701,LUAD,III,Lung Papillary Adenocarcinoma,Primary Tumor,,0.56,1
TCGA-55-6971,0.14061509043088655,0.20924649493378905,-0.5891839108157059,0.18444435616837623,0.21941485280885062,0.17988286649420343,LUAD,I,Lung Adenocarcinoma- Not Otherwise Specified (NOS),Primary Tumor,60.0,0.22,1
TCGA-55-6972,-0.42533340219617716,-0.8860063712400899,1.955182488680161,-0.8957993300306681,-0.5201206591596126,-0.8960561485809777,LUAD,I,Lung Papillary Adenocarcinoma,Primary Tumor,,,1
TCGA-55-6975,0.06091774044625649,0.13064654149549682,-0.7892698481385955,0.032586437038020374,0.046331072740000014,0.030504234064212665,LUAD,II,Lung Adenocarcinoma Mixed Subtype,Primary Tumor,,,1
TCGA-55-6978,0.1736708802252492,0.3541659102787131,-1.0758459339887454,0.22563907596292965,0.22575224744751288,0.22510674653854842,LUAD,II,Lung Adenocarcinoma- Not Otherwise Specified (NOS),Primary Tumor,,,1
TCGA-55-6979,0.03176458320503868,0.2237399070433992,-0.9394288018341305,0.03125396945268658,0.10613808654527189,0.029614908201548606,LUAD,II,Lung Adenocarcinoma- Not Otherwise Specified (NOS),Primary Tumor,,0.18,1
TCGA-55-6980,0.09939813776423978,-0.08991045229135737,-0.5274552399186397,0.5165114025030251,0.10443752062242559,0.5107796960475072,LUAD,I,Lung Bronchioloalveolar Carcinoma Nonmucinous,Primary Tumor,,0.3,1
TCGA-55-6981,0.07668360543295037,0.28280001476159067,0.32976189101370684,0.0017207462150584023,0.04241279441528459,0.008550716043636521,LUAD,III,Lung Adenocarcinoma- Not Otherwise Specified (NOS),Primary Tumor,,0.27,1
TCGA-55-6982,0.2754017393229158,0.3641386545797357,-0.5456068146295546,0.20133330245751493,0.2602571788580498,0.2034405882827669,LUAD,II,Lung Adenocarcinoma- Not Otherwise Specified (NOS),Primary Tumor,,0.25,1
TCGA-55-6983,-0.18219864043963147,-0.2695354618994364,-0.775269778084664,0.05223654921415564,-0.13134661287401758,0.0457450270475785,LUAD,II,Mucinous (Colloid) Carcinoma,Primary Tumor,60.0,,1
TCGA-55-6984,0.07352094512513442,0.5187203298137725,-0.21523225990360326,0.06715436310595124,0.06468281662392986,0.061492173514005474,LUAD,II,Lung Adenocarcinoma- Not Otherwise Specified (NOS),Primary Tumor,,,1
TCGA-55-6985,0.09373211356650511,0.14110229241934333,-0.09569401239493226,0.1976843228087986,0.11472046381306034,0.19948451275429496,LUAD,I,Lung Adenocarcinoma- Not Otherwise Specified (NOS),Primary Tumor,50.0,,1
TCGA-55-6986,-0.026944003383112262,0.23114893406695544,0.5462220262763345,-0.0046919166795110915,-0.037356465504255316,-0.008365918481972,LUAD,I,Lung Bronchioloalveolar Carcinoma Nonmucinous,Primary Tumor,,0.39,1
TCGA-55-6987,0.24465889268071628,0.28454920658996163,-0.4670828743580526,0.17230265728767707,0.30595669382940666,0.16529440377380955,LUAD,I,Lung Adenocarcinoma- Not Otherwise Specified (NOS),Primary Tumor,,,1
TCGA-55-7227,-0.017410699455585207,0.1745027709777315,-0.22286660696680335,0.02844400675880405,-0.036574294679134325,0.03289616158445991,LUAD,III,Lung Adenocarcinoma- Not Otherwise Specified (NOS),Primary Tumor,,,1
TCGA-55-7281,-0.07766668886619729,0.011460878673786182,-1.1313889567438122,0.17932352548218694,-0.03814441888325395,0.17378206994761988,LUAD,I,Lung Adenocarcinoma- Not Otherwise Specified (NOS),Primary Tumor,20.0,0.59,1
TCGA-55-7283,-0.29185882470678814,-0.2028325141486326,0.8364941310311159,-0.3818014465957068,-0.3166443878150364,-0.38156638070416304,LUAD,III,Lung Bronchioloalveolar Carcinoma Nonmucinous,Primary Tumor,5.0,,1
TCGA-55-7284,0.04202656416070596,0.11522470622521355,0.07716691527158974,0.05435089848346156,0.04796745189466286,0.06265187746466233,LUAD,II,Lung Bronchioloalveolar Carcinoma Nonmucinous,Primary Tumor,,,1
TCGA-55-7570,0.2606720917782652,-0.2987873353448499,0.13983166105476164,-0.5055504070686869,0.25663071051365766,-0.5102371939611644,LUAD,I,Lung Adenocarcinoma- Not Otherwise Specified (NOS),Primary Tumor,,,1
TCGA-55-7573,0.09311536945940657,-0.22176254933580708,0.4155326347514336,-0.14311711713408512,0.07202963440077977,-0.13948490564108385,LUAD,I,Lung Adenocarcinoma- Not Otherwise Specified (NOS),Primary Tumor,,0.33,1
TCGA-55-7574,0.016134698673424847,-0.07183837095329425,-0.6412606547525868,0.26403641918663073,0.04305600337693399,0.27096785098714404,LUAD,I,Lung Adenocarcinoma- Not Otherwise Specified (NOS),Primary Tumor,2.0,0.16,1
TCGA-55-7576,0.11707398804243124,0.1490597849001485,0.03755272314126231,-0.1184036207552265,0.11175646166379755,-0.10886232756273845,LUAD,I,Lung Adenocarcinoma- Not Otherwise Specified (NOS),Primary Tumor,,0.47,1
TCGA-55-7724,-0.0916035929944299,0.18321562137590905,0.9712907996948031,0.028104060153760806,-0.06036939392632765,0.038670579643772,LUAD,I,Lung Adenocarcinoma- Not Otherwise Specified (NOS),Primary Tumor,50.0,,1
TCGA-55-7725,-0.516950921140486,-0.027480266727870035,2.257110173683286,-0.41031661183741047,-0.5528295368701139,-0.39576668528013137,LUAD,I,Lung Adenocarcinoma- Not Otherwise Specified (NOS),Primary Tumor,16.0,,1
TCGA-55-7726,0.1604939716591899,0.3137633105853948,-0.10872367552108868,0.08108179421915483,0.1250665334989016,0.09242982171839265,LUAD,I,Lung Adenocarcinoma- Not Otherwise Specified (NOS),Primary Tumor,30.0,,1
TCGA-55-7727,-0.27864137981083126,0.25639871289985433,1.7135954411487766,-0.34986898418824014,-0.29128952852744966,-0.34125693945544305,LUAD,III,Lung Adenocarcinoma- Not Otherwise Specified (NOS),Primary Tumor,,,1
TCGA-55-7728,0.13679551607636173,0.17287350969492443,0.09703232502402037,-0.03298845362330747,0.17739031384607287,-0.037170914902825786,LUAD,I,Mucinous (Colloid) Carcinoma,Primary Tumor,30.0,,1
TCGA-55-7815,-0.4671520286258517,0.13769983737134137,0.3323766438357305,-0.26828918955537323,-0.4598231865326111,-0.25760253445790626,LUAD,I,Lung Adenocarcinoma- Not Otherwise Specified (NOS),Primary Tumor,,,1
TCGA-55-7816,0.052636776708407176,0.0062288640282300595,-0.3829994190269772,-0.17221777479912848,0.07244780409519323,-0.16543571034257004,LUAD,IV,Lung Adenocarcinoma- Not Otherwise Specified (NOS),Primary Tumor,,,1
TCGA-55-7903,-0.08041637806741858,0.22589504165345478,0.5528506393063098,-0.0034225414784400444,-0.11453509386855402,-0.002022046912225021,LUAD,I,Lung Adenocarcinoma- Not Otherwise Specified (NOS),Primary Tumor,40.0,,1
TCGA-55-7907,-0.040240255061903964,0.270260361581998,0.007656883153028704,-0.11025410154026488,-0.038691037593775804,-0.10386421913035698,LUAD,II,Lung Adenocarcinoma- Not Otherwise Specified (NOS),Primary Tumor,80.0,,1
TCGA-55-7910,-0.0733860123817065,-0.3029620710196688,-0.07596533386635695,0.0011388964101888184,-0.08795418650299978,-0.009587076992799363,LUAD,II,Lung Adenocarcinoma- Not Otherwise Specified (NOS),Primary Tumor,15.0,,1
TCGA-55-7911,-0.10172525238058039,0.12026995350545214,0.14974444492558003,-0.19349097924774047,-0.07656690771671805,-0.2027558840969893,LUAD,I,Lung Adenocarcinoma- Not Otherwise Specified (NOS),Primary Tumor,96.0,,1
TCGA-55-7913,-0.09371962186158878,-0.13252831648228247,0.9931702560657666,-0.20922633128147988,-0.1038962997547503,-0.19849459537138872,LUAD,I,Lung Adenocarcinoma- Not Otherwise Specified (NOS),Primary Tumor,40.0,,1
TCGA-55-7914,-0.2548345477439889,-0.08743411472190085,-0.8123202965292023,-0.22854688251950536,-0.21910078167811778,-0.22239104379436936,LUAD,II,Lung Adenocarcinoma- Not Otherwise Specified (NOS),Primary Tumor,5.0,,1
TCGA-55-7994,0.2981061369251557,0.6847477448160995,0.6918184715163779,-0.06350678392118539,0.3143441821994156,-0.06664373882668219,LUAD,II,Lung Adenocarcinoma- Not Otherwise Specified (NOS),Primary Tumor,28.0,,1
TCGA-55-7995,0.6373401547816041,0.3484932120831529,-0.405010281716371,0.15271932099844412,0.6785599209810486,0.14562551933913015,LUAD,I,Lung Adenocarcinoma- Not Otherwise Specified (NOS),Primary Tumor,60.0,,1
TCGA-55-8085,0.06579186636811833,-0.008451407298043823,0.03719205711772081,0.07185293457512758,0.08620577729700041,0.060175511454987896,LUAD,I,Lung Papillary Adenocarcinoma,Primary Tumor,,,1
TCGA-55-8087,-0.08043135791889645,-0.29666513950446355,1.238294351155643,-0.4938040303365991,-0.1448052858640655,-0.4730145923182209,LUAD,I,Lung Adenocarcinoma- Not Otherwise Specified (NOS),Primary Tumor,,,1
TCGA-55-8089,0.313606774117337,0.31470524573983627,-1.2041983618449517,0.036946496859800435,0.3750595993910913,0.039295262626053595,LUAD,I,Lung Adenocarcinoma- Not Otherwise Specified (NOS),Primary Tumor,97.0,,1
TCGA-55-8090,0.06857744813959542,0.5430020565152122,-0.209635518399691,0.40488387960618083,0.06388383715752824,0.4003620190025267,LUAD,I,Lung Adenocarcinoma- Not Otherwise Specified (NOS),Primary Tumor,,,1
TCGA-55-8091,0.4523670945559229,-0.17142597020485353,-1.0009107612600334,0.3556166842039331,0.5231269023660615,0.35044586339561745,LUAD,I,Lung Adenocarcinoma- Not Otherwise Specified (NOS),Primary Tumor,,,1
TCGA-55-8092,-0.16998882592044665,-0.31764940226122906,0.40778763338652063,-0.08551674721384682,-0.21456229966854032,-0.08822321882346032,LUAD,II,Lung Adenocarcinoma- Not Otherwise Specified (NOS),Primary Tumor,40.0,,1
TCGA-55-8094,-0.3709088227558963,-0.28382865240701527,2.868225797668084,-0.00864248944007212,-0.5542671407819311,0.007795706607299958,LUAD,IV,Lung Adenocarcinoma- Not Otherwise Specified (NOS),Primary Tumor,70.0,,1
TCGA-55-8096,0.15761431817333887,0.09833052432783858,-0.5574180215101077,0.34102140786962537,0.14398982496609744,0.33558751264611747,LUAD,I,Lung Adenocarcinoma- Not Otherwise Specified (NOS),Primary Tumor,104.0,,1
TCGA-55-8097,-0.08825218931223952,-0.46441368225974633,-0.328165820332252,-0.28552735549715136,-0.06224688073039146,-0.2741625870945405,LUAD,I,Lung Adenocarcinoma- Not Otherwise Specified (NOS),Primary Tumor,35.0,,1
TCGA-55-8203,-0.1497466863866521,0.06712027555316337,-0.4941036307124249,-0.11208708084636983,-0.14259805496605182,-0.11943643534131458,LUAD,I,Lung Adenocarcinoma- Not Otherwise Specified (NOS),Primary Tumor,50.0,,1
TCGA-55-8204,0.1125197722212388,0.4585898347964117,-0.3859489754074296,0.0981577288975298,0.07270278945522884,0.10252784067045283,LUAD,I,Lung Adenocarcinoma- Not Otherwise Specified (NOS),Primary Tumor,,,1
TCGA-55-8205,0.30962929221023616,0.15232172536482108,-0.14978493305098142,0.010292734623337166,0.35472501534845857,0.005170615194586099,LUAD,II,Lung Adenocarcinoma- Not Otherwise Specified (NOS),Primary Tumor,30.0,,1
TCGA-55-8206,0.03641786298572758,-0.4788180067426471,-0.09762192069013242,-0.1976737800787392,0.06637086168315265,-0.19102541768915565,LUAD,I,Lung Adenocarcinoma- Not Otherwise Specified (NOS),Primary Tumor,,,1
TCGA-55-8207,-0.014388786473845292,-0.15475042800257904,0.28900871050390575,0.3072073198115245,-0.030607944313634443,0.318808295896206,LUAD,I,Lung Acinar Adenocarcinoma,Primary Tumor,,,1
TCGA-55-8208,0.298319754224827,0.14347481051482866,-1.2914363689031172,0.15909815563350657,0.39159544056416934,0.15502187552588426,LUAD,I,Lung Adenocarcinoma- Not Otherwise Specified (NOS),Primary Tumor,50.0,,1
TCGA-55-8299,-0.019995500704330097,0.05438796524802001,-1.2696110065286643,0.18892744122063207,0.07159468177281605,0.17889888633026688,LUAD,I,Lung Adenocarcinoma- Not Otherwise Specified (NOS),Primary Tumor,20.0,,1
TCGA-55-8301,0.06812262959858337,0.12777692814963837,-0.3609677634725368,0.15764150619697145,0.056419356453256964,0.15843811276506947,LUAD,I,Lung Adenocarcinoma- Not Otherwise Specified (NOS),Primary Tumor,100.0,,1
TCGA-55-8302,0.1931664228971477,0.3248565732354052,0.08052549250549616,0.13179420665265418,0.1777628306585039,0.13163743444461745,LUAD,I,Lung Adenocarcinoma- Not Otherwise Specified (NOS),Primary Tumor,59.0,,1
TCGA-55-8505,0.27984971501528944,0.15176039291289017,-1.5285683734754032,0.34547510645056434,0.32214498125151897,0.33689183761272656,LUAD,III,Lung Adenocarcinoma- Not Otherwise Specified (NOS),Primary Tumor,,,1
TCGA-55-8506,-0.18974076712812898,0.15899078501213817,-0.585525554527417,-0.07173836071609586,-0.17703211117313292,-0.0805084292882234,LUAD,II,Lung Adenocarcinoma- Not Otherwise Specified (NOS),Primary Tumor,,,1
TCGA-55-8507,0.0021791579930672384,-0.10951748130552612,-0.15241617997656912,-0.05023265934965857,0.037061460731570864,-0.05079727618337941,LUAD,I,Lung Adenocarcinoma- Not Otherwise Specified (NOS),Primary Tumor,120.0,,1
TCGA-55-8508,-0.21047464174668368,-0.16283287760771953,-0.42627084904132,0.10929041757103732,-0.22264338879838863,0.09996374150964218,LUAD,II,Mucinous (Colloid) Carcinoma,Primary Tumor,,,1
TCGA-55-8510,0.20276041090147082,0.10160797540787583,-0.6616196623827351,0.03148544498229788,0.23538188808201133,0.02319050277586896,LUAD,I,Lung Adenocarcinoma- Not Otherwise Specified (NOS),Primary Tumor,,,1
TCGA-55-8511,0.12712373008001582,0.06078441695705521,-1.2246248910512623,0.007867343797396375,0.1841299880076966,-0.0034095993931228053,LUAD,I,Lung Adenocarcinoma- Not Otherwise Specified (NOS),Primary Tumor,58.0,,1
TCGA-55-8512,-0.017007989956208513,-0.6692927296022885,-0.7676901483055474,-0.09633186052835394,0.08670948498939537,-0.1105792644842978,LUAD,IV,Lung Bronchioloalveolar Carcinoma Nonmucinous,Primary Tumor,19.0,,1
TCGA-55-8513,0.0183908034087142,-0.08195243352140125,-0.17741839129530557,0.007451630576444265,0.08911658901662836,0.007093967260085148,LUAD,II,Mucinous (Colloid) Carcinoma,Primary Tumor,,,1
TCGA-55-8514,-0.32231170941331894,-0.46317967135646015,0.5182371764801176,-0.26675121577520416,-0.32072157666980794,-0.27636575137743236,LUAD,I,Lung Adenocarcinoma- Not Otherwise Specified (NOS),Primary Tumor,20.0,,1
TCGA-55-8614,0.030974205811935034,0.04655586496383278,-0.4042979138680384,0.3261055397338047,0.029621703225246637,0.32990711191144056,LUAD,I,Lung Adenocarcinoma- Not Otherwise Specified (NOS),Primary Tumor,40.0,,1
TCGA-55-8615,-0.45977351786313725,-0.15260958766815608,0.2626182167716407,-0.19517475928915828,-0.5376889293339563,-0.183738161076378,LUAD,III,Lung Adenocarcinoma- Not Otherwise Specified (NOS),Primary Tumor,67.0,,1
TCGA-55-8616,-0.22351511005369637,-0.2565704373462567,0.13831708312204383,-0.06915969647069276,-0.23975770058497667,-0.053376501400040154,LUAD,I,Lung Adenocarcinoma- Not Otherwise Specified (NOS),Primary Tumor,,,1
TCGA-55-8619,0.09890260057815091,0.16663037233043687,-0.24341887679573118,0.13061142187422742,0.15721086749385355,0.12644962278806038,LUAD,II,Mucinous (Colloid) Carcinoma,Primary Tumor,,,1
TCGA-55-8620,0.419935439451187,0.23446661519931306,0.5537560351231493,-0.18748808122369728,0.3824772268516849,-0.19008984503058388,LUAD,IV,Lung Adenocarcinoma- Not Otherwise Specified (NOS),Primary Tumor,154.0,,1
TCGA-55-8621,0.11218144794094956,0.061655467340060735,-0.7689012765513631,0.17772345015707575,0.17524133353457297,0.17733550248165758,LUAD,I,Lung Adenocarcinoma- Not Otherwise Specified (NOS),Primary Tumor,30.0,,1
TCGA-55-A48X,-0.014405639736400685,0.04750065191038475,-0.16099980261596636,-0.07758080796711807,-0.004591553869312027,-0.0724154031442938,LUAD,II,Lung Adenocarcinoma- Not Otherwise Specified (NOS),Primary Tumor,36.0,,1
TCGA-55-A48Y,-0.12485802582828333,-0.25282085279112904,-1.1539122836016835,-0.15323931710193478,-0.10745166166494388,-0.15738372396701225,LUAD,II,Lung Adenocarcinoma- Not Otherwise Specified (NOS),Primary Tumor,50.0,,1
TCGA-55-A48Z,0.030120582965554834,0.25709518321796226,-0.6862140232169694,0.17614626534358585,0.006058206190691919,0.17583603690371,LUAD,III,Lung Adenocarcinoma Mixed Subtype,Primary Tumor,40.0,,1
TCGA-55-A490,0.02680980666750849,0.2972812814405167,-0.00040079294084494066,0.0770613263860722,-0.06462353509426035,0.07825778473848409,LUAD,II,Lung Adenocarcinoma- Not Otherwise Specified (NOS),Primary Tumor,34.0,,1
TCGA-55-A491,-0.08524543923252945,0.11910691815056204,-0.5700252055177648,0.1094661137120715,-0.07429770983830965,0.11201471096733177,LUAD,I,Lung Adenocarcinoma- Not Otherwise Specified (NOS),Primary Tumor,45.0,,1
TCGA-55-A492,-0.1975748052224781,-0.27073825617280095,1.652890486204247,-0.42346531406314786,-0.30267162029944655,-0.4212409231996298,LUAD,I,Lung Adenocarcinoma- Not Otherwise Specified (NOS),Primary Tumor,35.0,,1
TCGA-55-A493,0.4043386409086734,0.5463997871275854,-0.17572841088417068,0.4026311966595176,0.38792498926522134,0.3958989149971024,LUAD,I,Lung Adenocarcinoma- Not Otherwise Specified (NOS),Primary Tumor,53.0,,1
TCGA-55-A494,-0.11009662367550495,0.17022090835930026,0.9569179933602466,-0.3668630672769201,-0.21784967778675926,-0.347731006240412,LUAD,I,Lung Adenocarcinoma- Not Otherwise Specified (NOS),Primary Tumor,7.0,,1
TCGA-55-A4DF,0.2343023278104231,0.15986223514282727,0.5926852148439495,0.20361769868557775,0.24369753571694278,0.20213206007321105,LUAD,I,Lung Adenocarcinoma- Not Otherwise Specified (NOS),Primary Tumor,60.0,,1
TCGA-55-A4DG,-0.24431653290978858,-0.1533774104235017,1.330519825123501,-0.2746572655949392,-0.2753917170677884,-0.2617489708942214,LUAD,I,Lung Adenocarcinoma- Not Otherwise Specified (NOS),Primary Tumor,100.0,,1
TCGA-55-A57B,0.20430309810232614,0.12367840405639963,0.19308474860562863,0.07611161939864296,0.2040539592771105,0.08250345430272384,LUAD,I,Lung Adenocarcinoma Mixed Subtype,Primary Tumor,,,1
TCGA-62-8394,-0.030143180987176242,-0.2813775149603525,0.5426506216458649,0.09926683995267341,-0.026754637759903943,0.10611849508807812,LUAD,III,Lung Adenocarcinoma Mixed Subtype,Primary Tumor,,,1
TCGA-62-8395,-0.027495144286419432,-0.24121854192348308,-0.2778033932810233,-0.057288805150646806,-0.01987573083459409,-0.05917101435700317,LUAD,II,Lung Adenocarcinoma Mixed Subtype,Primary Tumor,,,1
TCGA-62-8397,-0.15542732914425528,-0.4131714755497712,-0.1498387526338098,-0.13865678551951344,-0.19233386096989089,-0.13999253944934964,LUAD,II,Lung Adenocarcinoma Mixed Subtype,Primary Tumor,,,1
TCGA-62-8398,0.17800939766381776,0.03909205454051546,-0.6250015201962754,0.22499148844712025,0.17242862318967475,0.2144493506375786,LUAD,III,Lung Adenocarcinoma Mixed Subtype,Primary Tumor,20.0,,1
TCGA-62-8399,-0.24329237442040794,-0.2960193526203605,0.23723223175489397,0.002213590999815493,-0.2115307693698295,-0.0033436780213253214,LUAD,III,Lung Papillary Adenocarcinoma,Primary Tumor,70.0,,1
TCGA-62-8402,-0.12393261967852336,0.36498278381649724,0.7552851649029236,-0.32099303074676433,-0.15439820792611894,-0.3156521160181467,LUAD,III,Lung Adenocarcinoma Mixed Subtype,Primary Tumor,,,1
TCGA-62-A46O,0.027531758879451595,-0.21144134287923963,2.3850870198549234,-0.3361033033978638,-0.059401845873630496,-0.32109593640329337,LUAD,I,Lung Adenocarcinoma- Not Otherwise Specified (NOS),Primary Tumor,48.0,,1
TCGA-62-A46P,-0.6799859956032385,-0.2788281553434542,-0.005797731441588461,-0.29524674681463586,-0.7182545967960308,-0.3001919153772802,LUAD,I,Lung Adenocarcinoma Mixed Subtype,Primary Tumor,40.0,,1
TCGA-62-A46R,-0.2120577420747015,0.003620700070941126,0.5919296426810875,-0.4035503330185618,-0.26407545544212174,-0.37802220087342203,LUAD,I,Lung Adenocarcinoma Mixed Subtype,Primary Tumor,25.0,,1
TCGA-62-A46S,-0.344548314288605,-0.29465409644870366,0.748934456948779,-0.07374003808144777,-0.33219790244346115,-0.0758978472277604,LUAD,I,Lung Papillary Adenocarcinoma,Primary Tumor,40.0,,1
TCGA-62-A46U,0.38333906632286086,0.2621226328829355,-0.2546642144139301,0.024833677349763876,0.4683168963111648,0.01768896664408372,LUAD,II,Lung Adenocarcinoma Mixed Subtype,Primary Tumor,,,1
TCGA-62-A46V,-0.18323126517115795,-0.46047455345767213,-0.8091917184743996,-0.1448453124817776,-0.2002758038292307,-0.15457219432416885,LUAD,I,Lung Adenocarcinoma Mixed Subtype,Primary Tumor,,,1
TCGA-62-A46Y,-0.10021273813129822,0.09132920940955798,0.4670679319651175,0.038109621794127274,-0.07464172163269522,0.02939815089988161,LUAD,III,Lung Adenocarcinoma Mixed Subtype,Primary Tumor,,,1
TCGA-62-A470,0.09939360011283169,-0.2507217166538884,0.8952050078766894,-0.1601897958817893,0.13487227745154434,-0.16009170601703984,LUAD,I,Lung Acinar Adenocarcinoma,Primary Tumor,30.0,,1
TCGA-62-A471,0.24307153542358353,0.15163493828795388,0.07474224287163457,0.09746150604165708,0.24252667036714373,0.09806047923425497,LUAD,II,Lung Adenocarcinoma- Not Otherwise Specified (NOS),Primary Tumor,30.0,,1
TCGA-62-A472,-0.002812495702433118,0.1912961674449765,0.6586234353076836,-0.15216593122138586,-0.003912421573831036,-0.15395797280344503,LUAD,II,Lung Adenocarcinoma- Not Otherwise Specified (NOS),Primary Tumor,60.0,,1
TCGA-64-1676,-0.49345609610503816,-0.03190450319760465,0.09888558347915831,0.0314881487348188,-0.5221311552898321,0.024990935103031606,LUAD,I,Lung Adenocarcinoma- Not Otherwise Specified (NOS),Primary Tumor,60.0,0.36,1
TCGA-64-1677,-0.4400121842467038,0.0225231757886052,1.4371665352688698,0.01075528608598693,-0.49915549269909476,0.00880549623849519,LUAD,III,Lung Adenocarcinoma- Not Otherwise Specified (NOS),Primary Tumor,50.0,0.32,1
TCGA-64-1678,-0.4726543914130388,-0.13629583361685751,1.59338699945186,-0.10501992499065683,-0.6128325107370638,-0.09942090707777439,LUAD,unknown,Lung Adenocarcinoma- Not Otherwise Specified (NOS),Primary Tumor,20.0,0.57,1
TCGA-64-1679,0.22665536581566537,0.37611562402286264,-0.8797591450354522,0.5278217402257513,0.21175760839809554,0.5240192718269113,LUAD,III,Lung Adenocarcinoma- Not Otherwise Specified (NOS),Primary Tumor,40.0,0.42,1
TCGA-64-1680,-0.43665058182322264,0.1067060188602416,1.576234041974465,-0.21514041637314704,-0.48080191296810637,-0.21565949080514135,LUAD,IV,Lung Adenocarcinoma Mixed Subtype,Primary Tumor,50.0,0.63,1
TCGA-64-1681,0.0017337907244614858,-0.2761308841561028,0.895446402208202,0.1491043612797792,-0.03249251641257114,0.16185878264673947,LUAD,I,Lung Adenocarcinoma- Not Otherwise Specified (NOS),Primary Tumor,,0.44,1
TCGA-64-5774,-0.232539216488164,0.042562484643232486,-0.045639790404664,0.11305935163528108,-0.27509516576914006,0.10897942940533112,LUAD,I,Lung Adenocarcinoma- Not Otherwise Specified (NOS),Primary Tumor,45.0,0.76,1
TCGA-64-5775,-0.03981435793039105,0.4344260305529282,0.8857973521421778,0.04789576615682347,-0.053320025624667276,0.053370496281440506,LUAD,III,Lung Adenocarcinoma- Not Otherwise Specified (NOS),Primary Tumor,110.0,0.71,1
TCGA-64-5778,-0.5155513172132848,-0.22526479525138435,1.1259542996528797,-0.2010525842253036,-0.5518247572390459,-0.20084387875740514,LUAD,I,Lung Bronchioloalveolar Carcinoma Nonmucinous,Primary Tumor,68.0,0.42,1
TCGA-64-5779,0.058474342067904785,0.023932618614280518,-0.009881894001245653,0.06916440397638093,-0.00288448370101995,0.09339363149353844,LUAD,III,Lung Acinar Adenocarcinoma,Primary Tumor,40.0,,1
TCGA-64-5781,-0.06978542172862405,-0.2704613919779458,0.27923855618435506,0.12339991988030317,-0.10204938925510641,0.1105775883759068,LUAD,I,Lung Adenocarcinoma Mixed Subtype,Primary Tumor,25.0,0.38,1
TCGA-64-5815,0.01968438719793839,0.3038729258801529,-1.342646592718692,0.6496295594142992,0.03214578175829148,0.6444398262936273,LUAD,II,Lung Adenocarcinoma Mixed Subtype,Primary Tumor,30.0,,1
TCGA-67-3770,-0.19455964101215756,-0.20510387200793825,2.1271334562348945,0.043554726793903126,-0.2599301566905075,0.050370739762094795,LUAD,I,Lung Adenocarcinoma- Not Otherwise Specified (NOS),Primary Tumor,,,1
TCGA-67-3771,0.41659015981966446,0.017179222141903074,0.40817160785816187,0.13139979588632836,0.4449319597156503,0.1332736245365394,LUAD,I,Lung Adenocarcinoma- Not Otherwise Specified (NOS),Primary Tumor,,0.46,1
TCGA-67-3772,-0.15558508267862792,0.08294979482361851,0.4429256304077684,0.15400327657915,-0.22229135077530823,0.15690306276376093,LUAD,I,Lung Adenocarcinoma- Not Otherwise Specified (NOS),Primary Tumor,,0.43,1
TCGA-67-3773,-0.5972735678902157,-0.2651908302872676,0.03760803370131046,-0.08850689746006069,-0.5877094381062842,-0.10151627455208115,LUAD,I,Lung Adenocarcinoma- Not Otherwise Specified (NOS),Primary Tumor,,0.69,1
TCGA-67-3774,-0.11391929256530402,-0.3722239593236175,0.230597180112411,0.07995151116962905,-0.12450138638518594,0.08814365926572695,LUAD,I,Lung Adenocarcinoma- Not Otherwise Specified (NOS),Primary Tumor,,0.48,1
TCGA-67-4679,-0.12925589280474664,-0.0769536863365187,0.687275081401491,-0.15963555605663943,-0.13640704250018051,-0.15031152252758084,LUAD,unknown,Lung Adenocarcinoma- Not Otherwise Specified (NOS),Primary Tumor,,,1
TCGA-67-6215,-0.10911400417055542,0.4399408276013709,0.7388467558297794,-0.2403650122385366,-0.12213063292780582,-0.24201674869532863,LUAD,I,Lung Adenocarcinoma- Not Otherwise Specified (NOS),Primary Tumor,,0.71,1
TCGA-67-6216,0.06000485813157232,0.2916698895618598,0.1570139878974239,0.09281184007833673,0.09698308745653265,0.08035148530733538,LUAD,I,Lung Adenocarcinoma- Not Otherwise Specified (NOS),Primary Tumor,,0.39,1
TCGA-67-6217,-0.08650578387297843,-0.5200245603479108,1.1152437190119762,-0.18176423421330073,-0.1498603414521169,-0.1762784475800364,LUAD,II,Lung Adenocarcinoma- Not Otherwise Specified (NOS),Primary Tumor,,,1
TCGA-69-7760,0.028649818186826024,0.1260202205747557,0.9782166870649576,-0.12558386853579895,-0.05210059506717903,-0.12661115925568145,LUAD,II,Lung Adenocarcinoma Mixed Subtype,Primary Tumor,,,1
TCGA-69-7761,0.15929498385892552,0.5005739987999424,0.11278087920679263,-0.004245448983682755,0.1597715675702977,0.0034595650599652055,LUAD,I,Lung Acinar Adenocarcinoma,Primary Tumor,20.0,,1
TCGA-69-7763,-0.16482805101244427,-0.24456675688364424,-0.4822262799650973,0.07206846454187792,-0.16383640048400128,0.08195101309629231,LUAD,I,Lung Adenocarcinoma Mixed Subtype,Primary Tumor,7.5,,1
TCGA-69-7764,-0.3700593965097564,-0.1893154962127507,1.5897780332180904,-0.2439413885217297,-0.46807343481289343,-0.22493858223742735,LUAD,I,Lung Adenocarcinoma Mixed Subtype,Primary Tumor,30.0,,1
TCGA-69-7765,0.1503802448469975,0.10287860428766517,-0.9590891764033077,0.3133356854553547,0.18594795746166165,0.3136107350945817,LUAD,unknown,Lung Adenocarcinoma Mixed Subtype,Primary Tumor,,,1
TCGA-69-7973,-0.1827242081247112,-0.13649550670249636,-0.4650002716690557,-0.07183629710938225,-0.18378197963559023,-0.06783756012139153,LUAD,I,Lung Adenocarcinoma Mixed Subtype,Primary Tumor,25.0,,1
TCGA-69-7974,0.1788807910038838,0.42830974278687395,-0.8009805754975229,0.30456426950566867,0.30867252456184646,0.2908182701341734,LUAD,III,Lung Adenocarcinoma Mixed Subtype,Primary Tumor,30.0,,1
TCGA-69-7978,0.45313104585572894,0.38653891438497096,-0.6773059093316358,0.32804725797680734,0.5067471921734163,0.32877883635703725,LUAD,II,Lung Adenocarcinoma Mixed Subtype,Primary Tumor,80.0,,1
TCGA-69-7979,0.18834265151173582,-0.02268064412675365,-0.07773827751205642,-0.15728935383117187,0.1290808683356372,-0.14682792209031895,LUAD,I,Lung Acinar Adenocarcinoma,Primary Tumor,28.0,,1
TCGA-69-7980,0.03090920613995179,0.03936299928178794,0.12430179596093416,-0.05026494885085025,0.032769494006732534,-0.045636624224002345,LUAD,I,Lung Adenocarcinoma- Not Otherwise Specified (NOS),Primary Tumor,80.0,,1
TCGA-69-8253,0.038090163329719276,-0.12070781473110277,0.7146519897427548,0.09752357449654678,0.014693847522947903,0.0973090045250874,LUAD,II,Lung Adenocarcinoma Mixed Subtype,Primary Tumor,7.8,,1
TCGA-69-8254,0.08399491398990937,0.33535892836088627,1.0979579931204635,0.0691017190431219,0.06417754814677853,0.0782767328021009,LUAD,unknown,Lung Adenocarcinoma Mixed Subtype,Primary Tumor,40.0,,1
TCGA-69-8255,0.030329505064989618,-0.13614016359887962,1.1515013206892923,-0.2813723959859937,-0.0070993331651791405,-0.294592244621622,LUAD,I,Lung Solid Pattern Predominant Adenocarcinoma,Primary Tumor,40.0,,1
TCGA-69-8453,0.03078769014378828,0.05125976518074007,-0.06600604053483412,0.20893911829951434,0.07688545950417905,0.20455189163713916,LUAD,II,Mucinous (Colloid) Carcinoma,Primary Tumor,12.0,,1
TCGA-69-A59K,0.4293115064026376,0.12255819959091335,0.7982651220170455,0.12474684367293873,0.38894051189133605,0.10675754130215977,LUAD,II,Lung Adenocarcinoma Mixed Subtype,Primary Tumor,25.0,,1
TCGA-71-6725,-0.4252143347727082,-0.5143421947312082,0.346849065953637,-0.6414010301953441,-0.41034244502226896,-0.6466931739433532,LUAD,I,Lung Papillary Adenocarcinoma,Primary Tumor,,0.63,1
TCGA-71-8520,0.0558990952181192,0.22794078438319074,-0.5224370318792788,0.08959658607810755,0.006794154391449868,0.10105554157791606,LUAD,I,Lung Adenocarcinoma- Not Otherwise Specified (NOS),Primary Tumor,,,1
TCGA-73-4658,-0.0434297126630904,0.1541808732908061,-1.136224858787626,0.37083209865487676,0.010996509281734809,0.35420665600803414,LUAD,I,Lung Adenocarcinoma- Not Otherwise Specified (NOS),Primary Tumor,25.0,0.32,1
TCGA-73-4659,0.10621458333677165,0.07113138207691459,-1.3214094341934892,0.16631406806854776,0.1931496425581466,0.1533028654840695,LUAD,III,Lung Adenocarcinoma- Not Otherwise Specified (NOS),Primary Tumor,12.0,0.33,1
TCGA-73-4662,0.01729985373727784,0.002935872463616464,0.5738763021120185,-0.12293338973864672,-0.022288793788736917,-0.11356186898245983,LUAD,I,Lung Adenocarcinoma- Not Otherwise Specified (NOS),Primary Tumor,10.0,0.49,1
TCGA-73-4666,0.5179572657890712,0.47608776101033573,0.12436001238325034,-0.04578622402150017,0.5531006972935052,-0.05066389806379208,LUAD,IV,Lung Adenocarcinoma- Not Otherwise Specified (NOS),Primary Tumor,10.0,,1
TCGA-73-4668,0.004075371632083638,-0.08215921945792472,-1.2928622272467034,0.3400059268263275,0.054932033971397724,0.32800477769971637,LUAD,II,Lung Micropapillary Adenocarcinoma,Primary Tumor,55.0,,1
TCGA-73-4670,0.02656887614292038,0.1872279893655888,-0.8768461527375667,0.5154171733490615,0.046689341116130635,0.5099284115225369,LUAD,IV,Lung Adenocarcinoma- Not Otherwise Specified (NOS),Primary Tumor,30.0,,1
TCGA-73-4675,0.13103134713696998,0.19497286162213232,-1.1203931778385081,0.18056971824194584,0.10141999618154497,0.19068411230106863,LUAD,III,Lung Adenocarcinoma- Not Otherwise Specified (NOS),Primary Tumor,41.0,0.58,1
TCGA-73-4676,0.06733751836055232,-0.09548872953718131,0.4434981530115689,0.1878182474619594,0.09839500959846804,0.17730997566688625,LUAD,II,Lung Adenocarcinoma- Not Otherwise Specified (NOS),Primary Tumor,48.0,0.52,1
TCGA-73-4677,-0.11781459221992893,-0.35058572953378003,0.7124063568987378,-0.08828394576220264,-0.1574599084921771,-0.07729977882284379,LUAD,unknown,Lung Adenocarcinoma- Not Otherwise Specified (NOS),Primary Tumor,,,1
TCGA-73-7498,0.048247496614404695,-0.3483775288696204,0.24828495780807033,-0.27937941099658803,0.006621499978960521,-0.26393045644705904,LUAD,I,Lung Bronchioloalveolar Carcinoma Nonmucinous,Primary Tumor,28.0,,1
TCGA-73-7499,-0.3152129863760952,-0.21235790922829206,0.17159840360362918,-0.19940841301956597,-0.33813181348689364,-0.2000056566893658,LUAD,I,Lung Adenocarcinoma Mixed Subtype,Primary Tumor,,,1
TCGA-73-A9RS,-0.29217985150783554,-0.4838086287433717,-0.5644533335483326,-0.39752139483832555,-0.2544689594372769,-0.41813353047473484,LUAD,II,Lung Adenocarcinoma- Not Otherwise Specified (NOS),Primary Tumor,11.0,,1
TCGA-75-5122,0.04032970900086287,-0.016409842759693503,-0.23843288700332818,-0.03503818435620803,0.18739712615673293,-0.05372827873596506,LUAD,I,Lung Adenocarcinoma- Not Otherwise Specified (NOS),Primary Tumor,20.0,0.17,1
TCGA-75-5125,0.1756461677620727,0.5462310836700163,0.07008438237190377,0.001714866190628591,0.17256547494407576,0.004161723585760914,LUAD,II,Lung Adenocarcinoma- Not Otherwise Specified (NOS),Primary Tumor,25.0,,1
TCGA-75-5126,0.18268659852700198,0.22012952816913878,-0.31347584450244514,0.3010848839534432,0.24281730773702284,0.28003475952736756,LUAD,III,Lung Papillary Adenocarcinoma,Primary Tumor,40.0,0.27,1
TCGA-75-5146,-0.36740538344157453,-0.41383881561583896,1.2750321007320986,-0.1466577645291297,-0.4029528910465126,-0.13156904218944074,LUAD,I,Lung Adenocarcinoma- Not Otherwise Specified (NOS),Primary Tumor,,0.57,1
TCGA-75-5147,-0.1244059039589325,0.049516311401900284,0.5917384388102732,0.12549024515063664,-0.1545444500273793,0.12920544836665987,LUAD,I,Lung Adenocarcinoma- Not Otherwise Specified (NOS),Primary Tumor,,0.4,1
TCGA-75-6203,-0.04108439840877808,0.01476850068503818,0.1921190232865687,0.015092286324835155,0.00755951151347936,0.013441212725870759,LUAD,III,Lung Adenocarcinoma- Not Otherwise Specified (NOS),Primary Tumor,,0.26,1
TCGA-75-6205,0.3336312041039915,0.1545552108254102,-1.1600558295451824,-0.020497072584622366,0.395960262346487,-0.01964562195482849,LUAD,I,Lung Adenocarcinoma- Not Otherwise Specified (NOS),Primary Tumor,,,1
TCGA-75-6206,-0.0032376510291575746,-0.3557928406286164,0.2930279790050705,-0.2280055005911956,-0.008477849720114084,-0.2234194361300026,LUAD,I,Lung Adenocarcinoma- Not Otherwise Specified (NOS),Primary Tumor,20.0,,1
TCGA-75-6207,0.16490233183888703,-0.09553919407202097,0.9809410836479548,-0.22663974414048657,0.1361830140443167,-0.22117600071922125,LUAD,III,Lung Adenocarcinoma- Not Otherwise Specified (NOS),Primary Tumor,10.0,0.64,1
TCGA-75-6211,0.33275474245710784,0.005266565731575786,-0.16963637441278276,-0.26464280386449085,0.34730729810776984,-0.25523152482930533,LUAD,I,Lung Adenocarcinoma- Not Otherwise Specified (NOS),Primary Tumor,34.0,0.39,1
TCGA-75-6212,-0.004840708531521048,0.031629741188710286,0.1134186123679403,0.3456930197649253,-0.002009636563867232,0.34418079457708245,LUAD,II,Lung Micropapillary Adenocarcinoma,Primary Tumor,,0.41,1
TCGA-75-6214,0.09156663575723235,0.1341573176610692,0.8082049529518427,-0.07731505988734685,0.04504619324599579,-0.06425838102992615,LUAD,III,Lung Adenocarcinoma- Not Otherwise Specified (NOS),Primary Tumor,40.0,,1
TCGA-75-7025,0.15782752603054995,-0.24617598880726246,0.33640639182490656,-0.03607561619261816,0.11374975823496135,-0.02939679371910486,LUAD,I,Lung Adenocarcinoma- Not Otherwise Specified (NOS),Primary Tumor,,0.34,1
TCGA-75-7027,0.29772183537793084,0.14748894944134838,-0.603773743620277,0.1046830822306153,0.29118631159949454,0.12117861294910733,LUAD,I,Lung Adenocarcinoma- Not Otherwise Specified (NOS),Primary Tumor,50.0,0.62,1
TCGA-75-7030,0.044283655554286025,0.13280954300578893,-1.4654166395438117,0.48868964133062315,0.04927697329519121,0.5044386485812691,LUAD,II,Lung Adenocarcinoma- Not Otherwise Specified (NOS),Primary Tumor,,0.17,1
TCGA-75-7031,0.00838263461064997,0.007665560621183124,0.5608219628748278,-0.09381809889886132,-0.032018662914435,-0.09674651952415374,LUAD,I,Lung Adenocarcinoma- Not Otherwise Specified (NOS),Primary Tumor,5.0,0.48,1
TCGA-78-7143,0.09677555771149977,0.1616329397091466,1.3174871245252955,-0.19625230077806502,0.06935349660771555,-0.18004574186734154,LUAD,I,Lung Bronchioloalveolar Carcinoma Nonmucinous,Primary Tumor,,,1
TCGA-78-7145,-0.22929714175728932,0.13619406665922137,0.19566398067584104,0.20901671510442968,-0.26741020218131983,0.19773182524244212,LUAD,IV,Lung Adenocarcinoma- Not Otherwise Specified (NOS),Primary Tumor,25.0,0.78,1
TCGA-78-7146,0.589731346088224,0.18093419358694468,0.4952152809367476,0.24246014926378381,0.603100568956573,0.23670107087295103,LUAD,III,Lung Adenocarcinoma Mixed Subtype,Primary Tumor,6.0,,1
TCGA-78-7147,-0.004443335748023108,-0.3202715963564852,1.1753545874061206,-0.2592476123844644,-0.04904599935010761,-0.2513231782581927,LUAD,II,Lung Adenocarcinoma- Not Otherwise Specified (NOS),Primary Tumor,50.0,0.77,1
TCGA-78-7148,-0.026953656658802356,0.3575028517900465,0.19817808907803536,0.06386708603239973,-0.07073549535282767,0.06892296875506879,LUAD,II,Lung Adenocarcinoma Mixed Subtype,Primary Tumor,57.0,,1
TCGA-78-7149,-0.1208039384755668,-0.2652203668878635,0.18352812380567707,-0.2184668651141457,-0.19157295672766758,-0.21897498787012268,LUAD,III,Lung Adenocarcinoma Mixed Subtype,Primary Tumor,115.0,0.74,1
TCGA-78-7150,0.21350895261859454,0.06153164247281474,-0.7397697856995874,0.20677398367460165,0.22882751174242094,0.20138004488646477,LUAD,II,Lung Adenocarcinoma- Not Otherwise Specified (NOS),Primary Tumor,37.0,0.46,1
TCGA-78-7152,-0.10158571740016412,0.03599733241602756,-0.0022126766228483716,-0.26631247965991367,-0.09837193008674787,-0.2685870081844816,LUAD,I,Lung Adenocarcinoma Mixed Subtype,Primary Tumor,40.0,0.56,1
TCGA-78-7153,-0.42187853608341486,-0.702082499068561,0.175722340595126,-0.3472705760479327,-0.4392028166493696,-0.3457056586627595,LUAD,I,Lung Adenocarcinoma Mixed Subtype,Primary Tumor,20.0,0.74,1
TCGA-78-7154,0.6302479551288994,0.3607617971101577,-1.118238222484655,-0.02352580288759126,0.7486735579326554,-0.03698948009501481,LUAD,III,Lung Adenocarcinoma- Not Otherwise Specified (NOS),Primary Tumor,112.5,0.68,1
TCGA-78-7155,-0.4366949514644495,0.137700001336111,1.938279632695722,-0.7206434378411433,-0.495039944159885,-0.7057226976742168,LUAD,I,Lung Adenocarcinoma- Not Otherwise Specified (NOS),Primary Tumor,48.0,0.81,1
TCGA-78-7156,-0.10684983684250927,-0.37707252404784325,2.0062966073182418,-0.4635190200175137,-0.222878555435605,-0.45214872778147724,LUAD,IV,Lung Adenocarcinoma Mixed Subtype,Primary Tumor,84.0,0.8,1
TCGA-78-7158,-0.18449077840160355,-0.11408043748823586,0.004717418244755713,-0.5879105034395771,-0.25475235190340334,-0.5722682084422221,LUAD,III,Lung Adenocarcinoma Mixed Subtype,Primary Tumor,14.0,0.92,1
TCGA-78-7159,-0.15350714221923115,0.3489010400706955,-0.27972194243198123,-0.00014779823757205113,-0.1770809870554527,-0.0015450935437446775,LUAD,I,Lung Adenocarcinoma Mixed Subtype,Primary Tumor,21.0,0.71,1
TCGA-78-7160,0.17866923344614352,0.18265133470113876,-0.24806735746798336,0.005303502022154289,0.2249845379435455,0.006020600929159403,LUAD,IV,Lung Adenocarcinoma Mixed Subtype,Primary Tumor,43.8,0.17,1
TCGA-78-7161,-0.2924644292242587,0.1516582628520823,0.5714650514897317,-0.034595051955735714,-0.38550408840228323,-0.018205617350061886,LUAD,II,Lung Adenocarcinoma Mixed Subtype,Primary Tumor,27.8,,1
TCGA-78-7162,-0.06334192457911109,-0.14663565844523058,0.18919740509040076,-0.10452325877697977,-0.05455856172370783,-0.09610917074840727,LUAD,I,Lung Adenocarcinoma Mixed Subtype,Primary Tumor,12.0,,1
TCGA-78-7163,0.188527053584683,-0.41815108555425173,2.2743130992647016,-0.1807590062904085,0.05006959187257064,-0.1752912415900481,LUAD,I,Lung Adenocarcinoma- Not Otherwise Specified (NOS),Primary Tumor,41.0,0.7,1
TCGA-78-7166,-0.14970352820840718,-0.006468317691637937,0.020786241219587016,0.19736106443626786,-0.21127094527929016,0.18575090387709486,LUAD,II,Lung Adenocarcinoma- Not Otherwise Specified (NOS),Primary Tumor,38.0,0.63,1
TCGA-78-7167,0.3098282784863937,-0.11899951268545814,1.4645884906147841,-0.4104875394143799,0.21783643355228244,-0.38855538679862384,LUAD,IV,Lung Papillary Adenocarcinoma,Primary Tumor,64.0,,1
TCGA-78-7220,0.24502990287930967,-0.31757884248646445,0.7297492823113519,-0.19061663787803082,0.24256980011652088,-0.18794898232459856,LUAD,III,Lung Adenocarcinoma Mixed Subtype,Primary Tumor,35.0,,1
TCGA-78-7535,-0.5602398824056296,-0.08559476188022237,-0.8062903012737884,-0.05311913950326251,-0.5356031630318128,-0.07467597879773295,LUAD,I,Lung Adenocarcinoma- Not Otherwise Specified (NOS),Primary Tumor,35.0,0.75,1
TCGA-78-7536,-0.3755766180641642,-0.15330279966765048,0.4440759771841967,-0.3114689191206169,-0.3856919354589349,-0.32558978674028777,LUAD,III,Lung Adenocarcinoma- Not Otherwise Specified (NOS),Primary Tumor,44.0,0.78,1
TCGA-78-7537,-0.28364096204516753,-0.14493064796630398,-0.6067424061906704,-0.27836261099507725,-0.302097840539701,-0.2738861102401389,LUAD,I,Lung Adenocarcinoma Mixed Subtype,Primary Tumor,20.0,0.74,1
TCGA-78-7539,-0.09691487533016377,-0.15004772537035926,0.8714741093689584,-0.29690805342935156,-0.10060456557684398,-0.29139406070709534,LUAD,II,Lung Adenocarcinoma Mixed Subtype,Primary Tumor,2.2,0.69,1
TCGA-78-7540,-0.02921104277693912,0.15242111651446688,1.179208002402495,-0.10762772183922481,-0.05948909709760291,-0.09546599249360435,LUAD,I,Lung Bronchioloalveolar Carcinoma Mucinous,Primary Tumor,,0.58,1
TCGA-78-7542,0.12511902293365657,0.21520718899543573,1.2503624319150053,0.07420218916271795,0.02557694257029361,0.07618382630287285,LUAD,I,Lung Adenocarcinoma- Not Otherwise Specified (NOS),Primary Tumor,60.0,0.44,1
TCGA-78-7633,-0.06709122946345072,-0.3308000577000243,1.487635485877828,-0.2205744083486536,-0.1512708690477388,-0.20762380426503113,LUAD,I,Lung Adenocarcinoma Mixed Subtype,Primary Tumor,94.0,0.75,1
TCGA-78-8640,0.38644730564071134,-0.1500683554505141,-0.06305902945959159,-0.17433687766659736,0.41548267716743986,-0.1914329169680226,LUAD,II,Lung Adenocarcinoma- Not Otherwise Specified (NOS),Primary Tumor,45.0,,1
TCGA-78-8648,0.1352866182087757,0.1693934278297315,-1.7814096657628646,0.44154826127838226,0.23668111924496574,0.4367339460027303,LUAD,II,Lung Adenocarcinoma- Not Otherwise Specified (NOS),Primary Tumor,45.0,,1
TCGA-78-8655,-0.32547952766982413,0.057163146715342346,-0.26603931050539825,-0.3436970693949223,-0.34564231309160004,-0.3405919542022296,LUAD,I,Lung Adenocarcinoma Mixed Subtype,Primary Tumor,10.0,,1
TCGA-78-8660,0.2353828816295334,0.2517457325064433,-0.05185266880212062,0.03769466152920257,0.25814761942859626,0.024396354961072293,LUAD,II,Lung Adenocarcinoma- Not Otherwise Specified (NOS),Primary Tumor,11.0,,1
TCGA-78-8662,-0.7679487297207102,-0.4867633263673892,0.7988650659066933,-0.4088046752933948,-0.8091610323477966,-0.41406872952224655,LUAD,I,Lung Adenocarcinoma- Not Otherwise Specified (NOS),Primary Tumor,45.0,,1
TCGA-80-5607,0.005842863403469711,0.37369027025196505,0.2626745117352101,0.22767473482294462,-0.000952593698741836,0.22668056553726115,LUAD,II,Lung Adenocarcinoma- Not Otherwise Specified (NOS),Primary Tumor,15.0,0.49,1
TCGA-80-5608,-0.295372601122303,0.23165845600438686,0.47188188484769295,0.14152343083758237,-0.34750698613276015,0.14809383461931558,LUAD,I,Lung Adenocarcinoma- Not Otherwise Specified (NOS),Primary Tumor,26.0,0.48,1
TCGA-80-5611,0.12546670818107547,0.11253360425888714,0.1836785831590643,0.06867156574855796,0.13191937838402132,0.05608584285707204,LUAD,I,Lung Solid Pattern Predominant Adenocarcinoma,Primary Tumor,60.0,,1
TCGA-83-5908,0.2867892056646838,0.3361444917913746,-0.34595629435602904,-0.05165520326964734,0.3176859767857193,-0.037823765563981974,LUAD,I,Lung Adenocarcinoma- Not Otherwise Specified (NOS),Primary Tumor,69.0,,1
TCGA-86-6562,-0.09480861001720159,0.18610735584651075,-0.5744852881608231,0.1860027373795296,-0.06023980347684709,0.18226099526944894,LUAD,II,Lung Adenocarcinoma- Not Otherwise Specified (NOS),Primary Tumor,,0.45,1
TCGA-86-6851,0.14825600979270034,0.20047118069432848,0.14863398671711417,-0.019568996167181614,0.16548519525069266,-0.006967149164636828,LUAD,II,Lung Adenocarcinoma Mixed Subtype,Primary Tumor,52.0,0.32,1
TCGA-86-7701,-0.060827304393258216,0.14403641021460006,-0.3302687687691088,0.03802429223961577,-0.0612257566601288,0.030967584949914313,LUAD,IV,Lung Adenocarcinoma- Not Otherwise Specified (NOS),Primary Tumor,,,1
TCGA-86-7711,0.627624529660384,0.2803341289285143,-0.3217918653148519,0.06646436211024086,0.6822138310352789,0.04429340691701469,LUAD,II,Lung Adenocarcinoma- Not Otherwise Specified (NOS),Primary Tumor,50.0,,1
TCGA-86-7713,-0.42945669471187664,-0.22245238116403776,1.2965646223320444,-0.3047768173688396,-0.48225392684099694,-0.2991556517635797,LUAD,II,Lung Adenocarcinoma- Not Otherwise Specified (NOS),Primary Tumor,,0.79,1
TCGA-86-7714,-0.2144855685017015,0.33876085486548774,0.4493026797867518,-0.3566144564110854,-0.23446949303688405,-0.3513055074927853,LUAD,III,Lung Adenocarcinoma Mixed Subtype,Primary Tumor,43.0,,1
TCGA-86-7953,0.30074430390250523,0.1648839030910165,-0.19696892766515206,0.15269599740483678,0.3144810861734447,0.14869425348326193,LUAD,I,Lung Adenocarcinoma- Not Otherwise Specified (NOS),Primary Tumor,,,1
TCGA-86-7954,0.44708012271317493,0.0217381435326907,-0.45410642778900745,-0.2235031147031455,0.5253193475456392,-0.23598287527276302,LUAD,I,Lung Bronchioloalveolar Carcinoma Nonmucinous,Primary Tumor,8.0,,1
TCGA-86-7955,-0.17415391406988498,0.1177701097655746,1.8071264988864701,-0.19283345358956044,-0.3335413587816872,-0.1911362307481922,LUAD,I,Lung Adenocarcinoma- Not Otherwise Specified (NOS),Primary Tumor,,,1
TCGA-86-8054,-0.33217814374459254,-0.07185660366336494,1.0541013426418417,0.02282798610593707,-0.3975421535371147,0.026869520236542845,LUAD,II,Lung Acinar Adenocarcinoma,Primary Tumor,9.0,,1
TCGA-86-8055,0.32843265705356256,0.35113410578403054,-0.5736524686687364,0.458004042975654,0.3174871588615405,0.46587955185884633,LUAD,II,Lung Adenocarcinoma- Not Otherwise Specified (NOS),Primary Tumor,60.0,,1
TCGA-86-8056,0.1950826181278333,-0.06091837497451339,0.9345787677543864,-0.17174485130926262,0.219871348379981,-0.16165784027136398,LUAD,III,Lung Adenocarcinoma Mixed Subtype,Primary Tumor,36.0,,1
TCGA-86-8073,0.5436155735105699,0.14402882825113258,-0.24670860048272492,-0.05604976460444427,0.6238862112944594,-0.044776658365761,LUAD,I,Lung Bronchioloalveolar Carcinoma Nonmucinous,Primary Tumor,40.0,,1
TCGA-86-8074,0.11739455342610092,0.03235621295960767,-0.33024780266488546,0.25997570642294404,0.1206466582281795,0.2598769937651919,LUAD,II,Lung Adenocarcinoma- Not Otherwise Specified (NOS),Primary Tumor,40.0,,1
TCGA-86-8075,0.3549284452713508,0.19851798249458613,-0.7050318835134622,0.37118096621107793,0.41401708947778953,0.3734950970917251,LUAD,I,Lung Adenocarcinoma- Not Otherwise Specified (NOS),Primary Tumor,,,1
TCGA-86-8076,0.014299568223701818,-0.0862385189389545,-0.7010105448253108,0.13661737443397376,0.0587826470944165,0.13262963052704868,LUAD,I,Lung Papillary Adenocarcinoma,Primary Tumor,,,1
TCGA-86-8278,0.1706837131545902,0.06789746132289756,-0.8010136543258192,0.09103097638334468,0.23191813380406032,0.07907238036747777,LUAD,II,Lung Adenocarcinoma- Not Otherwise Specified (NOS),Primary Tumor,,,1
TCGA-86-8279,-0.1757928038853803,-0.13574044925761083,-0.02168778954050295,0.025296655011894507,-0.2193033319639043,0.03154626401012138,LUAD,II,Lung Adenocarcinoma- Not Otherwise Specified (NOS),Primary Tumor,,,1
TCGA-86-8280,0.13458353599448705,-0.05980338818067426,0.02623708015429312,0.1738321975170721,0.12404740338319402,0.1807519989932829,LUAD,II,Lung Bronchioloalveolar Carcinoma Nonmucinous,Primary Tumor,,,1
TCGA-86-8281,0.1870300773039175,-0.2778354004621658,0.36491183445884917,-0.33643010595962775,0.18104436151940295,-0.32766463353439057,LUAD,I,Lung Adenocarcinoma- Not Otherwise Specified (NOS),Primary Tumor,30.0,,1
TCGA-86-8358,0.29513000816161017,-0.034714800773457795,0.26739412075469887,-0.0941780543989247,0.27285728415881566,-0.09115427188022744,LUAD,I,Lung Adenocarcinoma- Not Otherwise Specified (NOS),Primary Tumor,20.0,,1
TCGA-86-8359,-0.25218333891025885,0.000612877410973441,-0.5188280207463993,0.0435437102772263,-0.19826971655825545,0.034095510231196904,LUAD,III,Lung Adenocarcinoma- Not Otherwise Specified (NOS),Primary Tumor,36.0,,1
TCGA-86-8585,-0.30710614014424037,0.12904514797438218,0.013487030633420105,0.15524616459405016,-0.35221392786873235,0.1525432236108063,LUAD,I,Lung Solid Pattern Predominant Adenocarcinoma,Primary Tumor,,,1
TCGA-86-8668,0.09713712836824372,0.30802084218439146,-0.18941359674428146,-0.02097454669120669,0.04592388645499145,-0.01518722894863941,LUAD,I,Lung Bronchioloalveolar Carcinoma Mucinous,Primary Tumor,,,1
TCGA-86-8669,0.1665008338372615,-0.048063458920246514,0.9138032395018497,-0.06423902198481338,0.10371449380955433,-0.05353875983207237,LUAD,I,Lung Adenocarcinoma- Not Otherwise Specified (NOS),Primary Tumor,47.0,,1
TCGA-86-8671,0.12797879680240482,0.009586909029238488,-1.1182161433417037,0.021870413100783,0.19352536118572075,0.019050428428300032,LUAD,II,Lung Papillary Adenocarcinoma,Primary Tumor,,,1
TCGA-86-8672,0.14226783180793587,0.2076647626920299,-1.0100987542970534,-0.008377560224003603,0.16654617796834298,-0.017059854902471944,LUAD,II,Lung Adenocarcinoma- Not Otherwise Specified (NOS),Primary Tumor,,,1
TCGA-86-8673,-0.228792888682874,-0.2872685985282233,-1.0075256152450152,0.04424421462220574,-0.2269949117708546,0.016750279458943106,LUAD,I,Lung Bronchioloalveolar Carcinoma Nonmucinous,Primary Tumor,54.0,,1
TCGA-86-8674,-0.24778714011239467,-0.8192716908426317,-0.4250049808801424,-0.29167460790947025,-0.19318151596792202,-0.3147289967403024,LUAD,II,Lung Papillary Adenocarcinoma,Primary Tumor,37.5,,1
TCGA-86-A456,-0.08709348718005015,-0.4503400596186643,-0.3181653057255401,0.0018828443931592036,0.011162751008796231,-0.018579946499215,LUAD,I,Lung Papillary Adenocarcinoma,Primary Tumor,,,1
TCGA-86-A4D0,0.15827601891864349,-0.022056510289339377,0.543105167130819,-0.2925646800656632,0.11477036480085233,-0.289005509373577,LUAD,II,Lung Adenocarcinoma- Not Otherwise Specified (NOS),Primary Tumor,,,1
TCGA-86-A4JF,-0.24416889647231413,0.05156463862512532,-0.20736878162895153,0.03836387638062508,-0.21340934875253473,0.023900713769867882,LUAD,II,Lung Adenocarcinoma- Not Otherwise Specified (NOS),Primary Tumor,,,1
TCGA-86-A4P7,-0.04960492720644941,-0.22178981005100842,-0.5374335478635427,-0.003085663242509464,0.04753050869218805,-0.009772118239128387,LUAD,I,Lung Adenocarcinoma- Not Otherwise Specified (NOS),Primary Tumor,,,1
TCGA-86-A4P8,0.07364027259408236,-0.17163094713897606,-0.17839375219836082,0.003734322884619904,0.16580552657191105,0.005316460542037209,LUAD,III,Lung Adenocarcinoma- Not Otherwise Specified (NOS),Primary Tumor,,,1
TCGA-91-6828,0.0161038423221717,0.005392375652912621,0.24910234181931326,-0.038550844048543774,0.053638474556980516,-0.03967254112706473,LUAD,I,Lung Adenocarcinoma- Not Otherwise Specified (NOS),Primary Tumor,,,1
TCGA-91-6829,0.16247462610245583,0.044566845413095656,-0.8316104474289627,-0.07090126299349443,0.194422093912953,-0.06229005183583573,LUAD,I,Lung Bronchioloalveolar Carcinoma Nonmucinous,Primary Tumor,94.5,0.48,1
TCGA-91-6830,0.30155414394807867,0.04978078486495705,-0.2188407264265518,0.27875109382259133,0.33317626702150993,0.2731874211114217,LUAD,II,Lung Adenocarcinoma- Not Otherwise Specified (NOS),Primary Tumor,12.0,,1
TCGA-91-6831,-0.10368932149635768,-0.31565768553880225,-0.614814589513165,-0.01685440047086171,-0.11273391797350929,-0.028837314806364443,LUAD,I,Lung Adenocarcinoma- Not Otherwise Specified (NOS),Primary Tumor,,,1
TCGA-91-6835,0.14440782502708635,0.3242721320114341,-0.08750510431419851,-0.03786206114573149,0.1979707659204931,-0.03165388971063956,LUAD,I,Lung Adenocarcinoma- Not Otherwise Specified (NOS),Primary Tumor,25.0,,1
TCGA-91-6836,0.3762773565346135,-0.06487884047479611,0.7075836482014192,0.0688054618517313,0.3535774631748334,0.0676069453890397,LUAD,I,Lung Adenocarcinoma- Not Otherwise Specified (NOS),Primary Tumor,50.0,,1
TCGA-91-6840,-0.08566020330590067,-0.28286096456040405,0.4313858344625232,-0.3068089556956132,-0.10027382199726859,-0.29675508179479904,LUAD,I,Lung Adenocarcinoma- Not Otherwise Specified (NOS),Primary Tumor,50.0,0.62,1
TCGA-91-6847,0.017455673211316046,0.2335315424394739,1.4208880784378308,-0.33579088327193074,-0.03435343130576224,-0.31878059291303623,LUAD,I,Lung Adenocarcinoma- Not Otherwise Specified (NOS),Primary Tumor,,0.86,1
TCGA-91-6848,0.27479896583769453,0.42880219116002194,-0.9276850791421164,0.023918717904816825,0.321313391803291,0.023884173613794635,LUAD,III,Lung Adenocarcinoma- Not Otherwise Specified (NOS),Primary Tumor,,,1
TCGA-91-6849,-0.058433924215753955,-0.4645195709978038,0.22896725246919847,0.10008019681979816,-0.00032872329860822376,0.0922985013631138,LUAD,III,Lung Adenocarcinoma- Not Otherwise Specified (NOS),Primary Tumor,30.0,0.6,1
TCGA-91-7771,-0.07718614185075834,-0.10947878977021787,-0.551722545564755,0.17073329083431837,-0.010915039309516384,0.17176618650931474,LUAD,II,Lung Adenocarcinoma- Not Otherwise Specified (NOS),Primary Tumor,75.0,,1
TCGA-91-8496,-0.4716263216882992,-0.40674596328389967,1.2496426265755594,-0.15444583485645277,-0.4975142620926276,-0.14897851209793317,LUAD,I,Lung Bronchioloalveolar Carcinoma Nonmucinous,Primary Tumor,,,1
TCGA-91-8497,0.007586527615766442,-0.16531895728555937,0.009102757336752995,-0.022219903822133256,0.005899535488936422,-0.01299819753662158,LUAD,I,Lung Adenocarcinoma- Not Otherwise Specified (NOS),Primary Tumor,,,1
TCGA-91-8499,-0.40810774051496185,0.4560891529727971,0.32882568868295164,-0.24820923593569147,-0.4403764162502042,-0.24845671877133668,LUAD,I,Lung Adenocarcinoma- Not Otherwise Specified (NOS),Primary Tumor,90.0,,1
TCGA-91-A4BC,-0.08366948984576661,-0.17495414365219084,-1.4189799939115222,-0.14070203319340113,-0.03747099663141791,-0.14741051664314506,LUAD,II,Lung Adenocarcinoma- Not Otherwise Specified (NOS),Primary Tumor,30.0,,1
TCGA-91-A4BD,-0.4424438883570583,-0.28752362952529836,0.9513135363388182,-0.24691494720874602,-0.48744288409859954,-0.24849954199655,LUAD,II,Lung Adenocarcinoma- Not Otherwise Specified (NOS),Primary Tumor,,,1
TCGA-93-7347,0.15026753324551678,0.06387869136233741,-0.9438853969558192,-0.05943274374825153,0.184476424209139,-0.057621364031746065,LUAD,I,Lung Adenocarcinoma Mixed Subtype,Primary Tumor,11.0,,1
TCGA-93-7348,0.1220515484398014,0.11461760867666423,-0.3744618135106128,0.1349073863245242,0.11390288369242522,0.13566412599182615,LUAD,I,Lung Adenocarcinoma- Not Otherwise Specified (NOS),Primary Tumor,42.0,0.35,1
TCGA-93-8067,0.30727722681580877,0.2948642215417469,0.6112544149329212,0.09761400913146565,0.2817907429636674,0.09274432652527538,LUAD,I,Lung Adenocarcinoma- Not Otherwise Specified (NOS),FFPE Scrolls,20.0,,1
TCGA-93-A4JN,0.024290205247134485,0.14521601572387788,-0.18221740771057438,-0.056422014166227503,0.03924439254204675,-0.050347326024054936,LUAD,IV,Lung Acinar Adenocarcinoma,Primary Tumor,40.0,,1
TCGA-93-A4JO,-0.0528353109754348,0.16490211332347288,-0.31134638661046793,-0.07366735746744105,-0.026406063193742932,-0.07045090701671655,LUAD,I,Lung Adenocarcinoma Mixed Subtype,Primary Tumor,50.0,,1
TCGA-93-A4JP,0.020299188489231224,-0.02923121588520644,0.4668473898107264,-0.039681082932772324,0.05470952996833621,-0.0367311659293433,LUAD,IV,Lung Papillary Adenocarcinoma,Primary Tumor,,,1
TCGA-93-A4JQ,0.24884410544243035,0.22485284832623412,-0.7664135309534771,0.12419981165479596,0.2616259788523824,0.12674756555199085,LUAD,I,Lung Acinar Adenocarcinoma,Primary Tumor,,,1
TCGA-95-7039,0.07891466320422982,-0.10014661954969893,0.21751904920277085,0.03159663475853313,0.05530767815073189,0.03175411058743949,LUAD,II,Lung Adenocarcinoma- Not Otherwise Specified (NOS),Primary Tumor,34.0,0.42,1
TCGA-95-7043,-0.07348409290378843,-0.17422599967104768,0.4077244169172407,-0.5839720540261779,-0.09344295149071179,-0.5884563532849443,LUAD,I,Lung Adenocarcinoma Mixed Subtype,Primary Tumor,40.0,0.77,1
TCGA-95-7562,-0.002567355686210307,0.3105313939808289,0.11688381989724983,-0.0188061819695469,-0.04138824530726708,-0.02408655615602387,LUAD,II,Lung Adenocarcinoma- Not Otherwise Specified (NOS),Primary Tumor,10.0,,1
TCGA-95-7567,-0.07393930466259788,-0.023177373182734867,-0.29436415633105656,-0.23221011639448108,-0.092237693199574,-0.22621463209901718,LUAD,II,Lung Adenocarcinoma Mixed Subtype,Primary Tumor,,0.53,1
TCGA-95-7944,-0.19717992531066217,-0.010042624876968866,0.12070338217094338,-0.24704807501364676,-0.21631807138003073,-0.2559903105206534,LUAD,I,Lung Adenocarcinoma- Not Otherwise Specified (NOS),Primary Tumor,50.0,,1
TCGA-95-7947,-0.10208311428128697,0.1440715509367494,0.42087721301788034,-0.2880236172617215,-0.13391858461324235,-0.28342377688264186,LUAD,I,Lung Adenocarcinoma Mixed Subtype,Primary Tumor,100.0,,1
TCGA-95-7948,-0.37224875370302885,-0.7502927379345029,-1.092683673865907,-0.36645680911822615,-0.3796817192122857,-0.3655107908223762,LUAD,I,Lung Adenocarcinoma Mixed Subtype,Primary Tumor,0.15,,1
TCGA-95-8039,-0.016903367090926803,0.14582364072654308,0.19698347972857633,-0.10344960276606353,0.01457211768646888,-0.09928562157051217,LUAD,I,Lung Acinar Adenocarcinoma,Primary Tumor,,,1
TCGA-95-8494,0.0297709806453424,0.0836462444973192,0.631783002986805,0.25940314211505194,-0.02595605718342694,0.25656057717090786,LUAD,II,Lung Adenocarcinoma- Not Otherwise Specified (NOS),Primary Tumor,,,1
TCGA-95-A4VK,-0.30117893543486646,-0.16560929413495157,0.1610435243642036,-0.0490941230922255,-0.3647685497252204,-0.04018863951030951,LUAD,III,Lung Adenocarcinoma Mixed Subtype,Primary Tumor,45.0,,1
TCGA-95-A4VN,0.15392739425194485,-0.084666061506604,-0.5739416184945698,0.20717713708494773,0.23028154867203968,0.18995583773687752,LUAD,II,Lung Solid Pattern Predominant Adenocarcinoma,Primary Tumor,42.0,,1
TCGA-95-A4VP,-0.2888207177854166,-0.5388187480662996,-0.5248686141240625,0.06135269077284828,-0.2433049514981862,0.05172138780574448,LUAD,III,Lung Acinar Adenocarcinoma,Primary Tumor,20.0,,1
TCGA-97-7546,0.07346102836342898,-0.2630743061769071,0.5717714427795236,-0.11059400825947376,0.08137565851335186,-0.1051108895242639,LUAD,I,Lung Acinar Adenocarcinoma,Primary Tumor,25.0,0.57,1
TCGA-97-7547,0.09652966356041073,-0.108707627829848,0.37664562927164047,-0.21677008105747508,0.056015911785956704,-0.20463889738180724,LUAD,I,Lung Papillary Adenocarcinoma,Primary Tumor,30.0,,1
TCGA-97-7552,0.1485964163747325,0.28329262966299706,0.40198280410477255,-0.11675814611222035,0.16519311975745002,-0.10934070346666049,LUAD,I,Lung Bronchioloalveolar Carcinoma Mucinous,Primary Tumor,40.0,0.18,1
TCGA-97-7553,0.13252130487938077,0.0928524826538116,-0.3482598863245899,0.03475629140028516,0.25545690722561387,0.026131510788214796,LUAD,I,Lung Bronchioloalveolar Carcinoma Nonmucinous,Primary Tumor,20.0,0.3,1
TCGA-97-7554,-0.11561273922860567,0.22784457086223095,-0.7027103605663664,0.06256583720343058,-0.12028285222951872,0.07287698359387175,LUAD,III,Lung Papillary Adenocarcinoma,Primary Tumor,30.0,0.49,1
TCGA-97-7937,-0.19939931842519032,-0.31273747452068545,0.5352691265123957,-0.28535980276393197,-0.25315734984071747,-0.2795666671814273,LUAD,I,Lung Micropapillary Adenocarcinoma,Primary Tumor,35.0,,1
TCGA-97-7938,-0.20788928062097037,-0.5092162646099173,-0.29149338852216483,-0.06081109200062384,-0.1125035331438384,-0.06582910782655169,LUAD,I,Lung Bronchioloalveolar Carcinoma Nonmucinous,Primary Tumor,40.0,,1
TCGA-97-7941,0.16378394434779076,0.26545264866586454,-0.0801810254616685,0.023262913527352685,0.14665799635530474,0.032765101402617784,LUAD,I,Lung Acinar Adenocarcinoma,Primary Tumor,22.5,,1
TCGA-97-8171,-0.3838855566284186,-0.4202634899908724,0.8228159438932169,-0.5465777916353699,-0.437883794589531,-0.5469383140742795,LUAD,IV,Lung Papillary Adenocarcinoma,Primary Tumor,65.0,,1
TCGA-97-8172,0.14032443001578568,-0.1305187972686879,0.18556959826827923,-0.148271510218448,0.15431885399120288,-0.13586902941586007,LUAD,I,Lung Acinar Adenocarcinoma,Primary Tumor,20.0,,1
TCGA-97-8174,-0.08245567795641844,-0.26459212273810095,-0.12340982086675543,-0.02951062034030372,-0.08378053782716847,-0.018810503931659124,LUAD,II,Lung Papillary Adenocarcinoma,Primary Tumor,40.0,,1
TCGA-97-8175,0.07380606066596884,0.24082079622837416,0.23938695578180513,0.39395292390074343,0.13839306491651704,0.39820033815070316,LUAD,I,Lung Solid Pattern Predominant Adenocarcinoma,Primary Tumor,,,1
TCGA-97-8176,0.15328633303543562,0.012660847739198991,-0.29616704441996317,-0.1257904511758518,0.19023343662980716,-0.1353382448442082,LUAD,III,Lung Acinar Adenocarcinoma,Primary Tumor,40.0,,1
TCGA-97-8177,-0.04548099716762497,-0.049563904602138005,-0.8309346298639788,0.39476929911826314,0.016483887452068222,0.3816650298778715,LUAD,I,Lung Adenocarcinoma Mixed Subtype,Primary Tumor,,,1
TCGA-97-8179,0.08719925090256035,-0.19306955661842806,0.6991633482881401,-0.3826843576140098,0.04612921561008118,-0.3798331205517565,LUAD,I,Lung Acinar Adenocarcinoma,Primary Tumor,60.0,,1
TCGA-97-8547,0.0008139446484202125,0.17793969463121606,-1.359249539810375,0.037132094437816975,-0.03711738090694372,0.0509096537907211,LUAD,III,Lung Adenocarcinoma Mixed Subtype,Primary Tumor,,,1
TCGA-97-8552,-0.08115182692781932,-0.25871939770194724,0.3640705726768599,-0.13323124817519563,-0.09305077839051248,-0.1264318829689497,LUAD,I,Lung Bronchioloalveolar Carcinoma Nonmucinous,Primary Tumor,,,1
TCGA-97-A4LX,0.1326368756574085,0.15495953339060742,-1.0356027937213597,0.0519248339562251,0.1637800767114757,0.04795714037213973,LUAD,I,Lung Adenocarcinoma Mixed Subtype,Primary Tumor,120.0,,1
TCGA-97-A4M0,-0.011906166220266938,-0.011595747322081958,0.4478911287955892,-0.22791721107398702,-0.030814781745885308,-0.22502984988655175,LUAD,I,Lung Adenocarcinoma Mixed Subtype,Primary Tumor,34.0,,1
TCGA-97-A4M1,-0.3439977341638077,-0.3389745938854202,0.7551795646741989,-0.3295212861356321,-0.3994488702514399,-0.3181174454129845,LUAD,I,Lung Adenocarcinoma Mixed Subtype,Primary Tumor,3.0,,1
TCGA-97-A4M2,-0.0037840592965812142,-0.16777696027584746,-0.4414354957274982,-0.1702012600973808,0.07000234823704844,-0.17491256825184115,LUAD,I,Lung Adenocarcinoma Mixed Subtype,Primary Tumor,100.0,,1
TCGA-97-A4M3,0.18705063767794877,-0.46210014589239373,0.24275377316154123,0.03679924201051874,0.19492917609304003,0.030034342428671826,LUAD,I,Lung Adenocarcinoma Mixed Subtype,Primary Tumor,37.5,,1
TCGA-97-A4M5,-0.013459583131984431,-0.12228811421778955,-0.45072428092552425,-0.0583310402438235,0.01330797875222661,-0.05576378334167648,LUAD,I,Lung Adenocarcinoma Mixed Subtype,Primary Tumor,6.0,,1
TCGA-97-A4M6,0.10994206637555247,-0.2111823062202342,0.14656785207832065,-0.0717756854618726,0.13030177832924428,-0.07146733891776907,LUAD,I,Lung Adenocarcinoma Mixed Subtype,Primary Tumor,,,1
TCGA-97-A4M7,0.07597999899996878,0.001737731672262144,-0.09352937289464018,0.07083411896389054,0.08889313906103942,0.07069643977983488,LUAD,I,Lung Adenocarcinoma Mixed Subtype,Primary Tumor,40.0,,1
TCGA-99-7458,0.10538124970808121,0.2383246820767889,-0.06669977156827815,0.03163851728247611,0.07918782738381465,0.04133770312420157,LUAD,III,Lung Bronchioloalveolar Carcinoma Nonmucinous,Primary Tumor,52.0,0.36,1
TCGA-99-8025,0.0341143337287657,-0.2305087309273145,-0.794162318492449,0.0800775566787322,0.06333897026311905,0.08318009090819328,LUAD,III,Lung Adenocarcinoma- Not Otherwise Specified (NOS),Primary Tumor,20.0,,1
TCGA-99-8028,0.02258834017613942,0.025851003755423603,-1.031972099141467,0.43097016055680226,0.0842072099587872,0.42715172402735346,LUAD,I,Lung Adenocarcinoma- Not Otherwise Specified (NOS),Primary Tumor,30.0,,1
TCGA-99-8032,-0.00516022266355883,-0.0238779796961227,-0.38849269199480446,0.26754658253037394,-0.04148526542443075,0.2765285019121159,LUAD,I,Lung Adenocarcinoma- Not Otherwise Specified (NOS),Primary Tumor,90.0,,1
TCGA-99-8033,0.37277157380895004,0.20496662375028524,-0.3768855917554064,0.2458411564696643,0.39192418304885424,0.2341857360380282,LUAD,IV,Lung Adenocarcinoma- Not Otherwise Specified (NOS),Primary Tumor,,,1
TCGA-99-AA5R,-0.09697660909596546,-0.244630262480552,-0.13376360287270053,0.2404882937141565,-0.043182121005047425,0.2413180077679018,LUAD,I,Lung Adenocarcinoma- Not Otherwise Specified (NOS),Primary Tumor,46.0,,1
TCGA-J2-8192,0.1645886620794619,0.26109423919837815,-0.8589284491461223,0.4026481423499234,0.1955157716885063,0.4106298431812611,LUAD,II,Lung Adenocarcinoma- Not Otherwise Specified (NOS),Primary Tumor,,,1
TCGA-J2-8194,0.1279533859380971,-0.27982194013499784,-0.07143532546970337,0.17122428779967933,0.17377121824385386,0.16476757135016187,LUAD,II,Lung Adenocarcinoma Mixed Subtype,Primary Tumor,20.0,,1
TCGA-J2-A4AD,0.15708802414162829,0.04272801591644117,0.2986316202147681,0.0915729545069466,0.11273919530382745,0.09882561661408795,LUAD,I,Lung Adenocarcinoma- Not Otherwise Specified (NOS),Primary Tumor,120.0,,1
TCGA-J2-A4AE,0.0009752240542399853,-0.20684234350387057,0.8201666325268869,0.008924180434560398,0.01250483059114294,0.019418126351809048,LUAD,I,Lung Adenocarcinoma- Not Otherwise Specified (NOS),Primary Tumor,,,1
TCGA-J2-A4AG,0.08419875599050783,-0.25821143213532183,0.13246852249460914,0.09912479333870147,0.10958142085235897,0.09236770054552992,LUAD,I,Lung Adenocarcinoma- Not Otherwise Specified (NOS),Primary Tumor,25.0,,1
TCGA-L4-A4E5,0.006786562489375946,0.03472599058925579,0.10279372925786394,-0.23588717723835503,-0.05127968167698592,-0.23478676984520197,LUAD,I,Lung Adenocarcinoma- Not Otherwise Specified (NOS),Primary Tumor,33.0,,1
TCGA-L4-A4E6,0.01946420382564168,-0.13890100157855556,-0.7313922128567567,0.04772816017575524,0.15767474950902835,0.03777733132282306,LUAD,I,Lung Adenocarcinoma- Not Otherwise Specified (NOS),Primary Tumor,30.0,,1
TCGA-L9-A443,-0.14772267060976585,0.1311611318926779,0.06388861040595943,0.021202569533557526,-0.1981805340815419,0.03477925863772703,LUAD,I,Lung Adenocarcinoma- Not Otherwise Specified (NOS),Primary Tumor,90.0,,1
TCGA-L9-A444,-0.18541398161216424,0.04584006736611948,-0.6267869559784683,-0.038334725436448856,-0.19697328948038326,-0.030751357939441233,LUAD,I,Lung Adenocarcinoma- Not Otherwise Specified (NOS),Primary Tumor,10.0,,1
TCGA-L9-A50W,-0.0271716675323849,-0.004599384183162325,0.08651514014054769,-0.025302140621227476,-0.040230280205707375,-0.020859649745723033,LUAD,II,Lung Adenocarcinoma Mixed Subtype,Primary Tumor,19.0,,1
TCGA-L9-A5IP,0.3908616101725458,-0.4044148594261153,-0.33757797101360554,0.34954559798245394,0.4319707980943603,0.3294417049558356,LUAD,IV,Lung Adenocarcinoma- Not Otherwise Specified (NOS),Primary Tumor,,,1
TCGA-L9-A743,0.14776687033126387,0.07440850070590116,-0.7534768952562639,0.38035711830297536,0.21777151951710855,0.3762323282243244,LUAD,II,Lung Adenocarcinoma- Not Otherwise Specified (NOS),Primary Tumor,40.5,,1
TCGA-L9-A7SV,-0.10382986837413576,-0.48942351715917226,1.5210284704998307,-0.4879936986872315,-0.16142961342900344,-0.46772317268769675,LUAD,II,Lung Adenocarcinoma- Not Otherwise Specified (NOS),Primary Tumor,93.0,,1
TCGA-L9-A8F4,0.2356140852979597,-0.10237706623041506,-0.17139266567575132,0.028746187262929518,0.23096942970135845,0.02206695312543206,LUAD,I,Lung Adenocarcinoma- Not Otherwise Specified (NOS),Primary Tumor,14.0,,1
TCGA-MN-A4N1,-0.1548991912461032,-0.19522767514205597,0.1624071701638269,-0.21858137818608406,-0.20357373337648593,-0.215441732690415,LUAD,II,Lung Adenocarcinoma- Not Otherwise Specified (NOS),Primary Tumor,,,1
TCGA-MN-A4N4,-0.09450738937964398,-0.17420016012601078,-1.6073937102352645,0.21416853029775657,-0.0336238519219844,0.2036816663168393,LUAD,I,Lung Adenocarcinoma- Not Otherwise Specified (NOS),Primary Tumor,,,1
TCGA-MN-A4N5,0.033362997321438805,0.05648908336140779,-0.20451802862239174,-0.009064169161566257,0.06075504067272231,-0.012584590874792924,LUAD,I,Lung Adenocarcinoma- Not Otherwise Specified (NOS),Primary Tumor,,,1
TCGA-MP-A4SV,0.20530162144415967,0.36099130621048486,0.12432740792414086,0.013256860242028642,0.19948217514788702,0.011424216690244455,LUAD,I,Lung Adenocarcinoma- Not Otherwise Specified (NOS),Primary Tumor,110.0,,1
TCGA-MP-A4SW,0.05962979166225725,0.10857312641508028,-0.7391103574969642,0.054846443539333316,0.1042709483938317,0.042545930609086076,LUAD,II,Lung Adenocarcinoma- Not Otherwise Specified (NOS),Primary Tumor,15.0,,1
TCGA-MP-A4SY,0.29133062395243403,0.10924097373618556,-1.1475841563692255,0.2329038968250916,0.323893407528461,0.2290049242511297,LUAD,II,Lung Adenocarcinoma- Not Otherwise Specified (NOS),Primary Tumor,40.0,,1
TCGA-MP-A4T4,0.26552666083082144,0.1700419740264105,-0.8444566997899962,0.13868873018877928,0.3008914772004054,0.140706824716383,LUAD,II,Lung Adenocarcinoma- Not Otherwise Specified (NOS),Primary Tumor,50.0,,1
TCGA-MP-A4T6,-0.12774474434529615,-0.31630013438454546,1.0175990697916129,-0.4747646481154507,-0.19453555598041355,-0.4690851844911386,LUAD,III,Lung Adenocarcinoma- Not Otherwise Specified (NOS),Primary Tumor,50.0,,1
TCGA-MP-A4T7,0.06917766098175554,-0.16293417108102531,0.05279685701852033,0.23758697471201362,0.08464612891348294,0.22857512359768065,LUAD,IV,Lung Adenocarcinoma- Not Otherwise Specified (NOS),Primary Tumor,50.0,,1
TCGA-MP-A4T8,-0.08339619364335776,-0.08609085131869566,-0.2471505156691476,0.047165014756985466,-0.12671590228741017,0.052104637684588125,LUAD,III,Lung Adenocarcinoma- Not Otherwise Specified (NOS),Primary Tumor,25.0,,1
TCGA-MP-A4T9,-0.008508829490452952,0.04726503943409286,-0.7692666844470617,0.2778529217609725,0.041581576629809304,0.27892073992572397,LUAD,III,Lung Adenocarcinoma- Not Otherwise Specified (NOS),Primary Tumor,24.0,,1
TCGA-MP-A4TA,0.16185734751177824,-0.21580024325712815,-0.04391862216989232,-0.1985946861615014,0.17550642736000638,-0.20771185041800702,LUAD,I,Lung Adenocarcinoma- Not Otherwise Specified (NOS),Primary Tumor,55.0,,1
TCGA-MP-A4TC,-0.07554735309976927,0.14978076887555022,-2.0116566762994204,0.29084584766573923,-0.0010615948246639093,0.28004413526335864,LUAD,III,Lung Adenocarcinoma- Not Otherwise Specified (NOS),Primary Tumor,125.0,,1
TCGA-MP-A4TD,0.12957136985060116,-0.27774773974243605,-0.5899371096651757,0.11491885567092429,0.12222994579266451,0.11602448969814921,LUAD,III,Lung Adenocarcinoma- Not Otherwise Specified (NOS),Primary Tumor,20.0,,1
TCGA-MP-A4TE,-0.04946395007020529,-0.2725350624135077,0.2795438593878002,-0.2124483291487295,-0.0625144821226921,-0.21914979641868904,LUAD,II,Lung Adenocarcinoma- Not Otherwise Specified (NOS),Primary Tumor,40.0,,1
TCGA-MP-A4TF,-0.11402066604226543,0.5580921037261527,0.43243942135422886,0.19338949617618498,-0.1786021556717502,0.19929656626710104,LUAD,II,Lung Adenocarcinoma- Not Otherwise Specified (NOS),Primary Tumor,40.0,,1
TCGA-MP-A4TH,-0.047203901996937775,-0.28801196854963357,0.16939104526869322,-0.2760396626056703,-0.04607471550016114,-0.26441046839569426,LUAD,I,Lung Adenocarcinoma- Not Otherwise Specified (NOS),Primary Tumor,20.0,,1
TCGA-MP-A4TI,0.13122788730753937,0.3367938613022238,-1.2983203283589075,0.262901726037195,0.16060057733900926,0.25953179159802653,LUAD,II,Lung Adenocarcinoma- Not Otherwise Specified (NOS),Primary Tumor,35.0,,1
TCGA-MP-A4TJ,-0.022068620007818257,-0.015131638799409335,-0.8520146061377011,0.1988880479918226,0.03663601771505315,0.194089510856618,LUAD,I,Lung Signet Ring Adenocarcinoma,Primary Tumor,,,1
TCGA-MP-A4TK,-0.006047363959297878,0.18385496960429012,-1.0201476767305884,0.5632191697520981,0.01880646009070322,0.5711094522918269,LUAD,II,Lung Adenocarcinoma- Not Otherwise Specified (NOS),Primary Tumor,28.0,,1
TCGA-MP-A5C7,-0.004327614072460202,-0.4844443736181002,1.003772513341331,-0.5011035937009101,-0.07783575144239022,-0.4858485823806111,LUAD,I,Lung Adenocarcinoma- Not Otherwise Specified (NOS),Primary Tumor,15.0,,1
TCGA-NJ-A4YF,-0.15940388879854747,-0.5284685017449685,0.508009671959298,-0.032818856646337505,-0.2765255498382682,-0.02671269971719127,LUAD,I,Lung Adenocarcinoma Mixed Subtype,Primary Tumor,30.0,,1
TCGA-NJ-A4YG,-0.08808315895916527,-0.09492310545600716,-0.7224764196542094,-0.23706096192408657,-0.07937940500247759,-0.23762266588882533,LUAD,I,Lung Adenocarcinoma- Not Otherwise Specified (NOS),Primary Tumor,104.0,,1
TCGA-NJ-A4YI,-0.2005672722047822,-0.03852012761757299,0.0428641595884669,-0.44545133710607315,-0.22441555549916908,-0.448064030402309,LUAD,III,Lung Papillary Adenocarcinoma,Primary Tumor,3.0,,1
TCGA-NJ-A4YP,-0.15513480314837083,-0.10091389248678798,-1.434847697932818,-0.01309732939842003,-0.12926662527325772,-0.02331029029832241,LUAD,I,Lung Papillary Adenocarcinoma,Primary Tumor,60.0,,1
TCGA-NJ-A4YQ,0.14854459497992792,0.2935530961403973,0.13545158163343032,-0.07905161042302611,0.1217015810336516,-0.08575349767032588,LUAD,I,Lung Adenocarcinoma- Not Otherwise Specified (NOS),Primary Tumor,40.0,,1
TCGA-NJ-A55A,-0.15955747307098606,-0.24324902480452265,0.06961590380397169,-0.23679247556246738,-0.16707066268732257,-0.22238922941970826,LUAD,I,Lung Adenocarcinoma- Not Otherwise Specified (NOS),Primary Tumor,25.0,,1
TCGA-NJ-A55O,-0.1098293694936817,0.02619084173682799,0.22753426748225636,-0.05606490560307586,-0.11812036667898543,-0.050126842472540296,LUAD,II,Mucinous (Colloid) Carcinoma,Primary Tumor,30.0,,1
TCGA-NJ-A55R,0.3974163515089457,-0.16866509548016273,0.006322987694923936,0.08207650485865615,0.3532799030832632,0.08836116467381906,LUAD,I,Lung Adenocarcinoma- Not Otherwise Specified (NOS),Primary Tumor,5.0,,1
TCGA-NJ-A7XG,-0.13126595006428138,0.051398304559132336,1.5001093106089411,-0.29040825330846287,-0.18814599604536272,-0.2817915169310632,LUAD,III,Lung Adenocarcinoma- Not Otherwise Specified (NOS),Primary Tumor,,,1
TCGA-O1-A52J,0.0271928585220538,-0.5186291969118451,0.8978848353466707,-0.017422612526646224,-0.005684498432028656,-0.022544794942607266,LUAD,I,Lung Adenocarcinoma- Not Otherwise Specified (NOS),Primary Tumor,45.0,,1
TCGA-S2-AA1A,0.14909370449364903,0.04544760387336612,0.0037799518911030283,0.09585552441239217,0.1336977215141144,0.10511709926533824,LUAD,I,Lung Bronchioloalveolar Carcinoma Mucinous,Primary Tumor,95.0,,1
